galaxy,subset,class,radial_index,radius_m,radius_kpc,v_obs_kms,g_N,v_baryon_kms,g_chi,g_tot,v_GMR_kms,v_MOND_kms,residual_GMR_kms,residual_MOND_kms
CamB,calibration_24,low_mass_dwarf,0,4.937084130386187e+18,0.16,1.99,6.148145659007936e-12,5.509438479953362,6.554439689887017e-12,1.2702585348894953e-11,7.919200246294153,16.139436012773466,5.929200246294153,14.149436012773466
CamB,calibration_24,low_mass_dwarf,1,1.2651278084114604e+19,0.41,4.84,5.70815781802067e-12,8.497969869550747,6.4975963914858256e-12,1.2205754209506497e-11,12.426519654787462,25.331946482260186,7.5865196547874625,20.491946482260186
CamB,calibration_24,low_mass_dwarf,2,1.758836221450079e+19,0.57,6.79,5.259267259707299e-12,9.61779067907994,8.095997490212017e-12,1.3355264749919316e-11,15.326357489375459,29.2281846593732,8.536357489375458,22.4381846593732
CamB,calibration_24,low_mass_dwarf,3,2.252544634488698e+19,0.73,8.87,4.792390281915354e-12,10.389934078666817,1.003300990989997e-11,1.4825400191815322e-11,18.274264870637428,32.27513244637819,9.404264870637428,23.40513244637819
CamB,calibration_24,low_mass_dwarf,4,2.7771098233422303e+19,0.9,10.9,4.33280243325817e-12,10.969351940749453,1.1832751413886352e-11,1.6165553847144522e-11,21.188090614463785,34.89784917752865,10.288090614463785,23.99784917752865
CamB,calibration_24,low_mass_dwarf,5,3.2708182363808494e+19,1.06,12.9,3.985163034012146e-12,11.416980304177528,1.271826362548431e-11,1.6703426659496457e-11,23.373889819183084,37.04993408811663,10.473889819183084,24.14993408811663
CamB,calibration_24,low_mass_dwarf,6,3.764526649419468e+19,1.22,14.7,3.6375236347661213e-12,11.7019462744324,1.3577849147912741e-11,1.721537278267886e-11,25.457362318214578,38.808017921742895,10.757362318214579,24.108017921742896
CamB,calibration_24,low_mass_dwarf,7,4.535946044792309e+19,1.47,16.8,3.1656193582872613e-12,11.982937289137864,1.4096537179796633e-11,1.7262156538083894e-11,27.982174803525787,41.078941079834586,11.182174803525786,24.278941079834585
CamB,calibration_24,low_mass_dwarf,8,5.5233628708695474e+19,1.79,20.1,2.6251629069548245e-12,12.041481358312295,1.3954058126902848e-11,1.6579221033857674e-11,30.26103995013207,43.17170379708498,10.161039950132068,23.07170379708498
D512-2,calibration_24,low_mass_dwarf,0,2.962250478231712e+19,0.96,22.9,4.774453353303694e-12,11.892487851210474,9.68826893139804e-12,1.4462722284701733e-11,20.698358873203002,36.975398291157305,-2.2016411267969964,14.075398291157306
D512-2,calibration_24,low_mass_dwarf,1,5.924500956463424e+19,1.92,33.5,4.014561614298211e-12,15.42215099254676,1.5344935571626175e-11,1.9359497185924387e-11,33.866703352210116,49.9600632946053,0.3667033522101164,16.4600632946053
D512-2,calibration_24,low_mass_dwarf,2,8.886751434695138e+19,2.8800000000000003,37.2,2.885246433146305e-12,16.01264121849108,1.561794539071445e-11,1.8503191823860756e-11,40.5503719449198,56.12426132505916,3.3503719449198,18.924261325059156
D512-2,calibration_24,low_mass_dwarf,3,1.1818145137111936e+20,3.83,35.9,1.986341470006039e-12,15.321511604406286,1.3740269025488042e-11,1.572661049549408e-11,43.11140978332498,58.74252452409681,7.2114097833249815,22.84252452409681
D564-8,external_151,low_mass_dwarf,0,1.5736955665605972e+19,0.51,8.54,2.437481633862661e-12,6.193427194036071,5.000384769330304e-12,7.437866403192966e-12,10.818935891932618,22.60393447122899,2.278935891932619,14.06393447122899
D564-8,external_151,low_mass_dwarf,1,3.1473911331211944e+19,1.02,15.1,2.0054378990947623e-12,7.944745094486073,6.882769707386443e-12,8.888207606481206e-12,16.725628780401443,30.38986705049507,1.6256287804014438,15.28986705049507
D564-8,external_151,low_mass_dwarf,2,4.721086699681792e+19,1.53,19.8,1.5766737312670195e-12,8.627637789350215,7.21867310234871e-12,8.79534683361573e-12,20.377339118558044,34.97734852395944,0.5773391185580437,15.177348523959441
D564-8,external_151,low_mass_dwarf,3,6.294782266242389e+19,2.04,21.9,1.187405965229376e-12,8.645497101240796,6.754533822420661e-12,7.941939787650037e-12,22.35906566358807,37.54654355579642,0.45906566358807055,15.64654355579642
D564-8,external_151,low_mass_dwarf,4,7.8993346086179e+19,2.56,24.0,8.764152020439423e-13,8.320514970255484,6.00363877353035e-12,6.880053975574292e-12,23.31262500843978,38.91073512108986,-0.687374991560219,14.910735121089857
D564-8,external_151,low_mass_dwarf,5,9.473030175178496e+19,3.07,25.0,6.586829948144516e-13,7.899192291465147,5.301461549103405e-12,5.960144543917856e-12,23.761445476434996,39.612672885297734,-1.2385545235650035,14.612672885297734
D631-7,external_151,low_mass_dwarf,0,1.3885549116711152e+19,0.45,8.41,1.3490406587924605e-11,13.686551913503665,3.5899307720547437e-12,1.708033735997935e-11,15.40032023504673,33.43597814600158,6.990320235046729,25.02597814600158
D631-7,external_151,low_mass_dwarf,1,2.7771098233422303e+19,0.9,17.8,1.2154924554819001e-11,18.372686353163363,9.24462569304128e-12,2.139955024786028e-11,24.378043647601924,45.96234904564749,6.578043647601923,28.162349045647492
D631-7,external_151,low_mass_dwarf,2,4.165664735013346e+19,1.35,26.0,1.0492632052283392e-11,20.90664662677103,1.5692208698793287e-11,2.6184840751076677e-11,33.02684782244598,54.09334853157662,7.02684782244598,28.093348531576623
D631-7,external_151,low_mass_dwarf,3,5.554219646684461e+19,1.8,30.9,8.59719832279852e-12,21.851939920961303,2.1115140400075916e-11,2.9712338722874435e-11,40.623743732395305,59.19962605069886,9.723743732395306,28.299626050698862
D631-7,external_151,low_mass_dwarf,4,6.942774558355576e+19,2.25,34.7,6.870810144404378e-12,21.840898760321682,2.393938578317311e-11,3.0810195927577486e-11,46.25021561289585,62.33803887818755,11.550215612895848,27.638038878187544
D631-7,external_151,low_mass_dwarf,5,8.300472694211777e+19,2.69,38.8,5.461812726762933e-12,21.292164615039518,2.4293025161309928e-11,2.975483788807286e-11,49.69700387454427,64.13284634647428,10.897003874544275,25.332846346474284
D631-7,external_151,low_mass_dwarf,6,9.689027605882893e+19,3.14,42.5,4.309065443512687e-12,20.43297678698589,2.3090372476749817e-11,2.7399437920262505e-11,51.52416039054862,65.09008333797233,9.024160390548623,22.59008333797233
D631-7,external_151,low_mass_dwarf,7,1.1077582517554007e+20,3.59,45.6,3.4060722455462483e-12,19.424481038315808,2.1214857286020793e-11,2.462092953156704e-11,52.224551558133676,65.43593844666194,6.624551558133675,19.835938446661935
D631-7,external_151,low_mass_dwarf,8,1.2466137429225123e+20,4.04,48.8,2.7044206364193227e-12,18.361285172894558,1.9201423712152414e-11,2.1905844348571736e-11,52.25717808612609,65.36187963064116,3.457178086126092,16.561879630641158
D631-7,external_151,low_mass_dwarf,9,1.3854692340896239e+20,4.49,51.8,2.1600380054275e-12,17.299324267103955,1.7289296997750505e-11,1.9449335003178007e-11,51.90997521710596,64.99883373712811,0.10997521710596203,13.198833737128112
D631-7,external_151,low_mass_dwarf,10,1.5243247252567356e+20,4.940000000000001,54.8,1.7366326465068952e-12,16.270193857967705,1.556012604422002e-11,1.7296758690726915e-11,51.34771361908372,64.43672083982746,-3.452286380916277,9.636720839827461
D631-7,external_151,low_mass_dwarf,11,1.6631802164238467e+20,5.39,56.6,1.4057038926076185e-12,15.290320154708935,1.4026644315210209e-11,1.5432348207817826e-11,50.66238864503589,63.737283011907415,-5.937611354964112,7.137283011907414
D631-7,external_151,low_mass_dwarf,12,1.8020357075909584e+20,5.84,58.4,1.1454066749129257e-12,14.366849786595951,1.2675562640348007e-11,1.3820969315260932e-11,49.90579146714253,62.942777358097125,-8.49420853285747,4.542777358097126
D631-7,external_151,low_mass_dwarf,13,1.94089119875807e+20,6.29,58.5,9.391999199980958e-13,13.50142532697414,1.1485827650380168e-11,1.2425027570378263e-11,49.10766402067353,62.08199313529651,-9.392335979326468,3.581993135296507
D631-7,external_151,low_mass_dwarf,14,2.0797466899251816e+20,6.74,57.7,7.746218651999046e-13,12.69258547378418,1.0434561962581582e-11,1.1209183827781486e-11,48.28277432231025,61.174467089551044,-9.41722567768975,3.474467089551041
D631-7,external_151,low_mass_dwarf,15,2.218602181092293e+20,7.19,57.3,6.422888580308303e-13,11.93726711319839,9.504138516191956e-12,1.0146427374222786e-11,47.44563826395976,60.23344812035645,-9.85436173604024,2.933448120356452
DDO064,external_151,low_mass_dwarf,0,3.0856775814913674e+18,0.1,6.29,6.926730896047417e-12,4.623165391693998,5.194182096730302e-12,1.212091299277772e-11,6.115654461218492,13.170420284074966,-0.17434553878150805,6.880420284074966
DDO064,external_151,low_mass_dwarf,1,9.257032744474102e+18,0.3,13.9,6.771216583157368e-12,7.917156915851409,5.890500349086644e-12,1.2661716932244011e-11,10.826353413917586,22.674300863736736,-3.0736465860824147,8.774300863736736
DDO064,external_151,low_mass_dwarf,2,1.51198201493077e+19,0.49,15.6,6.6234779859118225e-12,10.007287140373537,6.50243285526969e-12,1.3125910841181512e-11,14.087633272289303,28.80855870768347,-1.5123667277106971,13.208558707683471
DDO064,external_151,low_mass_dwarf,3,2.129117531229043e+19,0.69,18.4,6.432531065538359e-12,11.702826437153188,7.49513816994977e-12,1.3927669235488128e-11,17.220233662304693,33.92106951050914,-1.1797663376953054,15.521069510509143
DDO064,external_151,low_mass_dwarf,4,2.7462530475273167e+19,0.89,22.5,6.203166085166248e-12,13.05199745851412,9.021566024761071e-12,1.522473210992732e-11,20.44773018079877,38.15493010607029,-2.0522698192012285,15.654930106070289
DDO064,external_151,low_mass_dwarf,5,3.3633885638255903e+19,1.09,26.5,5.973801104794138e-12,14.174700814632132,1.0647603784316282e-11,1.662140488911042e-11,23.644078142052553,41.80482420289373,-2.855921857947447,15.304824202893727
DDO064,external_151,low_mass_dwarf,6,3.980524080123864e+19,1.29,35.3,5.782043038179704e-12,15.170880510302247,1.204398078226706e-11,1.7826023820446764e-11,26.637739594445687,45.087000803507216,-8.66226040555431,9.787000803507219
DDO064,external_151,low_mass_dwarf,7,4.566802820607223e+19,1.48,40.5,5.634256899698026e-12,16.040741972105486,1.3106807641659767e-11,1.8741064541357792e-11,29.255212596844135,47.963246992688525,-11.244787403155865,7.463246992688525
DDO064,external_151,low_mass_dwarf,8,5.183938336905496e+19,1.6799999999999997,44.2,5.4786925434015235e-12,16.85265685637058,1.4207551986214643e-11,1.9686244529616167e-11,31.94562219252794,50.72401279425498,-12.254377807472064,6.524012794254979
DDO064,external_151,low_mass_dwarf,9,5.80107385320377e+19,1.88,46.3,5.322317373592316e-12,17.571327825294976,1.515693361636054e-11,2.0479250989952855e-11,34.46761486540851,53.24900556443934,-11.83238513459149,6.949005564439339
DDO064,external_151,low_mass_dwarf,10,6.418209369502044e+19,2.08,46.4,5.165096137508982e-12,18.20732501608596,1.5917491680929582e-11,2.1082587818438564e-11,36.78484234975761,55.567721921223615,-9.615157650242388,9.167721921223617
DDO064,external_151,low_mass_dwarf,11,7.004488109985404e+19,2.27,46.3,5.015735963229815e-12,18.743709055912447,1.655923693093456e-11,2.1574972894164374e-11,38.87436701869649,57.60212548038038,-7.425632981303508,11.302125480380383
DDO064,external_151,low_mass_dwarf,12,7.31305586813454e+19,2.37,46.4,4.937125345188148e-12,19.001440334180973,1.7231935525926093e-11,2.2169060871114242e-11,40.264572603534965,58.61234838554454,-6.135427396465033,12.212348385544544
DDO064,external_151,low_mass_dwarf,13,9.195319192844273e+19,2.9799999999999995,46.9,4.499150961210321e-12,20.339894096361718,1.8655415479056604e-11,2.3154566440266924e-11,46.14256486045984,64.1343266063738,-0.7574351395401564,17.234326606373806
DDO154,calibration_24,low_mass_dwarf,0,1.51198201493077e+19,0.49,13.8,6.76614493740483e-12,10.114489337465825,9.480459957936599e-12,1.624660489534143e-11,15.673089805600695,28.97241419337961,1.873089805600694,15.172414193379609
DDO154,calibration_24,low_mass_dwarf,1,3.0548208056764535e+19,0.99,21.6,5.491960116729266e-12,12.952588169369799,1.1893308992204685e-11,1.738526910893395e-11,23.045364346491805,38.963191352228876,1.4453643464918038,17.363191352228874
DDO154,calibration_24,low_mass_dwarf,2,4.566802820607223e+19,1.48,28.9,4.083340700967628e-12,13.655699114537946,1.352939592654582e-11,1.761273662751345e-11,28.36087010462489,44.059570406733094,-0.5391298953751082,15.159570406733096
DDO154,calibration_24,low_mass_dwarf,3,6.078784835537993e+19,1.97,34.3,3.311607029090547e-12,14.188215740429323,1.4245302366048503e-11,1.755690939513905e-11,32.66874264340239,48.11812483552635,-1.631257356597608,13.818124835526355
DDO154,calibration_24,low_mass_dwarf,4,7.621623626283678e+19,2.4700000000000006,38.2,3.0055188105346104e-12,15.135036562760794,1.4751585961562712e-11,1.7757104772097322e-11,36.78830918449659,52.532378138167346,-1.4116908155034125,14.332378138167343
DDO154,calibration_24,low_mass_dwarf,5,9.133605641214447e+19,2.96,42.0,2.8584448913353543e-12,16.157941819613416,1.5386156487881655e-11,1.824460137921701e-11,40.82143971970187,56.76022228477016,-1.1785602802981288,14.760222284770158
DDO154,calibration_24,low_mass_dwarf,6,1.067644443196013e+20,3.46,44.6,2.7351386156681858e-12,17.088462611917354,1.5910376135354117e-11,1.8645514751022304e-11,44.61701493203938,60.66646505120046,0.017014932039380426,16.06646505120046
DDO154,calibration_24,low_mass_dwarf,7,1.21884264468909e+20,3.9499999999999997,46.3,2.6332550193350665e-12,17.91514306922268,1.6316676564059842e-11,1.8949931583394907e-11,48.05932243361569,64.18283870891166,1.7593224336156936,17.882838708911663
DDO154,calibration_24,low_mass_dwarf,8,1.3700408461821672e+20,4.44,47.4,2.5290527004524956e-12,18.61425663776889,1.6594368299579998e-11,1.9123421000032494e-11,51.185806517805645,67.33675468937055,3.7858065178056464,19.936754689370552
DDO154,calibration_24,low_mass_dwarf,9,1.5243247252567356e+20,4.940000000000001,48.2,2.4197892653478408e-12,19.205584102235854,1.674634186947659e-11,1.9166131134824433e-11,54.051278963893004,70.21674322739086,5.851278963893002,22.01674322739086
DDO154,calibration_24,low_mass_dwarf,10,1.6755229267498123e+20,5.43,47.4,2.3079766952770064e-12,19.664861726798105,1.677616190741666e-11,1.9084138602693667e-11,56.54724729470425,72.71823431797014,9.14724729470425,25.318234317970145
DDO154,calibration_24,low_mass_dwarf,11,1.8267211282428894e+20,5.92,45.5,2.194481012393653e-12,20.021750250333593,1.6720925023905832e-11,1.8915406036299485e-11,58.781946085342696,74.94180906158958,13.281946085342696,29.44180906158958
DDO161,calibration_24,low_mass_dwarf,0,1.8514065488948204e+19,0.6,16.0,9.296874912359513e-12,13.119563673003139,6.541482221764652e-12,1.5838357134124165e-11,17.12402935113476,34.904918220976114,1.1240293511347588,18.904918220976114
DDO161,calibration_24,low_mass_dwarf,1,2.252544634488698e+19,0.73,16.6,9.184791827075826e-12,14.383724673732914,7.568259190694542e-12,1.675305101777037e-11,19.42601224682875,38.37564775158408,2.82601224682875,21.77564775158408
DDO161,calibration_24,low_mass_dwarf,2,2.622825944267662e+19,0.85,18.6,9.081330517583192e-12,15.433324104024665,8.53456591545629e-12,1.7615896433039483e-11,21.494983181223503,41.283939360647956,2.894983181223502,22.683939360647955
DDO161,calibration_24,low_mass_dwarf,3,3.02396402986154e+19,0.98,20.0,8.969247432299506e-12,16.46896524077991,9.357542532300371e-12,1.8326789964599876e-11,23.54135799731559,44.18098078825303,3.5413579973155898,24.18098078825303
DDO161,calibration_24,low_mass_dwarf,4,3.301675012195763e+19,1.07,21.4,8.89165145018003e-12,17.133984770103428,1.104696029261367e-11,1.99386117427937e-11,25.657516670374584,46.05751747286236,4.257516670374585,24.65751747286236
DDO161,calibration_24,low_mass_dwarf,5,4.751943475496705e+19,1.54,28.9,8.486427988000547e-12,20.081590103338886,1.3741425286933853e-11,2.22278532749344e-11,32.500077283619284,54.56729993326191,3.600077283619285,25.66729993326191
DDO161,calibration_24,low_mass_dwarf,6,6.2330687146125615e+19,2.02,32.9,8.019018264566326e-12,22.356898681788376,1.594002835963059e-11,2.3959046624196916e-11,38.644324802644114,61.55400457803337,5.744324802644115,28.654004578033373
DDO161,calibration_24,low_mass_dwarf,7,7.683337177913505e+19,2.49,35.2,7.488185515349392e-12,23.986299040326625,1.7490210133515537e-11,2.497839564886493e-11,43.80838229535038,67.10082666051497,8.608382295350374,31.900826660514966
DDO161,calibration_24,low_mass_dwarf,8,9.133605641214447e+19,2.96,37.6,6.957352766132458e-12,25.208275719030517,1.8751211295570426e-11,2.5708564061702884e-11,48.457392185454275,71.73909524682938,10.857392185454273,34.13909524682938
DDO161,calibration_24,low_mass_dwarf,9,1.0583874104515389e+20,3.43,40.6,6.426520016915523e-12,26.080160810313654,1.9783672133136117e-11,2.621019215005164e-11,52.66928649329741,75.61085043098365,12.069286493297412,35.010850430983645
DDO161,calibration_24,low_mass_dwarf,10,1.2034142567816331e+20,3.9,42.7,6.077387507889743e-12,27.043695699702578,2.0518013707998644e-11,2.6595401215888387e-11,56.57321361565707,79.43763887185581,13.873213615657065,36.73763887185581
DDO161,calibration_24,low_mass_dwarf,11,1.3484411031117275e+20,4.37,45.5,5.873941243650183e-12,28.14367390764952,2.10596327538478e-11,2.6933573997497985e-11,60.26469798474686,83.33211785959458,14.76469798474686,37.832117859594575
DDO161,calibration_24,low_mass_dwarf,12,1.4996393046048044e+20,4.86,48.9,5.661837691570642e-12,29.1388303447003,2.152565224835927e-11,2.7187489939929912e-11,63.85250857050693,87.02769698181768,14.952508570506929,38.127696981817685
DDO161,calibration_24,low_mass_dwarf,13,1.64775182851639e+20,5.339999999999999,51.5,5.4540627834110914e-12,29.97822864047977,2.1909335364639725e-11,2.7363398148050815e-11,67.1476651365278,90.32580624242841,15.647665136527806,38.82580624242841
DDO161,calibration_24,low_mass_dwarf,14,1.792778674846484e+20,5.81,53.0,5.295203035916856e-12,30.81091865195535,2.2200763412235284e-11,2.749596644815214e-11,70.20981576143153,93.4833389902353,17.20981576143153,40.483338990235296
DDO161,calibration_24,low_mass_dwarf,15,1.9378055211765786e+20,6.28,55.0,5.1514125048635e-12,31.594992631400565,2.2439258279061978e-11,2.7590670783925478e-11,73.12000695983016,96.48646587682538,18.120006959830164,41.48646587682538
DDO161,calibration_24,low_mass_dwarf,16,2.082832367506673e+20,6.75,57.6,5.007621973810143e-12,32.29556801062557,2.263908839056578e-11,2.7646710364375926e-11,75.88376848971352,99.28687954090717,18.283768489713516,41.686879540907164
DDO161,calibration_24,low_mass_dwarf,17,2.227859213836767e+20,7.22,59.7,4.863831442756787e-12,32.9179763872184,2.2803190323346544e-11,2.766702176610333e-11,78.51001806205096,101.89899620142914,18.810018062050958,42.19899620142914
DDO161,calibration_24,low_mass_dwarf,18,2.3728860601668613e+20,7.6899999999999995,60.5,4.732936706960303e-12,33.512265718089175,2.290465648208103e-11,2.7637593189041335e-11,80.98201011017123,104.40963209542322,20.48201011017123,43.90963209542322
DDO161,calibration_24,low_mass_dwarf,19,2.5179129064969555e+20,8.16,61.8,4.603868042430167e-12,34.047230083875824,2.2975043680689416e-11,2.7578911723119584e-11,83.33144531014867,106.77230187761297,21.53144531014867,44.97230187761298
DDO161,calibration_24,low_mass_dwarf,20,2.6660254304085413e+20,8.64,62.9,4.472053236101517e-12,34.529129229662686,2.3017905472832853e-11,2.748995870893437e-11,85.60895338625498,109.03067434182441,22.708953386254983,46.13067434182441
DDO161,calibration_24,low_mass_dwarf,21,2.8110522767386352e+20,9.11,63.0,4.343112803879439e-12,34.940974708038716,2.303415822035427e-11,2.737727102423371e-11,87.72624467259661,111.09846780512964,24.726244672596607,48.098467805129644
DDO161,calibration_24,low_mass_dwarf,22,2.9560791230687294e+20,9.579999999999998,64.5,4.219013703708949e-12,35.315348404730344,2.300007172360057e-11,2.7219085427309516e-11,89.7004850492426,113.06326019239913,25.2004850492426,48.56326019239913
DDO161,calibration_24,low_mass_dwarf,23,3.101105969398824e+20,10.05,65.6,4.094914603538458e-12,35.63532534047014,2.2943935926501582e-11,2.703885053004004e-11,91.56983170476494,114.89873711717345,25.969831704764943,49.29873711717346
DDO161,calibration_24,low_mass_dwarf,24,3.246132815728918e+20,10.52,67.5,3.970815503367968e-12,35.902359965172074,2.286599545131845e-11,2.6836810954686418e-11,93.3358734407735,116.60878742003372,25.835873440773497,49.10878742003372
DDO161,calibration_24,low_mass_dwarf,25,3.391159662059013e+20,10.99,66.8,3.847556371215592e-12,36.12156968289788,2.2764430358949113e-11,2.6611986730164704e-11,94.99762940546688,118.20328922672196,28.197629405466884,51.40328922672197
DDO161,calibration_24,low_mass_dwarf,26,3.536186508389107e+20,11.46,66.8,3.728898588792949e-12,36.312643639427854,2.2632538495999042e-11,2.6361437084791993e-11,96.5499653863168,119.71722216587997,29.749965386316802,52.91722216587998
DDO161,calibration_24,low_mass_dwarf,27,3.6842990323006924e+20,11.94,66.6,3.607716172701738e-12,36.458065231030254,2.2477332193212457e-11,2.6085048365914196e-11,98.03321807023089,121.14566670315227,31.433218070230893,54.54566670315228
DDO161,calibration_24,low_mass_dwarf,28,3.8293258786307867e+20,12.41,66.8,3.489058390279095e-12,36.552348195361695,2.230701106242572e-11,2.5796069452704814e-11,99.38891101234567,122.43054525425208,32.588911012345676,55.630545254252084
DDO161,calibration_24,low_mass_dwarf,29,3.9805240801238634e+20,12.899999999999999,66.3,3.3680311840735497e-12,36.614927599017385,2.2109008117690444e-11,2.5477039301763994e-11,100.70350958677341,123.67686887078928,34.40350958677341,57.37686887078928
DDO161,calibration_24,low_mass_dwarf,30,4.1255509264539576e+20,13.37,66.1,3.2571015666787097e-12,36.65697530616239,2.1904516087476272e-11,2.5161617654154982e-11,101.88500136142676,124.81243582342663,35.785001361426765,58.71243582342663
DDO168,external_151,low_mass_dwarf,0,1.2651278084114604e+19,0.41,15.0,9.221693208564066e-12,10.801213135011041,4.494399504156854e-12,1.3716092712720919e-11,13.172930696550793,28.790849404220335,-1.827069303449207,13.790849404220335
DDO168,external_151,low_mass_dwarf,1,2.530255616822921e+19,0.82,23.4,9.263101117898763e-12,15.30947864323342,5.876081596337214e-12,1.5139182714235978e-11,19.57191919480664,40.76550002356724,-3.828080805193359,17.365500023567243
DDO168,external_151,low_mass_dwarf,2,3.826240201049295e+19,1.24,29.2,9.371981642494374e-12,18.93659233442173,8.217418881173994e-12,1.7589400523668368e-11,25.94248858456286,50.287724639056755,-3.25751141543714,21.087724639056756
DDO168,external_151,low_mass_dwarf,3,5.060511233645842e+19,1.64,36.2,9.439928798610688e-12,21.856547241086886,1.0471314624179683e-11,1.991124342279037e-11,31.742884402159728,57.94518442512991,-4.457115597840275,21.745184425129906
DDO168,external_151,low_mass_dwarf,4,6.356495817872216e+19,2.06,44.0,9.463582632305161e-12,24.526561810481287,1.2578576951810342e-11,2.2042159584115504e-11,37.431389930551894,64.98626437452896,-6.5686100694481055,20.986264374528957
DDO168,external_151,low_mass_dwarf,5,7.621623626283678e+19,2.4700000000000006,52.1,9.343776303158171e-12,26.68609117702701,1.4449940928383978e-11,2.379371723154215e-11,42.5848279800488,70.91652009925592,-9.515172019951201,18.816520099255918
DDO168,external_151,low_mass_dwarf,6,8.917608210510052e+19,2.89,52.9,9.148594891495464e-12,28.562840355789245,1.627542017427386e-11,2.5424015065769323e-11,47.615271236719394,76.2749833886675,-5.284728763280604,23.374983388667495
DDO168,external_151,low_mass_dwarf,7,1.0182736018921511e+20,3.3,54.8,8.862186545590894e-12,30.040190769066363,1.7741129474600286e-11,2.660331602019118e-11,52.047530610159825,80.81248315025177,-2.752469389840172,26.012483150251768
DDO168,external_151,low_mass_dwarf,8,1.1447863827332973e+20,3.71,55.0,8.560013844681746e-12,31.30397304720307,1.917381080509884e-11,2.7733824649780587e-11,56.34652145446237,84.89159195769741,1.3465214544623691,29.891591957697415
DDO168,external_151,low_mass_dwarf,9,1.2712991635744432e+20,4.12,52.0,8.214575906426355e-12,32.31591477733316,2.033674482656341e-11,2.8551320732989763e-11,60.24721584172628,88.47713863430214,8.24721584172628,36.477138634302136
DDO170,calibration_24,low_mass_dwarf,0,5.7702170773888565e+19,1.87,27.7,4.948604569666679e-12,16.898083499952058,1.3269693405800125e-11,1.8218297975466805e-11,32.42275961404232,52.0957021009114,4.722759614042321,24.395702100911404
DDO170,calibration_24,low_mass_dwarf,1,1.0367876673810992e+20,3.3599999999999994,42.4,4.410008817851718e-12,21.382803266621895,1.8132232985839427e-11,2.2542241803691144e-11,48.344098189116785,67.7430560234537,5.944098189116787,25.343056023453705
DDO170,calibration_24,low_mass_dwarf,2,1.4996393046048044e+20,4.86,52.5,3.989907739707066e-12,24.461035276969845,2.014902683237781e-11,2.4138934572084876e-11,60.166182408045664,79.3575539766203,7.666182408045664,26.857553976620295
DDO170,calibration_24,low_mass_dwarf,3,1.959405264247018e+20,6.35,55.6,3.5731308620199107e-12,26.459802381887318,2.071522067281276e-11,2.428835153483267e-11,68.9860303664686,88.12461558485448,13.386030366468596,32.52461558485448
DDO170,calibration_24,low_mass_dwarf,4,2.422256901470723e+20,7.85,58.6,3.1906083880612337e-12,27.800131632551135,2.0573054058173614e-11,2.3763662446234848e-11,75.86942425286553,95.12334492487744,17.269424252865527,36.52334492487744
DDO170,calibration_24,low_mass_dwarf,5,2.8820228611129367e+20,9.34,59.0,2.8496175512474117e-12,28.657744028663014,2.008129868060519e-11,2.2930916231852603e-11,81.29417248884751,100.74457943406262,22.294172488847508,41.744579434062615
DDO170,calibration_24,low_mass_dwarf,6,3.341788820755151e+20,10.830000000000002,60.0,2.543166919944163e-12,29.152575842254,1.9399800394143225e-11,2.1942967314087388e-11,85.63221523726506,105.31814697408784,25.632215237265058,45.31814697408784
DDO170,calibration_24,low_mass_dwarf,7,3.8046404579788554e+20,12.33,62.2,2.262913296227333e-12,29.342071296561194,1.8598304356114665e-11,2.0861217652341997e-11,89.08952389748362,109.01925729894096,26.889523897483613,46.819257298940954
ESO079-G014,external_151,bulge_rich_hsb,0,1.2651278084114604e+19,0.41,33.2,3.8012076706168854e-11,21.92946312531242,1.4933428976063037e-11,5.294550568223189e-11,25.881041626835376,42.648270334516326,-7.318958373164627,9.448270334516323
ESO079-G014,external_151,bulge_rich_hsb,1,3.02396402986154e+19,0.98,50.4,3.740504522210223e-11,33.632054841621176,1.9276191709771448e-11,5.668123693187368e-11,41.400727246033426,65.63106656416005,-8.999272753966572,15.231066564160052
ESO079-G014,external_151,bulge_rich_hsb,2,5.492506095054633e+19,1.78,53.9,3.6553071209377153e-11,44.80713853957538,2.2748373271020558e-11,5.930144448039771e-11,57.07131900123988,87.86762194674009,3.1713190012398798,33.96762194674009
ESO079-G014,external_151,bulge_rich_hsb,3,8.300472694211777e+19,2.69,67.6,3.558395076990237e-11,54.34736531955811,2.5347739684430912e-11,6.093169045433328e-11,71.11693418788228,107.18757013019754,3.516934187882285,39.58757013019755
ESO079-G014,external_151,bulge_rich_hsb,4,1.0367876673810992e+20,3.3599999999999994,81.7,3.455919263246594e-11,59.858620695759804,2.7962504908470728e-11,6.252169754093667e-11,80.51194007982564,118.79567946607852,-1.1880599201743678,37.09567946607852
ESO079-G014,external_151,bulge_rich_hsb,5,1.35461245827471e+20,4.39,102.0,3.2552454862511753e-11,66.40478966473998,3.2606666765927945e-11,6.51591216284397e-11,93.94964498502458,133.48657777284302,-8.050355014975423,31.48657777284302
ESO079-G014,external_151,bulge_rich_hsb,6,1.7434078335426226e+20,5.65,116.0,3.00976106002377e-11,72.43784238322527,3.865412348453203e-11,6.875173408476973e-11,109.48164767349223,148.0939619075171,-6.518352326507767,32.0939619075171
ESO079-G014,external_151,bulge_rich_hsb,7,1.9563195866655267e+20,6.34,132.0,2.879313573188051e-11,75.05236531502314,4.1540403365365695e-11,7.033353909724621e-11,117.30084404446899,154.91745693396857,-14.699155955531012,22.917456933968566
ESO079-G014,external_151,bulge_rich_hsb,8,2.126031853647552e+20,6.89,137.0,2.7789072346617815e-11,76.8638100748498,4.3260553763138387e-11,7.10496261097562e-11,122.9039333378271,159.88350969556498,-14.096066662172902,22.88350969556498
ESO079-G014,external_151,bulge_rich_hsb,9,2.5734551029638e+20,8.34,154.0,2.5141996149107065e-11,80.43742803484942,4.72787162413577e-11,7.242071239046476e-11,136.51792990721594,171.01051945897663,-17.482070092784056,17.01051945897663
ESO079-G014,external_151,bulge_rich_hsb,10,3.0980202918173324e+20,10.04,163.0,2.2112671046696384e-11,82.76805157121134,4.994601425622368e-11,7.205868530292006e-11,149.4119370298524,181.00346146252932,-13.588062970147604,18.003461462529316
ESO079-G014,external_151,bulge_rich_hsb,11,3.5948143824374425e+20,11.649999999999999,170.0,1.929087694396083e-11,83.2749193262781,5.0653905951067524e-11,6.994478289502836e-11,158.5681277960714,187.7098608794718,-11.431872203928606,17.70986087947179
ESO079-G014,external_151,bulge_rich_hsb,12,4.1224652488724664e+20,13.36,175.0,1.66972576570795e-11,82.96617650752621,4.974993712004222e-11,6.644719477712172e-11,165.5071754800209,193.1520009637607,-9.49282451997911,18.152000963760713
ESO079-G014,external_151,bulge_rich_hsb,13,4.647030437725999e+20,15.06,177.0,1.4240710832971094e-11,81.34925733875573,4.779253610734826e-11,6.203324694031936e-11,169.78527223603268,196.30960362812073,-7.214727763967318,19.309603628120726
ESO079-G014,external_151,bulge_rich_hsb,14,5.14382452834611e+20,16.67,178.0,1.2431473822107026e-11,79.96581767833472,4.554373230598109e-11,5.797520612808812e-11,172.688820517595,199.02362370514157,-5.311179482405009,21.023623705141574
ESO116-G012,external_151,bulge_rich_hsb,0,7.714193953728418e+18,0.25,20.9,3.5564206294760495e-11,16.56348952268789,6.838627273704391e-12,4.240283356846489e-11,18.086007915922302,32.67150510632307,-2.8139920840776966,11.771505106323069
ESO116-G012,external_151,bulge_rich_hsb,1,2.5611123926378344e+19,0.83,40.0,3.290549741728754e-11,29.030101140252228,9.869396533020177e-12,4.277489395030772e-11,33.09853637094883,58.221230654298104,-6.901463629051172,18.221230654298104
ESO116-G012,external_151,bulge_rich_hsb,2,4.258235062458086e+19,1.38,51.5,3.0384307964511465e-11,35.96992153494461,1.3090961231401208e-11,4.347526919591267e-11,43.02649365679701,73.38751741019622,-8.473506343202992,21.887517410196224
ESO116-G012,external_151,bulge_rich_hsb,3,5.708503525759029e+19,1.85,67.9,2.7720872120100617e-11,39.77998192994933,1.6541498785583316e-11,4.426237090568393e-11,50.26647992186747,82.79007938351135,-17.633520078132534,14.890079383511349
ESO116-G012,external_151,bulge_rich_hsb,4,8.269615918396865e+19,2.68,80.2,2.1990395089118496e-11,42.644122840177,2.2819887503043806e-11,4.48102825921623e-11,60.87395389097108,93.37168179710916,-19.326046109028923,13.171681797109159
ESO116-G012,external_151,bulge_rich_hsb,5,9.843311484957462e+19,3.1900000000000004,83.3,1.846925860020177e-11,42.63785469486187,2.7956192833918443e-11,4.642545143412021e-11,67.60030911880582,97.04732216681246,-15.699690881194172,13.747322166812467
ESO116-G012,external_151,bulge_rich_hsb,6,1.1355293499888232e+20,3.68,91.4,1.6423376918998785e-11,43.18475022210055,3.02996277385496e-11,4.672300465754838e-11,72.83909877827338,100.91192154791719,-18.560901221726624,9.511921547917183
ESO116-G012,external_151,bulge_rich_hsb,7,1.2743848411559346e+20,4.13,102.0,1.475354295824894e-11,43.3609173096411,3.193689226258893e-11,4.669043522083787e-11,77.13726911967322,103.80283462680042,-24.86273088032678,1.8028346268004185
ESO116-G012,external_151,bulge_rich_hsb,8,1.6138093751199852e+20,5.23,105.0,1.1178517061365247e-11,42.47351602301126,3.374741018829868e-11,4.492592724966393e-11,85.14803731235739,108.30948826734458,-19.85196268764261,3.3094882673445767
ESO116-G012,external_151,bulge_rich_hsb,9,1.866834936802277e+20,6.05,109.0,9.364890638121659e-12,41.81232476504755,3.3282665534039456e-11,4.2647556172161114e-11,89.22776912566398,111.05557895593945,-19.772230874336017,2.0555789559394526
ESO116-G012,external_151,bulge_rich_hsb,10,2.101346432995621e+20,6.81,108.0,7.938433359555687e-12,40.842867949834016,3.225277517744954e-11,4.019120853700523e-11,91.89975663570556,112.7146426639374,-16.100243364294442,4.714642663937397
ESO116-G012,external_151,bulge_rich_hsb,11,2.3327722516074735e+20,7.56,109.0,6.943572687987261e-12,40.24645784855631,3.1071685299282953e-11,3.801525798727021e-11,94.17055748502464,114.58862837495234,-14.829442514975355,5.588628374952336
ESO116-G012,external_151,bulge_rich_hsb,12,2.5672837478008177e+20,8.32,110.0,6.016863059284618e-12,39.30266497941902,2.965549769871585e-11,3.5672360758000464e-11,95.69799998939489,115.71836937962432,-14.302000010605113,5.7183693796243205
ESO116-G012,external_151,bulge_rich_hsb,13,2.8048809215756527e+20,9.09,111.0,5.371294157226937e-12,38.81474011992945,2.8470473105245897e-11,3.384176726247284e-11,97.4279874301597,117.37252759803268,-13.572012569840297,6.372527598032676
ESO116-G012,external_151,bulge_rich_hsb,14,3.042478095350488e+20,9.860000000000001,112.0,4.746216673322692e-12,38.000342451577396,2.714543120116513e-11,3.189164787448782e-11,98.50362434081303,118.31412655250985,-13.496375659186967,6.314126552509848
ESO444-G084,external_151,low_mass_dwarf,0,8.022761711877555e+18,0.26,18.3,8.915153482070781e-12,8.457195280438388,5.561697211937709e-12,1.4476850694008491e-11,10.777027579831989,22.719733309489722,-7.522972420168012,4.419733309489722
ESO444-G084,external_151,low_mass_dwarf,1,2.3759717377483526e+19,0.77,35.3,7.877496823688516e-12,13.680902681214544,7.888613910671038e-12,1.5766110734359552e-11,19.35454301166763,37.82307468522856,-15.945456988332367,2.523074685228565
ESO444-G084,external_151,low_mass_dwarf,2,3.980524080123864e+19,1.29,47.8,7.013047602346465e-12,16.7079636270238,1.1638095614453138e-11,1.8651143216799604e-11,27.247261274540914,47.45999195114846,-20.552738725459083,-0.3400080488515371
ESO444-G084,external_151,low_mass_dwarf,3,5.585076422499375e+19,1.81,52.8,6.491919325158052e-12,19.04149824979859,1.4398361916486228e-11,2.0890281241644278e-11,34.157549271294094,55.0738413577308,-18.642450728705903,2.2738413577308023
ESO444-G084,external_151,low_mass_dwarf,4,7.1587719890599715e+19,2.32,58.0,6.055522444803528e-12,20.820687898574207,1.687168212756905e-11,2.292720457237258e-11,40.513038627107264,61.21003640452672,-17.486961372892736,3.2100364045267185
ESO444-G084,external_151,low_mass_dwarf,5,1.0460447001255734e+20,3.39,63.1,5.216404790310073e-12,23.35935055735391,2.00249622529324e-11,2.524136704324247e-11,51.384431707967835,71.12544922226174,-11.715568292032167,8.025449222261734
ESO444-G084,external_151,low_mass_dwarf,6,1.3700408461821672e+20,4.44,62.7,4.406924910077687e-12,24.57166484563898,2.1516476453863095e-11,2.5923401363940782e-11,59.59540145059296,77.85861929425062,-3.1045985494070436,15.158619294250613
ESO563-G021,external_151,bulge_rich_hsb,0,1.3885549116711152e+19,0.45,18.9,1.5410171623758579e-10,46.25783122657699,3.100163823768334e-11,1.8510335447526913e-10,50.69774867027474,68.40713373074038,31.797748670274743,49.507133730740385
ESO563-G021,external_151,bulge_rich_hsb,1,4.1348079591984325e+19,1.34,58.3,1.4937330523604184e-10,78.58943512850584,3.7945524462854085e-11,1.8731882969889593e-10,88.0072376538845,116.86060056218109,29.707237653884505,58.560600562181094
ESO563-G021,external_151,bulge_rich_hsb,2,6.881061006725748e+19,2.23,74.1,1.446448942344979e-10,99.7652415192272,4.290656729473461e-11,1.875514615292325e-10,113.60251091781493,149.19786774388504,39.50251091781493,75.09786774388505
ESO563-G021,external_151,bulge_rich_hsb,3,9.627314054253065e+19,3.1199999999999997,119.0,1.3991648323295395e-10,116.06118754563391,4.720934163883526e-11,1.8712582487178922e-10,134.220679617631,174.6014199833682,15.220679617630992,55.6014199833682
ESO563-G021,external_151,bulge_rich_hsb,4,1.2373567101780381e+20,4.01,141.0,1.3518807223140998e-10,129.33517244414546,5.1351344074081846e-11,1.8653941630549182e-10,151.92623159885682,195.7761927613644,10.926231598856816,54.7761927613644
ESO563-G021,external_151,bulge_rich_hsb,5,1.51198201493077e+20,4.9,195.0,1.3045966122986603e-10,140.44666655122808,5.556072906405362e-11,1.8602039029391966e-10,167.70792603058715,213.96860515300676,-27.292073969412854,18.968605153006763
ESO563-G021,external_151,bulge_rich_hsb,6,1.7866073196835016e+20,5.79,227.0,1.257312502283221e-10,149.8774072269994,5.99649469388383e-11,1.856961971671604e-10,182.14449898260432,229.8750487438792,-44.85550101739568,2.875048743879205
ESO563-G021,external_151,bulge_rich_hsb,7,2.0643183020177247e+20,6.69,246.0,1.2094971101327762e-10,158.01224701537024,6.468958590621273e-11,1.8563929691949035e-10,195.75969917340151,244.07871953155214,-50.240300826598485,-1.9212804684478613
ESO563-G021,external_151,bulge_rich_hsb,8,2.3389436067704563e+20,7.58,268.0,1.1622130001173367e-10,164.87421467075913,6.969085817120291e-11,1.8591215818293658e-10,208.52770890288832,256.55732625387964,-59.47229109711168,-11.442673746120363
ESO563-G021,external_151,bulge_rich_hsb,9,2.6135689115231882e+20,8.47,283.0,1.1149288901018973e-10,170.70276757362112,7.516155310842722e-11,1.8665444211861696e-10,220.86970075565404,267.68229111162026,-62.13029924434596,-15.317708888379741
ESO563-G021,external_151,bulge_rich_hsb,10,3.1566481658656686e+20,10.23,291.0,1.0089443509035677e-10,178.4623863658747,8.32580824261542e-11,1.8415251751651097e-10,241.10261439023006,285.1455025263555,-49.89738560976994,-5.854497473644528
ESO563-G021,external_151,bulge_rich_hsb,11,3.7213271632785886e+20,12.06,310.0,8.811672361539419e-11,181.0831734670779,8.640921943640531e-11,1.745259430517995e-10,254.84664654954233,296.9144223230229,-55.15335345045767,-13.085577676977096
ESO563-G021,external_151,bulge_rich_hsb,12,4.147150669524397e+20,13.439999999999998,310.0,7.84810723391929e-11,180.40865602749676,8.804170258785813e-11,1.6652277492705104e-10,262.7917497810348,302.544210205686,-47.20825021896519,-7.455789794314001
ESO563-G021,external_151,bulge_rich_hsb,13,4.684058568703895e+20,15.18,310.0,6.633177290398257e-11,176.2673847449438,8.867218739868998e-11,1.5500396030267257e-10,269.4527098469733,305.6118202472471,-40.54729015302672,-4.388179752752876
ESO563-G021,external_151,bulge_rich_hsb,14,5.19319536964997e+20,16.83,314.0,5.481088550852451e-11,168.7138514850764,8.729045908903399e-11,1.4210134459755849e-10,271.65420018565436,304.02824426816386,-42.34579981434564,-9.97175573183614
ESO563-G021,external_151,bulge_rich_hsb,15,5.727017591247977e+20,18.56,317.0,4.273140963328664e-11,156.436419886373,8.299648923837063e-11,1.257278988716573e-10,268.336707989911,296.8225287558012,-48.66329201008898,-20.177471244198784
ESO563-G021,external_151,bulge_rich_hsb,16,6.263925490427476e+20,20.300000000000004,319.0,3.681565831050141e-11,151.85866473073506,7.897431030014991e-11,1.1578996861065133e-10,269.31389416739273,297.34484768362495,-49.68610583260727,-21.65515231637505
ESO563-G021,external_151,bulge_rich_hsb,17,6.769976613792059e+20,21.939999999999998,318.0,3.3022896810140586e-11,149.52064711079876,7.55579144672172e-11,1.0858081127735778e-10,271.1253498023159,299.64170690954325,-46.874650197684105,-18.358293090456755
ESO563-G021,external_151,bulge_rich_hsb,18,7.306884512971557e+20,23.68,317.0,2.8998869364635803e-11,145.56489599286726,7.146759318155084e-11,1.0046646254618664e-10,270.94221510347336,300.00090414472277,-46.05778489652664,-16.999095855277233
ESO563-G021,external_151,bulge_rich_hsb,19,7.840706734569564e+20,25.41,317.0,2.4997968513645408e-11,140.00062145415552,6.687330729000605e-11,9.187127580365145e-11,268.39070976976603,298.01690451790495,-48.60929023023397,-18.983095482095052
ESO563-G021,external_151,bulge_rich_hsb,20,8.349843535515639e+20,27.06,312.0,2.1182080418770192e-11,132.99137462762036,6.193210475061544e-11,8.311418516938564e-11,263.436983308389,293.6138079047249,-48.56301669161098,-18.386192095275078
ESO563-G021,external_151,bulge_rich_hsb,21,8.886751434695137e+20,28.8,312.0,1.7648850570879275e-11,125.2361561736392,5.677236282342039e-11,7.442121339429966e-11,257.1697542292922,287.9586173904016,-54.83024577070779,-24.041382609598372
ESO563-G021,external_151,bulge_rich_hsb,22,9.420573656293144e+20,30.53,311.0,1.6057777779187442e-11,122.99328368867246,5.4208722242150014e-11,7.026650002133746e-11,257.2840335156718,288.86352411829665,-53.71596648432819,-22.136475881703348
ESO563-G021,external_151,bulge_rich_hsb,23,9.92971045723922e+20,32.18,310.0,1.4540280607920666e-11,120.15855209000418,5.163026300504244e-11,6.61705436129631e-11,256.33071194744565,288.59962072394086,-53.66928805255435,-21.40037927605914
ESO563-G021,external_151,bulge_rich_hsb,24,1.0463532678837225e+21,33.91,313.0,1.2949207816228837e-11,116.40208724510263,4.876492374020251e-11,6.171413155643134e-11,254.1156886708845,287.0277082646483,-58.88431132911549,-25.97229173535169
ESO563-G021,external_151,bulge_rich_hsb,25,1.1000440578016724e+21,35.65,320.0,1.1348938071983872e-11,111.73330697891755,4.568678597272734e-11,5.703572404471121e-11,250.48315176434627,283.9393173373161,-69.51684823565373,-36.06068266268392
ESO563-G021,external_151,bulge_rich_hsb,26,1.1509577378962798e+21,37.3,321.0,9.831440900717099e-12,106.37468204112442,4.254968448433016e-11,5.2381125385047264e-11,245.53708799616282,279.3851346362749,-75.46291200383718,-41.61486536372507
ESO563-G021,external_151,bulge_rich_hsb,27,1.2043399600560805e+21,39.029999999999994,320.0,8.800025965881391e-12,102.94767078590009,4.027055699948297e-11,4.9070582965364363e-11,243.10011091818842,277.3958138716648,-76.89988908181158,-42.604186128335186
ESO563-G021,external_151,bulge_rich_hsb,28,1.2577221822158812e+21,40.76,315.0,8.089312631356744e-12,100.86678311186739,3.861843689572756e-11,4.67077495270843e-11,242.37444721256665,277.1484047516598,-72.62555278743335,-37.851595248340175
ESO563-G021,external_151,bulge_rich_hsb,29,1.3086358623104886e+21,42.41,312.0,7.411464653341907e-12,98.48303629361655,3.697225332821729e-11,4.43837179815592e-11,241.00233412426377,276.1646426509512,-70.99766587573623,-35.83535734904882
F561-1,external_151,low_mass_dwarf,0,4.967940906201101e+19,1.61,23.4,1.03372110448238e-11,22.661565172250125,1.8215540235763732e-11,2.8552751280587534e-11,37.662764246854834,58.83548748817992,14.262764246854836,35.43548748817992
F561-1,external_151,low_mass_dwarf,1,9.966738588217116e+19,3.23,40.6,9.014413155269373e-12,29.974038674285328,2.5322199642706614e-11,3.4336612797975983e-11,58.49991827022128,80.31741249332902,17.899918270221278,39.717412493329014
F561-1,external_151,low_mass_dwarf,2,1.4934679494418216e+20,4.84,45.5,7.752490366734551e-12,34.02660119828973,2.8555230335445296e-11,3.630772070217985e-11,73.63723051961618,94.42267864523946,28.137230519616182,48.92267864523946
F561-1,external_151,low_mass_dwarf,3,1.9902620400619317e+20,6.449999999999999,49.2,6.5736959244512915e-12,36.170951689643495,2.8994522266270423e-11,3.5568218190721714e-11,84.13683765012428,104.31138979947222,34.936837650124275,55.11138979947222
F561-1,external_151,low_mass_dwarf,4,2.487056130682042e+20,8.06,50.4,5.516748382820579e-12,37.04114318824969,2.7987109483709667e-11,3.3503857866530245e-11,91.28306256280725,111.30688394017672,40.88306256280725,60.90688394017672
F561-1,external_151,low_mass_dwarf,5,2.9807645437206607e+20,9.66,50.4,4.639919891395516e-12,37.18939189873367,2.6426224723067293e-11,3.106614461446281e-11,96.22934187496519,116.4111141110898,45.82934187496519,66.0111141110898
F563-1,external_151,low_mass_dwarf,0,3.301675012195763e+19,1.07,22.1,6.3584420505113245e-12,14.489137046307494,1.1572348100038734e-11,1.7930790150550058e-11,24.331387504414337,42.11140426607367,2.231387504414336,20.01140426607367
F563-1,external_151,low_mass_dwarf,1,5.492506095054633e+19,1.78,42.7,6.150837963418015e-12,18.3802924361303,1.5728876115002463e-11,2.187971407842048e-11,34.66618856086968,53.83799031571165,-8.033811439130325,11.137990315711647
F563-1,external_151,low_mass_dwarf,2,7.683337177913505e+19,2.49,60.6,5.943233876324705e-12,21.369106157956303,1.812661930758937e-11,2.4069853183914074e-11,43.00427860514425,63.09891835786624,-17.59572139485575,2.4989183578662377
F563-1,external_151,low_mass_dwarf,3,9.164462417029361e+19,2.97,76.8,5.80288181744472e-12,23.060852613560318,1.8980508430046303e-11,2.4783390247491023e-11,47.6577851446858,68.47763889016447,-29.142214855314194,-8.322361109835526
F563-1,external_151,low_mass_dwarf,4,9.380459847733756e+19,3.04,81.6,5.782413808858056e-12,23.289847693141795,1.9305964962360962e-11,2.5088378771219018e-11,48.51190881713025,69.21507014195014,-33.088091182869746,-12.384929858049858
F563-1,external_151,low_mass_dwarf,5,9.843311484957462e+19,3.1900000000000004,87.0,5.738553790458061e-12,23.766861894802606,2.3219843625773554e-11,2.8958397416231615e-11,53.389748629596966,70.7592175276148,-33.610251370403034,-16.240782472385206
F563-1,external_151,low_mass_dwarf,6,2.1445459191365003e+20,6.95,90.0,4.234402075771004e-12,30.134481398520585,2.3095152289625927e-11,2.732955436539693e-11,76.5568313647653,96.39327403763554,-13.443168635234699,6.3932740376355355
F563-1,external_151,low_mass_dwarf,7,2.647511364919593e+20,8.58,97.8,3.656193361667982e-12,31.112398617527955,2.2215968937293898e-11,2.587216229896188e-11,82.76281998672218,103.05463514078122,-15.037180013277819,5.254635140781218
F563-1,external_151,low_mass_dwarf,8,2.8573374404610058e+20,9.26,93.7,3.5043810709256062e-12,31.643639549834607,2.1998289202254923e-11,2.550267027318053e-11,85.36377135722779,105.87840147351125,-8.336228642772213,12.178401473511244
F563-1,external_151,low_mass_dwarf,9,3.0517351280949625e+20,9.89,103.0,3.3637314486201693e-12,32.03937799526065,2.1709120162194535e-11,2.5072851610814703e-11,87.47325421077896,108.25468994091581,-15.526745789221039,5.25468994091581
F563-1,external_151,low_mass_dwarf,10,3.110363002143298e+20,10.08,97.4,3.3213133085598e-12,32.14107968545946,2.179992608464186e-11,2.5121239393201662e-11,88.39466815176084,108.9276318885692,-9.005331848239166,11.52763188856919
F563-1,external_151,low_mass_dwarf,11,3.653442256485779e+20,11.84,106.5,2.9283873795795323e-12,32.70885842690864,2.093730216887757e-11,2.38656895484571e-11,93.37661306585508,114.23791535470365,-13.123386934144918,7.737915354703645
F563-1,external_151,low_mass_dwarf,12,4.492746558651431e+20,14.560000000000002,112.0,2.5264412515503673e-12,33.690740921710116,1.971765845113076e-11,2.224409970268113e-11,99.96854624806743,121.90590988602024,-12.031453751932574,9.90590988602024
F563-1,external_151,low_mass_dwarf,13,4.7612005082411794e+20,15.43,111.5,2.4015667452247404e-12,33.81470213965983,1.9381581493482334e-11,2.1783148238707073e-11,101.84003950569985,123.85330973654352,-9.659960494300151,12.353309736543522
F563-1,external_151,low_mass_dwarf,14,5.532619903614021e+20,17.93,111.0,2.1301764615670365e-12,34.32995294123759,1.840422353212791e-11,2.0534399993694944e-11,106.58753684830525,129.42130683866824,-4.412463151694752,18.421306838668244
F563-1,external_151,low_mass_dwarf,15,5.86895875999658e+20,19.02,112.5,2.022593065622737e-12,34.45361416512773,1.800274798254841e-11,2.0025341048171147e-11,108.41028584344899,131.51993501404206,-4.089714156551011,19.019935014042062
F563-1,external_151,low_mass_dwarf,16,6.202211938797649e+20,20.1,106.0,1.9190970301422653e-12,34.50021233566465,1.7596499633275917e-11,1.9515596663418182e-11,110.01811969789875,133.37715883757386,4.018119697898754,27.37715883757386
F563-V1,external_151,low_mass_dwarf,0,4.042237631753691e+19,1.31,12.0,2.8975371800925433e-12,10.822446039955825,8.83687445594117e-12,1.1734411636033715e-11,21.77918279037666,37.89406276084623,9.779182790376659,25.894062760846232
F563-V1,external_151,low_mass_dwarf,1,8.115332039322295e+19,2.63,21.7,3.221357813668778e-12,16.168607941126982,1.3737763360976813e-11,1.695912117464559e-11,37.09836915921649,55.19733289556136,15.39836915921649,33.49733289556136
F563-V1,external_151,low_mass_dwarf,2,1.2126712895261073e+20,3.93,28.6,3.3253423026225133e-12,20.081202997422636,1.6679610578500276e-11,2.000495288112279e-11,49.253864830346245,68.0364573368598,20.653864830346244,39.436457336859796
F563-V1,external_151,low_mass_dwarf,3,1.6168950527014765e+20,5.24,29.5,3.2107440672343505e-12,22.784723386080067,1.8094263510866033e-11,2.1305007578100383e-11,58.692385665261526,77.84513829497088,29.192385665261526,48.34513829497088
F563-V1,external_151,low_mass_dwarf,4,2.0211188158768454e+20,6.55,28.6,2.9853117176436895e-12,24.56352923296505,1.8518893000504685e-11,2.1504204718148376e-11,65.92613501208555,85.39552880524664,37.32613501208555,56.79552880524664
F563-V1,external_151,low_mass_dwarf,5,2.428428256633706e+20,7.87,27.3,2.7117121698750902e-12,25.661641524232564,1.8334809719284314e-11,2.1046521889159404e-11,71.49123614786257,91.29049678652547,44.19123614786257,63.99049678652547
F563-V2,external_151,low_mass_dwarf,0,8.639897228175829e+18,0.28,11.9,1.04742575629476e-11,9.51296530453626,1.2517650374419307e-11,2.2991907937366907e-11,14.094244274118786,24.623531844841576,2.1942442741187858,12.723531844841576
F563-V2,external_151,low_mass_dwarf,1,2.6845394958974894e+19,0.87,34.8,1.0146488148987785e-11,16.50413529410539,1.6157090922105668e-11,2.6303579071093453e-11,26.57310612250908,43.03312527814118,-8.226893877490916,8.23312527814118
F563-V2,external_151,low_mass_dwarf,2,4.505089268977396e+19,1.46,58.5,9.818718735027971e-12,21.031929157422017,1.8821972939627345e-11,2.8640691674655315e-11,35.92058918219186,55.255273787130676,-22.57941081780814,-3.244726212869324
F563-V2,external_151,low_mass_dwarf,3,6.325639042057302e+19,2.05,81.5,9.452057332580113e-12,24.45205571945491,2.066367172829806e-11,3.011572906087817e-11,43.64644676574608,64.80707837744,-37.85355323425392,-16.692921622559993
F563-V2,external_151,low_mass_dwarf,4,7.251342316504713e+19,2.35,91.8,9.183655208557268e-12,25.80577990179724,2.349147787465644e-11,3.267513308321371e-11,48.67633667643146,68.85155739031723,-43.123663323568536,-22.948442609682772
F563-V2,external_151,low_mass_dwarf,5,1.4687825287898907e+20,4.76,114.0,7.253461479151636e-12,32.64009419996885,2.8180812545144555e-11,3.5434274024296194e-11,72.14238879274771,91.98980741514396,-41.85761120725229,-22.010192584856043
F563-V2,external_151,low_mass_dwarf,6,2.4253425790522147e+20,7.86,116.0,5.486018672063934e-12,36.476670180859635,2.7753924831319296e-11,3.323994350338323e-11,89.7876663601663,109.75487059148581,-26.2123336398337,-6.245129408514188
F563-V2,external_151,low_mass_dwarf,7,2.684539495897489e+20,8.7,117.0,5.127836751160707e-12,37.10239923105456,2.735555984844807e-11,3.248339659960878e-11,93.38252573825146,113.42792507404309,-23.61747426174854,-3.572074925956912
F563-V2,external_151,low_mass_dwarf,8,3.141219777958212e+20,10.18,118.0,4.542058731866434e-12,37.7724830017655,2.6306877339099407e-11,3.084893607096584e-11,98.43946775307472,118.83422591985693,-19.560532246925277,0.8342259198569337
F563-V2,external_151,low_mass_dwarf,9,3.2307044278214617e+20,10.47,118.0,4.4444995527535486e-12,37.89309222606595,2.6117712699595025e-11,3.056221225234857e-11,99.36673208256467,119.82812712451711,-18.633267917435333,1.8281271245171098
F565-V2,external_151,low_mass_dwarf,0,3.8879537526791225e+19,1.26,21.7,3.7602668059171184e-12,12.091213106690411,1.0457476853997671e-11,1.4217743659914789e-11,23.51125896611994,39.78350712066116,1.81125896611994,18.083507120661164
F565-V2,external_151,low_mass_dwarf,1,7.745050729543331e+19,2.51,40.3,3.7070292055500315e-12,16.944358722856318,1.5355318378526722e-11,1.9062347584076755e-11,38.423801095527004,55.94120176924981,-1.876198904472993,15.641201769249811
F565-V2,external_151,low_mass_dwarf,2,1.1663861258037368e+20,3.78,57.7,3.572765218849239e-12,20.413779125923508,1.796586046212787e-11,2.153862568097711e-11,50.12220482298416,67.9899367697937,-7.577795177015844,10.289936769793698
F565-V2,external_151,low_mass_dwarf,3,1.5520958234901578e+20,5.03,68.5,3.3119505031044376e-12,22.67259258107578,1.9037888116274354e-11,2.2349838619378793e-11,58.897445765344415,76.89026297157602,-9.602554234655585,8.390262971576021
F565-V2,external_151,low_mass_dwarf,4,1.94089119875807e+20,6.29,73.5,3.011534919016034e-12,24.176562243360443,1.923328146847268e-11,2.2244816387488713e-11,65.70750972641264,83.87459320147069,-7.792490273587362,10.374593201470688
F565-V2,external_151,low_mass_dwarf,5,2.3266008964444907e+20,7.54,78.5,2.716187215936999e-12,25.138583117411546,1.8956180740317452e-11,2.167236795625445e-11,71.00911963621044,89.39439137043766,-7.490880363789557,10.89439137043766
F565-V2,external_151,low_mass_dwarf,6,2.715396271712403e+20,8.8,83.1,2.4360476403620313e-12,25.719320909294744,1.841119150100039e-11,2.0847239141362424e-11,75.23863066268046,93.88017756967257,-7.86136933731953,10.780177569672574
F567-2,external_151,low_mass_dwarf,0,5.924500956463424e+19,1.92,26.9,6.197192820107211e-12,19.161230333700765,1.712677470871007e-11,2.332396752881728e-11,37.172956289889,56.026716955876424,10.272956289889002,29.126716955876425
F567-2,external_151,low_mass_dwarf,1,1.1818145137111936e+20,3.83,46.8,5.25592981784126e-12,24.92294954810171,2.1255289945795573e-11,2.6511219763636834e-11,55.974408699738,75.75144758389068,9.174408699738002,28.951447583890683
F567-2,external_151,low_mass_dwarf,2,1.774264609357536e+20,5.75,47.6,4.291245094123429e-12,27.593122876148595,2.2027957563422578e-11,2.6319202657546006e-11,68.3353713839273,87.9854153957694,20.735371383927294,40.38541539576939
F567-2,external_151,low_mass_dwarf,3,2.3667147050038785e+20,7.67,48.1,3.5505760974990293e-12,28.9882746316269,2.1314831039318417e-11,2.4865407136817446e-11,76.71331352289134,96.69146220259891,28.61331352289134,48.59146220259891
F567-2,external_151,low_mass_dwarf,4,2.959164800650221e+20,9.590000000000002,52.2,2.9789326731289744e-12,29.69032285077098,2.017461751320668e-11,2.3153550186335655e-11,82.77389124687376,103.27174584983919,30.573891246873757,51.07174584983919
F568-1,external_151,ordinary_disk,0,1.3576981358562015e+19,0.44,15.7,9.6867217435368e-12,11.46806176027913,1.5751294717352635e-11,2.5438016460889434e-11,18.584172709278437,30.223152827930253,2.884172709278438,14.523152827930254
F568-1,external_151,ordinary_disk,1,4.073094407568605e+19,1.3200000000000003,44.5,9.573431036906226e-12,19.74676895536747,2.063335033497842e-11,3.020678137188465e-11,35.076355608368274,52.18242949561144,-9.423644391631726,7.682429495611437
F568-1,external_151,ordinary_disk,2,6.788490679281008e+19,2.2,69.4,9.460140330275653e-12,25.34167998708188,2.363426910798724e-11,3.309440943826289e-11,47.39842718993501,67.15166335149706,-22.001572810064992,-2.248336648502942
F568-1,external_151,ordinary_disk,3,9.50388695099341e+19,3.08,90.0,9.312491820516018e-12,29.749767981319625,2.5888714401201827e-11,3.5201206221717844e-11,57.84014907223288,79.11930131039348,-32.15985092776712,-10.880698689606518
F568-1,external_151,ordinary_disk,4,1.2219283222705814e+20,3.96,105.0,9.099688597259534e-12,33.345415308306,2.7970479400970965e-11,3.70701679982305e-11,67.30311150932502,89.15690912298109,-37.69688849067498,-15.84309087701891
F568-1,external_151,ordinary_disk,5,1.4934679494418216e+20,4.84,113.0,8.88688537400305e-12,36.431138434637,2.960557279999268e-11,3.849245817399573e-11,75.82034857351454,97.9419570176194,-37.179651426485464,-15.058042982380599
F568-1,external_151,ordinary_disk,6,1.706379702564726e+20,5.53,117.0,8.720028301222399e-12,38.57418735241985,3.114491193529443e-11,3.9864940236516826e-11,82.47710280044284,104.15941042325119,-34.522897199557164,-12.840589576748812
F568-1,external_151,ordinary_disk,7,2.3080868309555426e+20,7.48,124.0,8.143928980515556e-12,43.35538632299931,3.227429734032061e-11,4.041822632083617e-11,96.58611489324056,118.94017903224595,-27.413885106759437,-5.0598209677540495
F568-1,external_151,ordinary_disk,8,2.5827121357082742e+20,8.37,127.0,7.877260117967257e-12,45.10509428302398,3.2663617513102274e-11,4.054087763106953e-11,102.32566474254021,124.70122099485991,-24.674335257459788,-2.2987790051400907
F568-1,external_151,ordinary_disk,9,2.8511660852980233e+20,9.24,130.0,7.5530457531746e-12,46.40580555507649,3.2610769987086996e-11,4.01638157402616e-11,107.01107853619307,129.55811173885982,-22.988921463806932,-0.44188826114017843
F568-1,external_151,ordinary_disk,10,3.125791390050755e+20,10.13,133.0,7.2213781845936054e-12,47.51054804325356,3.263354602201558e-11,3.985492420660919e-11,111.61459534314696,134.03781925905943,-21.38540465685304,1.0378192590594324
F568-1,external_151,ordinary_disk,11,4.082351440313079e+20,13.23,142.0,6.090557989734414e-12,49.86361216528804,3.1146001123228245e-11,3.7236559112962657e-11,123.29343888751997,146.39405822696622,-18.70656111248003,4.394058226966223
F568-3,external_151,ordinary_disk,0,1.974833652154475e+19,0.64,12.4,8.756965812090033e-12,13.150494582517283,1.2113565393113672e-11,2.0870531205203707e-11,20.301681546703556,35.47469732871761,7.901681546703555,23.074697328717612
F568-3,external_151,ordinary_disk,1,3.641099546159813e+19,1.18,21.9,8.663802799958344e-12,17.761128467230467,1.6494662882286243e-11,2.5158465682244587e-11,30.266231674540855,48.0311507250041,8.366231674540856,26.131150725004105
F568-3,external_151,ordinary_disk,2,5.554219646684461e+19,1.8,32.3,8.556837860103442e-12,21.80058644992835,1.882082065333052e-11,2.737765851343396e-11,38.99506748237948,59.12494444373877,6.695067482379486,26.824944443738772
F568-3,external_151,ordinary_disk,3,6.263925490427475e+19,2.03,37.9,8.517157317899205e-12,23.097800507747426,2.1007908510298823e-11,2.952506582819803e-11,43.00497790347052,62.71061915395339,5.10497790347052,24.81061915395339
F568-3,external_151,ordinary_disk,4,8.578183676546e+19,2.78,53.1,8.382852325140484e-12,26.815974153182612,2.2654187578313597e-11,3.103703990345408e-11,51.59858806867845,73.07430177466978,-1.5014119313215488,19.974301774669776
F568-3,external_151,ordinary_disk,5,9.257032744474101e+19,3.0,62.4,8.311916987241781e-12,27.73872522670205,2.395829402753608e-11,3.227021101477786e-11,54.65586885549323,75.7379907591399,-7.744131144506767,13.337990759139906
F568-3,external_151,ordinary_disk,6,1.1231866396628577e+20,3.6400000000000006,68.0,8.105559640627374e-12,30.172928753011597,2.5604132127935332e-11,3.3709691768562706e-11,61.53232924374198,82.8665565023924,-6.467670756258023,14.866556502392399
F568-3,external_151,ordinary_disk,7,1.2928989066448829e+20,4.19,78.0,7.928221295880617e-12,32.01622814305696,2.6717873056390026e-11,3.4646094352270643e-11,66.92824329650836,88.38207982374414,-11.071756703491644,10.382079823744135
F568-3,external_151,ordinary_disk,8,1.4194116874860288e+20,4.6,82.3,7.796023620705762e-12,33.26524769657804,2.7581189073151816e-11,3.537721269385758e-11,70.86242245953814,92.18978589933569,-11.43757754046186,9.889785899335692
F568-3,external_151,ordinary_disk,9,1.5860382768865627e+20,5.14,85.7,7.621909609499855e-12,34.768722127274515,2.8300894867880743e-11,3.5922804477380595e-11,75.48174806815064,96.86420134129648,-10.218251931849366,11.164201341296476
F568-3,external_151,ordinary_disk,10,1.6631802164238467e+20,5.39,85.5,7.541301270978603e-12,35.4154529548665,2.8957533429390374e-11,3.649883470036898e-11,77.91286145186677,98.91051744929347,-7.587138548133225,13.410517449293465
F568-3,external_151,ordinary_disk,11,1.9470625539210527e+20,6.3100000000000005,89.5,7.224371768214802e-12,37.505071317750435,3.009688757007105e-11,3.7321259338285854e-11,85.2448394465922,105.79991682754968,-4.255160553407805,16.29991682754968
F568-3,external_151,ordinary_disk,12,2.807966599157144e+20,9.1,95.2,6.221974553533257e-12,41.79844103208524,2.981296621849795e-11,3.603494077203121e-11,100.59071035163713,122.1027663311958,5.390710351637125,26.902766331195792
F568-3,external_151,ordinary_disk,13,3.1381341003767205e+20,10.17,97.5,5.808720950866227e-12,42.69490050988056,2.939984342811174e-11,3.520856437897797e-11,105.1138413830357,126.74965681878565,7.613841383035705,29.249656818785652
F568-3,external_151,ordinary_disk,14,3.699727420208149e+20,11.99,101.0,5.1418966573370175e-12,43.61607049589222,2.8251459498889444e-11,3.339335615622646e-11,111.15139019552011,133.25516635791558,10.151390195520108,32.255166357915584
F568-3,external_151,ordinary_disk,15,4.326119969250897e+20,14.02,107.0,4.4472443381658804e-12,43.862640754379356,2.6658565315371087e-11,3.1105809653536965e-11,116.00321732688434,138.68516162587545,9.00321732688434,31.685161625875452
F568-3,external_151,ordinary_disk,16,4.918570064897239e+20,15.94,117.0,3.884380630623839e-12,43.70995114439396,2.5137524507590034e-11,2.9021905138213872e-11,119.47647209350723,142.7117874826318,2.476472093507226,25.71178748263179
F568-3,external_151,ordinary_disk,17,5.548048291521478e+20,17.98,120.0,3.369287690175468e-12,43.235368407268545,2.356127162403946e-11,2.6930559314214928e-11,122.23421926488014,146.0262136208819,2.2342192648801387,26.02621362088189
F568-V1,external_151,ordinary_disk,0,1.2034142567816331e+19,0.38999999999999996,17.4,1.1419315109613643e-11,11.722698753099039,1.5299230723955658e-11,2.6718545833569303e-11,17.931391183226914,29.74785764551226,0.5313911832269156,12.34785764551226
F568-V1,external_151,ordinary_disk,1,3.641099546159813e+19,1.18,46.3,1.0845245930868565e-11,19.87174376769112,1.994787283670271e-11,3.079311876757128e-11,33.48444575761244,51.026853368474896,-12.815554242387556,4.726853368474899
F568-V1,external_151,ordinary_disk,2,6.017071283908166e+19,1.95,69.1,1.028571014905374e-11,24.87767094654844,2.3245020145141018e-11,3.353073029419476e-11,44.9173456897966,64.66332838697761,-24.182654310203397,-4.4366716130223836
F568-V1,external_151,ordinary_disk,3,8.454756573286346e+19,2.74,85.2,9.581099654301238e-12,28.461529347790663,2.5760744425239517e-11,3.534184407954075e-11,54.663213273970484,75.19799356260806,-30.53678672602952,-10.002006437391941
F568-V1,external_151,ordinary_disk,4,1.0892441862664525e+20,3.5299999999999994,93.2,8.654264895981517e-12,30.702781184051897,2.7459747895034294e-11,3.611401279101581e-11,62.719198396795754,83.05025547434498,-30.48080160320425,-10.149744525655024
F568-V1,external_151,ordinary_disk,5,1.3268413600412878e+20,4.3,100.0,7.750894308758495e-12,32.06899927682402,2.852610131371304e-11,3.627699562247154e-11,69.37854006098138,88.99466164816444,-30.62145993901862,-11.005338351835562
F568-V1,external_151,ordinary_disk,6,1.570609888979106e+20,5.09,108.0,6.9008625472768645e-12,32.92197284373855,2.890089719598181e-11,3.5801759743258676e-11,74.987064148169,93.86974631845358,-33.012935851831,-14.13025368154642
F568-V1,external_151,ordinary_disk,7,1.8112927403354325e+20,5.87,112.0,6.293475488066636e-12,33.76288859534102,2.858079343718736e-11,3.4874268925253996e-11,79.47799074512272,98.36528818545717,-32.522009254877275,-13.634711814542825
F568-V1,external_151,ordinary_disk,8,1.974833652154475e+20,6.4,113.0,5.880763768346865e-12,34.078629946202575,2.831886371163961e-11,3.419962747998647e-11,82.1818564152844,100.87774060668893,-30.8181435847156,-12.122259393311069
F568-V1,external_151,ordinary_disk,9,2.2957441206295773e+20,7.44,113.0,5.092101058814077e-12,34.19087753688704,2.72318817363444e-11,3.2323982795158476e-11,86.14382941181375,104.69952066557032,-26.856170588186245,-8.300479334429681
F568-V1,external_151,ordinary_disk,10,2.5333412944044127e+20,8.21,112.0,4.660647235208169e-12,34.36133015412036,2.641302763018161e-11,3.107367486538978e-11,88.72441811890818,107.44530680562167,-23.275581881091824,-4.554693194378331
F568-V1,external_151,ordinary_disk,11,2.7771098233422302e+20,9.0,111.0,4.2179868187813285e-12,34.225447592640286,2.5427754214348807e-11,2.9645741033130134e-11,90.73559315029881,109.58023303431902,-20.26440684970119,-1.419766965680978
F568-V1,external_151,ordinary_disk,12,2.999278609209609e+20,9.72,111.0,3.814549477227752e-12,33.824394526466975,2.447841853234304e-11,2.829296800957079e-11,92.11867006321651,110.91306191327503,-18.881329936783487,-0.08693808672497028
F568-V1,external_151,ordinary_disk,13,3.638013868578322e+20,11.790000000000001,113.0,3.00958833827917e-12,33.08915851660662,2.2151635355627217e-11,2.5161223693906386e-11,95.6749082825967,114.81239127051258,-17.325091717403296,1.8123912705125775
F568-V1,external_151,ordinary_disk,14,5.44004957616928e+20,17.63,118.0,1.6811309929630765e-12,30.24142183455306,1.679360215093074e-11,1.8474733143893816e-11,100.25141605447782,120.71307862267399,-17.748583945522185,2.71307862267399
F571-8,external_151,bulge_rich_hsb,0,6.788490679281008e+18,0.22,12.4,9.573995176330177e-11,25.49372021067124,5.595223836370006e-12,1.0133517559967178e-10,26.228093621948126,41.14119018669655,13.828093621948126,28.74119018669655
F571-8,external_151,bulge_rich_hsb,1,2.4068285135632663e+19,0.7799999999999999,37.5,9.211542667424803e-11,47.08567037418353,7.647782277818648e-12,9.976320895206668e-11,49.0013199730787,76.54837540756922,11.5013199730787,39.048375407569225
F571-8,external_151,bulge_rich_hsb,2,4.1039511833835184e+19,1.33,56.5,8.855562524749881e-11,60.28498677363545,9.761384259599613e-12,9.831700950709842e-11,63.520721620065466,98.75209255926987,7.020721620065466,42.25209255926987
F571-8,external_151,bulge_rich_hsb,3,7.1896287648748855e+19,2.33,69.1,8.20832590170457e-11,76.82110127716392,1.2930468867956917e-11,9.501372788500262e-11,82.65067640739608,127.70400303315628,13.550676407396082,58.60400303315629
F571-8,external_151,bulge_rich_hsb,4,1.0614730880330303e+20,3.44,85.5,7.489893250124274e-11,89.16456761094715,1.6950608871106807e-11,9.184954137234955e-11,98.73996977664386,150.90770969888393,13.23996977664386,65.40770969888393
F571-8,external_151,bulge_rich_hsb,5,1.1663861258037368e+20,3.78,87.1,7.269832798288868e-11,92.08383198388896,1.8700433408924392e-11,9.139876139181308e-11,103.2503013085468,156.76910212978507,16.1503013085468,69.66910212978507
F571-8,external_151,bulge_rich_hsb,6,1.4718682063713819e+20,4.77,105.0,6.456776204030413e-11,97.48601751209075,2.2659729496427347e-11,8.722749153673148e-11,113.30815130185641,169.9365769872434,8.308151301856412,64.9365769872434
F571-8,external_151,bulge_rich_hsb,7,1.678608604331304e+20,5.44,112.0,5.827896083067244e-11,98.90781824600813,2.5003850387243483e-11,8.328281121791592e-11,118.23673012363516,176.02040922978924,6.236730123635155,64.02040922978924
F571-8,external_151,bulge_rich_hsb,8,1.8853490022912256e+20,6.110000000000001,116.0,5.1990159621040755e-11,99.00484612911166,2.7654332445421463e-11,7.964449206646222e-11,122.53883615225664,180.3537973522609,6.538836152256636,64.3537973522609
F571-8,external_151,bulge_rich_hsb,9,2.227859213836767e+20,7.22,124.0,4.1571399408068874e-11,96.23680439590385,3.274136938069551e-11,7.431276878876438e-11,128.6694939182439,183.657896997725,4.669493918243887,59.657896997725004
F571-8,external_151,bulge_rich_hsb,10,2.8789371835314455e+20,9.33,135.0,2.6773657463418593e-11,87.79503289513023,4.09798906397119e-11,6.775354810313049e-11,139.66324103008952,184.10688560573766,4.663241030089523,49.10688560573766
F571-8,external_151,bulge_rich_hsb,11,3.425102115455418e+20,11.100000000000001,140.0,1.9272983236507e-11,81.24772960181528,4.3291781099973605e-11,6.25647643364806e-11,146.38671616026141,183.1782319904161,6.386716160261415,43.178231990416094
F571-8,external_151,bulge_rich_hsb,12,4.798228639219076e+20,15.55,144.0,7.54717693934048e-12,60.177305137067464,3.5184644985326916e-11,4.27318219246674e-11,143.19114908574088,168.03650538782813,-0.8088509142591249,24.03650538782813
F571-V1,external_151,ordinary_disk,0,6.017071283908166e+19,1.95,32.0,7.675004637554647e-12,21.48977664111288,1.7676924924788227e-11,2.5351929562342875e-11,39.05692862492337,59.77295801347359,7.056928624923373,27.77295801347359
F571-V1,external_151,ordinary_disk,1,1.1972429016186505e+20,3.8800000000000003,57.6,6.468663589344701e-12,27.829052382900077,2.3864030069419768e-11,3.0332693658764466e-11,60.262427904896775,80.55779319970102,2.6624279048967736,22.957793199701023
F571-V1,external_151,ordinary_disk,2,1.7989500300094672e+20,5.830000000000001,70.9,5.4347032884624446e-12,31.26781035485546,2.54068029870908e-11,3.0841506275553246e-11,74.48646094421703,94.29028303661175,3.5864609442170234,23.39028303661175
F571-V1,external_151,ordinary_disk,3,2.4006571584002838e+20,7.78,77.0,4.508872667220444e-12,32.90023927706019,2.483979475293465e-11,2.9348667420155096e-11,83.93812514686311,103.6857261038312,6.938125146863115,26.6857261038312
F571-V1,external_151,ordinary_disk,4,2.999278609209609e+20,9.72,82.5,3.764893276857204e-12,33.603517481410904,2.3558282316561908e-11,2.7323175593419113e-11,90.52613771338089,110.53272940424782,8.02613771338089,28.032729404247817
F571-V1,external_151,ordinary_disk,5,3.5979000600189344e+20,11.660000000000002,84.3,3.1746473345593048e-12,33.79654395873914,2.210943260720459e-11,2.5284079941763892e-11,95.37798107529632,115.77980022281794,11.077981075296321,31.479800222817943
F571-V1,external_151,ordinary_disk,6,4.193435833246768e+20,13.590000000000002,83.9,2.7021119725712588e-12,33.661748574940994,2.0682133744655776e-11,2.3384245717227034e-11,99.02541791079052,119.85248571312525,15.125417910790517,35.95248571312524
F574-1,external_151,ordinary_disk,0,1.4502684633009424e+19,0.47,15.3,1.029971255123015e-11,12.221844498321019,1.6703397151471754e-11,2.7003109702701904e-11,19.78933005760535,31.757711051443188,4.4893300576053505,16.457711051443187
F574-1,external_151,ordinary_disk,1,4.3508053899028275e+19,1.41,41.0,9.995466956023437e-12,20.853856119879215,2.16972193656254e-11,3.1692686321648834e-11,37.13336915346214,54.56270389693875,-3.866630846537859,13.56270389693875
F574-1,external_151,ordinary_disk,2,7.251342316504713e+19,2.35,60.7,9.691221360816724e-12,26.509312241607606,2.478708956892255e-11,3.447831092973927e-11,50.00140348494484,69.85567512734735,-10.698596515055165,9.155675127347351
F574-1,external_151,ordinary_disk,3,1.0151879243106597e+20,3.29,74.9,9.249349637376842e-12,30.642826337647364,2.7111255264913207e-11,3.636060490229005e-11,60.75594375650487,81.62256926018529,-14.144056243495136,6.722569260185281
F574-1,external_151,ordinary_disk,4,1.3021559393893568e+20,4.22,83.0,8.7087692890324e-12,33.67517728904358,2.8922293666782648e-11,3.7631062955815046e-11,70.00108008698821,90.95814004710024,-12.99891991301179,7.958140047100244
F574-1,external_151,ordinary_disk,5,1.5952953096310368e+20,5.17,86.8,8.156563556852591e-12,36.07232676852768,3.0244352004312385e-11,3.840091556116498e-11,78.2692790820664,98.92438395486718,-8.530720917933593,12.124383954867184
F574-1,external_151,ordinary_disk,6,1.8853490022912256e+20,6.110000000000001,89.4,7.642875257116003e-12,37.95983040088556,3.0798571781634564e-11,3.844144703875057e-11,85.1325694556081,105.6868957203342,-4.2674305443919,16.2868957203342
F574-1,external_151,ordinary_disk,7,2.1754026949514137e+20,7.05,92.5,7.147847145272588e-12,39.43278577900217,3.086928617463473e-11,3.8017133319907314e-11,90.94095572317984,111.51458836307548,-1.5590442768201598,19.014588363075475
F574-1,external_151,ordinary_disk,8,2.4654563876116025e+20,7.99,94.7,6.652819033429171e-12,40.49967306237422,3.068857083594036e-11,3.734138986936953e-11,95.94976194641251,116.46827179725571,1.2497619464125052,21.768271797255707
F574-1,external_151,ordinary_disk,9,2.7524244026902993e+20,8.92,96.3,6.181554956770799e-12,41.2483487058417,3.018593015683195e-11,3.636748511360275e-11,100.04936456127865,120.68009408686564,3.7493645612786537,24.38009408686564
F574-1,external_151,ordinary_disk,10,3.0455637729319793e+20,9.87,97.8,5.708181247410801e-12,41.69487980129456,2.9460956210764266e-11,3.516913745817507e-11,103.49388917606831,124.28985519242362,5.693889176068311,26.48985519242362
F574-1,external_151,ordinary_disk,11,3.3294461104291847e+20,10.79,98.8,5.249756181504277e-12,41.80763124025444,2.8624524529242484e-11,3.3874280710746764e-11,106.19914884592164,127.10638472579242,7.399148845921644,28.306384725792427
F574-1,external_151,ordinary_disk,12,3.641099546159813e+20,11.799999999999999,99.5,4.81535971094308e-12,41.87266895972969,2.766489851202764e-11,3.248025822297072e-11,108.74918550261066,129.9257250181217,9.249185502610658,30.42572501812171
F574-1,external_151,ordinary_disk,13,3.887953752679122e+20,12.6,99.7,4.487640559664693e-12,41.77049072565868,2.6867424670289074e-11,3.1355065229953764e-11,110.41152273485652,131.78768709964314,10.711522734856516,32.087687099643134
F574-2,external_151,low_mass_dwarf,0,6.6959203518362665e+19,2.17,12.6,4.938191365429507e-12,18.183986379515787,1.515991876126913e-11,2.0098110126698636e-11,36.684512349329104,56.08794871958246,24.084512349329103,43.487948719582455
F574-2,external_151,low_mass_dwarf,1,1.3330127152042707e+20,4.32,23.0,4.553086982216739e-12,24.63599569882645,2.0128080394752256e-11,2.4681167376968995e-11,57.3587917756158,77.46166784611538,34.3587917756158,54.461667846115375
F574-2,external_151,low_mass_dwarf,2,2.0026047503878973e+20,6.49,30.0,4.116220385223848e-12,28.71090820070445,2.167007678284219e-11,2.5786297168066037e-11,71.86081074110076,92.45843117905156,41.860810741100764,62.45843117905156
F574-2,external_151,low_mass_dwarf,3,2.6691111079900325e+20,8.65,36.0,3.5932299389429075e-12,30.96890366738038,2.152478550811373e-11,2.511801544705664e-11,81.87965195358619,103.00450920168362,45.87965195358619,67.00450920168362
F574-2,external_151,low_mass_dwarf,4,3.341788820755151e+20,10.830000000000002,40.0,3.0938223136190348e-12,32.15416119424503,2.066572620163759e-11,2.3759548515256627e-11,89.10633738094852,110.83423211583182,49.10633738094852,70.83423211583182
F579-V1,external_151,ordinary_disk,0,1.295984584226374e+19,0.41999999999999993,35.7,1.9845058426969948e-11,16.037110024697327,2.0352346516167704e-11,4.019740494313765e-11,22.824376690768894,35.92211275285638,-12.87562330923111,0.22211275285637555
F579-V1,external_151,ordinary_disk,1,4.535946044792309e+19,1.47,83.3,1.8619908446088104e-11,29.061813444867518,2.5773238487722343e-11,4.4393146933810444e-11,44.873702683231,66.02726574491638,-38.426297316768995,-17.27273425508362
F579-V1,external_151,ordinary_disk,2,6.510779696946784e+19,2.11,94.2,1.787315036250298e-11,34.1127753929025,2.891360748275872e-11,4.6786757845261704e-11,55.19223433282037,78.21497370617703,-39.00776566717963,-15.985026293822969
F579-V1,external_151,ordinary_disk,3,8.763324331435481e+19,2.84,97.6,1.70213794234137e-11,38.621738497353604,3.2100664151684736e-11,4.9122043575098436e-11,65.61039549274902,89.52734422265789,-31.989604507250974,-8.072655777342106
F579-V1,external_151,ordinary_disk,4,1.2034142567816331e+20,3.9,101.0,1.5583506416159288e-11,43.305211917105474,3.5190472150082744e-11,5.0773978566242034e-11,78.16785124342405,102.39634818093779,-22.832148756575947,1.3963481809377924
F579-V1,external_151,ordinary_disk,5,1.462611173626908e+20,4.74,105.0,1.409521430031569e-11,45.40464506006793,3.65265417154415e-11,5.062175601575719e-11,86.04646766559428,109.82438369800866,-18.953532334405722,4.82438369800866
F579-V1,external_151,ordinary_disk,6,1.755750543868588e+20,5.6899999999999995,106.0,1.2412026788349716e-11,46.68235510785258,3.7252755767968796e-11,4.966478255631851e-11,93.3803881895826,116.22727735599078,-12.619611810417396,10.227277355990779
F579-V1,external_151,ordinary_disk,7,1.9501482315025442e+20,6.32,108.0,1.1295807701467017e-11,46.93452824137974,3.744404518702396e-11,4.873985288849098e-11,97.49355769187257,119.39939167140145,-10.506442308127433,11.399391671401446
F579-V1,external_151,ordinary_disk,8,2.2741443775591376e+20,7.37,110.0,9.623211701357285e-12,46.78094995262812,3.678015347235253e-11,4.6403365173709816e-11,102.72679884509965,123.47461025040637,-7.273201154900349,13.474610250406371
F579-V1,external_151,ordinary_disk,9,2.5333412944044127e+20,8.21,112.0,8.8070071496614e-12,47.23468523484848,3.5952209334567944e-11,4.475921648422934e-11,106.48491509349336,127.25201667529176,-5.515084906506644,15.252016675291756
F579-V1,external_151,ordinary_disk,10,2.8264806646460924e+20,9.16,113.0,7.883918668576769e-12,47.205660336843714,3.478117998143138e-11,4.266509865000815e-11,109.8144236380022,130.48298197958493,-3.1855763619978035,17.482981979584935
F579-V1,external_151,ordinary_disk,11,3.3479601759181334e+20,10.85,114.0,6.298906086839454e-12,45.92220239773657,3.194981910610229e-11,3.8248725192941743e-11,113.16148139963774,133.76336860454836,-0.8385186003622636,19.76336860454836
F579-V1,external_151,ordinary_disk,12,3.767612327000959e+20,12.209999999999999,114.0,5.505750207216253e-12,45.54506817438749,3.020017045959032e-11,3.570592066680657e-11,115.9853727205197,136.92507051258806,1.985372720519706,22.925070512588064
F579-V1,external_151,ordinary_disk,13,4.6778872135409127e+20,15.16,114.0,3.994665346400871e-12,43.22799318301003,2.6062888426605242e-11,3.005755377300611e-11,118.5773361418883,140.2024430752344,4.577336141888296,26.202443075234413
F583-1,external_151,low_mass_dwarf,0,8.022761711877555e+18,0.26,14.6,4.347302182888161e-12,5.90570652020881,5.842104432312176e-12,1.0189406615200336e-11,9.04141478194542,18.773518835096485,-5.55858521805458,4.173518835096486
F583-1,external_151,low_mass_dwarf,1,1.3576981358562015e+19,0.44,10.0,4.2932859108251316e-12,7.634779812034513,7.662809413985124e-12,1.1956095324810256e-11,12.740788176017185,24.34206387373862,2.740788176017185,14.34206387373862
F583-1,external_151,low_mass_dwarf,2,2.3759717377483526e+19,0.77,10.7,4.19425607870958e-12,9.98270199089064,8.959425748056779e-12,1.3153681826766358e-11,17.6784547593196,32.00459915594565,6.9784547593196,21.30459915594565
F583-1,external_151,low_mass_dwarf,3,2.7462530475273167e+19,0.89,17.4,4.1582452306675605e-12,10.686249874060927,1.0225579080028792e-11,1.4383824310696354e-11,19.875014804610174,34.330335964967624,2.4750148046101756,16.930335964967625
F583-1,external_151,low_mass_dwarf,4,3.764526649419468e+19,1.22,23.5,4.0592153985520085e-12,12.361644123490574,1.1720266154655564e-11,1.5779481553207573e-11,24.372582715229996,39.94050234572389,0.8725827152299956,16.440502345723893
F583-1,external_151,low_mass_dwarf,5,4.782800251311619e+19,1.55,31.0,3.9601855664364566e-12,13.76254937226128,1.2788724120833554e-11,1.674890968727001e-11,28.30312517399282,44.72843923421864,-2.6968748260071784,13.72843923421864
F583-1,external_151,low_mass_dwarf,6,5.554219646684461e+19,1.8,32.3,3.885162966348917e-12,14.689808874953421,1.3849786601107799e-11,1.7734949567456715e-11,31.385315885064177,47.959525870837496,-0.9146841149358202,15.659525870837498
F583-1,external_151,low_mass_dwarf,7,6.819347455095921e+19,2.21,40.9,3.762125902205353e-12,16.01725435177781,1.443375896456262e-11,1.8195884866767972e-11,35.22556758370439,52.69509539913667,-5.674432416295609,11.79509539913667
F583-1,external_151,low_mass_dwarf,8,7.127915213245058e+19,2.31,43.8,3.732116862170337e-12,16.31018471982226,1.4830374885446725e-11,1.856249174761706e-11,36.37469825628462,53.761143213516654,-7.42530174371538,9.961143213516657
F583-1,external_151,low_mass_dwarf,9,7.837621056988073e+19,2.54,44.8,3.6630960700898e-12,16.944013365406107,1.564085584800667e-11,1.930395191809647e-11,38.89692276213611,56.099025297951904,-5.90307723786389,11.299025297951907
F583-1,external_151,low_mass_dwarf,10,9.565600502623239e+19,3.1,51.7,3.433771643390414e-12,18.123489663392306,1.6108458740612276e-11,1.9542230384002688e-11,43.235768616227375,60.935441108212736,-8.464231383772628,9.235441108212733
F583-1,external_151,low_mass_dwarf,11,1.0583874104515389e+20,3.43,55.7,3.28838294899066e-12,18.65578493110172,1.643401196142736e-11,1.972239491041802e-11,45.68800113502443,63.37586118152811,-10.011998864975574,7.675861181528106
F583-1,external_151,low_mass_dwarf,12,1.1910715464556677e+20,3.86,59.4,3.098937074469768e-12,19.21212058482225,1.6493655287427526e-11,1.9592592361897293e-11,48.30753490249788,66.19734485881675,-11.09246509750212,6.79734485881675
F583-1,external_151,low_mass_dwarf,13,1.2620421308299692e+20,4.09,62.0,2.997605560191151e-12,19.45020439114048,1.6568578647278937e-11,1.9566184207470088e-11,49.69240264809827,67.55252886421935,-12.307597351901727,5.552528864219354
F583-1,external_151,low_mass_dwarf,14,1.3484411031117275e+20,4.37,63.0,2.8742454558519656e-12,19.686926405873756,1.662373432821934e-11,1.9497979784071307e-11,51.2756056702242,69.06575560185992,-11.724394329775798,6.0657556018599195
F583-1,external_151,low_mass_dwarf,15,1.4687825287898907e+20,4.76,66.6,2.702422453379529e-12,19.92302909934472,1.663020418451624e-11,1.9332626637895768e-11,53.28735707591375,70.93389056460639,-13.312642924086248,4.333890564606392
F583-1,external_151,low_mass_dwarf,16,1.6662658940053383e+20,5.4,71.3,2.435930883778943e-12,20.146733114316905,1.6261283543538928e-11,1.869721442731787e-11,55.81624379438688,73.54007008027472,-15.483756205613119,2.2400700802747195
F583-1,external_151,low_mass_dwarf,17,1.8082070627539413e+20,5.86,72.3,2.3316667270560964e-12,20.533232195276028,1.611688426301501e-11,1.8448550990071108e-11,57.757077659645134,75.743116498237,-14.542922340354863,3.4431164982370035
F583-1,external_151,low_mass_dwarf,18,1.8760919695467512e+20,6.08,73.4,2.2818012607973438e-12,20.690261045920977,1.609314162022416e-11,1.83749428810215e-11,58.71378269194098,76.7202363468605,-14.686217308059028,3.320236346860497
F583-1,external_151,low_mass_dwarf,19,1.984090684898949e+20,6.43,72.4,2.2024698372038733e-12,20.90430550811748,1.6020774469253258e-11,1.8223244306457132e-11,60.13033284215164,78.1768119270169,-12.269667157848367,5.776811927016894
F583-1,external_151,low_mass_dwarf,20,2.1507172742994828e+20,6.97,77.1,2.0800727836596618e-12,21.151001081785815,1.586959988183396e-11,1.7949672665493623e-11,62.13265733066499,80.19625517181656,-14.967342669335004,3.0962551718165656
F583-1,external_151,low_mass_dwarf,21,2.456199354867128e+20,7.959999999999999,80.3,1.855678185495274e-12,21.349275308671473,1.5452169588321972e-11,1.7307847773817247e-11,65.20086236867452,83.20820790504553,-15.099137631325476,2.908207905045529
F583-1,external_151,low_mass_dwarf,22,3.175162231354617e+20,10.29,84.7,1.5233000941656365e-12,21.992555390435328,1.4573022010628865e-11,1.60963221047945e-11,71.49016296726562,89.90698860922714,-13.209837032734384,5.206988609227139
F583-1,external_151,low_mass_dwarf,23,4.7797145737301275e+20,15.49,86.9,1.0705095071496108e-12,22.620189859149395,1.2445024549892122e-11,1.3515534057041733e-11,80.37437097992634,100.74645964853761,-6.525629020073666,13.846459648537603
F583-1,external_151,low_mass_dwarf,24,5.0173117475049636e+20,16.26,85.8,1.0212620982867282e-12,22.636232732094733,1.219914566204381e-11,1.3220407760330538e-11,81.44378869055159,101.9812547872929,-4.356211309448412,16.1812547872929
F583-4,external_151,ordinary_disk,0,6.788490679281008e+18,0.22,10.7,8.803288717661009e-12,7.730526722472499,1.0820681855869652e-11,1.962397057353066e-11,11.541973025826115,20.828365619221252,0.8419730258261158,10.128365619221253
F583-4,external_151,ordinary_disk,1,2.345114961933439e+19,0.76,24.7,8.406096104271365e-12,14.040392354053775,1.3968378315823232e-11,2.2374474420094596e-11,22.906487013062662,38.235909523834934,-1.793512986937337,13.535909523834935
F583-4,external_151,ordinary_disk,2,4.042237631753691e+19,1.31,38.9,8.001548072115247e-12,17.98448184668951,1.6605667954893772e-11,2.460721602700902e-11,31.538581869999863,49.54077162248106,-7.361418130000136,10.640771622481061
F583-4,external_151,ordinary_disk,3,5.986214508093252e+19,1.9400000000000002,42.7,7.207260078583857e-12,20.771183126153407,2.1060905079882384e-11,2.826816515846624e-11,41.13627357804628,58.62688053843509,-1.5637264219537244,15.926880538435086
F583-4,external_151,ordinary_disk,4,1.209585611944616e+20,3.92,55.0,4.984809136179494e-12,24.555148970048595,2.4005048831169133e-11,2.8989857967348626e-11,59.216311173208766,75.57177075785214,4.216311173208766,20.571770757852136
F583-4,external_151,ordinary_disk,5,1.3422697479487445e+20,4.35,57.2,4.5951534085696956e-12,24.835328480828792,2.3826496680662272e-11,2.8421650089231966e-11,61.765298591977036,77.91865152245903,4.565298591977033,20.718651522459027
F583-4,external_151,ordinary_disk,6,1.5428387907456834e+20,4.999999999999999,59.8,4.020579327864916e-12,24.90603490782947,2.297315356981909e-11,2.6993732897684006e-11,64.53447003080971,80.65441278563293,4.734470030809717,20.85441278563293
F583-4,external_151,ordinary_disk,7,1.5582671786531403e+20,5.05,62.5,3.9763813216568555e-12,24.89229700800485,2.3040678394918212e-11,2.7017059716575068e-11,64.88435668175407,80.8218425115434,2.3843566817540705,18.321842511543394
F583-4,external_151,ordinary_disk,8,1.7989500300094672e+20,5.830000000000001,61.8,3.3948872851229644e-12,24.7128156701148,2.177913893060576e-11,2.5174026215728723e-11,67.29547920644023,83.31626987757609,5.495479206440237,21.516269877576093
F583-4,external_151,ordinary_disk,9,1.8791776471282424e+20,6.09,64.4,3.2191214460819687e-12,24.595326923764155,2.138949216202597e-11,2.460861360810794e-11,68.00290921657127,83.9788812493117,3.6029092165712626,19.578881249311692
F583-4,external_151,ordinary_disk,10,2.0797466899251816e+20,6.74,67.2,2.7980028456804205e-12,24.12288779707996,2.0191625590795637e-11,2.2989628436476056e-11,69.1466583743357,85.17463726616283,1.9466583743356978,17.97463726616283
F583-4,external_151,ordinary_disk,11,2.2494589569072067e+20,7.29,69.9,2.5251343280981527e-12,23.833140858338943,1.931682128883619e-11,2.1841955616934342e-11,70.09463795389959,86.24807827413005,0.19463795389958705,16.348078274130046
IC2574,external_151,low_mass_dwarf,0,2.622825944267662e+19,0.85,10.3,3.737850337177101e-12,9.901379116132121,5.797728719159836e-12,9.535579056336936e-12,15.81460215831428,32.62471150580943,5.514602158314279,22.32471150580943
IC2574,external_151,low_mass_dwarf,1,3.517672442900158e+19,1.14,12.9,3.697335810265528e-12,11.404392264351037,7.46898967505327e-12,1.1166325485318798e-11,19.819050292120373,37.674666845503346,6.919050292120373,24.774666845503347
IC2574,external_151,low_mass_dwarf,2,4.381662165717741e+19,1.42,16.4,3.6582183360060775e-12,12.660599068295598,8.919909442301801e-12,1.2578127778307878e-11,23.476180822649788,41.930596993131175,7.076180822649789,25.530596993131176
IC2574,external_151,low_mass_dwarf,3,5.2765086643502375e+19,1.71,18.6,3.6177038090945047e-12,13.816238812983803,1.0163021184524518e-11,1.3780724993619024e-11,26.965554848706272,45.87944799884804,8.365554848706271,27.279447998848042
IC2574,external_151,low_mass_dwarf,4,6.14049838716782e+19,1.9899999999999998,19.8,3.56346333317153e-12,14.79237670223127,1.1301896280632837e-11,1.4865359613804367e-11,30.21269877605034,49.29795205859806,10.412698776050338,29.497952058598056
IC2574,external_151,low_mass_dwarf,5,7.035344885800316e+19,2.28,26.1,3.4937110030438084e-12,15.677838447224971,1.2319331507168406e-11,1.5813042510212214e-11,33.35419130381735,52.49558173558987,7.2541913038173504,26.39558173558987
IC2574,external_151,low_mass_dwarf,6,7.868477832802986e+19,2.55,27.7,3.428769178442137e-12,16.425344524353225,1.3199394128657599e-11,1.6628163307099738e-11,36.17158199224112,55.24507788246997,8.471581992241124,27.545077882469972
IC2574,external_151,low_mass_dwarf,7,8.763324331435481e+19,2.84,29.7,3.3590168483144157e-12,17.15696770310402,1.39855609327183e-11,1.7344577781032717e-11,38.986684968973606,57.98938310743625,9.286684968973606,28.289383107436247
IC2574,external_151,low_mass_dwarf,8,9.658170830067979e+19,3.13,33.0,3.289264518186694e-12,17.82365804820333,1.4649449532313353e-11,1.7938714050500048e-11,41.62393119005822,60.54515617866689,8.623931190058222,27.545156178666893
IC2574,external_151,low_mass_dwarf,9,1.0522160552885563e+20,3.41,34.8,3.2219174408219975e-12,18.41236883197576,1.5218619146620873e-11,1.844053658744287e-11,44.049323111080184,62.85460685201804,9.249323111080187,28.05460685201804
IC2574,external_151,low_mass_dwarf,10,1.1417007051518058e+20,3.7,35.0,3.1526197538306223e-12,18.971948228961445,1.570015740284771e-11,1.8852777156678333e-11,46.39421189528874,65.10207434575672,11.394211895288741,30.10207434575672
IC2574,external_151,low_mass_dwarf,11,1.228099677433564e+20,3.9799999999999995,39.0,3.0916376803747743e-12,19.485479819623926,1.6047068153436517e-11,1.9138705833811292e-11,48.48117001579017,67.17708612229866,9.48117001579017,28.17708612229866
IC2574,external_151,low_mass_dwarf,12,1.3144986497153224e+20,4.26,35.9,3.0306556069189258e-12,19.95944063105752,1.6344501914263133e-11,1.9375157521182058e-11,50.466442711583596,69.13960695103063,14.566442711583598,33.23960695103063
IC2574,external_151,low_mass_dwarf,13,1.403983299578572e+20,4.55,40.0,2.9674956022682257e-12,20.411551305957722,1.6593412537899247e-11,1.9560908140167473e-11,52.40533212697509,71.06279347945238,12.40533212697509,31.06279347945238
IC2574,external_151,low_mass_dwarf,14,1.4934679494418216e+20,4.84,38.7,2.9043355976175256e-12,20.826742734918327,1.6790507814267163e-11,1.9694843411884688e-11,54.234322531884914,72.88253548444588,15.53432253188491,34.18253548444588
IC2574,external_151,low_mass_dwarf,15,1.57986692172358e+20,5.12,41.8,2.843353524161677e-12,21.194622383022544,1.6950310539830248e-11,1.9793664063991925e-11,55.92079677044093,74.54769722095995,14.120796770440933,32.74769722095995
IC2574,external_151,low_mass_dwarf,16,1.6693515715868295e+20,5.409999999999999,42.9,2.780193519510977e-12,21.54325978377267,1.706579265731731e-11,1.9845986176828287e-11,57.558603365594955,76.1827727912036,14.658603365594956,33.282772791203605
IC2574,external_151,low_mass_dwarf,17,1.7526648662870963e+20,5.68,44.4,2.7203662109620534e-12,21.835499264701376,1.7138209339750913e-11,1.9858575550712965e-11,58.99612501024329,77.61980704051032,14.596125010243291,33.219807040510325
IC2574,external_151,low_mass_dwarf,18,1.8421495161503462e+20,5.97,46.1,2.655351717414485e-12,22.11685981653834,1.7165969919707853e-11,1.9821321637122337e-11,60.42668124536156,79.07727151027996,14.326681245361556,32.977271510279955
IC2574,external_151,low_mass_dwarf,19,1.9316341660135958e+20,6.26,49.0,2.590337223866917e-12,22.368692145760654,1.716549712984306e-11,1.9755834353709975e-11,61.774626357211844,80.45468927754195,12.774626357211844,31.454689277541945
IC2574,external_151,low_mass_dwarf,20,2.018033138295354e+20,6.54,51.9,2.527564609407196e-12,22.584749591187133,1.714820097179258e-11,1.9675765581199776e-11,63.012972445514976,81.71148985471825,11.112972445514977,29.811489854718253
IC2574,external_151,low_mass_dwarf,21,2.1075177881586038e+20,6.83,53.1,2.4625501158596275e-12,22.78128217069047,1.7101458389963875e-11,1.9564008505823502e-11,64.21175588138769,82.93993172813718,11.111755881387687,29.83993172813718
IC2574,external_151,low_mass_dwarf,22,2.1908310828588705e+20,7.1,54.0,2.402019380487754e-12,22.939962337375317,1.7048367509588222e-11,1.9450386890075977e-11,65.27825991278347,84.01853056803128,11.278259912783469,30.01853056803128
IC2574,external_151,low_mass_dwarf,23,2.28031573272212e+20,7.39,55.9,2.3377864798071584e-12,23.08872298255,1.6969452822262637e-11,1.9307239302069795e-11,66.35254443948672,85.11616285179433,10.452544439486722,29.21616285179433
IC2574,external_151,low_mass_dwarf,24,2.3698003825853697e+20,7.68,58.8,2.280327383973659e-12,23.246334564745197,1.6884727057247667e-11,1.9165054441221326e-11,67.39239819673709,86.21164902594103,8.592398196737093,27.41164902594103
IC2574,external_151,low_mass_dwarf,25,2.456199354867128e+20,7.959999999999999,57.3,2.2248496362723492e-12,23.37664270439301,1.6793223264449972e-11,1.901807290072232e-11,68.34630815894168,87.2102392006117,11.046308158941684,29.9102392006117
IC2574,external_151,low_mass_dwarf,26,2.545684004730378e+20,8.25,54.0,2.1673905404388496e-12,23.489341052484015,1.6680979495104575e-11,1.8848370035543425e-11,69.2690364554916,88.18442179027927,15.269036455491602,34.18442179027927
IC2574,external_151,low_mass_dwarf,27,2.6289972994306448e+20,8.52,63.8,2.1138941408697294e-12,23.574185007394806,1.6570822365946303e-11,1.8684716506816032e-11,70.08713807614528,89.03730939552086,6.287138076145283,25.237309395520867
IC2574,external_151,low_mass_dwarf,28,2.7184819492938947e+20,8.81,60.5,2.0564350450362297e-12,23.643987713214468,1.6437887101098834e-11,1.8494322146135064e-11,70.90591013356679,89.89596221073765,10.405910133566792,29.39596221073765
IC2574,external_151,low_mass_dwarf,29,2.807966599157144e+20,9.1,61.0,1.9989759492027305e-12,23.69189249063847,1.6292340298557536e-11,1.8291316247760267e-11,71.66687175978258,90.69568183505507,10.66687175978258,29.69568183505507
IC2574,external_151,low_mass_dwarf,30,2.8943655714389026e+20,9.38,66.0,1.9492194024509835e-12,23.7523757330395,1.6163657369918094e-11,1.8112876772369078e-11,72.40530845846902,91.48176941400925,6.4053084584690225,25.48176941400925
IC2574,external_151,low_mass_dwarf,31,2.983850221302152e+20,9.67,65.2,1.9009777970362246e-12,23.816450240069397,1.6032143464301594e-11,1.793312126133782e-11,73.15035737730963,92.28500346410875,7.950357377309629,27.085003464108752
IC2574,external_151,low_mass_dwarf,32,3.073334871165402e+20,9.96,67.1,1.8527361916214652e-12,23.86226884598452,1.5890794679683452e-11,1.7743530871304918e-11,73.84565807437919,93.03817299255458,6.745658074379193,25.938172992554584
IC2574,external_151,low_mass_dwarf,33,3.1566481658656686e+20,10.23,67.5,1.8078215934766897e-12,23.888609664985825,1.57539181053075e-11,1.756173969878419e-11,74.45551249543409,93.69464128469235,6.955512495434093,26.194641284692352
IC4202,calibration_24,bulge_rich_hsb,0,2.3759717377483526e+19,0.77,35.1,6.623579242918612e-11,39.6704387219391,2.2099204234991487e-11,8.833499666417761e-11,45.81282086143365,68.80041384502232,10.712820861433649,33.70041384502232
IC4202,calibration_24,bulge_rich_hsb,1,4.906227354571274e+19,1.59,77.9,6.389433749877132e-11,55.989297766509,2.786499894764349e-11,9.175933644641482e-11,67.0963610422137,97.80572244111936,-10.803638957786305,19.90572244111935
IC4202,calibration_24,bulge_rich_hsb,2,7.282199092319626e+19,2.36,115.0,6.169565421045499e-11,67.02835497693799,3.199428402658195e-11,9.368993823703695e-11,82.59956314589274,117.91823314519921,-32.400436854107255,2.91823314519921
IC4202,calibration_24,bulge_rich_hsb,3,9.658170830067979e+19,3.13,156.0,5.949697092213867e-11,75.80447935561607,3.563421200403798e-11,9.513118292617664e-11,95.85370185691632,134.33977769346896,-60.14629814308368,-21.66022230653104
IC4202,calibration_24,bulge_rich_hsb,4,1.21884264468909e+20,3.9499999999999997,192.0,5.7155515991723867e-11,83.46471126765029,3.926547875695659e-11,9.642099474868046e-11,108.40757364826248,149.12634362347262,-83.59242635173752,-42.87365637652738
IC4202,calibration_24,bulge_rich_hsb,5,1.4595254960454168e+20,4.73,204.0,5.492827837498784e-11,89.53726751592035,4.276048647747618e-11,9.768876485246402e-11,119.40655048168699,161.27870734671782,-84.59344951831301,-42.72129265328218
IC4202,calibration_24,bulge_rich_hsb,6,1.697122669820252e+20,5.5,209.0,5.268649367773326e-11,94.55973922014722,4.627260477595147e-11,9.895909845368473e-11,129.5938769273929,171.78595630346837,-79.4061230726071,-37.21404369653163
IC4202,calibration_24,bulge_rich_hsb,7,1.934719843595087e+20,6.27,220.0,4.9419426834981766e-11,97.78177016025778,4.870947677451054e-11,9.812890360949231e-11,137.78676897420678,179.9980288384949,-82.21323102579322,-40.00197116150511
IC4202,calibration_24,bulge_rich_hsb,8,2.184659727695888e+20,7.08,231.0,4.598264223416525e-11,100.22795351698491,5.115903747346426e-11,9.71416797076295e-11,145.67824667327343,187.28088621031537,-85.32175332672657,-43.71911378968463
IC4202,calibration_24,bulge_rich_hsb,9,2.4253425790522147e+20,7.86,235.0,4.2673145951897496e-11,101.733474264495,5.340488854677453e-11,9.607803449867202e-11,152.65062986482462,193.0843718284244,-82.34937013517538,-41.915628171575605
IC4202,calibration_24,bulge_rich_hsb,10,2.672196785571524e+20,8.66,245.0,3.927879079059724e-11,102.4503091707245,5.5524535708625326e-11,9.480332649922257e-11,159.164425778096,197.86733908709812,-85.83557422190401,-47.13266091290188
IC4202,calibration_24,bulge_rich_hsb,11,2.9159653145093417e+20,9.45,246.0,3.5926865068813244e-11,102.35306170296846,5.7362104927030524e-11,9.328896999584376e-11,164.93253188324704,201.45563984680646,-81.06746811675296,-44.54436015319354
IC4202,calibration_24,bulge_rich_hsb,12,3.15973384344716e+20,10.24,239.0,3.257493934702924e-11,101.45350575660105,5.883882536997258e-11,9.141376471700182e-11,169.95386613232031,203.9111024514057,-69.04613386767969,-35.0888975485943
IC4202,calibration_24,bulge_rich_hsb,13,3.4004166948034865e+20,11.02,240.0,2.943608267362363e-11,100.04746221319431,5.972864432716513e-11,8.916472700078877e-11,174.1255944084836,205.5250792782963,-65.87440559151639,-34.47492072170371
IC4202,calibration_24,bulge_rich_hsb,14,3.638013868578322e+20,11.790000000000001,240.0,2.776887268183614e-11,100.510469072284,5.951997976295973e-11,8.728885244479588e-11,178.20158690832528,209.10369205812955,-61.79841309167472,-30.896307941870447
IC4202,calibration_24,bulge_rich_hsb,15,3.847839944119735e+20,12.47,246.0,2.6296531390387454e-11,100.59067743868282,5.919284426176714e-11,8.548937565215459e-11,181.369632086581,211.76821277210544,-64.63036791341901,-34.23178722789456
IC4202,calibration_24,bulge_rich_hsb,16,4.116293893709484e+20,13.34,241.0,2.4412800620445747e-11,100.24483134919622,5.852781804087601e-11,8.294061866132176e-11,184.77228204903614,214.50013969890458,-56.227717950963864,-26.499860301095424
IC4202,calibration_24,bulge_rich_hsb,17,4.3538910674843186e+20,14.11,250.0,2.2745590628658267e-11,99.5147345184472,5.770300039286481e-11,8.044859102152307e-11,187.1535203623775,216.27572489842976,-62.84647963762251,-33.72427510157024
IC4202,calibration_24,bulge_rich_hsb,18,4.502003591395905e+20,14.59,242.0,2.170629089351801e-11,98.85433706140681,5.70764598741889e-11,7.87827507677069e-11,188.32955872519454,217.06995215687363,-53.670441274805455,-24.930047843126374
IC4202,calibration_24,bulge_rich_hsb,19,4.6223450170740684e+20,14.980000000000002,244.0,2.0861859858716557e-11,98.19914152620481,5.6511181382322715e-11,7.737304124103927e-11,189.1150157011294,217.5335501133105,-54.88498429887059,-26.466449886689503
IC4202,calibration_24,bulge_rich_hsb,20,4.859942190848903e+20,15.75,248.0,1.9194649866929073e-11,96.58410258777626,5.518229372483593e-11,7.4376943591765e-11,190.12302495700192,217.9527094919525,-57.87697504299808,-30.047290508047496
IC4202,calibration_24,bulge_rich_hsb,21,5.0975393646237385e+20,16.52,249.0,1.7635804789762136e-11,94.8151934779613,5.3680226403017106e-11,7.131603119277925e-11,190.66627293098446,218.04703577009494,-58.33372706901554,-30.952964229905064
IC4202,calibration_24,bulge_rich_hsb,22,5.276508664350238e+20,17.1,246.0,1.6935252617173715e-11,94.52989324413582,5.286492466361812e-11,6.980017728079184e-11,191.91176102450854,219.3751250866294,-54.088238975491464,-26.624874913370604
IC4202,calibration_24,bulge_rich_hsb,23,5.517191515706564e+20,17.88,241.0,1.5993130729899638e-11,93.93463960253865,5.1694271993629794e-11,6.768740272352943e-11,193.24708640144357,220.81646623829647,-47.75291359855643,-20.18353376170353
IC4202,calibration_24,bulge_rich_hsb,24,5.754788689481399e+20,18.65,247.0,1.5063087328359845e-11,93.10471770319472,5.046117582921415e-11,6.5524263157574e-11,194.18503765888082,221.84243618798496,-52.814962341119184,-25.15756381201504
IC4202,calibration_24,bulge_rich_hsb,25,6.054099414886062e+20,19.62,234.0,1.3891474212134385e-11,91.70625164054391,4.8786636985740845e-11,6.267811119787524e-11,194.79720642997427,222.55178108561014,-39.20279357002573,-11.448218914389855
IC4202,calibration_24,bulge_rich_hsb,26,6.412038014339061e+20,20.78,249.0,1.249036986695755e-11,89.49230492063936,4.659610984916317e-11,5.908647971612072e-11,194.64448465683273,222.49378426294928,-54.35551534316727,-26.506215737050724
IC4202,calibration_24,bulge_rich_hsb,27,6.828604487840395e+20,22.13,236.0,1.0994879827336196e-11,86.64853474364917,4.4001072741576694e-11,5.499595256891289e-11,193.7899916211196,221.7985760402881,-42.21000837888039,-14.201423959711889
IC4202,calibration_24,bulge_rich_hsb,28,7.097058437430144e+20,23.0,245.0,1.0406349920418894e-11,85.93862548677366,4.288819586647491e-11,5.32945457868938e-11,194.4825199975262,222.77793853453184,-50.5174800024738,-22.22206146546816
IC4202,calibration_24,bulge_rich_hsb,29,7.276027737156644e+20,23.580000000000002,243.0,1.001399664914069e-11,85.35930961467609,4.212923928810433e-11,5.214323593724502e-11,194.78080782882532,223.24162145771825,-48.21919217117468,-19.758378542281747
IC4202,calibration_24,bulge_rich_hsb,30,7.723450986472892e+20,25.03,238.0,9.033113470945182e-12,83.52652820996042,4.012418201338314e-11,4.915729548432832e-11,194.84967598145371,223.70759249169257,-43.150324018546286,-14.292407508307434
IC4202,calibration_24,bulge_rich_hsb,31,7.99190493606264e+20,25.9,247.0,8.444583564027878e-12,82.15126844324915,3.8856347704166874e-11,4.730093126819475e-11,194.42853342106073,223.4839708015368,-52.571466578939265,-23.5160291984632
KK98-251,calibration_24,low_mass_dwarf,0,7.714193953728418e+18,0.25,4.25,3.541010140599924e-12,5.226474817379966,3.590831802744671e-12,7.131841943344595e-12,7.417304901262695,17.44430866840433,3.1673049012626953,13.194308668404329
KK98-251,calibration_24,low_mass_dwarf,1,1.2651278084114604e+19,0.41,6.84,3.6235672121583692e-12,6.770727911937935,4.128811771995726e-12,7.752378984154096e-12,9.903408622387515,22.474820944484215,3.0634086223875148,15.634820944484215
KK98-251,calibration_24,low_mass_dwarf,2,1.758836221450079e+19,0.57,9.56,3.743362029974351e-12,8.114160910605474,4.914326891132805e-12,8.657688921107156e-12,12.339958212445582,26.726516181840715,2.7799582124455817,17.166516181840713
KK98-251,calibration_24,low_mass_dwarf,3,2.2834014103036117e+19,0.74,12.3,3.913956242348575e-12,9.453641205189331,6.069684563508139e-12,9.983640805856714e-12,15.098562678632,30.81028382600334,2.798562678631999,18.510283826003338
KK98-251,calibration_24,low_mass_dwarf,4,2.7771098233422303e+19,0.9,15.1,4.0745155010537264e-12,10.637376097203903,7.252284553690455e-12,1.1326800054744182e-11,17.73577393266597,34.33870389411377,2.6357739326659715,19.23870389411377
KK98-251,calibration_24,low_mass_dwarf,5,3.301675012195763e+19,1.07,17.5,4.213929234336551e-12,11.795348598566392,8.445983861671676e-12,1.2659913096008226e-11,20.44478386426725,37.774002252477636,2.944783864267251,20.274002252477636
KK98-251,calibration_24,low_mass_dwarf,6,3.826240201049295e+19,1.24,19.7,4.320479223589881e-12,12.857368040581965,9.544190818993698e-12,1.386467004258358e-11,23.032489637730684,40.93199840697923,3.332489637730685,21.231998406979233
KK98-251,calibration_24,low_mass_dwarf,7,4.3199486140879135e+19,1.4,21.8,4.420761566416545e-12,13.819357004598395,1.0630996462744378e-11,1.5051758029160924e-11,25.499572788119483,43.755982813525286,3.6995727881194824,21.955982813525285
KK98-251,calibration_24,low_mass_dwarf,8,4.8445138029414466e+19,1.57,24.4,4.477003652636269e-12,14.727153829241983,1.1654356727820917e-11,1.6131360380457186e-11,27.955070742773593,46.49091754946092,3.5550707427735944,22.09091754946092
KK98-251,calibration_24,low_mass_dwarf,9,5.3073654401651515e+19,1.72,27.3,4.486371400017908e-12,15.430752580545251,1.251336577180322e-11,1.699973717182113e-11,30.03727976325658,48.68794592530538,2.7372797632565806,21.387945925305377
KK98-251,calibration_24,low_mass_dwarf,10,5.831930629018684e+19,1.89,30.3,4.496988180383767e-12,16.194481500657897,1.3462025409653452e-11,1.7959013590037218e-11,32.362898730290034,51.069115988300666,2.0628987302900335,20.769115988300666
KK98-251,calibration_24,low_mass_dwarf,11,6.356495817872216e+19,2.06,32.6,4.478576398428528e-12,16.87247822539183,1.4515390474661804e-11,1.899396687309033e-11,34.746952527322755,53.25888262863257,2.146952527322753,20.65888262863257
KK98-251,calibration_24,low_mass_dwarf,12,7.590766850468762e+19,2.46,33.3,4.3678015925316546e-12,18.20850447950461,1.6142720280978043e-11,2.05105218735097e-11,39.457646853715424,57.8181178090518,6.157646853715427,24.5181178090518
KK98-251,calibration_24,low_mass_dwarf,13,8.609040452360915e+19,2.79,34.6,4.215386807314959e-12,19.050048699812557,1.71837925941556e-11,2.1399179401470562e-11,42.92160308219959,61.00180529364421,8.321603082199587,26.40180529364421
KK98-251,calibration_24,low_mass_dwarf,14,9.658170830067979e+19,3.13,34.2,4.0403667199339515e-12,19.75412665678833,1.8045028851988545e-11,2.2085395571922497e-11,46.184902650460835,63.896203885668854,11.984902650460832,29.69620388566885
NGC0024,external_151,bulge_rich_hsb,0,6.47992292113187e+18,0.20999999999999996,17.4,4.7203182973949e-11,17.489224891437406,2.780116253085068e-12,4.998329922703407e-11,17.99688657337849,32.50193825058395,0.5968865733784909,15.101938250583949
NGC0024,external_151,bulge_rich_hsb,1,9.874168260772375e+18,0.32,31.0,4.6439158059908726e-11,21.413735325069805,3.231125732992356e-12,4.967028379290108e-11,22.146167608221077,39.930442903145284,-8.853832391778923,8.930442903145284
NGC0024,external_151,bulge_rich_hsb,2,1.3268413600412879e+19,0.43,36.1,4.5675133145868453e-11,24.61780976921607,3.688506587326386e-12,4.936363973319484e-11,25.592522126625266,46.06392718633308,-10.507477873374736,9.96392718633308
NGC0024,external_151,bulge_rich_hsb,3,1.6662658940053383e+19,0.54,46.0,4.491110823182818e-11,27.355775973033136,4.139292752801048e-12,4.9050400984629227e-11,28.588635897498424,51.36747562316143,-17.411364102501576,5.3674756231614325
NGC0024,external_151,bulge_rich_hsb,4,1.974833652154475e+19,0.64,58.0,4.421654012815521e-11,29.550010393724,4.5725134240957545e-12,4.8789053552250964e-11,31.040339046433118,55.66862727064526,-26.959660953566882,-2.33137272935474
NGC0024,external_151,bulge_rich_hsb,5,2.2834014103036117e+19,0.74,63.4,4.3521972024482236e-11,31.524297343461452,5.029951567035015e-12,4.855192359151725e-11,33.296175576456776,59.58494142169562,-30.103824423543223,-3.815058578304381
NGC0024,external_151,bulge_rich_hsb,6,2.622825944267662e+19,0.85,71.9,4.2757947110441963e-11,33.48830437703463,5.532338134387626e-12,4.829028524482959e-11,35.58890459064804,63.53245204907871,-36.311095409351964,-8.367547950921299
NGC0024,external_151,bulge_rich_hsb,7,2.962250478231712e+19,0.96,76.4,4.19939221964017e-11,35.26989029031934,6.0533325674675664e-12,4.8047254763869265e-11,37.72638379198206,67.16603748570272,-38.67361620801795,-9.23396251429729
NGC0024,external_151,bulge_rich_hsb,8,3.301675012195763e+19,1.07,78.1,4.1229897282361425e-11,36.895490457855516,6.58474650765413e-12,4.7814643790015555e-11,39.73265843340157,70.53343973855917,-38.36734156659843,-7.566560261440827
NGC0024,external_151,bulge_rich_hsb,9,3.6102427703448994e+19,1.17,80.5,4.053532917868845e-11,38.25472246807061,7.11254496089819e-12,4.764787413958664e-11,41.47534124449687,73.39395756188458,-39.02465875550313,-7.1060424381154235
NGC0024,external_151,bulge_rich_hsb,10,3.94966730430895e+19,1.28,82.8,3.961184292718255e-11,39.55421606768546,7.732975322454095e-12,4.7344818249636644e-11,43.24306657361843,76.25688909996559,-39.55693342638157,-6.5431109000344065
NGC0024,external_151,bulge_rich_hsb,11,4.258235062458086e+19,1.38,85.6,3.850995510280933e-11,40.494992415417165,8.395509063836811e-12,4.690546416664615e-11,44.691665009852116,78.5376323753775,-40.90833499014788,-7.062367624622496
NGC0024,external_151,bulge_rich_hsb,12,4.566802820607223e+19,1.48,88.0,3.7408067278436115e-11,41.33222316312381,9.102187369368239e-12,4.651025464780435e-11,46.08721754594794,80.65612984361972,-41.91278245405206,-7.343870156380277
NGC0024,external_151,bulge_rich_hsb,13,4.906227354571274e+19,1.59,92.0,3.6195990671625576e-11,42.14092542397901,9.915201752756546e-12,4.6111192424382124e-11,47.5638511502594,82.8118853869074,-44.4361488497406,-9.188114613092594
NGC0024,external_151,bulge_rich_hsb,14,5.245651888535324e+19,1.7,92.4,3.498391406481504e-11,42.83846809614631,1.0776889554785091e-11,4.5760803619600126e-11,48.99441253123151,84.79594513313573,-43.405587468768495,-7.604054866864274
NGC0024,external_151,bulge_rich_hsb,15,5.554219646684461e+19,1.8,95.1,3.388202624044182e-11,43.38066571805237,1.1633307939395428e-11,4.551533417983725e-11,50.27943549077105,86.45852112645558,-44.820564509228944,-8.641478873544415
NGC0024,external_151,bulge_rich_hsb,16,5.893644180648511e+19,1.91,96.5,3.266994963363128e-11,43.87995653374453,1.2640336538125447e-11,4.531028617175673e-11,51.676174821642206,88.13907510192084,-44.823825178357794,-8.360924898079162
NGC0024,external_151,bulge_rich_hsb,17,6.2330687146125615e+19,2.02,101.0,3.1457873026820744e-11,44.28081799060748,1.373831850921716e-11,4.5196191536037905e-11,53.0764512267837,89.67004934842012,-47.9235487732163,-11.329950651579878
NGC0024,external_151,bulge_rich_hsb,18,6.572493248576612e+19,2.13,99.9,3.02457964200102e-11,44.58590503380409,1.4937869801491882e-11,4.518366622150208e-11,54.49489344762145,91.0560333300558,-45.405106552378555,-8.843966669944209
NGC0024,external_151,bulge_rich_hsb,19,6.881061006725748e+19,2.23,103.0,2.914390859563698e-11,44.781805794431406,1.6151600001284272e-11,4.529550859692125e-11,55.828411941061496,92.19305155408895,-47.171588058938504,-10.806948445911047
NGC0024,external_151,bulge_rich_hsb,20,7.220485540689799e+19,2.34,104.0,2.7931831988826443e-11,44.9089511122558,1.7620541962151468e-11,4.555237395097791e-11,57.35069811755831,93.31062887226933,-46.64930188244169,-10.689371127730666
NGC0024,external_151,bulge_rich_hsb,21,7.529053298838936e+19,2.44,107.0,2.6829944164453225e-11,44.94486395785852,1.9121209980702434e-11,4.595115414515566e-11,58.81910307902023,94.20661657827455,-48.18089692097977,-12.793383421725451
NGC0024,external_151,bulge_rich_hsb,22,7.837621056988073e+19,2.54,107.0,2.597036902981914e-11,45.11606267903499,2.0201560643771142e-11,4.617192967359028e-11,60.15630376373732,95.2395932426905,-46.84369623626268,-11.760406757309497
NGC0024,external_151,bulge_rich_hsb,23,8.177045590952123e+19,2.65,106.0,2.5215502863136828e-11,45.40796367496055,2.0967377445897866e-11,4.6182880309034694e-11,61.45238138660387,96.47597153099349,-44.54761861339613,-9.52402846900651
NGC0024,external_151,bulge_rich_hsb,24,8.516470124916172e+19,2.76,107.0,2.4460636696454514e-11,45.64189760097438,2.2918114113307045e-11,4.7378750809761557e-11,63.52162748443889,97.62090103011855,-43.47837251556111,-9.379098969881454
NGC0024,external_151,bulge_rich_hsb,25,2.1815740501143965e+20,7.069999999999999,104.0,6.9231824223953405e-12,38.86313821207161,3.096387262572865e-11,3.788705504812399e-11,90.9139241965954,110.72611278888462,-13.086075803404597,6.72611278888462
NGC0024,external_151,bulge_rich_hsb,26,2.6197402666861707e+20,8.49,106.0,4.92803777157432e-12,35.93073751809672,2.743727972137748e-11,3.23653174929518e-11,92.08079358930837,110.88113778654076,-13.91920641069163,4.881137786540762
NGC0024,external_151,bulge_rich_hsb,27,3.057906483257945e+20,9.91,109.0,3.648856520996827e-12,33.40338607392105,2.4236606851341072e-11,2.78854633723379e-11,92.34237339105165,110.69607258263055,-16.65762660894835,1.6960725826305492
NGC0024,external_151,bulge_rich_hsb,28,3.477558634340771e+20,11.27,110.0,2.839016747890082e-12,31.42108719421276,2.1710574702378064e-11,2.4549591450268146e-11,92.39731798998191,110.55757552255274,-17.602682010018086,0.5575755225527388
NGC0055,external_151,low_mass_dwarf,0,3.795383425234381e+19,1.23,28.7,1.0110664511210012e-11,19.589244116083695,9.730995736564625e-12,1.984166024777464e-11,27.442067785342957,51.11888199754218,-1.2579322146570426,22.418881997542183
NGC0055,external_151,low_mass_dwarf,1,5.677646749944116e+19,1.84,37.6,1.036005814642943e-11,24.252989602172164,1.287901821881649e-11,2.323907636524592e-11,36.32399570488379,62.93529145830253,-1.2760042951162092,25.335291458302528
NGC0055,external_151,low_mass_dwarf,2,7.590766850468762e+19,2.46,43.1,1.0773430465081635e-11,28.59695767737749,1.609272290478401e-11,2.6866153369865645e-11,45.159130461024795,73.54360234259046,2.059130461024793,30.44360234259046
NGC0055,external_151,low_mass_dwarf,3,9.473030175178496e+19,3.07,50.1,1.118013548827171e-11,32.543779873115824,1.8869077464646965e-11,3.0049212952918676e-11,53.35326616462793,82.98543496639397,3.253266164627931,32.885434966393966
NGC0055,external_151,low_mass_dwarf,4,1.1355293499888232e+20,3.68,58.1,1.1520153821868012e-11,36.16831870728448,2.131309563663006e-11,3.283324945849807e-11,61.059903713999745,91.59723982536083,2.9599037139997435,33.49723982536083
NGC0055,external_151,low_mass_dwarf,5,1.3268413600412878e+20,4.3,64.6,1.1720450467848891e-11,39.4349824889744,2.3326430207643775e-11,3.5046880675492665e-11,68.19211891463368,99.47710222521958,3.592118914633687,34.87710222521959
NGC0055,external_151,low_mass_dwarf,6,1.5150676925122612e+20,4.91,68.5,1.1917516522765562e-11,42.49216899456083,2.525600408374673e-11,3.717352060651229e-11,75.04691871613755,106.78125730224542,6.546918716137554,38.28125730224542
NGC0055,external_151,low_mass_dwarf,7,1.7032940249832345e+20,5.52,72.3,1.1979869893460224e-11,45.172160463727366,2.6924826157309102e-11,3.890469605076933e-11,81.40401484390327,113.38071422931682,9.104014843903272,41.080714229316825
NGC0055,external_151,low_mass_dwarf,8,1.8946060350356993e+20,6.14,74.2,1.1893212766178723e-11,47.468887371378145,2.8306270710226905e-11,4.0199483476405626e-11,87.2709482014009,119.34322725747306,13.070948201400896,45.14322725747306
NGC0055,external_151,low_mass_dwarf,9,2.082832367506673e+20,6.75,78.9,1.1807953334498535e-11,49.59232541341644,2.964727988231645e-11,4.1455233216814985e-11,92.92163448116914,124.88703648187197,14.02163448116913,45.98703648187197
NGC0055,external_151,low_mass_dwarf,10,2.2741443775591376e+20,7.37,82.4,1.161654528167652e-11,51.39815282574442,3.071733172229365e-11,4.233387700397017e-11,98.11898306080167,129.91926290369022,15.718983060801662,47.51926290369022
NGC0055,external_151,low_mass_dwarf,11,2.4623707100301112e+20,7.98,84.3,1.1370772272484493e-11,52.914134779081806,3.158649783114605e-11,4.2957270103630545e-11,102.84781168602082,134.4074736679913,18.54781168602082,50.1074736679913
NGC0055,external_151,low_mass_dwarf,12,2.6505970425010844e+20,8.59,85.4,1.1124999263292468e-11,54.30275328665183,3.241986819852615e-11,4.354486746181862e-11,107.43365250720936,138.6270052273495,22.033652507209354,53.22700522734951
NGC0055,external_151,low_mass_dwarf,13,2.8419090525535493e+20,9.21,85.3,1.0810447244220045e-11,55.42770776922091,3.2990307532760863e-11,4.380075477698091e-11,111.56960227112947,142.43281423304958,26.26960227112947,57.13281423304959
NGC0055,external_151,low_mass_dwarf,14,3.0301353850245225e+20,9.82,86.8,1.0484898519559577e-11,56.36546993728403,3.344526089043378e-11,4.3930159409993355e-11,115.37518385597002,145.86335968832844,28.575183855970025,59.06335968832845
NGC0055,external_151,low_mass_dwarf,15,3.218361717495496e+20,10.43,85.4,1.0159349794899107e-11,57.18082060844266,3.38500102631651e-11,4.4009360058064205e-11,119.01178077079143,149.05065119907508,33.61178077079143,63.65065119907507
NGC0055,external_151,low_mass_dwarf,16,3.409673727547961e+20,11.05,85.4,9.798786556028315e-12,57.801959380232006,3.402711858353959e-11,4.382590513956791e-11,122.24239744883681,151.9289700709771,36.842397448836806,66.5289700709771
NGC0055,external_151,low_mass_dwarf,17,3.5979000600189344e+20,11.660000000000002,86.2,9.442664413408107e-12,58.287016444264566,3.4139000398329925e-11,4.358166481173803e-11,125.22079477541953,154.5178189393555,39.02079477541953,68.31781893935549
NGC0055,external_151,low_mass_dwarf,18,3.7892120700713986e+20,12.28,86.1,9.080543203880737e-12,58.6584213143771,3.4179878161980045e-11,4.326042136586078e-11,128.03238293334007,156.9136524689136,41.93238293334008,70.8136524689136
NGC0055,external_151,low_mass_dwarf,19,3.977438402542372e+20,12.89,87.4,8.723180243734484e-12,58.90323598388162,3.4074850982211036e-11,4.279803122594552e-11,130.4708906044882,159.03932838641936,43.0708906044882,71.63932838641935
NGC0055,external_151,low_mass_dwarf,20,4.165664735013346e+20,13.5,86.5,8.36581728358823e-12,59.033202553993824,3.3915331095498917e-11,4.228114837908715e-11,132.71363485287787,160.94310058311677,46.213634852877874,74.44310058311677
NGC0100,external_151,bulge_rich_hsb,0,7.097058437430145e+18,0.23,6.81,1.9662890963786674e-11,11.813072683210375,1.0453563050725837e-11,3.011645401451251e-11,14.619789125331904,26.514858875430125,7.809789125331904,19.704858875430126
NGC0100,external_151,bulge_rich_hsb,1,2.129117531229043e+19,0.69,20.0,1.865614103540592e-11,19.93015728577281,1.4040697163271946e-11,3.2696838198677866e-11,26.38473259757705,45.26087116245708,6.384732597577049,25.26087116245708
NGC0100,external_151,bulge_rich_hsb,2,3.548529218715072e+19,1.15,33.0,1.764939110702517e-11,25.025862629649506,1.7438185854784033e-11,3.50875769618092e-11,35.28587423642693,57.54219554683956,2.2858742364269276,24.542195546839558
NGC0100,external_151,bulge_rich_hsb,3,4.906227354571274e+19,1.59,42.7,1.6686412914660972e-11,28.612468521884132,2.0807613809913788e-11,3.749402672457476e-11,42.889884535766136,66.6218727121998,0.18988453576613296,23.9218727121998
NGC0100,external_151,bulge_rich_hsb,4,6.325639042057302e+19,2.05,49.9,1.5679662986280218e-11,31.49347366555727,2.4478434221760624e-11,4.015809720804084e-11,50.40095510542588,74.3639885266463,0.5009551054258807,24.463988526646297
NGC0100,external_151,bulge_rich_hsb,5,7.745050729543331e+19,2.51,55.5,1.4672913057899464e-11,33.710896752179416,2.837248377201599e-11,4.3045396829915453e-11,57.73982872515461,80.8014690388915,2.2398287251546094,25.301469038891497
NGC0100,external_151,bulge_rich_hsb,6,9.164462417029361e+19,2.97,61.9,1.3534630105723558e-11,35.21897342801145,3.120384292209597e-11,4.473847302781953e-11,64.03155898919952,85.97533099454337,2.131558989199526,24.07533099454337
NGC0100,external_151,bulge_rich_hsb,7,1.0553017328700475e+20,3.42,67.9,1.2230371848649876e-11,35.9259413314742,3.1999033864719804e-11,4.422940571336968e-11,68.31937389432912,89.74789888116561,0.4193738943291123,21.847898881165605
NGC0100,external_151,bulge_rich_hsb,8,1.1972429016186505e+20,3.8800000000000003,73.1,1.0897130074752333e-11,36.119955191019194,3.2411600214545345e-11,4.3308730289297676e-11,72.0076870319956,92.64764793619477,-1.0923129680043928,19.547647936194778
NGC0100,external_151,bulge_rich_hsb,9,1.3391840703672533e+20,4.34,76.1,9.56388830085479e-12,35.78799640001724,3.2363782073305564e-11,4.1927670374160355e-11,74.93254851710608,94.59443030534497,-1.1674514828939095,18.494430305344977
NGC0100,external_151,bulge_rich_hsb,10,1.4780395615343647e+20,4.789999999999999,77.8,8.25963004378111e-12,34.94003429927667,3.1804952303840324e-11,4.0064582347621435e-11,76.95260731524036,95.54029558711677,-0.8473926847596402,17.740295587116776
NGC0100,external_151,bulge_rich_hsb,11,1.6168950527014765e+20,5.24,79.0,6.955371786707425e-12,33.53521467297721,3.0652568055778296e-11,3.760793984248572e-11,77.97954339030841,95.44270294561164,-1.0204566096915926,16.442702945611643
NGC0100,external_151,bulge_rich_hsb,12,1.7588362214500794e+20,5.7,78.5,5.8705322273193515e-12,32.13301218466655,2.9140669735168305e-11,3.5011201962487656e-11,78.47226909432874,95.15733857725016,-0.027730905671262462,16.657338577250158
NGC0100,external_151,bulge_rich_hsb,13,1.900777390198682e+20,6.16,79.8,5.4119575344795864e-12,32.07323887332585,2.831562654275714e-11,3.372758407723673e-11,80.06786449009155,96.8146739058196,0.26786449009155433,17.014673905819606
NGC0100,external_151,bulge_rich_hsb,14,2.209345148347819e+20,7.16,83.4,4.415056028306183e-12,31.232007005349587,2.59925834494897e-11,3.040763947779588e-11,81.96399865366377,98.91960200413168,-1.4360013463362407,15.51960200413167
NGC0100,external_151,bulge_rich_hsb,15,2.320429541281508e+20,7.52,84.6,4.056171486083759e-12,30.67908105014306,2.5063213654030493e-11,2.911938514011425e-11,82.20065784595332,99.14184208182937,-2.3993421540466784,14.541842081829373
NGC0100,external_151,bulge_rich_hsb,16,2.4623707100301112e+20,7.98,86.1,3.597596793243992e-12,29.763428851834696,2.3759943931048183e-11,2.7357540724292173e-11,82.07582285786296,98.96639315970623,-4.0241771421370345,12.866393159706234
NGC0100,external_151,bulge_rich_hsb,17,2.6043118787787135e+20,8.44,87.5,3.188598954880227e-12,28.816846001698323,2.2489202122391233e-11,2.567780107727146e-11,81.77591477107114,98.61706125896087,-5.724085228928857,11.117061258960874
NGC0100,external_151,bulge_rich_hsb,18,2.746253047527317e+20,8.9,89.0,2.995334062478854e-12,28.680908802625016,2.1860529549657473e-11,2.4855863612136325e-11,82.619907524611,99.62976305052213,-6.380092475389006,10.62976305052213
NGC0100,external_151,bulge_rich_hsb,19,2.8851085386944283e+20,9.35,90.4,2.806270580781859e-12,28.454165274175082,2.1210190293296047e-11,2.4016460874077905e-11,83.24067295320408,100.39680502393546,-7.159327046795923,9.996805023935451
NGC0100,external_151,bulge_rich_hsb,20,2.968421833394695e+20,9.62,91.2,2.6928324917636622e-12,28.272712572772168,2.0809199449748226e-11,2.3502031941511887e-11,83.52481352527727,100.74790629452215,-7.675186474722736,9.54790629452215
NGC0247,calibration_24,ordinary_disk,0,3.3325317880106766e+19,1.08,34.6,1.1796500360428489e-11,19.827307542479723,1.2561403280934612e-11,2.43579036413631e-11,28.490961404302162,49.94166014202516,-6.1090385956978395,15.341660142025155
NGC0247,calibration_24,ordinary_disk,1,4.967940906201101e+19,1.61,47.0,1.1620426537913318e-11,24.026983236603886,1.6505464903648528e-11,2.8125891441561846e-11,37.38017744953956,60.72843531654775,-9.61982255046044,13.728435316547753
NGC0247,calibration_24,ordinary_disk,2,6.634206800206439e+19,2.15,59.1,1.144103056780352e-11,27.55034714741211,1.9419392603684903e-11,3.0860423171488425e-11,45.24758880443652,69.88215121990568,-13.852411195563484,10.782151219905678
NGC0247,calibration_24,ordinary_disk,3,8.331329470026691e+19,2.7,64.4,1.1116019156049502e-11,30.432091282752232,2.2322870950893085e-11,3.3438890106942584e-11,52.78166448615985,77.70307059017296,-11.618335513840158,13.30307059017295
NGC0247,calibration_24,ordinary_disk,4,9.935881812402202e+19,3.22,67.4,1.080178464522285e-11,32.76053351182716,2.474621584622662e-11,3.554800049144947e-11,59.43069337894833,84.20037204324905,-7.969306621051679,16.80037204324904
NGC0247,calibration_24,ordinary_disk,5,1.1633004482222454e+20,3.77,69.8,1.0469421220310044e-11,34.89854208733391,2.69206270957797e-11,3.739004831608975e-11,65.95139116437092,90.34160825455247,-3.8486088356290793,20.54160825455247
NGC0247,calibration_24,ordinary_disk,6,1.3299270376227791e+20,4.31,71.3,1.014310076675929e-11,36.72816896476807,2.8819681748197437e-11,3.8962782514956725e-11,71.9844829999195,95.77292819017227,0.6844829999195099,24.47292819017227
NGC0247,calibration_24,ordinary_disk,7,1.4965536270233128e+20,4.85,73.2,9.814235533378413e-12,38.324313149668505,2.9918086659078324e-11,3.973232219245674e-11,77.11131621699892,100.69657954392476,3.9113162169989124,27.496579543924753
NGC0247,calibration_24,ordinary_disk,8,1.6600945388423555e+20,5.38,75.1,9.491238597497375e-12,39.694273343336526,3.0786116312568623e-11,4.0277354910065997e-11,81.77054293889451,105.10424117955624,6.670542938894513,30.004241179556246
NGC0247,calibration_24,ordinary_disk,9,1.8267211282428894e+20,5.92,78.5,9.16214737980726e-12,40.910497673297925,3.1515929085919044e-11,4.067807646572631e-11,86.2017991321655,109.21112873470778,7.701799132165505,30.711128734707785
NGC0247,calibration_24,ordinary_disk,10,1.9933477176434233e+20,6.46,81.4,8.833056162117146e-12,41.961115738946205,3.210520337141333e-11,4.093825953353048e-11,90.33503539903946,112.96756231788807,8.93503539903945,31.56756231788806
NGC0247,calibration_24,ordinary_disk,11,2.1568886294624656e+20,6.99,83.5,8.490728678784284e-12,42.794340914565666,3.2292703514096546e-11,4.078343219288083e-11,93.78982949514203,116.27054190153513,10.28982949514203,32.770541901535125
NGC0247,calibration_24,ordinary_disk,12,2.3235152188629995e+20,7.53,87.1,8.138892477583401e-12,43.4865962525864,3.233701578512506e-11,4.047590826270846e-11,96.97751741806229,119.31727639171054,9.877517418062297,32.21727639171054
NGC0247,calibration_24,ordinary_disk,13,2.4901418082635334e+20,8.07,90.7,7.787056276382517e-12,44.03507056554021,3.228753063263982e-11,4.0074586909022335e-11,99.89564770851982,122.06945365393982,9.195647708519815,31.369453653939814
NGC0247,calibration_24,ordinary_disk,14,2.6598540752455582e+20,8.62,93.1,7.428704589974211e-12,44.45140062746987,3.213654740456501e-11,3.956525199453922e-11,102.58547497369821,124.58248022722309,9.485474973698217,31.482480227223093
NGC0247,calibration_24,ordinary_disk,15,2.8203093094831096e+20,9.14,95.9,7.121334480516342e-12,44.81558426635014,3.187572614116526e-11,3.89970606216816e-11,104.8731486672379,126.84690484455977,8.973148667237894,30.946904844559768
NGC0247,calibration_24,ordinary_disk,16,2.9900215764651344e+20,9.69,98.4,6.803012246636761e-12,45.10116783676501,3.152306213929387e-11,3.832607438593063e-11,107.0494228639932,129.02588914015004,8.649422863993195,30.625889140150036
NGC0247,calibration_24,ordinary_disk,17,3.1566481658656686e+20,10.23,101.0,6.490477689736808e-12,45.2638426284156,3.111811832025576e-11,3.7608596009992565e-11,108.95737956454623,130.92369469313923,7.95737956454623,29.923694693139225
NGC0247,calibration_24,ordinary_disk,18,3.320189077684711e+20,10.76,103.0,6.1837308098164835e-12,45.31131811600179,3.066638540672413e-11,3.685011621654061e-11,110.6116419612196,132.55616454455782,7.611641961219604,29.556164544557816
NGC0247,calibration_24,ordinary_disk,19,3.486815667085245e+20,11.3,104.0,5.912490622950701e-12,45.404586701784986,3.020611505664235e-11,3.611860567959305e-11,112.22251118063575,134.2345042197178,8.222511180635749,30.234504219717792
NGC0247,calibration_24,ordinary_disk,20,3.653442256485779e+20,11.84,105.0,5.653702276895223e-12,45.448294581863976,2.972389661353651e-11,3.5377598890431735e-11,113.68817648256467,135.78438201338776,8.688176482564671,30.784382013387756
NGC0247,calibration_24,ordinary_disk,21,3.820068845886313e+20,12.38,105.0,5.394913930839743e-12,45.39707329050957,2.920453280128664e-11,3.4599446732126386e-11,114.96619874828383,137.13516080110887,9.96619874828383,32.13516080110887
NGC0247,calibration_24,ordinary_disk,22,3.983609757705355e+20,12.91,105.0,5.14091796156307e-12,45.25418318260243,2.8661329963960064e-11,3.3802247925523134e-11,116.0409258272656,138.2661111393226,11.040925827265596,33.26611113932259
NGC0247,calibration_24,ordinary_disk,23,4.159493379850363e+20,13.48,106.0,4.9062209771374955e-12,45.17454335628241,2.812205296151562e-11,3.302827393865312e-11,117.20959295028369,139.55338638566897,11.209592950283692,33.55338638566897
NGC0247,calibration_24,ordinary_disk,24,4.3230342916694055e+20,14.01,108.0,4.701015747926048e-12,45.08065248414468,2.7626054572354082e-11,3.232707032028013e-11,118.21634131700205,140.67660541547684,10.216341317002048,32.67660541547684
NGC0247,calibration_24,ordinary_disk,25,4.486575203488447e+20,14.539999999999997,107.0,4.4958105187146e-12,44.91190487259192,2.7106440151716738e-11,3.160225067043134e-11,119.07387380629866,141.63797182849314,12.073873806298664,34.637971828493136
NGC0289,calibration_24,bulge_rich_hsb,0,4.628516372237051e+19,1.5,164.0,2.1716624312110045e-10,100.2575439447439,1.640375883879138e-11,2.335700019598918e-10,103.97512097299042,139.87068586702492,-60.024879027009575,-24.129314132975082
NGC0289,calibration_24,bulge_rich_hsb,1,7.775907505358245e+19,2.52,194.0,2.0885757387117913e-10,127.438501882901,2.082909648475817e-11,2.296866703559373e-10,133.64214544452204,178.93451713046395,-60.35785455547796,-15.065482869536055
NGC0289,calibration_24,bulge_rich_hsb,2,1.067644443196013e+20,3.46,175.0,2.01200564954585e-10,146.56420611515662,2.38699216111896e-11,2.250704865657746e-10,155.01459747693832,207.06657782184723,-19.98540252306168,32.06657782184723
NGC0289,calibration_24,bulge_rich_hsb,3,1.3330127152042707e+20,4.32,185.0,1.9419521637131798e-10,160.8927259557782,2.6501348038036422e-11,2.206965644093544e-10,171.52006487859305,228.66003891986904,-13.479935121406953,43.66003891986904
NGC0289,calibration_24,bulge_rich_hsb,4,1.6755229267498123e+20,5.43,175.0,1.8515342924640362e-10,176.13313591391557,2.965076499680357e-11,2.1480419424320718e-10,189.71277031779218,252.34025749557546,14.712770317792177,77.34025749557546
NGC0289,calibration_24,bulge_rich_hsb,5,1.9686622969914923e+20,6.380000000000001,167.0,1.7741496278814357e-10,186.8877064344166,3.260362218386492e-11,2.1001858497200849e-10,203.33609367298692,269.70124933766806,36.33609367298692,102.70124933766806
NGC0289,calibration_24,bulge_rich_hsb,6,2.335857929188965e+20,7.57,176.0,1.6772151532990203e-10,197.9327237924392,3.685891300221678e-11,2.045804283321188e-10,218.60256532722906,288.41448602002095,42.60256532722906,112.41448602002095
NGC0289,calibration_24,bulge_rich_hsb,7,3.270818236380849e+20,10.6,185.0,1.3586693182631663e-10,210.807029849251,4.37889533723335e-11,1.7965588519865014e-10,242.40910576562283,318.8133136361535,57.409105765622826,133.8133136361535
NGC0289,calibration_24,bulge_rich_hsb,8,4.187264478083785e+20,13.57,183.0,1.0186918625041606e-10,206.53165011631225,4.8707928285066684e-11,1.5057711453548275e-10,251.09882574531892,329.3952725317814,68.09882574531892,146.39527253178142
NGC0289,calibration_24,bulge_rich_hsb,9,5.1345674956016353e+20,16.64,172.0,6.672673543626964e-11,185.09806235038766,5.2625263372200575e-11,1.193519988084702e-10,247.55219522699778,320.5415086997761,75.55219522699778,148.5415086997761
NGC0289,calibration_24,bulge_rich_hsb,10,6.081870513119485e+20,19.71,161.0,5.105243936908874e-11,176.20849174250404,5.5818302421631894e-11,1.0687074179072063e-10,254.9458792003099,322.1979712511507,93.94587920030989,161.1979712511507
NGC0289,calibration_24,bulge_rich_hsb,11,6.99831675482242e+20,22.68,156.0,3.7303257395966735e-11,161.57351616018246,5.683142490928603e-11,9.413468230525277e-11,256.6679419769318,315.48404870850885,100.66794197693179,159.48404870850885
NGC0289,calibration_24,bulge_rich_hsb,12,7.94561977234027e+20,25.75,159.0,2.4407170392591675e-11,139.25878631463598,5.36946936012081e-11,7.810186399379977e-11,249.1119657515002,297.99581750148496,90.11196575150021,138.99581750148496
NGC0289,calibration_24,bulge_rich_hsb,13,8.862066014043206e+20,28.72,173.0,1.9004407415410178e-11,129.77608141454158,5.0634990792398264e-11,6.963939820780844e-11,248.4248264759061,293.50485320345615,75.42482647590609,120.50485320345615
NGC0289,calibration_24,bulge_rich_hsb,14,9.809369031561056e+20,31.79,177.0,1.3419733226875759e-11,114.7340906302595,4.5149676858369685e-11,5.856941008524544e-11,239.69333688840962,280.6277873739292,62.69333688840962,103.62778737392921
NGC0289,calibration_24,bulge_rich_hsb,15,1.0728900950845484e+21,34.77,179.0,9.220277901805505e-12,99.46026761865298,3.885968536497995e-11,4.807996326678546e-11,227.1222498148586,265.12273341769384,48.122249814858606,86.12273341769384
NGC0289,calibration_24,bulge_rich_hsb,16,1.1676203968363334e+21,37.84,181.0,7.169793767246292e-12,91.49643404934854,3.4840240965291226e-11,4.201003473253752e-11,221.4763495850372,258.56382127927355,40.47634958503721,77.56382127927355
NGC0289,calibration_24,bulge_rich_hsb,17,1.259265021006627e+21,40.81,182.0,5.186100646842105e-12,80.81259270675645,3.004557671073992e-11,3.523167735758202e-11,210.63242610717427,246.3995304419165,28.63242610717427,64.39953044191651
NGC0289,calibration_24,bulge_rich_hsb,18,1.3539953227584118e+21,43.879999999999995,182.0,3.8762204892840946e-12,72.44573426000309,2.619760697976634e-11,3.007382746905044e-11,201.79153037364514,236.65159686622172,19.791530373645145,54.65159686622172
NGC0289,calibration_24,bulge_rich_hsb,19,1.4456399469287055e+21,46.85,180.0,3.1538854600170173e-12,67.52320200522348,2.374437399596475e-11,2.6898259455981767e-11,197.19330204755948,231.68305767337563,17.193302047559484,51.68305767337563
NGC0289,calibration_24,bulge_rich_hsb,20,1.5403702486804904e+21,49.919999999999995,177.0,2.4072293859934736e-12,60.89355079098074,2.083716122039109e-11,2.3244390606384564e-11,189.22200648651582,222.90897293091743,12.222006486515824,45.90897293091743
NGC0289,calibration_24,bulge_rich_hsb,21,1.6351005504322756e+21,52.99,175.0,2.0206766711170142e-12,57.480514413052084,1.9142577864020907e-11,2.116325453513792e-11,186.021636212948,219.470782110851,11.02163621294801,44.47078211085099
NGC0289,calibration_24,bulge_rich_hsb,22,1.726745174602569e+21,55.96,172.0,1.7390854200467078e-12,54.799245955463064,1.779605048362773e-11,1.9535135903674438e-11,183.6632833662603,216.95371716794145,11.663283366260288,44.95371716794145
NGC0289,calibration_24,bulge_rich_hsb,23,1.821475476354354e+21,59.03,168.0,1.4500278041397825e-12,51.39251001140699,1.6282455204575637e-11,1.773248300871542e-11,179.72001261753073,212.62132381380962,11.720012617530728,44.621323813809624
NGC0289,calibration_24,bulge_rich_hsb,24,1.9131201005246475e+21,62.0,158.0,1.3204630463056785e-12,50.26136086386243,1.555818863922401e-11,1.6878651685529688e-11,179.69665497538085,212.71836875650476,21.696654975380852,54.71836875650476
NGC0289,calibration_24,bulge_rich_hsb,25,2.0078504022764324e+21,65.07,158.0,1.1865358387128505e-12,48.80969638376171,1.4766700795076882e-11,1.595323663378973e-11,178.97405564149744,212.01350420267133,20.974055641497444,54.01350420267133
NGC0289,calibration_24,bulge_rich_hsb,26,2.0998035942048753e+21,68.05,166.0,1.0681778293206137e-12,47.35993713316548,1.4026286709986968e-11,1.5094464539307582e-11,178.03205018264578,211.04510757293673,12.032050182645776,45.04510757293673
NGC0289,calibration_24,bulge_rich_hsb,27,2.1945338959566605e+21,71.12,165.0,9.907961458020265e-13,46.62977295618931,1.3520755787034531e-11,1.4511551932836557e-11,178.45473543603492,211.63393395254502,13.454735436034923,46.63393395254502
NGC0300,external_151,ordinary_disk,0,2.8079665991571444e+19,0.9100000000000001,33.1,2.146445109275269e-11,24.550246788513476,6.952240240434475e-12,2.8416691333187165e-11,28.247676032223936,54.0425652276391,-4.852323967776066,20.9425652276391
NGC0300,external_151,ordinary_disk,1,4.19652151082826e+19,1.36,46.7,2.0279470653367497e-11,29.17245872823666,9.964559101006563e-12,3.024402975437406e-11,35.62579422810959,65.03083980280091,-11.074205771890412,18.33083980280091
NGC0300,external_151,ordinary_disk,2,5.615933198314289e+19,1.8200000000000003,53.9,1.866330539741189e-11,32.37466237223234,1.3126001621089923e-11,3.1789307018501815e-11,42.25241113079936,73.51572082525162,-11.64758886920064,19.61572082525162
NGC0300,external_151,ordinary_disk,3,7.004488109985404e+19,2.27,58.8,1.676118776674083e-11,34.26420003755654,1.6344715568611307e-11,3.3105903335352135e-11,48.15494847705687,79.70141423347226,-10.645051522943128,20.901414233472266
NGC0300,external_151,ordinary_disk,4,8.39304302165652e+19,2.72,65.6,1.4859070136069773e-11,35.31470160058629,1.9875900509318783e-11,3.4734970645388556e-11,53.993712873141305,84.4046870812676,-11.606287126858689,18.804687081267602
NGC0300,external_151,ordinary_disk,5,9.781597933327634e+19,3.17,70.8,1.3014603622641255e-11,35.679632831393604,2.3670032071933632e-11,3.668463569457489e-11,59.90278430047562,87.87909241118759,-10.897215699524374,17.079092411187588
NGC0300,external_151,ordinary_disk,6,1.1201009620813662e+20,3.63,82.1,1.1766539144128674e-11,36.30387281779532,2.5437999020024256e-11,3.720453816415293e-11,64.55450332196864,91.49654456484119,-17.545496678031355,9.396544564841193
NGC0300,external_151,ordinary_disk,7,1.2589564532484778e+20,4.08,84.1,1.0545606502105498e-11,36.43687604507942,2.697905675496303e-11,3.752466325706853e-11,68.73275562893028,94.16684777073094,-15.367244371069717,10.066847770730945
NGC0300,external_151,ordinary_disk,8,1.4008976219970807e+20,4.54,83.4,9.297542023592917e-12,36.09003257309315,2.8251796095519617e-11,3.7549338119112536e-11,72.52777294156293,96.0168178798659,-10.872227058437076,12.616817879865891
NGC0300,external_151,ordinary_disk,9,1.539753113164192e+20,4.99,81.5,8.329536478210021e-12,35.81260912519302,2.8706342002965515e-11,3.703587848117554e-11,75.51563360666502,97.73494460733616,-5.98436639333498,16.23494460733616
NGC0300,external_151,ordinary_disk,10,1.681694281912795e+20,5.45,80.8,7.479744674814909e-12,35.466383872342995,2.8645949123606504e-11,3.6125693798421414e-11,77.94380840768419,99.24202953939074,-2.8561915923158097,18.442029539390745
NGC0300,external_151,ordinary_disk,11,1.8205497730799065e+20,5.8999999999999995,82.8,6.648426606276213e-12,34.7905038040477,2.829141348907731e-11,3.4939840095353525e-11,79.75570070975746,100.06539776367298,-3.0442992902425345,17.26539776367298
NGC0300,external_151,ordinary_disk,12,1.9624909418285095e+20,6.36,88.2,5.861776973943808e-12,33.917081558388325,2.762486468278784e-11,3.3486641656731645e-11,81.06616490472032,100.47582396591928,-7.133835095279679,12.275823965919272
NGC0300,external_151,ordinary_disk,13,2.101346432995621e+20,6.81,88.5,5.325913975753838e-12,33.453834362284766,2.6909078437268934e-11,3.223499241302277e-11,82.30242178985155,101.36399099421568,-6.19757821014845,12.863990994215683
NGC0300,external_151,ordinary_disk,14,2.2402019241627324e+20,7.26,88.4,4.790050977563869e-12,32.75771881065004,2.603164347539614e-11,3.082169445296001e-11,83.09441570856423,101.76981991798226,-5.305584291435778,13.369819917982255
NGC0300,external_151,ordinary_disk,15,2.379057415329844e+20,7.71,88.2,4.254187979373898e-12,31.813452278142588,2.4980147686514806e-11,2.9234335665888704e-11,83.39674037285526,101.65147806774814,-4.80325962714474,13.451478067748141
NGC0300,external_151,ordinary_disk,16,2.5209985840784468e+20,8.17,89.5,3.852975040075791e-12,31.166239138722954,2.4062153480235483e-11,2.7915128520311272e-11,83.88921234227472,101.95347467374448,-5.610787657725282,12.45347467374448
NGC0300,external_151,ordinary_disk,17,2.6598540752455582e+20,8.62,89.7,3.510964721980392e-12,30.559211088971086,2.318636410155532e-11,2.6697328823535713e-11,84.26802410728055,102.20422079680591,-5.43197589271945,12.50422079680591
NGC0300,external_151,ordinary_disk,18,2.79870956641267e+20,9.07,93.7,3.1689544038849917e-12,29.78083780836007,2.222028602099968e-11,2.5389240424884672e-11,84.295379506279,102.06659389021407,-9.404620493720998,8.366593890214062
NGC0300,external_151,ordinary_disk,19,2.9406507351612726e+20,9.53,97.0,2.8552570146213253e-12,28.976393217791237,2.1248093242032577e-11,2.4103350256653902e-11,84.18998435210624,101.81655849417443,-12.810015647893763,4.81655849417443
NGC0300,external_151,ordinary_disk,20,3.073334871165402e+20,9.96,96.2,2.6434717075105754e-12,28.503111724216005,2.0547549528338895e-11,2.319102123584947e-11,84.42379656357177,102.02052124134246,-11.776203436428233,5.820521241342462
NGC0300,external_151,ordinary_disk,21,3.2245330726584785e+20,10.45,94.8,2.4021349621983267e-12,27.831212030017177,1.9689410381695912e-11,2.2091545343894237e-11,84.40078115013,101.93174970596858,-10.399218849869996,7.131749705968588
NGC0300,external_151,ordinary_disk,22,3.372645596570064e+20,10.93,92.5,2.165723456586328e-12,27.026316210768307,1.8782143549403383e-11,2.094786700598971e-11,84.05339458658796,101.48184699746099,-8.446605413412044,8.981846997460991
NGC0300,external_151,ordinary_disk,23,3.4929870222482276e+20,11.32,92.8,2.032356253606585e-12,26.64393743130476,1.8248388022839008e-11,2.0280744276445593e-11,84.16672534865513,101.59000305501365,-8.633274651344863,8.790003055013656
NGC0300,external_151,ordinary_disk,24,3.641099546159813e+20,11.799999999999999,93.5,1.874606196845236e-12,26.12590241993865,1.7582452247283272e-11,1.9457058444128507e-11,84.16952338615282,101.5757604826003,-9.330476613847182,8.075760482600302
NGC0801,external_151,bulge_rich_hsb,0,3.6102427703448994e+19,1.17,123.0,3.974660241825463e-10,119.78935012190227,2.9709087416304916e-11,4.271751115988512e-10,124.18558122105111,152.50842672150227,1.185581221051109,29.508426721502275
NGC0801,external_151,bulge_rich_hsb,1,4.8136570271265325e+19,1.5599999999999998,142.0,3.936134018336603e-10,137.64882555647827,3.545608868214328e-11,4.290694905158036e-10,143.7147650085752,175.4829204552984,1.714765008575199,33.4829204552984
NGC0801,external_151,bulge_rich_hsb,2,6.04792805972308e+19,1.96,205.0,3.8966199429634136e-10,153.51376840897686,4.089811146744256e-11,4.305601057637839e-10,161.3690349802627,195.98343413935513,-43.63096501973729,-9.016565860644874
NGC0801,external_151,bulge_rich_hsb,3,8.423899797471432e+19,2.73,228.0,3.8205553478700237e-10,179.39892814939193,4.585779865004336e-11,4.2791333343704574e-10,189.8604498803175,229.66181903330525,-38.1395501196825,1.6618190333052496
NGC0801,external_151,bulge_rich_hsb,4,1.0861585086849612e+20,3.52,238.0,3.7425150490079743e-10,201.6175727549939,5.2907610270802923e-11,4.2715911517160036e-10,215.39788938287512,258.8560916854688,-22.60211061712488,20.85609168546881
NGC0801,external_151,bulge_rich_hsb,5,3.267732558799358e+20,10.59,229.0,2.8645000254506567e-10,305.9480347681073,7.112104711896322e-11,3.5757104966402887e-10,341.8254760943381,408.54349557966873,112.82547609433811,179.54349557966873
NGC0801,external_151,bulge_rich_hsb,6,5.4462209313322625e+20,17.65,225.0,1.8666374674217215e-10,318.8435360216861,8.661108749295973e-11,2.732748342351319e-10,385.78687409212483,456.1688472804651,160.78687409212483,231.16884728046512
NGC0801,external_151,bulge_rich_hsb,7,7.593852528050255e+20,24.61,220.0,1.2033131591579428e-10,302.2876556478561,9.581340216915636e-11,2.1614471808495063e-10,405.13838547514996,467.378526880306,185.13838547514996,247.37852688030603
NGC0801,external_151,bulge_rich_hsb,8,9.77234090058316e+20,31.67,222.0,7.457368896360342e-11,269.95546128322513,9.599987596744809e-11,1.7057356493105152e-10,408.27723731969087,457.2818072092627,186.27723731969087,235.2818072092627
NGC0801,external_151,bulge_rich_hsb,9,1.1953914950697558e+21,38.74,219.0,4.544302819486941e-11,233.07125394257014,8.555273151579086e-11,1.3099575971066028e-10,395.71608136178224,436.5775148492153,176.71608136178224,217.57751484921528
NGC0801,external_151,bulge_rich_hsb,10,1.413240332323046e+21,45.8,214.0,2.7719262952843338e-11,197.9241783795659,7.029750750509657e-11,9.801677045793992e-11,372.18443446121,411.92490341663233,158.18443446121,197.92490341663233
NGC0801,external_151,bulge_rich_hsb,11,1.6310891695763366e+21,52.86,216.0,1.7224950528383948e-11,167.61691517664693,5.6297289077758727e-11,7.352223960614268e-11,346.296590720405,387.51073969559104,130.296590720405,171.51073969559104
NGC0801,external_151,bulge_rich_hsb,12,1.8458523292481358e+21,59.82,216.0,1.0856913368858537e-11,141.5636211402942,4.492571850065627e-11,5.578263186951481e-11,320.883936911674,363.41873476046214,104.88393691167403,147.41873476046214
NGC0891,external_151,bulge_rich_hsb,0,2.838823374972058e+19,0.92,234.0,4.984465626499838e-10,118.95384622723421,1.688961394667657e-11,5.153361765966603e-10,120.95240320437324,146.9410306171789,-113.04759679562676,-87.05896938282109
NGC0891,external_151,bulge_rich_hsb,1,7.1587719890599715e+19,2.32,192.0,4.371364847223427e-10,176.8999836694862,2.533359041470815e-11,4.624700751370509e-10,181.9537803858326,222.31570523287257,-10.046219614167399,30.315705232872574
NGC0891,external_151,bulge_rich_hsb,2,9.99759536403203e+19,3.24,212.0,3.9382365259611764e-10,198.42604474819092,3.2052855639697815e-11,4.2587650823581545e-10,206.3429428012632,252.94657574568942,-5.657057198736794,40.946575745689415
NGC0891,external_151,bulge_rich_hsb,3,1.2867275514819e+20,4.17,223.0,3.3421756782863325e-10,207.375734528988,3.740428244258702e-11,3.716218502712203e-10,218.67237445014874,270.61067084630764,-4.327625549851263,47.61067084630764
NGC0891,external_151,bulge_rich_hsb,4,1.573695566560597e+20,5.1,222.0,2.7461148306114887e-10,207.88335032415665,4.347462614426027e-11,3.1808610920540914e-10,223.73437372050418,279.3978745182408,1.7343737205041805,57.397874518240826
NGC0891,external_151,bulge_rich_hsb,5,1.8606635816392943e+20,6.03,224.0,2.150053982936644e-10,200.01317818105701,5.0972271801940474e-11,2.6597767009560487e-10,222.46234833700797,279.49849807664276,-1.5376516629920332,55.49849807664276
NGC0891,external_151,bulge_rich_hsb,6,2.1476315967179915e+20,6.96,224.0,1.811732209723329e-10,197.25448888158485,5.66031315425146e-11,2.377763525148475e-10,225.9769916635855,283.6453272497957,1.976991663585494,59.645327249795685
NGC0891,external_151,bulge_rich_hsb,7,2.4345996117966884e+20,7.889999999999999,226.0,1.5238161909520265e-10,192.61054765877472,6.210668193975464e-11,2.144883010349573e-10,228.51545558990935,285.40042203797367,2.515455589909351,59.40042203797367
NGC0891,external_151,bulge_rich_hsb,8,2.715396271712403e+20,8.8,226.0,1.242091914519891e-10,183.65107551581158,6.798035983424162e-11,1.9218955128623072e-10,228.44491480983126,282.3030591553333,2.4449148098312605,56.3030591553333
NGC0891,external_151,bulge_rich_hsb,9,3.0023642867911007e+20,9.730000000000002,227.0,1.0217453069330625e-10,175.1471272882384,7.334893201077284e-11,1.755234627040791e-10,229.56162046749816,279.1826145605979,2.561620467498159,52.182614560597926
NGC0891,external_151,bulge_rich_hsb,10,3.283160946706815e+20,10.64,227.0,8.746248365726552e-11,169.45601513239865,7.739245978887916e-11,1.648549434461447e-10,232.64679499059145,278.2497505865218,5.646794990591445,51.24975058652183
NGC0891,external_151,bulge_rich_hsb,11,3.573214639367003e+20,11.58,224.0,7.226542408157509e-11,160.69221239635382,8.062823904873743e-11,1.528936631303125e-10,233.73529373282068,273.8958096884421,9.73529373282068,49.895809688442114
NGC0891,external_151,bulge_rich_hsb,12,3.8632683320271916e+20,12.52,220.0,5.827656264315447e-11,150.0459926018344,8.186460623539969e-11,1.4014116887855416e-10,232.68066953268655,267.03023345371673,12.68066953268655,47.03023345371673
NGC0891,external_151,bulge_rich_hsb,13,4.153322024687381e+20,13.460000000000003,218.0,5.037160603257071e-11,144.64076215021532,8.070557584413153e-11,1.3107718187670223e-10,233.32504075269352,265.209363194105,15.325040752693525,47.20936319410498
NGC0891,external_151,bulge_rich_hsb,14,4.4433757173475685e+20,14.4,217.0,4.2466649421986985e-11,137.36640012709407,7.814178792073038e-11,1.2060843734271737e-10,231.49699820858717,260.9790491898608,14.496998208587172,43.9790491898608
NGC0891,external_151,bulge_rich_hsb,15,4.730343732426266e+20,15.33,216.0,3.4645788094494563e-11,128.01815752765734,7.390278495452408e-11,1.0854857304901865e-10,226.5992193689643,253.92960190261158,10.599219368964299,37.92960190261158
NGC0891,external_151,bulge_rich_hsb,16,5.020397425086454e+20,16.27,210.0,2.993912148515645e-11,122.59946509403294,7.00400114734119e-11,9.997913295856836e-11,224.03905500326786,250.93189759965932,14.039055003267862,40.93189759965932
NGC0891,external_151,bulge_rich_hsb,17,5.279594341931729e+20,17.11,208.0,2.6172806116276626e-11,117.55075460581708,6.632779862759279e-11,9.250060474386941e-11,220.98997023190807,247.72821230177493,12.989970231908075,39.72821230177493
NGC1003,calibration_24,bulge_rich_hsb,0,3.8570969768642085e+19,1.2499999999999998,47.0,3.506696442182366e-11,36.77725961232305,1.0776098916227703e-11,4.584306333805136e-11,42.05010594652436,72.76135110441504,-4.949894053475639,25.76135110441504
NGC1003,calibration_24,bulge_rich_hsb,1,6.418209369502044e+19,2.08,59.5,3.2781903893951015e-11,45.869502147099,1.5873423350398358e-11,4.865532724434937e-11,55.88202548189098,92.06774045902041,-3.6179745181090226,32.56774045902041
NGC1003,calibration_24,bulge_rich_hsb,2,8.948464986324964e+19,2.9,71.6,3.052437421581178e-11,52.26339961193418,2.13556893155175e-11,5.188006353132928e-11,68.13566848563347,106.52443844669826,-3.4643315143665205,34.92443844669826
NGC1003,calibration_24,bulge_rich_hsb,3,1.1509577378962799e+20,3.73,77.6,2.823931368793913e-11,57.01075039149535,2.8092345181943843e-11,5.633165886988297e-11,80.52040652208943,118.17412764566735,2.9204065220894364,40.57412764566736
NGC1003,calibration_24,bulge_rich_hsb,4,1.4070689771600632e+20,4.56,83.4,2.5954253160066484e-11,60.43130351637973,3.661967746154377e-11,6.257393062161026e-11,93.83274298273174,127.58722230651152,10.432742982731739,44.187222306511515
NGC1003,calibration_24,bulge_rich_hsb,5,1.6631802164238467e+20,5.39,89.7,2.3669192632193837e-11,62.74243613742605,4.7062236688224346e-11,7.073142932041818e-11,108.46156643028033,135.16893726202989,18.761566430280325,45.46893726202988
NGC1003,calibration_24,bulge_rich_hsb,6,1.9192914556876302e+20,6.22,93.8,2.118735509014466e-11,63.768887079150495,5.013681480664284e-11,7.13241698967875e-11,117.00079908569734,140.77900621367647,23.20079908569734,46.97900621367647
NGC1003,calibration_24,bulge_rich_hsb,7,2.1723170173699224e+20,7.04,99.0,1.8634736457672213e-11,63.624331132991145,4.85695342294694e-11,6.72042706871416e-11,120.82589989468829,144.526230423583,21.82589989468829,45.526230423583
NGC1003,calibration_24,bulge_rich_hsb,8,2.428428256633706e+20,7.87,103.0,1.6050988329681813e-11,62.43290286915799,4.644070165216995e-11,6.249168998185176e-11,123.18952299474266,146.64463425052506,20.18952299474266,43.64463425052506
NGC1003,calibration_24,bulge_rich_hsb,9,2.684539495897489e+20,8.7,100.0,1.3467240201691413e-11,60.12764607248405,4.3705908011438854e-11,5.717314821313027e-11,123.88848795709356,146.9480197645079,23.88848795709356,46.948019764507904
NGC1003,calibration_24,bulge_rich_hsb,10,2.9437364127427638e+20,9.54,98.3,1.0852362578183055e-11,56.52123042334128,4.021050370814291e-11,5.106286628632596e-11,122.60327027696798,145.11390836126714,24.30327027696798,46.81390836126714
NGC1003,calibration_24,bulge_rich_hsb,11,3.1905906192620736e+20,10.34,98.4,8.362002936746518e-12,51.652423106980514,3.604983533179011e-11,4.4411838268536624e-11,119.03780683622213,140.83566976022007,20.637806836222126,42.435669760220065
NGC1003,calibration_24,bulge_rich_hsb,12,3.459044568851823e+20,11.21,94.5,5.6537368266842874e-12,44.22276298927943,3.024004703930855e-11,3.589378386599284e-11,111.4262976757299,132.12271151841546,16.9262976757299,37.62271151841546
NGC1003,calibration_24,bulge_rich_hsb,13,3.696641742626658e+20,11.98,94.9,4.941896314944409e-12,42.741572509158296,2.840055727745753e-11,3.334245359240194e-11,111.0203160467782,131.81172547107894,16.1203160467782,36.91172547107894
NGC1003,calibration_24,bulge_rich_hsb,14,3.9650956922164065e+20,12.85,95.3,4.547431145046994e-12,42.462924585897944,2.7296538941567966e-11,3.184397008661496e-11,112.36742793777256,133.55322928397268,17.067427937772564,38.253229283972686
NGC1003,calibration_24,bulge_rich_hsb,15,4.2335496418061556e+20,13.72,96.9,4.152965975149578e-12,41.930642275700535,2.6131186213201836e-11,3.0284152188351414e-11,113.22961699546556,134.74577429083087,16.329616995465557,37.84577429083086
NGC1003,calibration_24,bulge_rich_hsb,16,4.471146815580991e+20,14.49,97.2,3.803841629378302e-12,41.24019203176581,2.5049417967566646e-11,2.8853259596944948e-11,113.5813187835095,135.3205251503327,16.3813187835095,38.12052515033271
NGC1003,calibration_24,bulge_rich_hsb,17,4.7396007651707394e+20,15.36,100.0,3.4093764594808874e-12,40.198362250358805,2.375290221942321e-11,2.7162278678904096e-11,113.46292646072315,135.38633999012333,13.462926460723153,35.38633999012333
NGC1003,calibration_24,bulge_rich_hsb,18,4.977197938945575e+20,16.13,104.0,3.060252113709611e-12,39.02752940298593,2.253763854672521e-11,2.5597890660434822e-11,112.87416384473038,134.8777882259687,8.874163844730376,30.877788225968686
NGC1003,calibration_24,bulge_rich_hsb,19,5.245651888535324e+20,17.0,104.0,2.6657869438121954e-12,37.394906493052304,2.106684256175042e-11,2.3732629505562616e-11,111.57648174492851,133.57714825301474,7.576481744928515,29.57714825301474
NGC1003,calibration_24,bulge_rich_hsb,20,5.486334739891651e+20,17.78,105.0,2.5552163137326865e-12,37.44165064466245,2.0666330016592202e-11,2.322154633032489e-11,112.87212957416234,135.11032201397552,7.872129574162344,30.11032201397552
NGC1003,calibration_24,bulge_rich_hsb,21,5.754788689481399e+20,18.65,109.0,2.43886698223729e-12,37.46353443620715,2.0232399137540687e-11,2.2671266119777977e-11,114.22274109927547,136.71068725271485,5.222741099275467,27.71068725271485
NGC1003,calibration_24,bulge_rich_hsb,22,6.023242639071149e+20,19.52,110.0,2.322517650741892e-12,37.40198837487643,1.978230090878274e-11,2.2104818559524634e-11,115.38747145017956,138.099192339185,5.387471450179561,28.09919233918501
NGC1003,calibration_24,bulge_rich_hsb,23,6.260839812845983e+20,20.29,107.0,2.2195418056252764e-12,37.27760145574658,1.9372478723882927e-11,2.1592020529508204e-11,116.26873258573553,139.14992461654168,9.268732585735535,32.14992461654168
NGC1003,calibration_24,bulge_rich_hsb,24,6.529293762435733e+20,21.16,106.0,2.1031924741298786e-12,37.05720105801029,1.889179360139226e-11,2.099498607552214e-11,117.08220685711889,140.13254735356816,11.08220685711889,34.13254735356816
NGC1003,calibration_24,bulge_rich_hsb,25,6.766890936210568e+20,21.93,106.0,2.000216629013263e-12,36.790281022747706,1.8453145804181568e-11,2.045336243319483e-11,117.64594037373998,140.81696374777738,11.645940373739975,34.81696374777738
NGC1003,calibration_24,bulge_rich_hsb,26,7.035344885800318e+20,22.8,108.0,1.8912072032014482e-12,36.476423789938664,1.7973676447580013e-11,1.9864883650781462e-11,118.21857197561799,141.51633998624885,10.21857197561799,33.51633998624885
NGC1003,calibration_24,bulge_rich_hsb,27,7.303798835390066e+20,23.67,109.0,1.8344072255555952e-12,36.60347163541196,1.7728821566837865e-11,1.956322879239346e-11,119.53488514670218,143.05879235945167,10.53488514670218,34.05879235945167
NGC1003,calibration_24,bulge_rich_hsb,28,7.541396009164902e+20,24.440000000000005,110.0,1.7841359809724835e-12,36.68088871158031,1.750822328810554e-11,1.929235926907802e-11,120.61978328582774,144.327033693122,10.619783285827737,34.32703369312199
NGC1003,calibration_24,bulge_rich_hsb,29,7.80984995875465e+20,25.31,110.0,1.7273360033266307e-12,36.72905527553888,1.7251898214696446e-11,1.8979234218023076e-11,121.7476782426763,145.6512048435879,11.747678242676301,35.65120484358789
NGC1003,calibration_24,bulge_rich_hsb,30,8.047447132529485e+20,26.08,110.0,1.6770647587435188e-12,36.73702489834579,1.7020762868855655e-11,1.8697827627599176e-11,122.66612381837683,146.72716281570024,12.666123818376832,36.72716281570024
NGC1003,calibration_24,bulge_rich_hsb,31,8.315901082119234e+20,26.95,113.0,1.6202647810976658e-12,36.70689532833002,1.6752438935655717e-11,1.8372703716753384e-11,123.60646695040091,147.8342747318157,10.606466950400915,34.8342747318157
NGC1003,calibration_24,bulge_rich_hsb,32,8.556583933475561e+20,27.73,114.0,1.5693406632082799e-12,36.644501777153216,1.6506969585164298e-11,1.807631024837258e-11,124.36698349953835,148.72846316829578,10.36698349953835,34.728463168295775
NGC1003,calibration_24,bulge_rich_hsb,33,8.825037883065311e+20,28.6,112.0,1.517467029680383e-12,36.59467724032004,1.6252074534361533e-11,1.7769541564041917e-11,125.22654569514147,149.74053996148433,13.226545695141468,37.74053996148433
NGC1003,calibration_24,bulge_rich_hsb,34,9.093491832655058e+20,29.47,113.0,1.4789796166693704e-12,36.67299969302515,1.6062345555497968e-11,1.7541325172167338e-11,126.2980194567794,150.99823374175512,13.2980194567794,37.998233741755115
NGC1003,calibration_24,bulge_rich_hsb,35,9.331089006429894e+20,30.24,115.0,1.4449160442343355e-12,36.71871486799229,1.5891649784875105e-11,1.733656582910944e-11,127.18845813093704,152.04297649576102,12.188458130937036,37.042976495761025
NGC1090,external_151,bulge_rich_hsb,0,1.0799871535219784e+19,0.35,20.9,1.282657307101604e-10,37.218992652150426,1.6197809896928112e-11,1.4446354060708852e-10,39.49921113237026,56.87756757792252,18.599211132370264,35.97756757792252
NGC1090,external_151,bulge_rich_hsb,1,3.301675012195763e+19,1.07,61.7,1.2305073892833814e-10,63.73959130335858,2.063130500620084e-11,1.4368204393453897e-10,68.87607815198838,98.14683273613075,7.176078151988378,36.446832736130744
NGC1090,external_151,bulge_rich_hsb,2,4.937084130386188e+19,1.6,81.3,1.1921192553338567e-10,76.71761894790912,2.5110223254141e-11,1.4432214878752666e-10,84.41152708262848,118.8202354988999,3.111527082628484,37.52023549889991
NGC1090,external_151,bulge_rich_hsb,3,1.1417007051518058e+20,3.7,124.0,1.0400153283640412e-10,108.96725351048876,3.571890051397429e-11,1.397204333503784e-10,126.30079860406381,173.113326845839,2.3007986040638144,49.113326845839
NGC1090,external_151,bulge_rich_hsb,4,1.570609888979106e+20,5.09,156.0,9.393370147983064e-11,121.463245655891,4.558742207866014e-11,1.3952112355849077e-10,148.03150218194818,196.72850680407984,-7.968497818051816,40.72850680407984
NGC1090,external_151,bulge_rich_hsb,5,2.0396328813657938e+20,6.61,166.0,7.902489883976919e-11,126.95738738655533,5.277197887145313e-11,1.3179687771122232e-10,163.95647149202605,212.61900740121425,-2.043528507973946,46.61900740121425
NGC1090,external_151,bulge_rich_hsb,6,2.5209985840784468e+20,8.17,165.0,6.344257072871271e-11,126.46684584403197,5.997691034533178e-11,1.2341948107404448e-10,176.3917053138732,221.235910043316,11.391705313873189,56.23591004331601
NGC1090,external_151,bulge_rich_hsb,7,2.8110522767386352e+20,9.11,174.0,5.405321917461457e-11,123.26655054225081,6.418663264211624e-11,1.182398518167308e-10,182.31248027786248,222.7643143699148,8.312480277862477,48.764314369914814
NGC1090,external_151,bulge_rich_hsb,8,3.199847652006547e+20,10.37,164.0,4.1467492623376635e-11,115.1909974370873,6.856823567560183e-11,1.1003572829897847e-10,187.64263024012337,219.9456899130106,23.642630240123367,55.9456899130106
NGC1090,external_151,bulge_rich_hsb,9,3.480644311922262e+20,11.28,176.0,3.779812091516623e-11,114.70039867616993,6.836892897432337e-11,1.061670498894896e-10,192.23156304608744,223.33560585897627,16.231563046087444,47.335605858976265
NGC1090,external_151,bulge_rich_hsb,10,4.202692865991242e+20,13.62,174.0,2.8510799814173426e-11,109.46329749406011,6.508909248575379e-11,9.359989229992722e-11,198.33597747923918,226.42922868921957,24.335977479239176,52.42922868921957
NGC1090,external_151,bulge_rich_hsb,11,4.640859082563016e+20,15.04,168.0,2.2874904103314543e-11,103.03358989699684,6.094358923706447e-11,8.381849334037901e-11,197.22824749650988,223.64370465459888,29.22824749650988,55.64370465459888
NGC1090,external_151,bulge_rich_hsb,12,5.0512542009013685e+20,16.37,166.0,1.9334801224171806e-11,98.82560189909837,5.717810969268937e-11,7.651291091686117e-11,196.59251325825892,222.64982984203647,30.59251325825892,56.64982984203647
NGC1090,external_151,bulge_rich_hsb,13,5.427706865843315e+20,17.59,167.0,1.714192685702512e-11,96.45794632670714,5.431621865411856e-11,7.145814551114368e-11,196.9400586501551,223.24123828253195,29.940058650155095,56.24123828253195
NGC1090,external_151,bulge_rich_hsb,14,5.80107385320377e+20,18.8,167.0,1.4967026869937013e-11,93.17984129380662,5.1148392133202065e-11,6.611541900313907e-11,195.84188226033822,222.34252980369655,28.841882260338224,55.34252980369655
NGC1090,external_151,bulge_rich_hsb,15,6.211468971542122e+20,20.130000000000003,165.0,1.2576434322145948e-11,88.38446218914665,4.722753658693404e-11,5.980397090907999e-11,192.73570236901054,219.39578769971604,27.73570236901054,54.39578769971604
NGC1090,external_151,bulge_rich_hsb,16,6.58792163648407e+20,21.35,165.0,1.0933219862590232e-11,84.86883744295993,4.4209497278690864e-11,5.514271714128109e-11,190.5979798816259,217.52341449905109,25.59797988162589,52.523414499051086
NGC1090,external_151,bulge_rich_hsb,17,6.964374301426015e+20,22.57,165.0,9.875293248459981e-12,82.930837761728,4.209658461306022e-11,5.19718778615202e-11,190.25025902101234,217.58836500768706,25.25025902101234,52.58836500768706
NGC1090,external_151,bulge_rich_hsb,18,7.371683742182876e+20,23.89,165.0,8.730651338089544e-12,80.22443550917755,3.965635395758812e-11,4.8387005295677665e-11,188.86336337973646,216.56384069437024,23.863363379736455,51.56384069437024
NGC1090,external_151,bulge_rich_hsb,19,7.748136407124823e+20,25.110000000000003,163.0,7.67272472395929e-12,77.10338369718656,3.723563464137624e-11,4.490835936533553e-11,186.5358126963295,214.4748205952796,23.535812696329486,51.474820595279596
NGC1090,external_151,bulge_rich_hsb,20,8.124589072066769e+20,26.33,162.0,6.77125788814924e-12,74.1712126381949,3.50242339595093e-11,4.179549184765854e-11,184.27457674002193,212.42196035969445,22.274576740021928,50.42196035969445
NGC1090,external_151,bulge_rich_hsb,21,8.53189851282363e+20,27.65,162.0,6.168590553266536e-12,72.54639106642911,3.3456015366762636e-11,3.962460592002917e-11,183.86764705089345,212.35314596726874,21.867647050893453,50.353145967268745
NGC1090,external_151,bulge_rich_hsb,22,8.908351177765577e+20,28.87,162.0,5.611579834662824e-12,70.70355283098871,3.1932251482135804e-11,3.754383131679863e-11,182.8807354340077,211.61055343990046,20.880735434007704,49.61055343990046
NGC1090,external_151,bulge_rich_hsb,23,9.284803842707524e+20,30.09,160.0,5.054569116059113e-12,68.50597255131586,3.032617322551063e-11,3.5380742341569745e-11,181.24658685085674,210.1459105893389,21.246586850856744,50.14591058933891
NGC1705,calibration_24,low_mass_dwarf,0,6.788490679281008e+18,0.22,50.2,7.917913004169306e-11,23.184192594990495,3.08748445341028e-12,8.226661449510335e-11,23.631888323111486,38.81238574551268,-26.568111676888517,-11.387614254487325
NGC1705,calibration_24,low_mass_dwarf,1,2.0365472037843026e+19,0.6600000000000001,62.2,5.679768996673679e-11,34.010465548587476,5.6281203123255936e-12,6.242581027906239e-11,35.655730166102884,60.84424110980225,-26.54426983389712,-1.3557588901977553
NGC1705,calibration_24,low_mass_dwarf,2,3.425102115455418e+19,1.11,72.4,3.604159580666448e-11,35.13490373429187,1.647340230893831e-11,5.251499811560279e-11,42.410992813053596,69.10707759623968,-29.98900718694641,-3.292922403760329
NGC1705,calibration_24,low_mass_dwarf,3,4.782800251311619e+19,1.55,73.2,2.416016305314816e-11,33.99312193993466,2.4494723445433028e-11,4.8654886498581186e-11,48.23967281947012,72.90343182758606,-24.96032718052988,-0.2965681724139415
NGC1705,calibration_24,low_mass_dwarf,4,6.171355162982734e+19,2.0,72.9,1.6847556255542845e-11,32.24472876010688,2.8240006452462083e-11,4.5087562708004925e-11,52.74953676615123,74.9174554752465,-20.150463233848775,2.017455475246493
NGC1705,calibration_24,low_mass_dwarf,5,7.55991007465385e+19,2.45,72.6,1.2488565251108659e-11,30.72660577737612,2.8992410692148764e-11,4.148097594325742e-11,55.999325704860574,76.39432267745282,-16.60067429513942,3.7943226774528256
NGC1705,calibration_24,low_mass_dwarf,6,8.917608210510052e+19,2.89,71.5,9.82060896438719e-12,29.593300446727437,2.8778037401957514e-11,3.8598646366344704e-11,58.66920876840675,77.74433637135202,-12.830791231593253,6.24433637135202
NGC1705,calibration_24,low_mass_dwarf,7,1.0306163122181166e+20,3.34,71.1,7.983445602784813e-12,28.68426269914572,2.8236129598034043e-11,3.6219575200818856e-11,61.0970416825354,79.05641256397243,-10.002958317464596,7.956412563972435
NGC1705,calibration_24,low_mass_dwarf,8,1.1663861258037368e+20,3.78,71.4,6.694442748923246e-12,27.943344721653318,2.7548083214156404e-11,3.424252596307965e-11,63.198106930358556,80.24185603505609,-8.20189306964145,8.841856035056082
NGC1705,calibration_24,low_mass_dwarf,9,1.3021559393893568e+20,4.22,71.5,5.707533854049735e-12,27.26187650789411,2.6717049320725196e-11,3.242458317477493e-11,64.97835298255673,81.26813294615114,-6.5216470174432715,9.768132946151141
NGC1705,calibration_24,low_mass_dwarf,10,1.4379257529749771e+20,4.66,71.5,4.918110842021519e-12,26.59300328230753,2.5757585226229088e-11,3.067569606825061e-11,66.41488791451116,82.10426785757153,-5.085112085488845,10.604267857571529
NGC1705,calibration_24,low_mass_dwarf,11,1.5767812441420887e+20,5.11,71.3,4.252840178393967e-12,25.895556815070613,2.466630514880254e-11,2.891914532719651e-11,67.52715449990677,82.74862461209082,-3.7728455000932257,11.448624612090825
NGC1705,calibration_24,low_mass_dwarf,12,1.7156367353092e+20,5.56,71.8,3.697624065378644e-12,25.186861019045125,2.350799012616922e-11,2.7205614191547866e-11,68.31906843163834,83.20381917858919,-3.4809315683616546,11.403819178589188
NGC1705,calibration_24,low_mass_dwarf,13,1.8514065488948203e+20,6.0,71.5,3.2327547895035315e-12,24.464552700300764,2.233422421715361e-11,2.5566979006657143e-11,68.80034329011842,83.44810846661055,-2.6996567098815802,11.948108466610549
NGC2366,external_151,low_mass_dwarf,0,3.70281309778964e+18,0.12,4.2,1.0868701192367556e-11,6.343876506605442,7.056071892720127e-12,1.7924773085087685e-11,8.146906440752213,16.281792851466022,3.9469064407522128,12.081792851466023
NGC2366,external_151,low_mass_dwarf,1,1.1108439293368922e+19,0.36000000000000004,9.41,1.0403410291224808e-11,10.750146588027544,8.61625089505623e-12,1.9019661186281036e-11,14.535430907553035,27.869320047174178,5.125430907553035,18.459320047174177
NGC2366,external_151,low_mass_dwarf,2,1.8205497730799065e+19,0.59,15.3,9.957506510963006e-12,13.464076729941564,1.007322232460914e-11,2.0030728835572148e-11,19.096318712313643,35.2587320781194,3.796318712313642,19.9587320781194
NGC2366,external_151,low_mass_dwarf,3,2.5611123926378344e+19,0.83,18.4,9.492215609820256e-12,15.591866800322839,1.150093553434265e-11,2.0993151144162905e-11,23.18745772089617,41.28384924600292,4.787457720896171,22.883849246002924
NGC2366,external_151,low_mass_dwarf,4,3.301675012195763e+19,1.07,23.4,9.026924708677508e-12,17.26382684911229,1.288624610668934e-11,2.1913170815366848e-11,26.89798663823636,46.24472510772935,3.4979866382363625,22.844725107729353
NGC2366,external_151,low_mass_dwarf,5,4.042237631753691e+19,1.31,28.1,8.50113388660523e-12,18.53742250395458,1.4096224484332469e-11,2.25973583709377e-11,30.223152116420394,50.35114996431035,2.1231521164203926,22.25114996431035
NGC2366,external_151,low_mass_dwarf,6,4.751943475496705e+19,1.54,33.1,7.947130247624717e-12,19.43304240954637,1.508428716363775e-11,2.3031417411262466e-11,33.08232061069627,53.61599626720194,-0.01767938930372992,20.515996267201942
NGC2366,external_151,low_mass_dwarf,7,5.5233628708695474e+19,1.79,37.5,7.344952379167635e-12,20.14170729094221,1.5987511289365684e-11,2.333246366853332e-11,35.89897819056827,56.599862733384555,-1.6010218094317281,19.099862733384555
NGC2366,external_151,low_mass_dwarf,8,6.2330687146125615e+19,2.02,40.5,6.7909487401871224e-12,20.573879103124415,1.6739627134214678e-11,2.35305758744018e-11,38.297218739688,58.88238919695411,-2.202781260312001,18.382389196954108
NGC2366,external_151,low_mass_dwarf,9,6.973631334170489e+19,2.26,42.3,6.212857986468326e-12,20.814942019901686,1.739399524521673e-11,2.3606853231685056e-11,40.57406701301249,60.826092895772845,-1.7259329869875089,18.526092895772848
NGC2366,external_151,low_mass_dwarf,10,7.683337177913505e+19,2.49,45.2,5.87918795091424e-12,21.253654593787044,1.787532174515728e-11,2.375450969607152e-11,42.72164644427145,62.917893659128644,-2.478353555728553,17.71789365912864
NGC2366,external_151,low_mass_dwarf,11,8.454756573286346e+19,2.74,47.4,5.709217067475615e-12,21.970443903016175,1.8265716308720433e-11,2.397493337619605e-11,45.022463899313166,65.48973935828668,-2.3775361006868323,18.089739358286685
NGC2366,external_151,low_mass_dwarf,12,9.164462417029361e+19,2.97,48.1,5.552843854712079e-12,22.558552438962323,1.8601459161589963e-11,2.415430301630204e-11,47.0490384814014,67.6834321682165,-1.0509615185985979,19.583432168216497
NGC2366,external_151,low_mass_dwarf,13,9.905025036587288e+19,3.21,48.8,5.389671806610999e-12,23.105158338230577,1.8906788125404506e-11,2.4296459932015507e-11,49.05680828662353,69.81188212925193,0.2568082866235315,21.01188212925193
NGC2366,external_151,low_mass_dwarf,14,1.0614730880330303e+20,3.44,50.7,5.233298593847464e-12,23.56905941909898,1.91787387607171e-11,2.4412037354564565e-11,50.90453877202635,71.7092995589477,0.2045387720263463,21.009299558947703
NGC2366,external_151,low_mass_dwarf,15,1.1386150275703144e+20,3.69,52.1,5.108331072696134e-12,24.117260468751844,1.946078997592579e-11,2.4569121048621924e-11,52.89118115542046,73.79660627722309,0.7911811554204604,21.69660627722309
NGC2366,external_151,low_mass_dwarf,16,1.209585611944616e+20,3.92,53.0,5.022771010780585e-12,24.648471649846186,1.9730413284991485e-11,2.475318429577207e-11,54.71845719131645,75.7232598744488,1.7184571913164532,22.7232598744488
NGC2366,external_151,low_mass_dwarf,17,1.2836418739004088e+20,4.16,53.7,4.933490946173056e-12,25.165125795466,1.99904298182726e-11,2.4923920764445656e-11,56.56269826928197,77.63851615292774,2.862698269281964,23.938516152927733
NGC2366,external_151,low_mass_dwarf,18,1.3576981358562016e+20,4.4,51.2,4.844210881565528e-12,25.6456157726732,2.0233150724896838e-11,2.5077361606462366e-11,58.35022459707061,79.46294204922906,7.150224597070604,28.262942049229054
NGC2366,external_151,low_mass_dwarf,19,1.4317543978119943e+20,4.64,51.6,4.7549308169579985e-12,26.09193957618213,2.0457424248706546e-11,2.5212355065664542e-11,60.08152814672969,81.20207576893274,8.481528146729687,29.602075768932743
NGC2366,external_151,low_mass_dwarf,20,1.502724982186296e+20,4.87,51.5,4.676262288018368e-12,26.508746034961458,2.0648973125780344e-11,2.532523541379871e-11,61.6902455304438,82.825315297343,10.190245530443804,31.325315297342996
NGC2366,external_151,low_mass_dwarf,21,1.5767812441420887e+20,5.11,50.4,4.598397273626457e-12,26.92706180437872,2.082536522562001e-11,2.542376249924647e-11,63.31485754886828,84.46717489814701,12.914857548868284,34.06717489814701
NGC2366,external_151,low_mass_dwarf,22,1.6508375060978814e+20,5.35,48.5,4.520532259234546e-12,27.31787729870273,2.0988716570473144e-11,2.550924882970769e-11,64.8934701803386,86.04018591671898,16.393470180338596,37.54018591671898
NGC2366,external_151,low_mass_dwarf,23,1.724893768053674e+20,5.59,50.0,4.442667244842635e-12,27.68235727709121,2.11379525766242e-11,2.5580619821466836e-11,66.42578694528085,87.54759259452831,16.425786945280848,37.54759259452831
NGC2366,external_151,low_mass_dwarf,24,1.7958643524279756e+20,5.82,49.0,4.368046606050387e-12,28.00789029818186,2.1272153282529264e-11,2.564019988857965e-11,67.85743951036463,88.93327723038728,18.857439510364628,39.933277230387276
NGC2366,external_151,low_mass_dwarf,25,1.8699206143837684e+20,6.06,49.4,4.289440764377286e-12,28.321217681249433,2.1375584178022947e-11,2.5665024942400232e-11,69.27594041834999,90.3160750730949,19.87594041834999,40.916075073094895
NGC2403,calibration_24,bulge_rich_hsb,0,4.937084130386187e+18,0.16,24.5,1.064165773638433e-10,22.921334937412453,2.781497987973247e-12,1.0919807535181655e-10,23.218959599606713,36.25777011672951,-1.2810404003932874,11.75777011672951
NGC2403,calibration_24,bulge_rich_hsb,1,8.022761711877555e+18,0.26,35.3,1.0502346979798426e-10,29.02719883736281,3.224551255595258e-12,1.0824802105357952e-10,29.469443135138697,46.0299872921537,-5.8305568648613,10.729987292153702
NGC2403,calibration_24,bulge_rich_hsb,2,1.1108439293368922e+19,0.36000000000000004,43.2,1.0363036223212522e-10,33.92891963805206,3.675172967453147e-12,1.0730553519957837e-10,34.52530989878264,53.938254769422315,-8.674690101217365,10.738254769422312
NGC2403,calibration_24,bulge_rich_hsb,3,1.419411687486029e+19,0.46,52.0,1.0223725466626617e-10,38.09419301806822,4.134737253890054e-12,1.0637199192015623e-10,38.85687179285527,60.714696020083345,-13.143128207144727,8.714696020083345
NGC2403,calibration_24,bulge_rich_hsb,4,1.7279794456351658e+19,0.56,60.9,1.0084414710040713e-10,41.74405507399977,4.6048371048785064e-12,1.0544898420528564e-10,42.6864940314663,66.70454282327736,-18.213505968533696,5.804542823277366
NGC2403,calibration_24,bulge_rich_hsb,5,2.0365472037843026e+19,0.6600000000000001,65.8,9.945103953454809e-11,45.004081645726984,5.0872815327899554e-12,1.0453832106733805e-10,46.1407873207635,72.1035190320301,-19.659212679236497,6.30351903203011
NGC2403,calibration_24,bulge_rich_hsb,6,2.345114961933439e+19,0.76,71.7,9.805793196868906e-11,47.95384482979691,5.584100432361742e-12,1.036420324010508e-10,49.300353028035666,77.03540137769306,-22.399646971964337,5.33540137769306
NGC2403,calibration_24,bulge_rich_hsb,7,2.6536827200825758e+19,0.86,74.6,9.666482440283002e-11,50.64758376838983,6.097557403144724e-12,1.0276238180597474e-10,52.22056653015584,81.58440256859643,-22.37943346984415,6.984402568596437
NGC2403,calibration_24,bulge_rich_hsb,8,2.962250478231712e+19,0.96,74.6,9.527171683697097e-11,53.12425893716293,6.6301709387763505e-12,1.0190188777574733e-10,54.94168870688466,85.8109063756696,-19.658311293115332,11.210906375669609
NGC2403,calibration_24,bulge_rich_hsb,9,3.2708182363808494e+19,1.06,76.6,9.387860927111193e-11,55.41298288397992,7.1847446361866e-12,1.0106335390729854e-10,57.49433545922623,89.75995831491151,-19.105664540773766,13.15995831491152
NGC2403,calibration_24,bulge_rich_hsb,10,3.5793859945299857e+19,1.16,78.5,9.248550170525289e-11,57.53618943768012,7.774991005182968e-12,1.0026049271043585e-10,59.905843071641165,93.46621567521775,-18.594156928358835,14.966215675217754
NGC2403,calibration_24,bulge_rich_hsb,11,3.9188105284940366e+19,1.27,83.4,9.095308338280794e-11,59.70158295720004,8.425123529302046e-12,9.937820691210998e-11,62.405477608142334,97.29512487380524,-20.99452239185767,13.89512487380523
NGC2403,calibration_24,bulge_rich_hsb,12,4.19652151082826e+19,1.36,86.4,8.96992865735348e-11,61.35348283608579,9.023103386177114e-12,9.872238995971192e-11,64.3654125339306,100.2543387745468,-22.03458746606941,13.85433877454679
NGC2403,calibration_24,bulge_rich_hsb,13,4.535946044792309e+19,1.47,87.4,8.816686825108987e-11,63.23924077068413,9.761292030781502e-12,9.792816028187137e-11,66.64809459424492,103.67933180647181,-20.751905405755082,16.279331806471802
NGC2403,calibration_24,bulge_rich_hsb,14,4.8445138029414466e+19,1.57,90.3,8.677376068523082e-11,64.83646206979053,1.0485743901699833e-11,9.725950458693066e-11,68.64218909960788,106.62533308594527,-21.65781090039212,16.325333085945275
NGC2403,calibration_24,bulge_rich_hsb,15,5.153081561090583e+19,1.67,93.3,8.538065311937178e-11,66.33049594743777,1.1258795777674117e-11,9.66394488970459e-11,70.56847470261228,109.42449159805876,-22.73152529738772,16.124491598058768
NGC2403,calibration_24,bulge_rich_hsb,16,5.46164931923972e+19,1.77,93.3,8.398754555351274e-11,67.72817146483122,1.2087316462601516e-11,9.607486201611425e-11,72.43805662263176,112.08728130068211,-20.861943377368235,18.78728130068211
NGC2403,calibration_24,bulge_rich_hsb,17,5.7702170773888565e+19,1.87,95.2,8.25944379876537e-11,69.03534142551149,1.297931516340089e-11,9.557375315105458e-11,74.26178711708748,114.6226718042652,-20.938212882912524,19.422671804265192
NGC2403,calibration_24,bulge_rich_hsb,18,6.078784835537993e+19,1.97,97.2,8.120133042179466e-11,70.2570577233003,1.3951584695529143e-11,9.515291511732381e-11,76.05354018534719,117.03840016862864,-21.146459814652815,19.838400168628638
NGC2403,calibration_24,bulge_rich_hsb,19,6.418209369502044e+19,2.08,99.1,7.96689120993497e-11,71.50746521126875,1.5103164030919493e-11,9.47720761302692e-11,77.99147562307402,119.56547948903328,-21.10852437692597,20.465479489033285
NGC2403,calibration_24,bulge_rich_hsb,20,6.7267771276511805e+19,2.18,98.2,7.827580453349067e-11,72.56334416111068,1.6260099160291818e-11,9.45359036937825e-11,79.74471485366105,121.75075538255663,-18.45528514633895,23.55075538255663
NGC2403,calibration_24,bulge_rich_hsb,21,7.035344885800316e+19,2.28,98.2,7.688269696763163e-11,73.54565173535161,1.7525821358486075e-11,9.440851832611771e-11,81.49825069175643,123.83455084164008,-16.701749308243578,25.634550841640078
NGC2403,calibration_24,bulge_rich_hsb,22,7.31305586813454e+19,2.37,98.2,7.56289001583585e-11,74.36923907797127,1.8792576009753333e-11,9.442147616811183e-11,83.0969030932643,125.62689297416729,-15.1030969067357,27.426892974167288
NGC2403,calibration_24,bulge_rich_hsb,23,7.621623626283678e+19,2.4700000000000006,97.2,7.423579259249944e-11,75.21949685679162,2.034332002585886e-11,9.45791126183583e-11,84.9026736495986,127.52970653608638,-12.297326350401406,30.329706536086377
NGC2403,calibration_24,bulge_rich_hsb,24,7.930191384432814e+19,2.57,98.2,7.284268502664041e-11,76.00371262097772,2.2087996571373817e-11,9.493068159801423e-11,86.7651124200797,129.34255520790737,-11.4348875799203,31.142555207907364
NGC2403,calibration_24,bulge_rich_hsb,25,8.269615918396865e+19,2.68,98.2,7.087168206775858e-11,76.55596581528431,2.283911467377641e-11,9.371079674153499e-11,88.03137488756215,130.99253317960296,-10.168625112437851,32.792533179602955
NGC2403,calibration_24,bulge_rich_hsb,26,8.578183676546e+19,2.78,98.2,6.907279737763706e-11,76.97526505041834,2.352091572817158e-11,9.259371310580864e-11,89.12271754805455,132.38498948188698,-9.07728245194545,34.18498948188697
NGC2403,calibration_24,bulge_rich_hsb,27,8.886751434695138e+19,2.8800000000000003,99.1,6.727391268751555e-11,77.32053673464343,2.4217591091630264e-11,9.149150377914581e-11,90.16996464853138,133.68058187730549,-8.930035351468618,34.58058187730549
NGC2403,calibration_24,bulge_rich_hsb,28,9.195319192844273e+19,2.9799999999999995,100.0,6.547502799739403e-11,77.59276909586701,2.4930391978975193e-11,9.040541997636923e-11,91.17602170778538,134.88081420801376,-8.823978292214619,34.88081420801376
NGC2403,calibration_24,bulge_rich_hsb,29,9.50388695099341e+19,3.08,102.0,6.367614330727252e-11,77.79272893192356,2.5664927384060278e-11,8.93410706913328e-11,92.14594054710916,135.9868567937874,-9.854059452890837,33.98685679378741
NGC2403,calibration_24,bulge_rich_hsb,30,9.843311484957462e+19,3.1900000000000004,101.0,6.169737014813884e-11,77.92986796927394,2.6485307811300977e-11,8.818267795943983e-11,93.16703101057043,137.09572255505665,-7.832968989429574,36.09572255505665
NGC2403,calibration_24,bulge_rich_hsb,31,1.0151879243106597e+20,3.29,101.0,5.989848545801734e-11,77.97962498080949,2.725601640758668e-11,8.715450186560402e-11,94.06285018181836,138.0063743743503,-6.937149818181638,37.00637437435029
NGC2403,calibration_24,bulge_rich_hsb,32,1.0460447001255734e+20,3.39,103.0,5.809960076789582e-11,77.95818075267607,2.8047955594277835e-11,8.614755636217366e-11,94.92849664954191,138.8244849509888,-8.071503350458087,35.82448495098879
NGC2403,calibration_24,bulge_rich_hsb,33,1.0769014759404872e+20,3.49,107.0,5.63007160777743e-11,77.86547645822343,2.886236560518071e-11,8.516308168295501e-11,95.76651208017054,139.5499674041516,-11.233487919829457,32.5499674041516
NGC2403,calibration_24,bulge_rich_hsb,34,1.1077582517554007e+20,3.59,110.0,5.45018313876528e-11,77.70125703967337,2.9700478896705236e-11,8.420231028435804e-11,96.57939947751088,140.1824311187891,-13.420600522489124,30.18243111878911
NGC2403,calibration_24,bulge_rich_hsb,35,1.1386150275703144e+20,3.69,112.0,5.2702946697531274e-11,77.46506768024307,3.056351307383896e-11,8.326645977137024e-11,97.36962688038874,140.7211736949809,-14.630373119611264,28.721173694980905
NGC2403,calibration_24,bulge_rich_hsb,36,1.1694718033852282e+20,3.79,114.0,5.090406200740976e-11,77.1562474433788,3.145563598298522e-11,8.235969799039498e-11,98.14140030338368,141.16516804299167,-15.858599696616324,27.165168042991667
NGC2403,calibration_24,bulge_rich_hsb,37,1.2034142567816331e+20,3.9,118.0,4.8925288848276096e-11,76.73160373482031,3.245943862089047e-11,8.138472746916656e-11,98.96440841064167,141.5424817279867,-19.035591589358333,23.54248172798671
NGC2403,calibration_24,bulge_rich_hsb,38,1.2311853550150556e+20,3.99,118.0,4.730629262716672e-11,76.31698020927215,3.3412334871449555e-11,8.071862749861627e-11,99.68931339577574,141.76306494417153,-18.31068660422426,23.763064944171532
NGC2403,calibration_24,bulge_rich_hsb,39,1.379297878926641e+20,4.47,118.0,3.867164611458346e-11,73.03404648548965,3.8352899245170345e-11,7.70245453597538e-11,103.07268893358574,141.5196504629395,-14.927311066414262,23.519650462939495
NGC2403,calibration_24,bulge_rich_hsb,40,1.5335817580012093e+20,4.97,121.0,2.967722266397589e-11,67.46291374200604,4.424426915210099e-11,7.392149181607688e-11,106.4728375565201,138.3430446884971,-14.527162443479895,17.343044688497088
NGC2403,calibration_24,bulge_rich_hsb,41,1.6878656370757776e+20,5.47,124.0,2.474331425096889e-11,64.62460047967629,4.632049823657182e-11,7.106381248754071e-11,109.51993751701856,137.87419198133802,-14.480062482981438,13.874191981338015
NGC2403,calibration_24,bulge_rich_hsb,42,1.8390638385688547e+20,5.959999999999999,125.0,2.202882240805197e-11,63.64936032428264,4.585229913703063e-11,6.78811215450826e-11,111.73079967272167,139.3100853282475,-13.269200327278327,14.31008532824751
NGC2403,calibration_24,bulge_rich_hsb,43,1.9933477176434233e+20,6.46,126.0,1.9258932772422462e-11,61.95946230089189,4.492008414401486e-11,6.417901691643732e-11,113.10662973096625,139.71428546000698,-12.893370269033753,13.714285460006977
NGC2403,calibration_24,bulge_rich_hsb,44,2.1476315967179915e+20,6.96,126.0,1.6489043136792954e-11,59.50831037781403,4.3436509689966725e-11,5.992555282675968e-11,113.4451456438495,138.93131580817774,-12.5548543561505,12.931315808177743
NGC2403,calibration_24,bulge_rich_hsb,45,2.2988297982110686e+20,7.45,126.0,1.3774551293876036e-11,56.2719725719199,4.133595994646127e-11,5.51105112403373e-11,112.55651266538665,136.82234375866238,-13.443487334613351,10.822343758662385
NGC2403,calibration_24,bulge_rich_hsb,46,2.4531136772856368e+20,7.95,126.0,1.1809613984370751e-11,53.82408902018093,3.931474512983697e-11,5.112435911420772e-11,111.98833179645348,135.53941705631985,-14.01166820354652,9.539417056319849
NGC2403,calibration_24,bulge_rich_hsb,47,2.607397556360205e+20,8.45,127.0,1.0757833310041811e-11,52.96220188429993,3.80110215783604e-11,4.8768854888402215e-11,112.76515111616061,136.24969520579174,-14.23484888383939,9.249695205791738
NGC2403,calibration_24,bulge_rich_hsb,48,2.758595757853282e+20,8.94,128.0,9.727088249199447e-12,51.80067989950142,3.6587890561893014e-11,4.6314978811092464e-11,113.03287312695555,136.3856751299877,-14.96712687304445,8.385675129987703
NGC2403,calibration_24,bulge_rich_hsb,49,2.9128796369278504e+20,9.44,128.0,8.675307574870507e-12,50.26940100988496,3.496853423642147e-11,4.364384181129198e-11,112.75161111461455,135.90099702297323,-15.248388885385452,7.900997022973229
NGC2403,calibration_24,bulge_rich_hsb,50,3.067163516002419e+20,9.94,127.0,7.623526900541566e-12,48.35556180275863,3.315748860319383e-11,4.07810155037354e-11,111.84008355620368,134.70991332191255,-15.15991644379632,7.709913321912552
NGC2403,calibration_24,bulge_rich_hsb,51,3.218361717495496e+20,10.43,127.0,6.760392960284049e-12,46.64481739550948,3.152104388664742e-11,3.8281436846931473e-11,110.99707691596466,133.63815456124553,-16.002923084035345,6.638154561245528
NGC2403,calibration_24,bulge_rich_hsb,52,3.372645596570064e+20,10.93,128.0,6.297380796230736e-12,46.08560904700346,3.061086770198778e-11,3.6908248498218517e-11,111.56990713208933,134.2469625286658,-16.430092867910673,6.24696252866579
NGC2403,calibration_24,bulge_rich_hsb,53,3.5269294756446326e+20,11.43,130.0,5.834368632177422e-12,45.36232655034683,2.964075575940865e-11,3.547512439158607e-11,111.85627468713803,134.52920312861656,-18.143725312861974,4.529203128616558
NGC2403,calibration_24,bulge_rich_hsb,54,3.678127677137709e+20,11.919999999999998,130.0,5.380616711405174e-12,44.486621861284384,2.8627280988185166e-11,3.400789769959034e-11,111.84157982169738,134.46888953303568,-18.15842017830262,4.468889533035679
NGC2403,calibration_24,bulge_rich_hsb,55,3.832411556212278e+20,12.42,132.0,4.91760454735186e-12,43.41230758224367,2.7522060296808316e-11,3.2439664844160175e-11,111.49984144760593,134.03609785625935,-20.50015855239407,2.036097856259346
NGC2403,calibration_24,bulge_rich_hsb,56,3.9866954352868465e+20,12.92,133.0,4.481704192869656e-12,42.2695985881335,2.6413948293148444e-11,3.08956524860181e-11,110.98268186353089,133.40420008433532,-22.017318136469115,0.40420008433531507
NGC2403,calibration_24,bulge_rich_hsb,57,4.1409793143614145e+20,13.42,133.0,4.243032706605464e-12,41.91695440774789,2.5811034719898006e-11,3.005406742650347e-11,111.55862652685093,134.01796593130834,-21.44137347314907,1.0179659313083391
NGC2403,calibration_24,bulge_rich_hsb,58,4.292177515854492e+20,13.91,133.0,4.0091346500665555e-12,41.48242712649398,2.519205415814657e-11,2.920118880821312e-11,111.9538681952679,134.4255165689541,-21.0461318047321,1.4255165689540945
NGC2403,calibration_24,bulge_rich_hsb,59,4.44646139492906e+20,14.409999999999998,133.0,3.770463163802364e-12,40.94535248211853,2.452949967424357e-11,2.8299962838045933e-11,112.1760635061234,134.63502025655575,-20.8239364938766,1.6350202565557481
NGC2403,calibration_24,bulge_rich_hsb,60,4.6007452740036284e+20,14.91,134.0,3.5317916775381714e-12,40.3098919239423,2.3833513017647396e-11,2.736530469518557e-11,112.20552403872293,134.62517040316504,-21.794475961277072,0.6251704031650434
NGC2403,calibration_24,bulge_rich_hsb,61,4.751943475496706e+20,15.4,134.0,3.2978936209992625e-12,39.58712426432318,2.3116762767908913e-11,2.6414656388908176e-11,112.03613438741966,134.38937956014178,-21.963865612580335,0.38937956014177644
NGC2403,calibration_24,bulge_rich_hsb,62,4.9062273545712737e+20,15.9,133.0,3.1496676767674807e-12,39.31028582135415,2.2664934171910618e-11,2.58146018486781e-11,112.53990658310974,134.9230973830036,-20.46009341689026,1.9230973830036078
NGC2403,calibration_24,bulge_rich_hsb,63,5.0605112336458416e+20,16.4,134.0,3.007520724461583e-12,39.01229602517714,2.2217034318673055e-11,2.522455504313464e-11,112.98192074818905,135.38667880276006,-21.018079251810946,1.3866788027600592
NGC2403,calibration_24,bulge_rich_hsb,64,5.211709435138919e+20,16.89,134.0,2.8682167112018024e-12,38.66304708089309,2.1761307802311895e-11,2.4629524513513698e-11,113.29692197498775,135.70606329941376,-20.703078025012246,1.7060632994137563
NGC2403,calibration_24,bulge_rich_hsb,65,5.3659933142134876e+20,17.39,136.0,2.726069758895904e-12,38.24666273064226,2.1278013905978106e-11,2.400408366487401e-11,113.49262198906814,135.88920367269435,-22.50737801093186,-0.11079632730564981
NGC2403,calibration_24,bulge_rich_hsb,66,5.520277193288056e+20,17.89,136.0,2.5839228065900055e-12,37.76767154384246,2.077523083360227e-11,2.3359153640192273e-11,113.55571456094364,135.92187500175507,-22.444285439056358,-0.07812499824493102
NGC2403,calibration_24,bulge_rich_hsb,67,5.671475394781132e+20,18.38,135.0,2.4798600805482396e-12,37.502620480880125,2.040312237185037e-11,2.2882982452398608e-11,113.92114462995318,136.30646844510468,-21.078855370046824,1.3064684451046844
NGC2403,calibration_24,bulge_rich_hsb,68,5.825759273855701e+20,18.88,133.0,2.3845024078820768e-12,37.27135229133799,2.005469480494492e-11,2.2439197212826997e-11,114.33519198414103,136.74816431464097,-18.664808015858966,3.7481643146409738
NGC2403,calibration_24,bulge_rich_hsb,69,5.980043152930269e+20,19.38,134.0,2.289144735215914e-12,36.99889768613965,1.9695040698581324e-11,2.198418543379724e-11,114.65878840112019,137.0872496985704,-19.34121159887981,3.087249698570389
NGC2403,calibration_24,bulge_rich_hsb,70,6.131241354423346e+20,19.869999999999997,136.0,2.1956942160030747e-12,36.691049560929976,1.9331354115077385e-11,2.152704833108046e-11,114.88582548173233,137.31705525546565,-21.114174518267674,1.3170552554656467
NGC2403,calibration_24,bulge_rich_hsb,71,6.285525233497915e+20,20.37,135.0,2.100336543336912e-12,36.3341689625371,1.894810764255238e-11,2.1048444185889292e-11,115.02196618745465,137.44337892255675,-19.97803381254535,2.4433789225567466
NGC2403,calibration_24,bulge_rich_hsb,72,6.439809112572483e+20,20.87,134.0,2.0199793070529244e-12,36.066994813495725,1.8618548277090546e-11,2.063852758414347e-11,115.28580919022328,137.7216345363606,-18.714190809776724,3.7216345363605967
NGC2683,external_151,bulge_rich_hsb,0,8.917608210510052e+19,2.89,189.0,2.515072887148098e-10,149.76125877029446,2.0949525050071876e-11,2.724568137648817e-10,155.87376685764406,204.06132717795356,-33.12623314235594,15.061327177953558
NGC2683,external_151,bulge_rich_hsb,1,1.7804359645205188e+20,5.77,212.0,1.271362867488209e-10,150.45199145348462,4.26603078563813e-11,1.6979659460520218e-10,173.87120626722893,230.28918845237357,-38.12879373277107,18.289188452373565
NGC2683,external_151,bulge_rich_hsb,2,2.672196785571524e+20,8.66,206.0,6.498060380305812e-11,131.77289577414192,6.559453224578472e-11,1.3057513604884286e-10,186.79466235020803,229.4114679520184,-19.20533764979197,23.4114679520184
NGC2683,external_151,bulge_rich_hsb,3,3.5608719290410376e+20,11.54,200.0,3.3448363227105723e-11,109.13539191654066,6.986663501149182e-11,1.0331499823859754e-10,191.80497310464767,218.10973738427367,-8.195026895352328,18.10973738427367
NGC2683,external_151,bulge_rich_hsb,4,4.452632750092043e+20,14.43,172.0,1.83930677917745e-11,90.49727953055731,5.6606008114055794e-11,7.499907590583029e-11,182.74116712031227,206.16961562548263,10.74116712031227,34.169615625482635
NGC2683,external_151,bulge_rich_hsb,5,5.3413078935615563e+20,17.31,190.0,1.071463568923223e-11,75.65062338377159,4.389514441543848e-11,5.4609780104670706e-11,170.7886558114263,194.79742116576688,-19.21134418857369,4.7974211657668775
NGC2683,external_151,bulge_rich_hsb,6,6.233068714612561e+20,20.2,169.0,6.422288138281174e-12,63.26971097685506,3.413230202837739e-11,4.055459016665856e-11,158.99042335994127,183.45802132180668,-10.009576640058725,14.458021321806683
NGC2683,external_151,bulge_rich_hsb,7,7.121743858082075e+20,23.08,150.0,3.9636716708055585e-12,53.1302685641748,2.687104759048858e-11,3.083471926129414e-11,148.18804692511694,172.63787406052455,-1.8119530748830641,22.637874060524553
NGC2683,external_151,bulge_rich_hsb,8,8.902179822602595e+20,28.85,160.0,1.6950691168054814e-12,38.845604757221324,1.760251507549908e-11,1.929758419230456e-11,131.06889967559368,154.74857059046417,-28.931100324406316,-5.251429409535831
NGC2683,external_151,bulge_rich_hsb,9,9.793940643653599e+20,31.74,155.0,1.1606630973124684e-12,33.71567214569132,1.457342249321546e-11,1.573408559052793e-11,124.13649759671647,147.23738927821384,-30.863502403283533,-7.76261072178616
NGC2683,external_151,bulge_rich_hsb,10,1.0682615787123113e+21,34.62,151.0,8.134884907547041e-13,29.479119718843634,1.2205186237454104e-11,1.3018674728208809e-11,117.9294281250376,140.39044909534834,-33.0705718749624,-10.609550904651655
NGC2841,external_151,bulge_rich_hsb,0,1.0614730880330303e+20,3.44,285.0,1.5111480059245425e-10,126.65081682814684,1.8636276253850213e-11,1.6975107684630447e-10,134.2334532584851,187.9412721447195,-150.7665467415149,-97.0587278552805
NGC2841,external_151,bulge_rich_hsb,1,1.1633004482222454e+20,3.77,297.0,1.4835026079708993e-10,131.3681562933505,2.353196727296719e-11,1.7188222807005713e-10,141.40391541797405,195.57913668616177,-155.59608458202595,-101.42086331383823
NGC2841,external_151,bulge_rich_hsb,2,1.2743848411559346e+20,4.13,303.0,1.4533439920214703e-10,136.09259907934793,2.783877648563678e-11,1.731731756877838e-10,148.55614090011397,203.35290031655242,-154.44385909988603,-99.64709968344758
NGC2841,external_151,bulge_rich_hsb,3,1.379297878926641e+20,4.47,306.0,1.4248608547358983e-10,140.18942737249574,3.1505828755785463e-11,1.739919142293753e-10,154.9150342113261,210.21456151581145,-151.0849657886739,-95.78543848418855
NGC2841,external_151,bulge_rich_hsb,4,1.4811252391158563e+20,4.8,307.0,1.397215456782255e-10,143.85586805976973,3.484682245977194e-11,1.7456836813799744e-10,160.79726863366065,216.46954566779104,-146.20273136633935,-90.53045433220896
NGC2841,external_151,bulge_rich_hsb,5,1.5829525993050712e+20,5.13,304.0,1.3695700588286117e-10,147.2400925207924,3.810032552694048e-11,1.7505733140980164e-10,166.46544920269636,222.35812373175742,-137.53455079730364,-81.64187626824258
NGC2841,external_151,bulge_rich_hsb,6,1.6909513146572692e+20,5.48,308.0,1.3402491822111112e-10,150.54222386520698,4.147786286343426e-11,1.755027810845454e-10,172.26916682938912,228.23298560823878,-135.73083317061088,-79.76701439176122
NGC2841,external_151,bulge_rich_hsb,7,1.7989500300094672e+20,5.830000000000001,313.0,1.310928305593611e-10,153.56739610633133,4.488954701149838e-11,1.7598237757085949e-10,177.927935808921,233.75260732764062,-135.072064191079,-79.24739267235938
NGC2841,external_151,bulge_rich_hsb,8,1.900777390198682e+20,6.16,314.0,1.2832829076399675e-10,156.18050890141427,4.826854661113593e-11,1.7659683737513268e-10,183.2133389421321,238.65180102054364,-130.7866610578679,-75.34819897945636
NGC2841,external_151,bulge_rich_hsb,9,2.0087761055508798e+20,6.509999999999999,315.0,1.2539620310224672e-10,158.71134065295973,5.2012607518685654e-11,1.7740881062093236e-10,188.77885996306102,243.54273799431175,-126.22114003693898,-71.45726200568825
NGC2841,external_151,bulge_rich_hsb,10,2.1167748209030778e+20,6.86,317.0,1.2246411544049667e-10,161.00588685778268,5.5985042450430966e-11,1.7844915789092764e-10,194.35449164731787,248.13562157062788,-122.64550835268213,-68.86437842937212
NGC2841,external_151,bulge_rich_hsb,11,2.2155165035108014e+20,7.18,320.0,1.197833495783252e-10,162.90549034227885,5.991618613158923e-11,1.7969953570991443e-10,199.53127249595337,252.0859816406341,-120.46872750404663,-67.91401835936591
NGC2841,external_151,bulge_rich_hsb,12,2.3173438637000167e+20,7.51,316.0,1.1701880978296086e-10,164.67325854188462,6.429277430949377e-11,1.8131158409245463e-10,204.97836149564162,255.9209260339751,-111.02163850435838,-60.07907396602491
NGC2841,external_151,bulge_rich_hsb,13,2.422256901470723e+20,7.85,318.0,1.1381855760760405e-10,166.04149682548095,6.735132418795992e-11,1.8116988179556397e-10,209.48508217005332,259.3755930382821,-108.51491782994668,-58.62440696171791
NGC2841,external_151,bulge_rich_hsb,14,2.5333412944044127e+20,8.21,321.0,1.1005741459590898e-10,166.9769424654803,6.868146300106622e-11,1.787388775969752e-10,212.79252325490975,262.4729369326968,-108.20747674509025,-58.527063067303175
NGC2841,external_151,bulge_rich_hsb,15,2.6444256873381016e+20,8.57,323.0,1.0629627158421393e-10,167.65816146121918,6.994374885354686e-11,1.762400204377608e-10,215.88275456427888,265.2638297102126,-107.11724543572112,-57.736170289787424
NGC2841,external_151,bulge_rich_hsb,16,2.746253047527317e+20,8.9,321.0,1.028485571568268e-10,168.06194201118916,7.10667395497629e-11,1.739152967065897e-10,218.54414052819845,267.5568138550434,-102.45585947180155,-53.4431861449566
NGC2841,external_151,bulge_rich_hsb,17,2.8511660852980233e+20,9.24,323.0,9.929636653467036e-11,168.25885791154465,7.21760762433195e-11,1.7147244277798987e-10,221.11002089724713,269.6563307724545,-101.88997910275287,-53.34366922754549
NGC2841,external_151,bulge_rich_hsb,18,2.9622504782317126e+20,9.6,323.0,9.55352235229753e-11,168.22581893660293,7.327851889347632e-11,1.6881374241645164e-10,223.62213423657755,271.58983402462275,-99.37786576342245,-51.410165975377254
NGC2841,external_151,bulge_rich_hsb,19,3.0640778384209274e+20,9.93,322.0,9.208750909558818e-11,167.97716982232356,7.424384388391628e-11,1.6633135297950446e-10,225.75478123376885,273.100636455963,-96.24521876623115,-48.89936354403699
NGC2841,external_151,bulge_rich_hsb,20,3.1689908761916336e+20,10.269999999999998,321.0,8.853531847343175e-11,167.50152729543268,7.517305644273458e-11,1.6370837491616633e-10,227.76969650624957,274.3943132362354,-93.23030349375043,-46.605686763764595
NGC2841,external_151,bulge_rich_hsb,21,3.270818236380849e+20,10.6,323.0,8.508760404604461e-11,166.8250841461666,7.601254964852945e-11,1.6110015369457407e-10,229.5494109310609,275.3924239682647,-93.45058906893911,-47.60757603173528
NGC2841,external_151,bulge_rich_hsb,22,3.372645596570064e+20,10.93,322.0,8.163988961865749e-11,165.93444917401308,7.678318352832143e-11,1.5842307314697892e-10,231.15035800194116,276.1333434267602,-90.84964199805884,-45.86665657323982
NGC2841,external_151,bulge_rich_hsb,23,3.477558634340771e+20,11.27,321.0,7.808769899650103e-11,164.78912339140751,7.759943507247671e-11,1.5568713406897773e-10,232.68243108093543,276.622666450069,-88.31756891906457,-44.377333549930995
NGC2841,external_151,bulge_rich_hsb,24,3.798469102815873e+20,12.31,323.0,6.722217474049311e-11,159.7940404945856,7.922026444090867e-11,1.4644243918140177e-10,235.85102937480414,276.3126712781099,-87.14897062519586,-46.68732872189008
NGC2841,external_151,bulge_rich_hsb,25,4.4279473294401117e+20,14.35,319.0,4.5909031007554475e-11,142.57726720872586,7.800604362613405e-11,1.2391507463368852e-10,234.2412055556437,266.50156609815656,-84.75879444435631,-52.49843390184344
NGC2841,external_151,bulge_rich_hsb,26,5.0605112336458416e+20,16.4,308.0,3.2511826562731804e-11,128.26786953366363,7.173737497794994e-11,1.0424920154068175e-10,229.68549268406775,257.91258123201476,-78.31450731593225,-50.08741876798524
NGC2841,external_151,bulge_rich_hsb,27,5.7023321705960466e+20,18.48,299.0,2.6821609016486436e-11,123.67122703436705,6.619388383090194e-11,9.301549284738836e-11,230.30528374909446,259.2384459396858,-68.69471625090554,-39.76155406031421
NGC2841,external_151,bulge_rich_hsb,28,6.347238785127742e+20,20.57,299.0,2.110403465511489e-11,115.73778436000285,5.954032394691563e-11,8.064435860203052e-11,226.24522110324412,255.73088116870397,-72.75477889675588,-43.269118831296026
NGC2841,external_151,bulge_rich_hsb,29,6.945860235937068e+20,22.51,298.0,1.5796812520636038e-11,104.7484854027201,5.2102454073887735e-11,6.789926659452377e-11,217.1678650003708,246.92294057447123,-80.8321349996292,-51.07705942552877
NGC2841,external_151,bulge_rich_hsb,30,7.587681172887272e+20,24.59,296.0,1.2923369610751544e-11,99.02444561105253,4.738588303948854e-11,6.030925265024009e-11,213.91759649106208,244.28843823078105,-82.08240350893792,-51.711561769218946
NGC2841,external_151,bulge_rich_hsb,31,8.232587787418968e+20,26.68,293.0,1.1003897823569814e-11,95.17907061761373,4.3873768662027344e-11,5.487766648559716e-11,212.55239516678665,243.5888079766578,-80.44760483321335,-49.41119202334221
NGC2841,external_151,bulge_rich_hsb,32,8.877494401950663e+20,28.77,289.0,9.084426036388082e-12,89.80364206588175,3.999020178145731e-11,4.907462781784539e-11,208.7246352807293,240.20463449986724,-80.2753647192707,-48.79536550013276
NGC2841,external_151,bulge_rich_hsb,33,9.473030175178496e+20,30.7,289.0,7.311899457794427e-12,83.22610419907801,3.597749255079527e-11,4.32893920085897e-11,202.50474482404135,234.11826188111658,-86.49525517595865,-54.88173811888342
NGC2841,external_151,bulge_rich_hsb,34,1.0117936789710192e+21,32.79,288.0,6.5349223775864875e-12,81.31416330632857,3.407497382960053e-11,4.060989620718702e-11,202.70381418735315,234.82225986515152,-85.29618581264685,-53.17774013484848
NGC2841,external_151,bulge_rich_hsb,35,1.0762843404241889e+21,34.88,285.0,5.7689838935811905e-12,78.79763337068444,3.207139575152963e-11,3.784037964511082e-11,201.80933587854403,234.30659258895568,-83.19066412145597,-50.69340741104432
NGC2841,external_151,bulge_rich_hsb,36,1.1404664341192093e+21,36.96,283.0,5.006710187011327e-12,75.56444212491168,2.9926057950050957e-11,3.493276813706229e-11,199.59872121631582,232.31918811644837,-83.40127878368418,-50.68081188355163
NGC2841,external_151,bulge_rich_hsb,37,1.2003285792001418e+21,38.9,275.0,4.392342371641891e-12,72.61028906645043,2.8069361861506106e-11,3.2461704233147995e-11,197.39481077421908,230.25618363416484,-77.60518922578092,-44.74381636583516
NGC2841,external_151,bulge_rich_hsb,38,1.2648192406533114e+21,40.99,272.0,4.030187737332891e-12,71.39649146578334,2.6921644531262417e-11,3.095183226859531e-11,197.85973058405133,231.07567685379524,-74.14026941594867,-40.924323146204756
NGC2841,external_151,bulge_rich_hsb,39,1.329309902106481e+21,43.08,271.0,3.668033103023893e-12,69.82802249171905,2.5714757463718686e-11,2.938279056674258e-11,197.6330803582533,231.11574347241773,-73.3669196417467,-39.88425652758227
NGC2841,external_151,bulge_rich_hsb,40,1.3934919958015013e+21,45.16,274.0,3.3076112660082384e-12,67.8905724265553,2.4446565598219143e-11,2.775417686422738e-11,196.6601721507435,230.31143916666213,-77.3398278492565,-43.688560833337874
NGC2841,external_151,bulge_rich_hsb,41,1.453354140882434e+21,47.1,277.0,3.0500282495523554e-12,66.5790596681518,2.3498135243270796e-11,2.6548163492823153e-11,196.42780695491766,230.27909160826593,-80.57219304508234,-46.72090839173407
NGC2841,external_151,bulge_rich_hsb,42,1.5178448023356034e+21,49.19,281.0,2.8488848761910664e-12,65.75838426983375,2.2731283374849544e-11,2.5580168251040612e-11,197.04498324675058,231.1838888459223,-83.95501675324942,-49.8161111540777
NGC2841,external_151,bulge_rich_hsb,43,1.582026896030624e+21,51.27,286.0,2.648703911314758e-12,64.73268747179789,2.193751564084461e-11,2.4586219552159367e-11,197.22084221306358,231.5863391630541,-88.77915778693642,-54.413660836945894
NGC2841,external_151,bulge_rich_hsb,44,1.6465175574837935e+21,53.36,282.0,2.447560537953469e-12,63.48189819739849,2.1105791470605115e-11,2.3553352008558584e-11,196.92894053360436,231.45809594083252,-85.07105946639564,-50.54190405916748
NGC2841,external_151,bulge_rich_hsb,45,1.706379702564726e+21,55.3,283.0,2.3140535234963103e-12,62.83831604317934,2.0536218020137507e-11,2.2850271543633818e-11,197.46199522983935,232.22143991185303,-85.53800477016065,-50.778560088146975
NGC2841,external_151,bulge_rich_hsb,46,1.7705617962597464e+21,57.379999999999995,288.0,2.185727416924642e-12,62.20904645985397,1.9972286299267265e-11,2.2158013716191907e-11,198.07102909534458,233.07387139474164,-89.92897090465542,-54.926128605258356
NGC2841,external_151,bulge_rich_hsb,47,1.835052457712916e+21,59.470000000000006,287.0,2.0567843579175326e-12,61.43539037869012,1.938685576003916e-11,2.1443640117956692e-11,198.36885970526654,233.57174329950425,-88.63114029473346,-53.42825670049575
NGC2841,external_151,bulge_rich_hsb,48,1.8995431191660858e+21,61.56000000000001,289.0,1.9299376557116595e-12,60.54750031443585,1.8791099037511618e-11,2.072103669322328e-11,198.3948151353766,233.75748367570512,-90.6051848646234,-55.24251632429488
NGC2841,external_151,bulge_rich_hsb,49,1.963725212861106e+21,63.64,294.0,1.837948400361415e-12,60.07683092280625,1.8347375162976966e-11,2.018532356333838e-11,199.09402002844527,234.6913002124584,-94.90597997155473,-59.3086997875416
NGC2903,external_151,bulge_rich_hsb,0,9.874168260772375e+18,0.32,44.0,8.169109596711933e-10,89.81267321409824,1.3336515745427991e-11,8.302474754166213e-10,90.54282561498285,104.73978240221247,46.542825614982846,60.73978240221247
NGC2903,external_151,bulge_rich_hsb,1,1.974833652154475e+19,0.64,64.0,7.93292651013301e-10,125.16473238208526,1.6582633596667145e-11,8.098752846099681e-10,126.46616014159473,146.41934654037422,62.46616014159473,82.41934654037422
NGC2903,external_151,bulge_rich_hsb,2,2.962250478231712e+19,0.96,128.0,7.696743423554086e-10,150.99563532516387,1.943474367167578e-11,7.891090860270844e-10,152.89011634048552,177.20775082093166,24.89011634048552,49.207750820931665
NGC2903,external_151,bulge_rich_hsb,3,3.94966730430895e+19,1.28,148.0,7.460560336975162e-10,171.6587639323287,2.2016016056861826e-11,7.68072049754378e-10,174.17316275099398,202.13885878401626,26.17316275099398,54.138858784016264
NGC2903,external_151,bulge_rich_hsb,4,4.937084130386188e+19,1.6,157.0,7.224377250396237e-10,188.8580373583668,2.442341176120935e-11,7.468611368008331e-10,192.02385961389228,223.17894843550835,35.023859613892284,66.17894843550835
NGC2903,external_151,bulge_rich_hsb,5,5.924500956463424e+19,1.92,189.0,6.988194163817314e-10,203.47374033886484,2.673202361534017e-11,7.255514399970716e-10,207.32897048473632,241.3424484118343,18.328970484736317,52.34244841183431
NGC2903,external_151,bulge_rich_hsb,6,6.911917782540663e+19,2.24,195.0,6.75201107723839e-10,216.03088999649,2.9001016082872923e-11,7.04202123806712e-10,220.62155792312123,257.2339486271203,25.62155792312123,62.2339486271203
NGC2903,external_151,bulge_rich_hsb,7,7.8993346086179e+19,2.56,201.0,6.427296031766351e-10,225.32501410976198,3.160687061179976e-11,6.743364737884348e-10,230.79881813497963,269.8255972502937,29.798818134979626,68.8255972502937
NGC2903,external_151,bulge_rich_hsb,8,8.886751434695138e+19,2.8800000000000003,214.0,6.061081630563165e-10,232.08473856807464,3.4386618715222954e-11,6.404947817715394e-10,238.57740716218245,279.8437760218338,24.577407162182453,65.84377602183378
NGC2903,external_151,bulge_rich_hsb,9,9.874168260772376e+19,3.2,215.0,5.694867229359978e-10,237.13303701816628,3.7239177251636073e-11,6.067259001876339e-10,244.7634291846166,288.0852262048853,29.763429184616598,73.08522620488532
NGC2903,external_151,bulge_rich_hsb,10,1.0861585086849612e+20,3.52,215.0,5.328652828156792e-10,240.57767163913365,4.022593161723353e-11,5.730912144329128e-10,249.49306579720925,294.67861330220836,34.493065797209255,79.67861330220836
NGC2903,external_151,bulge_rich_hsb,11,1.1849001912926849e+20,3.84,216.0,4.962438426953606e-10,242.4869943187778,4.3726095844805526e-11,5.399699385401661e-10,252.94475354680554,299.70897444675614,36.94475354680554,83.70897444675614
NGC2903,external_151,bulge_rich_hsb,12,1.4811252391158563e+20,4.8,214.0,3.91985319843575e-10,240.95214267219546,5.438932940423501e-11,4.4637464924781005e-10,257.1257978310265,307.35717785128156,43.12579783102649,93.35717785128156
NGC2903,external_151,bulge_rich_hsb,13,1.7773502869390275e+20,5.760000000000001,210.0,3.2861614352926847e-10,241.67457396146207,6.107459866850815e-11,3.896907421977766e-10,263.1761677019218,316.1497790291857,53.17616770192183,106.14977902918571
NGC2903,external_151,bulge_rich_hsb,14,2.0735753347621985e+20,6.719999999999999,205.0,2.65246967214962e-10,234.5228280652915,6.906884416607416e-11,3.343158113810362e-10,263.2924268756563,316.90158593515605,58.292426875656304,111.90158593515605
NGC2903,external_151,bulge_rich_hsb,15,2.3698003825853697e+20,7.68,203.0,2.1862350335290214e-10,227.61679680723506,7.653221551268927e-11,2.951557188655914e-10,264.47308662507385,317.20440619151833,61.47308662507385,114.20440619151833
NGC2903,external_151,bulge_rich_hsb,16,2.6660254304085413e+20,8.64,201.0,1.7984959220283296e-10,218.97113655944665,8.3925484773367e-11,2.6377507697619996e-10,265.1850416457383,315.2668115073547,64.1850416457383,114.2668115073547
NGC2903,external_151,bulge_rich_hsb,17,2.9622504782317126e+20,9.6,201.0,1.4490194376973271e-10,207.18007921337306,9.154546275817281e-11,2.3644740652790554e-10,264.65381974646357,309.7377271486006,63.65381974646357,108.73772714860058
NGC2903,external_151,bulge_rich_hsb,18,3.258475526054884e+20,10.560000000000002,199.0,1.2199576918121097e-10,199.37909322675148,9.695811007163084e-11,2.1895387925284182e-10,267.10594468864997,307.4908279652655,68.10594468864997,108.49082796526551
NGC2903,external_151,bulge_rich_hsb,19,3.554700573878055e+20,11.520000000000001,197.0,9.908959459268928e-11,187.6789382866326,1.0121819274202182e-10,2.0030778733471109e-10,266.8396909365136,300.8983907663226,69.83969093651359,103.89839076632262
NGC2903,external_151,bulge_rich_hsb,20,3.850925621701226e+20,12.479999999999999,196.0,8.363716245640644e-11,179.46601121932906,1.0209693708467615e-10,1.8573409954108258e-10,267.44124639747713,297.249976029364,71.44124639747713,101.249976029364
NGC2903,external_151,bulge_rich_hsb,21,4.147150669524397e+20,13.439999999999998,193.0,7.003167535253673e-11,170.42062942208256,1.0055733091685009e-10,1.705890062693868e-10,265.9808849454391,292.2929672036688,72.98088494543907,99.29296720366881
NGC2903,external_151,bulge_rich_hsb,22,4.4433757173475685e+20,14.4,190.0,5.83466192482013e-11,161.0142699131918,9.675293469771997e-11,1.5509955394592126e-10,262.5196357941146,286.48007371483675,72.5196357941146,96.48007371483675
NGC2903,external_151,bulge_rich_hsb,23,4.7396007651707394e+20,15.36,188.0,5.005055902539705e-11,154.01937146151295,9.192260039829166e-11,1.419731594236887e-10,259.4024084387464,282.77865202094057,71.40240843874642,94.77865202094057
NGC2903,external_151,bulge_rich_hsb,24,5.035825812993911e+20,16.32,187.0,4.175449880259278e-11,145.00633878514418,8.575390535635606e-11,1.2750840415894885e-10,253.3989173294343,276.4739754370429,66.39891732943431,89.4739754370429
NGC2903,external_151,bulge_rich_hsb,25,5.3320508608170826e+20,17.28,188.0,3.628082530226366e-11,139.08673760790035,8.05558026860618e-11,1.1683662798832546e-10,249.59544123243037,273.18570970988094,61.595441232430375,85.18570970988094
NGC2903,external_151,bulge_rich_hsb,26,5.628275908640253e+20,18.24,186.0,3.104596913999016e-11,132.18747299611843,7.494902834004479e-11,1.0599499748003496e-10,244.24763883265385,268.44482447077115,58.24763883265385,82.44482447077115
NGC2903,external_151,bulge_rich_hsb,27,5.924500956463425e+20,19.2,185.0,2.668663527978011e-11,125.7398092251805,6.972612702597741e-11,9.641276230575751e-11,238.99738544505905,263.8645476117866,53.99738544505905,78.86454761178658
NGC2903,external_151,bulge_rich_hsb,28,6.220726004286596e+20,20.16,185.0,2.326720036149118e-11,120.30747206041471,6.521262963327298e-11,8.847982999476416e-11,234.6079238438648,260.16228929410113,49.607923843864796,75.16228929410113
NGC2903,external_151,bulge_rich_hsb,29,6.516951052109768e+20,21.120000000000005,181.0,1.9895251083773527e-11,113.8667543589374,6.038797777066332e-11,8.028322885443684e-11,228.73606465743254,254.9111425814798,47.736064657432536,73.9111425814798
NGC2903,external_151,bulge_rich_hsb,30,6.813176099932938e+20,22.08,178.0,1.7591728718909863e-11,109.4785575645663,5.68233177178641e-11,7.441504643677397e-11,225.16723026640182,251.90956527725956,47.167230266401816,73.90956527725956
NGC2903,external_151,bulge_rich_hsb,31,7.10940114775611e+20,23.040000000000003,177.0,1.528820635404618e-11,104.25449237351269,5.300675825994743e-11,6.82949646139936e-11,220.348882414386,247.57865529929205,43.348882414386,70.57865529929205
NGC2903,external_151,bulge_rich_hsb,32,7.405626195579281e+20,24.0,182.0,1.3413585014343735e-11,99.6674453163387,4.9676398379937334e-11,6.308998339428108e-11,216.15291663619757,243.80170459982853,34.152916636197574,61.801704599828525
NGC2903,external_151,bulge_rich_hsb,33,7.701851243402452e+20,24.959999999999997,180.0,1.1821533761806332e-11,95.41891557877409,4.665545447836106e-11,5.847698824016739e-11,212.2218331340967,240.2277915199356,32.2218331340967,60.22779151993561
NGC2915,calibration_24,low_mass_dwarf,0,1.049130377707065e+19,0.34,13.5,6.187976846776212e-11,25.479392627181873,5.983428182071979e-12,6.78631966498341e-11,26.68282989745452,44.797144407487224,13.182829897454521,31.297144407487224
NGC2915,calibration_24,low_mass_dwarf,1,2.0674039795992162e+19,0.67,31.3,5.5456689852912666e-11,33.86020987786566,9.305599557797986e-12,6.476228941071065e-11,36.59095719650681,60.871383178309685,5.290957196506806,29.571383178309684
NGC2915,calibration_24,low_mass_dwarf,2,3.085677581491367e+19,1.0,35.3,4.903361123806321e-11,38.89754682969799,1.4413775790157703e-11,6.344738702822092e-11,44.246828107468616,71.71929410048244,8.946828107468619,36.419294100482446
NGC2915,calibration_24,low_mass_dwarf,3,4.1348079591984325e+19,1.34,50.5,4.184086642165562e-11,41.59374321938578,2.1446224464132695e-11,6.32870908857883e-11,51.15466421638129,79.26961049573974,0.6546642163812919,28.76961049573974
NGC2915,calibration_24,low_mass_dwarf,4,5.183938336905496e+19,1.6799999999999997,61.0,3.361105454487627e-11,41.741781729941266,2.6934332931237307e-11,6.054538747611357e-11,56.023526777615764,83.3353156186821,-4.976473222384236,22.335315618682102
NGC2915,calibration_24,low_mass_dwarf,5,6.2022119387976475e+19,2.01,66.5,2.5623295958590434e-11,39.86491089990232,3.3449624211436264e-11,5.90729201700267e-11,60.52956060786993,84.40222868965402,-5.970439392130068,17.902228689654024
NGC2915,calibration_24,low_mass_dwarf,6,7.220485540689799e+19,2.34,74.4,1.7635537372304593e-11,35.68433025839491,4.147456899277617e-11,5.911010636508076e-11,65.33021263685751,82.06373437933554,-9.069787363142495,7.663734379335537
NGC2915,calibration_24,low_mass_dwarf,7,8.23875914258195e+19,2.6699999999999995,83.0,1.3800523076827768e-11,33.71930984934715,4.186339545771995e-11,5.566391853454772e-11,67.72013125640277,81.95169602615643,-15.279868743597234,-1.0483039738435735
NGC2915,calibration_24,low_mass_dwarf,8,9.287889520289014e+19,3.01,86.4,1.1642152532814025e-11,32.883282455243055,3.844498524759498e-11,5.0087137780409e-11,68.20585034232273,83.07731157712003,-18.194149657677272,-3.3226884228799776
NGC2915,calibration_24,low_mass_dwarf,9,1.033701989799608e+20,3.35,83.6,9.483781988800278e-12,31.310388551802628,3.478541021495393e-11,4.426919220375421e-11,67.64698963578647,82.92006290747604,-15.953010364213526,-0.6799370925239572
NGC2915,calibration_24,low_mass_dwarf,10,1.1355293499888232e+20,3.68,79.8,7.48519648658405e-12,29.15417688934025,3.1076016623216794e-11,3.856121310980084e-11,66.17204036249196,81.56536811557253,-13.627959637508042,1.765368115572528
NGC2915,calibration_24,low_mass_dwarf,11,1.2404423877595295e+20,4.02,82.8,6.700871310639872e-12,28.83061707393626,2.97040502770009e-11,3.6404921587640774e-11,67.19985703881487,82.77115815121134,-15.600142961185128,-0.028841848788658808
NGC2915,calibration_24,low_mass_dwarf,12,1.3422697479487445e+20,4.35,83.5,5.939614522223462e-12,28.235730710675064,2.823024862462659e-11,3.416986314685005e-11,67.72383154663173,83.38668452063173,-15.776168453368271,-0.1133154793682678
NGC2915,calibration_24,low_mass_dwarf,13,1.4440971081379598e+20,4.68,80.4,5.1783577338070514e-12,27.34602608843669,2.6596887683475242e-11,3.177524541728229e-11,67.73960438138926,83.4080685896853,-12.66039561861075,3.008068589685294
NGC2915,calibration_24,low_mass_dwarf,14,1.5490101459086662e+20,5.02,80.3,4.571700369120168e-12,26.611295075252414,2.520609998321904e-11,2.9777800352339207e-11,67.91620930868866,83.59174695319092,-12.383790691311333,3.2917469531909234
NGC2915,calibration_24,low_mass_dwarf,15,1.6508375060978814e+20,5.35,82.1,4.214494570821158e-12,26.3769704605314,2.4390914193663176e-11,2.8605408764484333e-11,68.71890690754022,84.46821481359099,-13.381093092459778,2.3682148135909955
NGC2915,calibration_24,low_mass_dwarf,16,1.755750543868588e+20,5.6899999999999995,82.4,3.846464354391875e-12,25.987365934612672,2.3478081091090043e-11,2.7324545445481918e-11,69.2640494967388,85.04612286128412,-13.1359505032612,2.6461228612841126
NGC2915,calibration_24,low_mass_dwarf,17,1.8606635816392943e+20,6.03,80.9,3.478434137962593e-12,25.440510454072786,2.2485358296181163e-11,2.5963792434143756e-11,69.50531132471326,85.2738757071923,-11.394688675286744,4.373875707192298
NGC2915,calibration_24,low_mass_dwarf,18,1.9624909418285095e+20,6.36,79.0,3.2424119703786106e-12,25.22539221012104,2.1845145456655855e-11,2.5087557427034466e-11,70.16701803779158,85.98205892671785,-8.832981962208422,6.982058926717855
NGC2915,calibration_24,low_mass_dwarf,19,2.0643183020177247e+20,6.69,81.4,3.0353306219510136e-12,25.03175694107052,2.126027724094354e-11,2.4295607862894556e-11,70.81939562720015,86.67818305622349,-10.580604372799854,5.278183056223483
NGC2915,calibration_24,low_mass_dwarf,20,2.1661456622069396e+20,7.02,79.7,2.828249273523417e-12,24.75156539591522,2.0637224142191584e-11,2.3465473415715002e-11,71.2949040612885,87.16962743565905,-8.405095938711497,7.469627435659049
NGC2915,calibration_24,low_mass_dwarf,21,2.2710586999776464e+20,7.36,77.5,2.624794028507728e-12,24.415284790663105,1.998812295190252e-11,2.2612916980410247e-11,71.6625856638127,87.53781566234234,-5.837414336187294,10.03781566234234
NGC2915,calibration_24,low_mass_dwarf,22,2.375971737748353e+20,7.7,79.9,2.4820726246233005e-12,24.28442794702778,1.9529002764851405e-11,2.2011075389474706e-11,72.31714391680595,88.2449195523721,-7.582856083194059,8.34491955237209
NGC2915,calibration_24,low_mass_dwarf,23,2.4777990979375677e+20,8.03,81.5,2.3435489090884154e-12,24.097392748826262,1.9059810539629564e-11,2.140335944871798e-11,72.82391415933844,88.78203615243547,-8.676085840661557,7.282036152435467
NGC2915,calibration_24,low_mass_dwarf,24,2.5827121357082742e+20,8.37,82.2,2.2008275052039877e-12,23.8413588251402,1.8549222802218034e-11,2.075005030742202e-11,73.20615189008097,89.17666053139618,-8.993848109919028,6.976660531396178
NGC2915,calibration_24,low_mass_dwarf,25,2.684539495897489e+20,8.7,82.0,2.0813128774737327e-12,23.63761117985125,1.810659866298649e-11,2.018791154046022e-11,73.61742040444652,89.61162818391921,-8.38257959555348,7.611628183919208
NGC2915,calibration_24,low_mass_dwarf,26,2.7863668560867043e+20,9.03,84.7,1.9799215236327795e-12,23.487843049337386,1.7720800495167405e-11,1.9700722018800184e-11,74.09010654207644,90.12250303940385,-10.609893457923562,5.42250303940385
NGC2915,calibration_24,low_mass_dwarf,27,2.8912798938574107e+20,9.37,86.1,1.8754577045239183e-12,23.286204398463003,1.7304586551808728e-11,1.9180044256332646e-11,74.46803094055187,90.52527811040248,-11.631969059448124,4.425278110402488
NGC2915,calibration_24,low_mass_dwarf,28,2.9931072540466256e+20,9.7,85.3,1.7740663506829653e-12,23.04337402245862,1.688267542177866e-11,1.8656741772461626e-11,74.72725683178099,90.79207641393961,-10.572743168219006,5.492076413939614
NGC2915,calibration_24,low_mass_dwarf,29,3.0980202918173324e+20,10.04,86.5,1.6897265295059657e-12,22.879700776084377,1.6522403073981473e-11,1.8212129603487438e-11,75.1142776499989,91.21509302199081,-11.385722350001103,4.7150930219908105
NGC2955,calibration_24,bulge_rich_hsb,0,2.3142581861185253e+19,0.75,169.0,1.0936750883170329e-10,50.30950731314704,2.2045376551317026e-11,1.3141288538302031e-10,55.147379426325436,79.17496598965485,-113.85262057367456,-89.82503401034515
NGC2955,calibration_24,bulge_rich_hsb,1,4.782800251311619e+19,1.55,203.0,1.0917899064930878e-10,72.26211344234702,2.6625537335900413e-11,1.358045279852092e-10,80.59317158276589,113.75969821979918,-122.40682841723411,-89.24030178020082
NGC2955,calibration_24,bulge_rich_hsb,2,7.097058437430144e+19,2.3,232.0,1.0900225485331392e-10,87.95427064705967,2.917802104602918e-11,1.381802758993431e-10,99.02896005501917,138.5052265924299,-132.97103994498082,-93.49477340757011
NGC2955,calibration_24,bulge_rich_hsb,3,9.442173399363584e+19,3.06,256.0,1.0882316258003913e-10,101.3670148987265,3.091341399641508e-11,1.3973657657645422e-10,114.86587771258827,159.67589206660594,-141.13412228741174,-96.32410793339406
NGC2955,calibration_24,bulge_rich_hsb,4,1.1879858688741764e+20,3.85,248.0,1.0863700087492455e-10,113.6042349018213,3.221456232808906e-11,1.408515632030136e-10,129.35596882015847,179.0095563801137,-118.64403117984153,-68.99044361988629
NGC2955,calibration_24,bulge_rich_hsb,5,1.4224973650675204e+20,4.61,253.0,1.0845790860164975e-10,124.20993889644288,3.323963085745331e-11,1.4169753945910307e-10,141.9733695159501,195.7816690919079,-111.02663048404989,-57.2183309080921
NGC2955,calibration_24,bulge_rich_hsb,6,1.653923183679373e+20,5.36,269.0,1.0828117280565491e-10,133.82404195781305,3.4119414233753976e-11,1.4240058703940888e-10,153.46648893945246,210.99992128875277,-115.53351106054754,-58.00007871124723
NGC2955,calibration_24,bulge_rich_hsb,7,1.8884346798727168e+20,6.12,268.0,1.0810208053238012e-10,142.87887102148446,3.492549329821115e-11,1.4302757383059127e-10,164.3466551529857,225.34641528384074,-103.6533448470143,-42.65358471615926
NGC2955,calibration_24,bulge_rich_hsb,8,2.1322032088105347e+20,6.91,260.0,1.0789572810271595e-10,151.67584437792326,3.5727399959715975e-11,1.4362312806243194e-10,174.99534122773775,239.30642051441907,-85.00465877226225,-20.693579485580926
NGC2955,calibration_24,bulge_rich_hsb,9,2.3636290274223872e+20,7.66,245.0,1.0737181033580759e-10,159.30697650655665,3.7106596249634715e-11,1.444784065854423e-10,184.79538837348872,251.5756103395126,-60.20461162651128,6.575610339512593
NGC2955,calibration_24,bulge_rich_hsb,10,2.598140523615731e+20,8.42,247.0,1.068409069986738e-10,166.60963058992536,3.8488947266253866e-11,1.4532985426492766e-10,194.31607850532518,263.35236010432965,-52.68392149467482,16.352360104329648
NGC2955,calibration_24,bulge_rich_hsb,11,2.7339103372013512e+20,8.86,267.0,1.0653354190875423e-10,170.6614049757638,3.931939283100358e-11,1.4585293473975783e-10,199.68696652415198,269.9025718736903,-67.31303347584802,2.902571873690306
NGC2955,calibration_24,bulge_rich_hsb,12,2.8419090525535493e+20,9.21,255.0,1.0628904695086366e-10,173.7998287447225,4.010932037584048e-11,1.4639836732670413e-10,203.97324466331858,274.9845020668542,-51.02675533668142,19.98450206685419
NGC2955,calibration_24,bulge_rich_hsb,13,3.338703143173659e+20,10.819999999999999,253.0,1.0516437014456706e-10,187.3799917684767,4.328221166653862e-11,1.4844658181110567e-10,222.6250366167571,297.063651992301,-30.374963383242914,44.063651992301004
NGC2955,calibration_24,bulge_rich_hsb,14,3.567043284204021e+20,11.56,271.0,1.0464743794788415e-10,193.20505706144368,4.487545223125899e-11,1.4952289017914314e-10,230.94471659864573,306.5823048477342,-40.055283401354274,35.58230484773418
NGC2955,calibration_24,bulge_rich_hsb,15,3.8262402010492954e+20,12.4,276.0,1.0406065004894679e-10,199.5397310223211,4.6807355485473215e-11,1.5086800553442001e-10,240.26177969621497,316.96946469248917,-35.73822030378503,40.96946469248917
NGC2955,calibration_24,bulge_rich_hsb,16,4.3724051329732674e+20,14.17,275.0,1.0248576427842912e-10,211.68591870686436,5.0684145894907694e-11,1.5316991017333682e-10,258.78966390854026,337.2314433978748,-16.210336091459737,62.231443397874784
NGC2955,calibration_24,bulge_rich_hsb,17,5.208623757557427e+20,16.88,275.0,9.849500649920714e-11,226.50020548611948,5.487657978540595e-11,1.5337158628461308e-10,282.6402108788317,363.55389685049096,7.640210878831681,88.55389685049096
NGC2955,calibration_24,bulge_rich_hsb,18,6.013985606326674e+20,19.49,276.0,9.465150915464279e-11,238.58600413123966,5.93308842667412e-11,1.53982393421384e-10,304.31035106679076,385.86539777007647,28.31035106679076,109.86539777007647
NGC2955,calibration_24,bulge_rich_hsb,19,6.847118553329344e+20,22.19,267.0,8.959299025764376e-11,247.68000037172314,6.306326821913639e-11,1.5265625847678015e-10,323.30411375332073,404.8125620144335,56.304113753320735,137.81256201443352
NGC2955,calibration_24,bulge_rich_hsb,20,7.652480402098591e+20,24.8,257.0,8.397353062780918e-11,253.49670558497115,6.589155506370837e-11,1.4986508569151756e-10,338.65020762036517,419.54000325681784,81.65020762036517,162.54000325681784
NGC2955,calibration_24,bulge_rich_hsb,21,8.488699026682751e+20,27.51,254.0,7.813607834026394e-11,257.54099715497836,6.882316215427805e-11,1.4695924049454198e-10,353.19863557891256,432.26776921873744,99.19863557891256,178.26776921873744
NGC2955,calibration_24,bulge_rich_hsb,22,9.294060875451998e+20,30.12,248.0,7.235886796347105e-11,259.3275387866266,7.051139724124743e-11,1.4287026520471848e-10,364.396067775796,441.90413887402116,116.39606777579598,193.90413887402116
NGC2955,calibration_24,bulge_rich_hsb,23,1.0932555671223914e+21,35.43,227.0,6.085436418732383e-11,257.93288357920795,7.295575179600815e-11,1.3381011598333197e-10,382.4769983097945,455.0231934539718,155.4769983097945,228.02319345397183
NGC2976,external_151,bulge_rich_hsb,0,3.394245339640504e+18,0.11,6.8,5.3385976959886607e-11,13.461244500351757,1.0045167603014632e-12,5.439049372018807e-11,13.587298474328678,24.38883877495794,6.787298474328678,17.58883877495794
NGC2976,external_151,bulge_rich_hsb,1,5.245651888535325e+18,0.17,9.5,5.3167541092854725e-11,16.700251864643025,1.0585766491195147e-12,5.422611774197424e-11,16.86568519038364,30.28267077163242,7.3656851903836404,20.78267077163242
NGC2976,external_151,bulge_rich_hsb,2,7.40562619557928e+18,0.24,14.0,5.2912699247984194e-11,19.79524366179108,1.10665499300092e-12,5.401935424098511e-11,20.001178586156268,35.930248967586216,6.001178586156268,21.930248967586216
NGC2976,external_151,bulge_rich_hsb,3,9.565600502623238e+18,0.31,19.8,5.265785740311367e-11,22.443351515366125,1.1496222444680057e-12,5.3807479647581676e-11,22.687019512527353,40.777217989706024,2.8870195125273526,20.977217989706023
NGC2976,external_151,bulge_rich_hsb,4,1.1725574809667195e+19,0.38,26.1,5.240301555824314e-11,24.78821250474374,1.1878794016494971e-12,5.3590894959892635e-11,25.06758959232494,45.08249128171482,-1.0324104076750622,18.98249128171482
NGC2976,external_151,bulge_rich_hsb,5,1.3885549116711152e+19,0.45,28.7,5.214817371337261e-11,26.90921826147725,1.2217953648230595e-12,5.3369969078195665e-11,27.22262527737987,48.98903959164183,-1.4773747226201301,20.289039591641828
NGC2976,external_151,bulge_rich_hsb,6,1.604552342375511e+19,0.52,28.7,5.1884029503490944e-11,28.853187184729958,1.2583828394746422e-12,5.3142412342965587e-11,29.200990086706085,52.58297514529493,0.5009900867060857,23.88297514529493
NGC2976,external_151,bulge_rich_hsb,7,1.8205497730799065e+19,0.59,31.7,5.137414781789846e-11,30.582542921092845,1.4843188674615602e-12,5.285846668536002e-11,31.021197515470607,55.848002263093825,-0.6788024845293918,24.148002263093826
NGC2976,external_151,bulge_rich_hsb,8,2.0365472037843026e+19,0.6600000000000001,35.5,5.086426613230598e-11,32.185008771831704,1.7413355499166698e-12,5.260560168222265e-11,32.7312986313286,58.89522569247363,-2.768701368671401,23.39522569247363
NGC2976,external_151,bulge_rich_hsb,9,2.252544634488698e+19,0.73,39.4,5.03543844467135e-11,33.67870224762612,2.0350729518675147e-12,5.2389457398581013e-11,34.352524094591345,61.75670844015275,-5.047475905408653,22.35670844015275
NGC2976,external_151,bulge_rich_hsb,10,2.468542065193094e+19,0.8,42.9,4.984450276112102e-11,35.07752154649193,2.372474963074056e-12,5.2216977724195077e-11,35.90261912861321,64.45701016971731,-6.997380871386788,21.55701016971731
NGC2976,external_151,bulge_rich_hsb,11,2.6845394958974894e+19,0.87,46.0,4.9334621075528535e-11,36.392408383122024,2.7621855218156137e-12,5.209680659734415e-11,37.3973174065605,67.0154384873241,-8.602682593439503,21.015438487324104
NGC2976,external_151,bulge_rich_hsb,12,2.900536926601885e+19,0.94,49.1,4.882473938993606e-11,37.63216171471194,3.215103659499597e-12,5.2039843049435656e-11,38.85144610171603,69.44749848039967,-10.248553898283973,20.347498480399672
NGC2976,external_151,bulge_rich_hsb,13,3.1165343573062808e+19,1.01,49.2,4.831485770434357e-11,38.80398355890163,3.745179464734974e-12,5.206003716907855e-11,40.2798826314173,71.76586427428248,-8.920117368582702,22.565864274282475
NGC2976,external_151,bulge_rich_hsb,14,3.3325317880106766e+19,1.08,51.4,4.769948732374019e-11,39.869795306494424,4.199966955048417e-12,5.189945427878861e-11,41.5880489040385,73.93325471183286,-9.811951095961497,22.53325471183286
NGC2976,external_151,bulge_rich_hsb,15,3.517672442900158e+19,1.14,57.2,4.7122126011054785e-11,40.71365914775484,4.564103565904691e-12,5.168622957695948e-11,42.6397966060207,75.68919073161877,-14.5602033939793,18.489190731618763
NGC2976,external_151,bulge_rich_hsb,16,3.733669873604554e+19,1.21,63.8,4.6448537812921797e-11,41.64414800486235,5.02210180630681e-12,5.147063961922861e-11,43.83769799173661,77.65106804565103,-19.962302008263386,13.851068045651033
NGC2976,external_151,bulge_rich_hsb,17,3.980524080123864e+19,1.29,67.8,4.567872272934125e-11,42.640972757835165,5.5750070804249994e-12,5.125372980976625e-11,45.16820847719521,79.78689095516035,-22.63179152280479,11.986890955160348
NGC2976,external_151,bulge_rich_hsb,18,4.165664735013346e+19,1.35,69.8,4.510136141665583e-11,43.34479792944647,6.0493455270178955e-12,5.115070694367373e-11,46.160231377914904,81.31920314525111,-23.639768622085093,11.519203145251112
NGC2976,external_151,bulge_rich_hsb,19,4.381662165717741e+19,1.42,71.7,4.442777321852286e-11,44.1211392666474,6.6466455909735645e-12,5.1074418809496424e-11,47.306537448178666,83.03612969834246,-24.393462551821337,11.33612969834246
NGC2976,external_151,bulge_rich_hsb,20,4.597659596422137e+19,1.4899999999999998,74.1,4.3754185020389876e-11,44.85162746686292,7.30886949290292e-12,5.10630545132928e-11,48.45312607104595,84.6809437876241,-25.646873928954044,10.580943787624108
NGC2976,external_151,bulge_rich_hsb,21,4.8136570271265325e+19,1.5599999999999998,76.7,4.306119704344469e-11,45.52821474038465,8.018116814682836e-12,5.107931385812753e-11,49.58611681650191,86.24616095811773,-27.113883183498096,9.546160958117724
NGC2976,external_151,bulge_rich_hsb,22,5.029654457830928e+19,1.63,79.9,4.221031642227801e-11,46.07638290488573,8.571526236282642e-12,5.078184265856065e-11,50.5386111111592,87.65068413089047,-29.361388888840807,7.750684130890463
NGC2976,external_151,bulge_rich_hsb,23,5.369078991794979e+19,1.74,83.6,4.0873218303301785e-11,46.84565483791508,9.520234638772234e-12,5.039345294207402e-11,52.0160003763552,89.71916888210532,-31.583999623644793,6.119168882105328
NGC2976,external_151,bulge_rich_hsb,24,5.955357732278338e+19,1.93,83.9,3.856368518870649e-11,47.92291109414273,1.1326419937039651e-11,4.9890105125746146e-11,54.508111627976206,92.91621507023572,-29.3918883720238,9.016215070235717
NGC2976,external_151,bulge_rich_hsb,25,6.4799229211318714e+19,2.1,88.7,3.6511441067217844e-11,48.640654174776515,1.3189205702815547e-11,4.970064677003339e-11,56.750009709269484,95.40833325568286,-31.94999029073052,6.708333255682859
NGC2976,external_151,bulge_rich_hsb,26,7.004488109985404e+19,2.27,85.3,3.452480554038154e-11,49.17607039070535,1.4678297428078343e-11,4.9203102968459884e-11,58.70626454791386,97.6158041845052,-26.593735452086136,12.315804184505197
NGC2998,external_151,bulge_rich_hsb,0,1.0182736018921513e+19,0.33000000000000007,90.0,1.465496101277631e-10,38.6299882682726,2.046143496362066e-11,1.6701104509138376e-10,41.23868795693866,57.63652076464052,-48.76131204306134,-32.36347923535948
NGC2998,external_151,bulge_rich_hsb,1,3.0548208056764535e+19,0.99,125.0,1.4326108947824086e-10,66.15413492609561,2.5976263395811796e-11,1.6923735287405265e-10,71.90200182590634,99.10240743832279,-53.09799817409366,-25.897592561677214
NGC2998,external_151,bulge_rich_hsb,2,6.109641611352907e+19,1.98,148.0,1.3832830850395752e-10,91.93129987462599,3.0187907747509324e-11,1.6851621625146685e-10,101.46791054307302,138.5839887449966,-46.53208945692698,-9.416011255003411
NGC2998,external_151,bulge_rich_hsb,3,8.14618881513721e+19,2.6400000000000006,180.0,1.3503978785443528e-10,104.88372654603297,3.302499086902849e-11,1.6806477872346376e-10,117.00800915559545,158.79515502741233,-62.991990844404555,-21.204844972587665
NGC2998,external_151,bulge_rich_hsb,4,1.1201009620813662e+20,3.63,201.0,1.301070068801519e-10,120.71991698969357,3.7464473963019834e-11,1.6757148084317174e-10,137.00254629379555,184.00549566561068,-63.99745370620445,-16.99450433438932
NGC2998,external_151,bulge_rich_hsb,5,2.3420292843519476e+20,7.59,206.0,1.0997330176678993e-10,160.48697555711362,5.2524384483810296e-11,1.6249768625060024e-10,195.08314633466946,252.307275768212,-10.916853665330535,46.30727576821201
NGC2998,external_151,bulge_rich_hsb,6,3.857096976864209e+20,12.5,214.0,7.402493513648669e-11,168.97377119763647,6.610282502899257e-11,1.4012776016547925e-10,232.48362525326874,286.64480516421116,18.48362525326874,72.64480516421116
NGC2998,external_151,bulge_rich_hsb,7,5.39376441244691e+20,17.48,212.0,4.747637154417441e-11,160.02386174164,7.292089749435131e-11,1.2039726903852572e-10,254.83220069210174,297.0319050680582,42.832200692101736,85.03190506805822
NGC2998,external_151,bulge_rich_hsb,8,6.93043184802961e+20,22.46,213.0,3.0035551066878293e-11,144.27728154044667,6.823397436992794e-11,9.826952543680623e-11,260.96939452318884,295.09609611367733,47.96939452318884,82.09609611367733
NGC2998,external_151,bulge_rich_hsb,9,8.467099283612311e+20,27.44,214.0,2.0734758528533585e-11,132.5002864460379,5.958357152824108e-11,8.031833005677467e-11,260.7802283311858,293.9163341461339,46.78022833118581,79.91633414613392
NGC2998,external_151,bulge_rich_hsb,10,9.972909943380098e+20,32.32,213.0,1.4019544224999653e-11,118.24366875361915,5.0119299653451545e-11,6.41388438784512e-11,252.9132091987901,286.3560019184207,39.9132091987901,73.3560019184207
NGC2998,external_151,bulge_rich_hsb,11,1.1509577378962798e+21,37.3,213.0,9.325816478720742e-12,103.60318836012856,4.125312424923193e-11,5.057894072795267e-11,241.27623837716473,275.44097974997095,28.27623837716473,62.44097974997095
NGC2998,external_151,bulge_rich_hsb,12,1.3046244814545502e+21,42.28,203.0,6.8186085265357845e-12,94.31714379249046,3.538574069161272e-11,4.22043492181485e-11,234.65043621066155,269.67909019617593,31.650436210661553,66.67909019617593
NGC3109,external_151,low_mass_dwarf,0,8.022761711877555e+18,0.26,6.1,3.1457996262945918e-12,5.023743703163506,5.414997138498706e-12,8.560796764793298e-12,8.287414102586458,17.247854631387977,2.187414102586459,11.147854631387977
NGC3109,external_151,low_mass_dwarf,1,1.604552342375511e+19,0.52,11.2,3.136575126145664e-12,7.0942222728737425,6.7321227935065625e-12,9.868697919652227e-12,12.583657005487042,24.3734567407029,1.3836570054870432,13.1734567407029
NGC3109,external_151,low_mass_dwarf,2,2.3759717377483526e+19,0.77,14.9,3.1277054144640026e-12,8.620521833838696,7.880497632622427e-12,1.100820304708643e-11,16.172562976619584,29.63737698465597,1.272562976619584,14.737376984655969
NGC3109,external_151,low_mass_dwarf,3,3.178247908936108e+19,1.03,19.1,3.1184115039296838e-12,9.955443155162316,8.910646181281826e-12,1.202905768521151e-11,19.552832898200535,34.251188716668246,0.4528328982005334,15.151188716668244
NGC3109,external_151,low_mass_dwarf,4,3.980524080123864e+19,1.29,24.3,3.1071182357088502e-12,11.121132566888615,1.0111314218263903e-11,1.3218432453972753e-11,22.9382407094636,38.29487205494344,-1.3617592905364013,13.994872054943439
NGC3109,external_151,low_mass_dwarf,5,4.782800251311619e+19,1.55,29.8,3.095824967488017e-12,12.16828354063073,1.1218645883792497e-11,1.4314470851280515e-11,26.16548390244241,41.9371470317074,-3.63451609755759,12.137147031707396
NGC3109,external_151,low_mass_dwarf,6,5.585076422499375e+19,1.81,34.3,3.0845316992671836e-12,13.125298193956997,1.223592447217525e-11,1.5320456171442433e-11,29.251652696054315,45.27496355712698,-5.0483473039456825,10.974963557126983
NGC3109,external_151,low_mass_dwarf,7,6.356495817872216e+19,2.06,38.2,3.0728022483371562e-12,13.975784285936685,1.3161382188295888e-11,1.6234184436633044e-11,32.12359342882178,48.252592058403835,-6.076406571178225,10.052592058403832
NGC3109,external_151,low_mass_dwarf,8,7.1587719890599715e+19,2.32,42.5,3.04853582307956e-12,14.772871372183484,1.3869755430660502e-11,1.691829125374006e-11,34.801463982141996,51.10137536454219,-7.698536017858004,8.601375364542193
NGC3109,external_151,low_mass_dwarf,9,7.961048160247728e+19,2.58,42.3,3.024269397821964e-12,15.516557068378297,1.4519099901663644e-11,1.7543369299485608e-11,37.37159454535174,53.77655515375944,-4.9284054546482565,11.476555153759442
NGC3109,external_151,low_mass_dwarf,10,8.763324331435481e+19,2.84,47.3,3.0000029725643677e-12,16.214191020168748,1.511760064955675e-11,1.8117603622121117e-11,39.8460081625547,56.30275961909826,-7.453991837445294,9.002759619098263
NGC3109,external_151,low_mass_dwarf,11,9.565600502623239e+19,3.1,49.3,2.971811252325436e-12,16.86035563354035,1.5644318464039117e-11,1.861612971636455e-11,42.19886962606417,58.678904903999815,-7.101130373935824,9.378904903999818
NGC3109,external_151,low_mass_dwarf,12,1.033701989799608e+20,3.35,50.6,2.9213474358040354e-12,17.377579397852323,1.5992722739053445e-11,1.891407017485748e-11,44.21709168970704,60.727349962305695,-6.382908310292962,10.127349962305694
NGC3109,external_151,low_mass_dwarf,13,1.1139296069183835e+20,3.61,53.0,2.8688650666217784e-12,17.876559333283016,1.6310004035538292e-11,1.917886910216007e-11,46.221110025732074,62.7427582105848,-6.778889974267926,9.742758210584803
NGC3109,external_151,low_mass_dwarf,14,1.194157224037159e+20,3.87,54.7,2.8163826974395215e-12,18.339039625347517,1.6591124074573367e-11,1.940750677201289e-11,48.14105774944011,64.65118002273175,-6.558942250559895,9.951180022731748
NGC3109,external_151,low_mass_dwarf,15,1.2743848411559346e+20,4.13,55.2,2.762122222566079e-12,18.76168086781712,1.6821230211061627e-11,1.9583352433627705e-11,49.95670873909663,66.45010849449241,-5.243291260903376,11.250108494492409
NGC3109,external_151,low_mass_dwarf,16,1.3515267806932188e+20,4.38,57.5,2.7017566326458946e-12,19.10888914598768,1.6953661223063395e-11,1.965541785570929e-11,51.5410745112156,68.03924838007968,-5.958925488784402,10.539248380079684
NGC3109,external_151,low_mass_dwarf,17,1.4317543978119943e+20,4.64,59.1,2.6389764191289027e-12,19.43801968774071,1.7060685324627918e-11,1.9699661743756823e-11,53.1084525636292,69.60245659646121,-5.9915474363708014,10.502456596461208
NGC3109,external_151,low_mass_dwarf,18,1.51198201493077e+20,4.9,61.2,2.5761962056119104e-12,19.736165609910405,1.714183893407527e-11,1.971803513968718e-11,54.60157003326914,71.07944539774431,-6.598429966730862,9.879445397744306
NGC3109,external_151,low_mass_dwarf,19,1.5922096320495455e+20,5.16,62.7,2.513042753892723e-12,20.003226935922886,1.719094037891745e-11,1.9703983132810173e-11,56.01149144041974,72.47174175257021,-6.688508559580264,9.771741752570207
NGC3109,external_151,low_mass_dwarf,20,1.672437249168321e+20,5.42,64.4,2.4484526313158766e-12,20.235818202970844,1.7186411144306676e-11,1.9634863775622552e-11,57.30451776317195,73.77432105759875,-7.095482236828055,9.374321057598749
NGC3109,external_151,low_mass_dwarf,21,1.749579188705605e+20,5.67,66.6,2.3863467442227557e-12,20.43306780864663,1.716706692375501e-11,1.9553413667977763e-11,58.489525234562834,74.9547610972825,-8.11047476543716,8.354761097282505
NGC3109,external_151,low_mass_dwarf,22,1.8298068058243806e+20,5.93,66.3,2.3217566216459095e-12,20.611564879347483,1.7126168300917177e-11,1.9447924922563085e-11,59.653956601777494,76.10998589921915,-6.646043398222503,9.809985899219157
NGC3109,external_151,low_mass_dwarf,23,1.9100344229431565e+20,6.19,66.2,2.2576434091391296e-12,20.765781050050773,1.7064178376731554e-11,1.9321821785870685e-11,60.749769320538185,77.1976989963974,-5.450230679461818,10.997698996397403
NGC3109,external_151,low_mass_dwarf,24,1.9902620400619317e+20,6.449999999999999,67.3,2.1950423108135524e-12,20.901457814090474,1.6976980932609584e-11,1.9172023243423135e-11,61.77163596066572,78.22975521739845,-5.528364039334278,10.929755217398451
NGC3198,external_151,bulge_rich_hsb,0,9.874168260772375e+18,0.32,24.4,8.579757751097355e-11,29.10635182756528,1.2622741609056526e-11,9.842031912003008e-11,31.17400826441941,47.97106469864612,6.774008264419411,23.57106469864612
NGC3198,external_151,bulge_rich_hsb,1,1.974833652154475e+19,0.64,43.3,8.423174083142217e-11,40.785251791970914,1.5619603659881337e-11,9.985134449130351e-11,44.406057617660174,67.45984771274135,1.106057617660177,24.159847712741353
NGC3198,external_151,bulge_rich_hsb,2,2.962250478231712e+19,0.96,45.5,8.266590415187081e-11,49.48505977639475,1.817025438360352e-11,1.0083615853547434e-10,54.65363289340953,82.14857884633821,9.15363289340953,36.64857884633821
NGC3198,external_151,bulge_rich_hsb,3,3.94966730430895e+19,1.28,58.5,8.110006747231943e-11,56.59666817690506,2.0451620238552988e-11,1.0155168771087243e-10,63.33209144257165,94.30506087008476,4.832091442571652,35.80506087008476
NGC3198,external_151,bulge_rich_hsb,4,4.967940906201101e+19,1.61,68.8,7.948529839653207e-11,62.8393400144951,2.2585074405684618e-11,1.0207037280221669e-10,71.2095204558582,105.11919608782273,2.4095204558581997,36.31919608782273
NGC3198,external_151,bulge_rich_hsb,5,5.955357732278338e+19,1.93,76.9,7.791946171698071e-11,68.12035443471994,2.4567722736347618e-11,1.0248718445332832e-10,78.12476216882615,114.39836058417511,1.224762168826146,37.4983605841751
NGC3198,external_151,bulge_rich_hsb,6,6.911917782540663e+19,2.24,82.0,7.64025574336653e-11,72.66967698822774,2.6489986638842514e-11,1.0289254407250782e-10,84.331773671945,122.51036006476701,2.331773671945001,40.51036006476701
NGC3198,external_151,bulge_rich_hsb,7,7.930191384432814e+19,2.57,86.9,7.478778835787796e-11,77.01178318260321,2.8514221383837347e-11,1.033020097417153e-10,90.50992805479106,130.37774047548257,3.6099280547910553,43.47774047548256
NGC3198,external_151,bulge_rich_hsb,8,8.917608210510052e+19,2.89,97.6,7.322195167832658e-11,80.80622980168145,3.053158525185534e-11,1.0375353693018192e-10,96.18905305688628,137.3742829708029,-1.4109469431137143,39.774282970802915
NGC3198,external_151,bulge_rich_hsb,9,9.905025036587288e+19,3.21,100.0,7.16561149987752e-11,84.24699478838674,3.262754187198469e-11,1.0428365687075989e-10,101.6332736957614,143.83798075674648,1.6332736957614031,43.837980756746475
NGC3198,external_151,bulge_rich_hsb,10,1.092329863847944e+20,3.54,107.0,7.004134592298784e-11,87.4689967107112,3.487409783785691e-11,1.0491544376084476e-10,107.0524508821868,150.01629125193446,0.05245088218680394,43.01629125193446
NGC3198,external_151,bulge_rich_hsb,11,1.1879858688741764e+20,3.85,113.0,6.852444163967245e-11,90.22531149318581,3.711574988742775e-11,1.056401915271002e-10,112.02636061184731,155.41953937906345,-0.9736393881526908,42.41953937906345
NGC3198,external_151,bulge_rich_hsb,12,1.2867275514819e+20,4.17,117.0,6.695860496012109e-11,92.82105462177233,3.956697265501917e-11,1.0652557761514026e-10,117.07663970874998,160.6303827738045,0.07663970874997972,43.63038277380451
NGC3198,external_151,bulge_rich_hsb,13,1.3885549116711151e+20,4.5,119.0,6.534383588433373e-11,95.2541360071167,4.2255628870054516e-11,1.0759946475438825e-10,122.23246920433573,165.64845129545975,3.232469204335729,46.64845129545975
NGC3198,external_151,bulge_rich_hsb,14,1.487296594278839e+20,4.82,127.0,6.377799920478235e-11,97.39445621142474,4.505423287170245e-11,1.088322320764848e-10,127.22649414140126,170.19727186860476,0.22649414140126112,43.19727186860476
NGC3198,external_151,bulge_rich_hsb,15,1.5891239544680543e+20,5.15,132.0,6.2163230128995e-11,99.39068270471647,4.814261521613189e-11,1.103058453451269e-10,132.3970019131059,174.5848557178189,0.39700191310589616,42.5848557178189
NGC3198,external_151,bulge_rich_hsb,16,1.6847799594942864e+20,5.46,134.0,6.064632584567961e-11,101.08200354255024,5.126707931786725e-11,1.1191340516354687e-10,137.3133140734387,178.44375723324129,3.313314073438704,44.443757233241286
NGC3198,external_151,bulge_rich_hsb,17,1.7835216421020103e+20,5.78,137.0,5.908048916612824e-11,102.65053874859258,5.472617788822583e-11,1.1380666705435406e-10,142.46987530946262,182.17530811823443,5.469875309462623,45.175308118234426
NGC3198,external_151,bulge_rich_hsb,18,1.882263324709734e+20,6.1000000000000005,140.0,5.747370505868764e-11,104.00992604898441,5.817283386975111e-11,1.1564653892843875e-10,147.5388894002584,185.62462645503214,7.538889400258398,45.62462645503214
NGC3198,external_151,bulge_rich_hsb,19,1.984090684898949e+20,6.43,142.0,5.541168625996948e-11,104.85314041217293,5.912486520813898e-11,1.1453655146810847e-10,150.74843443575892,188.5284866989771,8.748434435758924,46.528486698977105
NGC3198,external_151,bulge_rich_hsb,20,2.0797466899251816e+20,6.74,144.0,5.347463829753726e-11,105.45790723992651,5.9977188813831e-11,1.1345182711136827e-10,153.60698613696974,191.00172115352248,9.606986136969738,47.00172115352248
NGC3198,external_151,bulge_rich_hsb,21,2.178488372532905e+20,7.059999999999999,146.0,5.1475104916962076e-11,105.89519230659778,6.090344583606423e-11,1.1237855075302631e-10,156.4657681851103,193.30129048348613,10.465768185110306,47.30129048348613
NGC3198,external_151,bulge_rich_hsb,22,2.480884775519059e+20,8.04,147.0,4.535153393895056e-11,106.07164092988208,6.29741878289186e-11,1.0832572176786916e-10,163.93402146321552,198.77163631072705,16.934021463215515,51.77163631072705
NGC3198,external_151,bulge_rich_hsb,23,2.7894525336681955e+20,9.04,148.0,3.910299212465309e-11,104.43942763924028,6.420228804828084e-11,1.0330528017293393e-10,169.75428581325815,201.90033817000253,21.75428581325815,53.90033817000253
NGC3198,external_151,bulge_rich_hsb,24,3.0980202918173324e+20,10.04,152.0,3.2854450310355625e-11,100.88793472858188,6.416313217601908e-11,9.701758248637471e-11,173.36736694252775,202.4028894575384,21.367366942527752,50.40288945753841
NGC3198,external_151,bulge_rich_hsb,25,3.406588049966469e+20,11.04,155.0,2.6605908496058154e-11,95.20261022743708,6.238283197958327e-11,8.898874047564143e-11,174.1114527783533,199.91433383420096,19.11145277835331,44.91433383420096
NGC3198,external_151,bulge_rich_hsb,26,3.7182414856970974e+20,12.05,156.0,2.0294881263617707e-11,86.86844620555848,5.825772869727971e-11,7.855260996089741e-11,170.9027715300111,193.61327689717305,14.902771530011108,37.61327689717305
NGC3198,external_151,bulge_rich_hsb,27,4.335377001995371e+20,14.05,157.0,1.622976855117628e-11,83.8821586062718,5.297759751656787e-11,6.920736606774416e-11,173.21663407963243,196.5349507285572,16.216634079632428,39.53495072855719
NGC3198,external_151,bulge_rich_hsb,28,4.958683873456627e+20,16.07,153.0,1.2523309573316381e-11,78.80300325717856,4.6987186186193285e-11,5.951049575950967e-11,171.78292570103977,195.80067631496073,18.782925701039773,42.800676314960725
NGC3198,external_151,bulge_rich_hsb,29,5.5943334552438486e+20,18.13,153.0,8.743455368172122e-12,69.9384049579319,3.954164164001067e-11,4.8285097008182796e-11,164.35417049243736,188.73289911955808,11.354170492437362,35.732899119558084
NGC3198,external_151,bulge_rich_hsb,30,6.186783550890191e+20,20.05,154.0,7.350743657034629e-12,67.43697794545085,3.631989470157773e-11,4.367063835861236e-11,164.3717697945536,189.46867154594355,10.371769794553586,35.46867154594355
NGC3198,external_151,bulge_rich_hsb,31,6.825518810258904e+20,22.12,153.0,5.948251168976179e-12,63.71805100753743,3.27200897244289e-11,3.866834089340508e-11,162.45968365395765,188.1100490183254,9.459683653957654,35.11004901832541
NGC3198,external_151,bulge_rich_hsb,32,7.414883228323756e+20,24.030000000000005,150.0,4.6541638973860126e-12,58.74528221448721,2.8978075702053266e-11,3.363223959943928e-11,157.91742441442247,183.75259236253834,7.91742441442247,33.75259236253834
NGC3198,external_151,bulge_rich_hsb,33,8.053618487692469e+20,26.100000000000005,149.0,3.9521656010754176e-12,56.417403300083926,2.6723754584272345e-11,3.0675920185347763e-11,157.1789292277102,183.44552284663547,8.1789292277102,34.44552284663547
NGC3198,external_151,bulge_rich_hsb,34,8.68926806947969e+20,28.16,148.0,3.3489449060365025e-12,53.94430464698719,2.4615427702087557e-11,2.796437260812406e-11,155.88134268949727,182.45874649580796,7.881342689497274,34.45874649580796
NGC3198,external_151,bulge_rich_hsb,35,9.281718165126032e+20,30.08,146.0,2.7867197922138248e-12,50.85818293697416,2.246677832873517e-11,2.5253498120948995e-11,153.0999190862583,179.7472423961771,7.099919086258296,33.747242396177114
NGC3198,external_151,bulge_rich_hsb,36,9.917367746913253e+20,32.14,147.0,2.445900201577128e-12,49.25128604543199,2.1058051144909075e-11,2.3503951346486202e-11,152.6752530728738,179.60186641862668,5.675253072873801,32.601866418626685
NGC3198,external_151,bulge_rich_hsb,37,1.0509817842559597e+21,34.06,148.0,2.1649660792162712e-12,47.700523191977105,1.982004807635335e-11,2.1985014155569623e-11,152.00608344442367,179.12707389224636,4.006083444423666,31.127073892246358
NGC3198,external_151,bulge_rich_hsb,38,1.1145467424346817e+21,36.12,148.0,1.863547177099936e-12,45.57422995081849,1.8396083502047437e-11,2.0259630679147374e-11,150.26744616307766,177.44288567309454,2.267446163077665,29.442885673094537
NGC3198,external_151,bulge_rich_hsb,39,1.178420268371553e+21,38.19,149.0,1.6740427023610196e-12,44.41537853696299,1.7441748788560717e-11,1.9115791490921736e-11,150.0880945940305,177.4718173468173,1.0880945940305082,28.47181734681729
NGC3198,external_151,bulge_rich_hsb,40,1.2373567101780382e+21,40.1,150.0,1.5168289494833763e-12,43.32272473928158,1.6607732584465103e-11,1.812456153394848e-11,149.75495929372724,177.2888795721989,-0.24504070627276064,27.28887957219891
NGC3198,external_151,bulge_rich_hsb,41,1.3012302361149097e+21,42.17,150.0,1.3464454581447785e-12,41.85732362941494,1.5651913775593337e-11,1.6998359233738114e-11,148.72383467112155,176.31433652226545,-1.2761653288784487,26.31433652226545
NGC3198,external_151,bulge_rich_hsb,42,1.3601666779213946e+21,44.08,149.0,1.239019365486286e-12,41.05207490777726,1.5018334757672136e-11,1.6257354123158422e-11,148.70343422224005,176.45035637759406,-0.29656577775995174,27.450356377594062
NGC3521,external_151,bulge_rich_hsb,0,1.5736955665605972e+19,0.51,143.0,6.934872690165352e-10,104.46711639159653,7.371080150932371e-12,7.008583491674675e-10,105.02083968774116,124.01627033962548,-37.97916031225884,-18.98372966037452
NGC3521,external_151,bulge_rich_hsb,1,2.129117531229043e+19,0.69,160.0,6.820406283771812e-10,120.5049649968137,8.935744441992602e-12,6.909763728191738e-10,121.29179316979193,143.3244458102443,-38.70820683020807,-16.6755541897557
NGC3521,external_151,bulge_rich_hsb,2,2.6536827200825758e+19,0.86,178.0,6.712299122177913e-10,133.462774557361,1.0394580289602514e-11,6.816244925073938e-10,134.49219818829366,159.0246699105716,-43.507801811706344,-18.97533008942841
NGC3521,external_151,bulge_rich_hsb,3,3.178247908936108e+19,1.03,188.0,6.604191960584015e-10,144.8784293431524,1.1810406718714355e-11,6.722296027771158e-10,146.16813364585727,172.94792463527244,-41.83186635414273,-15.052075364727557
NGC3521,external_151,bulge_rich_hsb,4,3.702813097789641e+19,1.2,187.0,6.496084798990117e-10,155.09283632087198,1.3218685301729708e-11,6.628271652007415e-10,156.66285803840307,185.49387454282095,-30.337141961596927,-1.5061254571790528
NGC3521,external_151,bulge_rich_hsb,5,4.258235062458086e+19,1.38,195.0,6.381618392596578e-10,164.8466899715677,1.4636372788596708e-11,6.527982120482544e-10,166.7263696975924,197.56696132256656,-28.27363030240761,2.5669613225665557
NGC3521,external_151,bulge_rich_hsb,6,4.782800251311619e+19,1.55,199.0,6.273511231002679e-10,173.21937273944238,1.596876416289336e-11,6.433198872631613e-10,175.41010570876497,208.01663697597922,-23.589894291235026,9.016636975979225
NGC3521,external_151,bulge_rich_hsb,7,5.2765086643502375e+19,1.71,203.0,6.171763314208422e-10,180.45875595753085,1.7280741178864497e-11,6.344570725997066e-10,182.96770864637944,217.127824940127,-20.032291353620565,14.127824940126999
NGC3521,external_151,bulge_rich_hsb,8,5.831930629018684e+19,1.89,206.0,6.057296907814882e-10,187.95141756780066,1.870889218126729e-11,6.244385829627555e-10,190.8319286157722,226.6454210865603,-15.168071384227801,20.645421086560305
NGC3521,external_151,bulge_rich_hsb,9,6.356495817872216e+19,2.06,211.0,5.949189746220984e-10,194.46336349446895,2.0098504031202105e-11,6.150174786533005e-10,197.7209152057015,235.00283951147296,-13.279084794298512,24.002839511472956
NGC3521,external_151,bulge_rich_hsb,10,6.881061006725748e+19,2.23,219.0,5.841082584627086e-10,200.4815343370613,2.153591362125793e-11,6.056441720839665e-10,204.14393198127837,242.81061096914638,-14.85606801872163,23.81061096914638
NGC3521,external_151,bulge_rich_hsb,11,7.436482971394195e+19,2.41,216.0,5.726616178233546e-10,206.36347470699428,2.308039445290629e-11,5.957420122762609e-10,210.48100459748204,250.5346018592549,-5.518995402517959,34.534601859254906
NGC3521,external_151,bulge_rich_hsb,12,7.961048160247728e+19,2.58,214.0,5.618509016639647e-10,211.4928388155361,2.461188646001277e-11,5.864627881239775e-10,216.07541508575525,257.36007760369074,2.075415085755253,43.36007760369074
NGC3521,external_151,bulge_rich_hsb,13,8.48561334910126e+19,2.75,213.0,5.51040185504575e-10,216.23861713414783,2.6215120842163992e-11,5.77255306346739e-10,221.32250977646686,263.76471018368164,8.322509776466859,50.76471018368164
NGC3521,external_151,bulge_rich_hsb,14,9.010178537954792e+19,2.92,210.0,5.402294693451851e-10,220.62556448119727,2.7904496853779312e-11,5.681339661989644e-10,226.25181698561101,269.7774848970081,16.251816985611015,59.777484897008094
NGC3521,external_151,bulge_rich_hsb,15,9.534743726808325e+19,3.09,214.0,5.294187531857953e-10,224.6747011969293,2.969613902340632e-11,5.591148922092016e-10,230.88995671221383,275.42304817851823,16.88995671221383,61.42304817851823
NGC3521,external_151,bulge_rich_hsb,16,1.0059308915661857e+20,3.26,213.0,5.172359773890915e-10,228.10165450630038,3.1312038871313464e-11,5.48548016260405e-10,234.90453274973044,280.4447816803373,21.904532749730436,67.44478168033731
NGC3521,external_151,bulge_rich_hsb,17,1.0583874104515389e+20,3.43,212.0,5.018951965593964e-10,230.4776686372382,3.229057518198916e-11,5.341857717413856e-10,237.7762594653684,284.4527696049738,25.776259465368412,72.45276960497381
NGC3521,external_151,bulge_rich_hsb,18,1.1139296069183835e+20,3.61,215.0,4.856520168573664e-10,232.5902320040647,3.3302521455156195e-11,5.189545383125226e-10,240.4326984565493,288.27714127854813,25.432698456549304,73.27714127854813
NGC3521,external_151,bulge_rich_hsb,19,1.1663861258037368e+20,3.78,217.0,4.703112360276712e-10,234.21453851379127,3.4260442405158243e-11,5.045716784328295e-10,242.5954255952813,291.5051388175171,25.595425595281313,74.50513881751709
NGC3521,external_151,bulge_rich_hsb,20,1.21884264468909e+20,3.9499999999999997,219.0,4.549704551979762e-10,235.48617642420126,3.5217731412871083e-11,4.901881866108473e-10,244.43041254396195,294.3697639219721,25.43041254396195,75.3697639219721
NGC3521,external_151,bulge_rich_hsb,21,1.2712991635744432e+20,4.12,220.0,4.3962967436828114e-10,236.41083674546323,3.617788632071255e-11,4.758075606889937e-10,245.94587899095075,296.8784023094062,25.945878990950746,76.87840230940623
NGC3521,external_151,bulge_rich_hsb,22,1.3237556824597964e+20,4.29,218.0,4.242888935385861e-10,236.99258085988325,3.714420857228707e-11,4.6143310211087314e-10,247.1486781260057,299.0366262504509,29.148678126005706,81.03662625045092
NGC3521,external_151,bulge_rich_hsb,23,1.3762122013451497e+20,4.46,220.0,4.08948112708891e-10,237.23393147419853,3.812375903390335e-11,4.470718717427944e-10,248.04551291459546,300.84830118027753,28.045512914595463,80.84830118027753
NGC3521,external_151,bulge_rich_hsb,24,1.4317543978119943e+20,4.64,220.0,3.927049330068609e-10,237.11959321722819,3.9166403895174365e-11,4.3187133690203526e-10,248.66316291289195,302.3912640326013,28.66316291289195,82.39126403260133
NGC3521,external_151,bulge_rich_hsb,25,1.4842109166973475e+20,4.81,216.0,3.7736415217716585e-10,236.6617827684877,4.0170692178535006e-11,4.1753484435570083e-10,248.93970637370387,303.4946648527251,32.93970637370387,87.49466485272512
NGC3521,external_151,bulge_rich_hsb,26,1.536667435582701e+20,4.98,220.0,3.620233713474707e-10,235.86214738052428,4.1193355176785415e-11,4.032167265242561e-10,248.91966839365662,304.2532260174749,28.91966839365662,84.2532260174749
NGC3521,external_151,bulge_rich_hsb,27,1.5891239544680543e+20,5.15,218.0,3.466825905177756e-10,234.71719348800096,4.223725699314337e-11,3.8891984751091897e-10,248.60447422515634,304.66416243295794,30.604474225156338,86.66416243295794
NGC3521,external_151,bulge_rich_hsb,28,1.6415804733534074e+20,5.32,213.0,3.3134180968808054e-10,233.2218353391324,4.3305242848144727e-11,3.746470525362253e-10,247.9946140227395,304.72292368978435,34.99461402273951,91.72292368978435
NGC3521,external_151,bulge_rich_hsb,29,1.6940369922387608e+20,5.490000000000001,215.0,3.160010288583855e-10,231.3692789614933,4.4402401801147713e-11,3.6040343065953317e-10,247.09041739148978,304.4230573968194,32.09041739148978,89.42305739681939
NGC3521,external_151,bulge_rich_hsb,30,1.749579188705605e+20,5.67,216.0,2.9975784915635544e-10,229.00875409798496,4.5591914372631354e-11,3.453497635289868e-10,245.80820960552097,303.7051258444795,29.80820960552097,87.70512584447948
NGC3521,external_151,bulge_rich_hsb,31,1.8020357075909584e+20,5.84,208.0,2.844170683266603e-10,226.3911908562211,4.6751041065324366e-11,3.311681093919847e-10,244.2901468213045,302.6373826751785,36.29014682130449,94.63738267517851
NGC3521,external_151,bulge_rich_hsb,32,1.8544922264763115e+20,6.01,212.0,2.690762874969653e-10,223.3830529588642,4.7947246710102955e-11,3.1702353420706827e-10,242.47013832574416,301.1770888007192,30.47013832574416,89.17708880071922
NGC3521,external_151,bulge_rich_hsb,33,1.9100344229431565e+20,6.19,213.0,2.5283310779493516e-10,219.75439452898863,4.924996235984693e-11,3.0208307015478207e-10,240.20596632556533,299.1841504144584,27.205966325565328,86.18415041445837
NGC3521,external_151,bulge_rich_hsb,34,1.959405264247018e+20,6.35,216.0,2.3839472583757517e-10,216.12771242366614,5.046771514125902e-11,2.888624409788342e-10,237.9072482076095,297.00733842118916,21.907248207609513,81.00733842118916
NGC3521,external_151,bulge_rich_hsb,35,2.0488899141102676e+20,6.64,210.0,2.236469850526244e-10,214.06261980913249,5.2246021511185163e-11,2.7589300656380957e-10,237.75499963663168,297.2135961655841,27.75499963663168,87.21359616558408
NGC3521,external_151,bulge_rich_hsb,36,2.721567626875386e+20,8.82,210.0,1.3859200268682286e-10,194.2131581166126,6.332520676000805e-11,2.0191720944683092e-10,234.42084816404702,292.6711309914629,24.420848164047015,82.67113099146292
NGC3521,external_151,bulge_rich_hsb,37,3.4158450827109433e+20,11.07,210.0,8.121018022996005e-11,166.55371349945293,7.345781785147558e-11,1.546679980814356e-10,229.85254418849,277.4492191418517,19.852544188489986,67.4492191418517
NGC3521,external_151,bulge_rich_hsb,38,4.1101225385465014e+20,13.320000000000002,206.0,4.55613486455214e-11,136.84397171762174,7.486627362578038e-11,1.2042762227130178e-10,222.47972594392553,256.190454162613,16.47972594392553,50.19045416261298
NGC3521,external_151,bulge_rich_hsb,39,4.7797145737301275e+20,15.49,206.0,2.7906010452263586e-11,115.49145633047907,6.581386180060559e-11,9.371987225286918e-11,211.64929464922974,240.0133114871956,5.649294649229745,34.01331148719561
NGC3521,external_151,bulge_rich_hsb,40,5.473992029565685e+20,17.74,206.0,1.7120496393360768e-11,96.80777902599816,5.391238875105635e-11,7.103288514441712e-11,197.18860188093888,224.11375391709484,-8.811398119061124,18.11375391709484
NGC3726,external_151,bulge_rich_hsb,0,1.0799871535219786e+20,3.5000000000000004,102.0,1.0761369871496031e-10,107.80603515348376,2.8169901750756177e-11,1.357836004657165e-10,121.09688029092028,170.174230109155,19.096880290920282,68.17423010915499
NGC3726,external_151,bulge_rich_hsb,1,1.6168950527014765e+20,5.24,125.0,8.777030482895405e-11,119.12823831990312,4.005600523199809e-11,1.2782631006095214e-10,143.76429610394874,195.4780410624763,18.764296103948737,70.47804106247631
NGC3726,external_151,bulge_rich_hsb,2,2.1538029518809743e+20,6.98,145.0,6.68051385776332e-11,119.9521173924512,5.283522415198752e-11,1.196403627296207e-10,160.52469168672076,207.67697184334432,15.524691686720757,62.67697184334432
NGC3726,external_151,bulge_rich_hsb,3,2.6907108510604722e+20,8.72,164.0,5.248321842347571e-11,118.83482877953877,6.157444157845806e-11,1.1405766000193378e-10,175.18452654665856,216.0578136909335,11.18452654665856,52.0578136909335
NGC3726,external_151,bulge_rich_hsb,4,3.2307044278214617e+20,10.47,162.0,4.139769066649832e-11,115.64761239984132,6.565416032581317e-11,1.0705185099231148e-10,185.9712044934226,220.89579179800143,23.97120449342259,58.895791798001426
NGC3726,external_151,bulge_rich_hsb,5,3.761440971837976e+20,12.189999999999998,160.0,3.2835663953896705e-11,111.13478831297175,6.580336887390784e-11,9.863903282780454e-11,192.62006632253429,222.98764253884568,32.620066322534285,62.98764253884568
NGC3726,external_151,bulge_rich_hsb,6,4.3014345485989655e+20,13.94,156.0,2.6532776784075266e-11,106.83117650259493,6.307235318043981e-11,8.960512996451507e-11,196.32386552863755,224.46764082825052,40.323865528637555,68.46764082825052
NGC3726,external_151,bulge_rich_hsb,7,4.946341163130662e+20,16.03,146.0,2.044233696089066e-11,100.55584159075036,5.8055993511997513e-11,7.849833047288818e-11,197.04809647775863,223.76002666031314,51.048096477758634,77.76002666031314
NGC3726,external_151,bulge_rich_hsb,8,6.881061006725749e+20,22.3,158.0,1.0588925791096279e-11,85.35985260309745,4.332884001491241e-11,5.391776580600869e-11,192.61657142039914,220.3948899518368,34.61657142039914,62.3948899518368
NGC3726,external_151,bulge_rich_hsb,9,8.491784704264242e+20,27.52,168.0,6.878574683724448e-12,76.42733495706266,3.51518488553092e-11,4.203042353903365e-11,188.921493674625,218.08045233315045,20.921493674624998,50.08045233315045
NGC3726,external_151,bulge_rich_hsb,10,9.281718165126032e+20,30.08,169.0,5.656373182251714e-12,72.45747836796245,3.1936709200152875e-11,3.759308238240459e-11,186.79625146984188,216.45479353487553,17.796251469841877,47.454793534875535
NGC3726,external_151,bulge_rich_hsb,11,1.0034623495009927e+21,32.52,167.0,4.829914384737323e-12,69.61779396387935,2.9549961665887057e-11,3.437987605062438e-11,185.7388252286324,215.86143055517124,18.738825228632408,48.86143055517124
NGC3741,calibration_24,low_mass_dwarf,0,7.097058437430145e+18,0.23,13.1,8.23901607937271e-12,7.646749543579594,9.492436607362074e-12,1.7731452686734784e-11,11.217894450309492,20.92146053192332,-1.8821055496905075,7.82146053192332
NGC3741,calibration_24,low_mass_dwarf,1,1.4502684633009424e+19,0.47,17.3,7.316143455487602e-12,10.300666059279493,1.0832358375591142e-11,1.8148501831078744e-11,16.22350142902971,28.97225390933703,-1.0764985709702906,11.67225390933703
NGC3741,calibration_24,low_mass_dwarf,2,2.1599743070439567e+19,0.7,23.6,6.431723857597706e-12,11.7865848668784,1.1837475913453021e-11,1.826919977105073e-11,19.86479350905086,34.16485042519228,-3.7352064909491425,10.564850425192276
NGC3741,calibration_24,low_mass_dwarf,3,2.8696801507869716e+19,0.93,26.2,5.3733352811945855e-12,12.417630047624801,1.3033095510800695e-11,1.840643079199528e-11,22.982725924185534,37.54651449172345,-3.2172740758144656,11.34651449172345
NGC3741,calibration_24,low_mass_dwarf,4,3.6102427703448994e+19,1.17,27.4,4.256360770303624e-12,12.396167028145557,1.3670843250070438e-11,1.7927204020374064e-11,25.44043213215009,39.60387981445526,-1.959567867849909,12.203879814455263
NGC3741,calibration_24,low_mass_dwarf,5,4.3199486140879135e+19,1.4,26.9,3.18592686403312e-12,11.731598501851881,1.3564050936929545e-11,1.6749977800962664e-11,26.899636314878304,40.155937369117325,-0.0003636851216946013,13.255937369117326
NGC3741,calibration_24,low_mass_dwarf,6,5.060511233645842e+19,1.64,27.4,2.8222107814421173e-12,11.950660803154044,1.3470474152915768e-11,1.6292684934357885e-11,28.713988774910817,42.10917720549449,1.3139887749108183,14.709177205494491
NGC3741,calibration_24,low_mass_dwarf,7,5.7702170773888565e+19,1.87,31.0,2.575939183868228e-12,12.191689082761076,1.3342542032147738e-11,1.5918481216015965e-11,30.307275060412323,43.90920022062561,-0.6927249395876771,12.909200220625607
NGC3741,calibration_24,low_mass_dwarf,8,6.4799229211318714e+19,2.1,32.5,2.3296675862943385e-12,12.286605060408936,1.3088804849280484e-11,1.5418472435574822e-11,31.608624288969178,45.332255563377764,-0.8913757110308218,12.832255563377764
NGC3741,calibration_24,low_mass_dwarf,9,7.1896287648748855e+19,2.33,33.0,2.208113547745772e-12,12.599808204485868,1.3161740246049118e-11,1.536985379379489e-11,33.24207318260838,47.09107412533572,0.2420731826083795,14.091074125335723
NGC3741,calibration_24,low_mass_dwarf,10,7.930191384432814e+19,2.57,36.5,2.112651603736806e-12,12.943620647354352,1.3265971171072742e-11,1.5378622774809548e-11,34.92211646410294,48.8936698412628,-1.5778835358970582,12.393669841262799
NGC3741,calibration_24,low_mass_dwarf,11,8.639897228175827e+19,2.8,38.9,2.021167240728214e-12,13.214642348867214,1.3437602785126999e-11,1.5458770025855212e-11,36.546160440926485,50.45289126457835,-2.3538395590735135,11.55289126457835
NGC3741,calibration_24,low_mass_dwarf,12,1.0059308915661857e+20,3.26,41.5,1.9005248688805167e-12,13.826773578086417,1.3602905501016394e-11,1.550343036989691e-11,39.490985723737865,53.5796574549962,-2.0090142762621355,12.079657454996202
NGC3741,calibration_24,low_mass_dwarf,13,1.1509577378962799e+20,3.73,42.7,1.7923404011883048e-12,14.362827206688111,1.3693686667855883e-11,1.5486027069044188e-11,42.218198308771605,56.45030341237227,-0.481801691228398,13.750303412372268
NGC3741,calibration_24,low_mass_dwarf,14,1.2990702618078655e+20,4.21,44.7,1.6934304128793566e-12,14.832009606970283,1.370647978236079e-11,1.5399910195240147e-11,44.72758138905818,59.09984689932227,0.027581389058177308,14.39984689932227
NGC3741,calibration_24,low_mass_dwarf,15,1.4410114305564683e+20,4.67,46.7,1.601977314628471e-12,15.193642163325364,1.3646535901420471e-11,1.5248513216048942e-11,46.87566729478941,61.359624830726695,0.17566729478940601,14.659624830726692
NGC3741,calibration_24,low_mass_dwarf,16,1.5860382768865627e+20,5.14,48.5,1.5098625631700666e-12,15.474817666214298,1.351324532479507e-11,1.5023107887965137e-11,48.81313772757202,63.39802179628308,0.31313772757201974,14.898021796283082
NGC3741,calibration_24,low_mass_dwarf,17,1.731065123216657e+20,5.61,50.0,1.4192643186954467e-12,15.674306883302808,1.3315919613508009e-11,1.4735183932203454e-11,50.505012611838715,65.18593668898437,0.5050126118387155,15.18593668898437
NGC3741,calibration_24,low_mass_dwarf,18,1.87300629196526e+20,6.07,50.2,1.3327006917766417e-12,15.799230300885243,1.3077187696727905e-11,1.4409888388504547e-11,51.95171952706297,66.71660152371912,1.751719527062967,16.516601523719117
NGC3741,calibration_24,low_mass_dwarf,19,2.018033138295354e+20,6.54,50.1,1.2458158617427386e-12,15.855906449051815,1.2788532584350124e-11,1.4034348446092863e-11,53.21821139290507,68.06143567364663,3.118211392905067,17.961435673646626
NGC3741,calibration_24,low_mass_dwarf,20,2.159974307043957e+20,7.000000000000001,51.6,1.1637753691334025e-12,15.854730828679326,1.2476559930182069e-11,1.3640335299315471e-11,54.27962213021215,69.19301365460855,2.6796221302121452,17.593013654608548
NGC3769,external_151,bulge_rich_hsb,0,5.369078991794979e+19,1.74,87.5,1.0906040400816229e-10,76.52149528053519,1.0556406446079184e-11,1.1961681045424148e-10,80.13938507846126,120.48955461037379,-7.36061492153874,32.98955461037379
NGC3769,external_151,bulge_rich_hsb,1,1.0799871535219786e+20,3.5000000000000004,106.0,9.49073116183523e-11,101.24163043092881,1.7145590984604338e-11,1.1205290260295665e-10,110.00713400777363,163.65386528084778,4.0071340077736295,57.65386528084778
NGC3769,external_151,bulge_rich_hsb,2,1.6168950527014765e+20,5.24,116.0,7.547350794199128e-11,110.46843060414649,2.316179781421737e-11,9.863530575620865e-11,126.28655427198544,186.68239245663526,10.286554271985437,70.68239245663526
NGC3769,external_151,bulge_rich_hsb,3,2.1538029518809743e+20,6.98,125.0,5.47099543778769e-11,108.55158277811739,3.023424420261731e-11,8.494419858049421e-11,135.26014403653136,195.68749074148766,10.260144036531358,70.68749074148766
NGC3769,external_151,bulge_rich_hsb,4,2.6907108510604722e+20,8.72,126.0,4.020897543138883e-11,104.01477130833959,3.6426575826204886e-11,7.663555125759371e-11,143.59808819960259,199.8988307964872,17.598088199602586,73.8988307964872
NGC3769,external_151,bulge_rich_hsb,5,3.2307044278214617e+20,10.47,123.0,2.9898684742927367e-11,98.2821515764757,4.031059724326104e-11,7.02092819861884e-11,150.607250219551,201.21891911207612,27.60725021955099,78.21891911207612
NGC3769,external_151,bulge_rich_hsb,6,3.798469102815873e+20,12.31,118.0,2.1358872865228128e-11,90.07275872845318,4.1906020121117127e-11,6.326489298634526e-11,155.01927018973646,198.49400755721473,37.01927018973646,80.49400755721473
NGC3769,external_151,bulge_rich_hsb,7,4.480403848325465e+20,14.52,115.0,1.4816519337645595e-11,81.47637096678766,4.0244142777722406e-11,5.5060662115368e-11,157.06495549072775,194.86068028396923,42.064955490727755,79.86068028396923
NGC3769,external_151,bulge_rich_hsb,8,5.267251631605764e+20,17.07,122.0,9.90080988877503e-12,72.21499639331762,3.625910845820055e-11,4.615991834697558e-11,155.92815821008597,189.36023682807044,33.92815821008597,67.36023682807044
NGC3769,external_151,bulge_rich_hsb,9,9.81862606430553e+20,31.82,121.0,2.1227740362592543e-12,45.65383278657573,1.9148875285906998e-11,2.1271649322166253e-11,144.51933104792195,172.25585817365177,23.519331047921952,51.255858173651774
NGC3769,external_151,bulge_rich_hsb,10,1.0679530109541621e+21,34.61,118.0,1.7946362478265841e-12,43.77884402806772,1.7741008413463216e-11,1.95356446612898e-11,144.44082018929083,172.01103149603827,26.440820189290832,54.01103149603827
NGC3769,external_151,bulge_rich_hsb,11,1.1466377892821919e+21,37.16,113.0,1.582584205085037e-12,42.59871892758774,1.674901034355376e-11,1.8331594548638798e-11,144.98171970034247,172.54327175115105,31.981719700342467,59.54327175115105
NGC3877,external_151,bulge_rich_hsb,0,2.6845394958974894e+19,0.87,37.8,1.6003887354863536e-10,65.54621857287083,8.154430028193678e-12,1.6819330357682904e-10,67.1953544820975,96.29114956834914,29.395354482097503,58.491149568349144
NGC3877,external_151,bulge_rich_hsb,1,5.369078991794979e+19,1.74,80.1,1.49047101286588e-10,89.45645087447625,1.1049668260514394e-11,1.600967695471024e-10,92.7131167650829,133.07107003826368,12.613116765082907,52.97107003826369
NGC3877,external_151,bulge_rich_hsb,2,8.053618487692468e+19,2.61,121.0,1.3239675091626137e-10,103.26049200394202,1.5254212536158075e-11,1.4765096345241945e-10,109.0469866152206,156.89656295249083,-11.953013384779396,35.896562952490825
NGC3877,external_151,bulge_rich_hsb,3,1.0799871535219786e+20,3.5000000000000004,142.0,1.134946325627914e-10,110.71257614269119,2.140999683554744e-11,1.3490462939833885e-10,120.70429433158101,173.03707735595287,-21.29570566841899,31.037077355952874
NGC3877,external_151,bulge_rich_hsb,4,1.3484411031117275e+20,4.37,153.0,9.770949660359475e-11,114.7847992482641,2.7956815178158225e-11,1.2566631178175298e-10,130.17435234444966,184.52065424749318,-22.82564765555034,31.520654247493184
NGC3877,external_151,bulge_rich_hsb,5,1.6168950527014765e+20,5.24,160.0,8.42657388985413e-11,116.72568540697706,3.427822417181591e-11,1.185439630703572e-10,138.44607160049256,193.05214278808506,-21.55392839950744,33.052142788085064
NGC3877,external_151,bulge_rich_hsb,6,1.8853490022912256e+20,6.110000000000001,162.0,7.17698397049357e-11,116.3233405995124,4.174124096110688e-11,1.1351108066604258e-10,146.29012361835032,198.54068118320475,-15.709876381649678,36.540681183204754
NGC3877,external_151,bulge_rich_hsb,7,2.1538029518809743e+20,6.98,167.0,6.158579053925176e-11,115.17102823946821,4.7940674036247144e-11,1.095264645754989e-10,153.5898508078566,202.68513022086933,-13.410149192143393,35.685130220869326
NGC3877,external_151,bulge_rich_hsb,8,2.422256901470723e+20,7.85,169.0,5.1546212219375746e-11,111.73995180465107,5.4917084102238515e-11,1.0646329632161426e-10,160.58687812780744,203.9123737020777,-8.413121872192562,34.9123737020777
NGC3877,external_151,bulge_rich_hsb,9,2.6907108510604722e+20,8.72,171.0,4.445504938096211e-11,109.36895526326649,5.880246292995634e-11,1.0325751231091845e-10,166.68416506330124,205.80634566436476,-4.315834936698764,34.806345664364756
NGC3877,external_151,bulge_rich_hsb,10,2.9622504782317126e+20,9.6,171.0,3.7282378923716134e-11,105.09031582234114,6.19223314890416e-11,9.920471041275773e-11,171.42613594870244,205.22087646703775,0.4261359487024379,34.220876467037755
NGC3877,external_151,bulge_rich_hsb,11,3.2307044278214617e+20,10.47,170.0,3.206687869438186e-11,101.78340089835531,6.256764263522983e-11,9.463452132961168e-11,174.8531289638081,205.26615371269736,4.853128963808103,35.26615371269736
NGC3877,external_151,bulge_rich_hsb,12,3.5022440549927014e+20,11.35,169.0,2.722455985959075e-11,97.64581553658337,6.173297930809906e-11,8.89575391676898e-11,176.50807706641132,204.02059745506256,7.5080770664113174,35.02059745506256
NGC3893,external_151,bulge_rich_hsb,0,5.369078991794979e+19,1.74,145.0,3.1306765683406687e-10,129.64894829184956,1.3922507888763052e-11,3.269901647228299e-10,132.5004159969668,170.8216856310705,-12.499584003033192,25.821685631070494
NGC3893,external_151,bulge_rich_hsb,1,1.0799871535219786e+20,3.5000000000000004,174.0,2.580861256509336e-10,166.95199915103368,2.652983368669645e-11,2.8461595933763005e-10,175.32301040421768,226.56268511028705,1.3230104042176833,52.56268511028705
NGC3893,external_151,bulge_rich_hsb,2,1.6168950527014765e+20,5.24,194.0,1.8410700424146074e-10,172.53454851875543,3.481802247877658e-11,2.1892502672023732e-10,188.14324133927593,247.42238010507492,-5.8567586607240685,53.42238010507492
NGC3893,external_151,bulge_rich_hsb,3,2.1538029518809743e+20,6.98,190.0,1.0958035034852144e-10,153.62762839046783,4.513897766165294e-11,1.5471932801017438e-10,182.54723919614733,241.6848764613054,-7.452760803852669,51.68487646130541
NGC3893,external_151,bulge_rich_hsb,4,2.7184819492938947e+20,8.81,186.0,7.649011583888586e-11,144.20020776941004,5.1912517978079776e-11,1.2840263381696564e-10,186.83153970173635,243.04554904567982,0.8315397017363466,57.04554904567982
NGC3893,external_151,bulge_rich_hsb,5,3.36338856382559e+20,10.9,188.0,4.4619527445822034e-11,122.50420741124766,5.577929898376073e-11,1.0039882642958276e-10,183.7607859786111,230.3460242223096,-4.239214021388904,42.34602422230961
NGC3893,external_151,bulge_rich_hsb,6,4.048408986916673e+20,13.12,187.0,2.936883132205692e-11,109.03991959803304,5.3543878532231373e-11,8.291270985428829e-11,183.21150610802678,224.1089742865705,-3.788493891973218,37.108974286570486
NGC3893,external_151,bulge_rich_hsb,7,4.730343732426266e+20,15.33,179.0,1.869579299892015e-11,94.04122884946835,4.748931797901058e-11,6.618511097793073e-11,176.94019466881784,213.46403799316784,-2.0598053311821616,34.464037993167835
NGC3893,external_151,bulge_rich_hsb,8,5.338222215980065e+20,17.3,176.0,1.2947054181271418e-11,83.13498196424936,4.155067494400949e-11,5.449772912528091e-11,170.56406079155082,205.00445706337226,-5.435939208449184,29.004457063372257
NGC3893,external_151,bulge_rich_hsb,9,5.8782157927410545e+20,19.05,167.0,9.961316821160241e-12,76.52108850156357,3.745963176378376e-11,4.7420948584943996e-11,166.95824893630723,200.3701302882507,-0.041751063692771595,33.37013028825069
NGC3917,external_151,bulge_rich_hsb,0,2.6845394958974894e+19,0.87,24.3,3.827158303261696e-11,32.05332685098077,1.5123798317306192e-11,5.339538134992315e-11,37.86053487899727,62.24730401427863,13.56053487899727,37.94730401427863
NGC3917,external_151,bulge_rich_hsb,1,5.369078991794979e+19,1.74,49.6,3.5688435625260645e-11,43.77373984086971,2.032216007684669e-11,5.6010595702107333e-11,54.83842746670501,86.27962222543094,5.238427466705005,36.67962222543094
NGC3917,external_151,bulge_rich_hsb,2,8.053618487692468e+19,2.61,73.6,3.27292082586822e-11,51.34087618259548,2.520213899823951e-11,5.7931347256921706e-11,68.30497560831692,103.08528189229885,-5.2950243916830715,29.485281892298858
NGC3917,external_151,bulge_rich_hsb,3,1.0799871535219786e+20,3.5000000000000004,101.0,2.8518240994353905e-11,55.49714759782351,3.094782826160363e-11,5.946606925595754e-11,80.13899853809156,114.79158123019835,-20.861001461908444,13.791581230198346
NGC3917,external_151,bulge_rich_hsb,4,1.3484411031117275e+20,4.37,107.0,2.4401902207875684e-11,57.36246850616907,3.705626541439333e-11,6.145816762226902e-11,91.03445465525562,122.75408683322672,-15.965545344744385,15.754086833226722
NGC3917,external_151,bulge_rich_hsb,5,1.6168950527014765e+20,5.24,115.0,2.1068117689321312e-11,58.36517391526911,4.134152878080925e-11,6.240964647013057e-11,100.45389420943435,129.0106732272881,-14.546105790565647,14.010673227288095
NGC3917,external_151,bulge_rich_hsb,6,1.8853490022912256e+20,6.110000000000001,123.0,1.847552385595766e-11,59.01932773984935,4.310764437798308e-11,6.158316823394074e-11,107.75238502594404,134.32275132987743,-15.247614974055963,11.322751329877434
NGC3917,external_151,bulge_rich_hsb,7,2.1538029518809743e+20,6.98,130.0,1.588293002259401e-11,58.488205278655904,4.399592801388732e-11,5.987885803648133e-11,113.56375354585427,137.70513581955746,-16.43624645414573,7.705135819557455
NGC3917,external_151,bulge_rich_hsb,8,2.422256901470723e+20,7.85,134.0,1.393698210581227e-11,58.10245355531704,4.349316326498397e-11,5.7430145370796236e-11,117.94514232340308,140.89788505952112,-16.054857676596924,6.897885059521116
NGC3917,external_151,bulge_rich_hsb,9,2.6907108510604722e+20,8.72,136.0,1.2196510461589265e-11,57.28637101795749,4.22678711437348e-11,5.4464381605324065e-11,121.05697112588925,143.19975084746386,-14.943028874110752,7.199750847463861
NGC3917,external_151,bulge_rich_hsb,10,2.9622504782317126e+20,9.6,137.0,1.0445841690287873e-11,55.62661192503819,4.04003025461218e-11,5.0846144236409674e-11,122.72693880340339,144.0748656464945,-14.273061196596615,7.074865646494487
NGC3917,external_151,bulge_rich_hsb,11,3.2307044278214617e+20,10.47,136.0,9.33202808754851e-12,54.90812732464769,3.873623126375403e-11,4.806825935130254e-11,124.6171490301088,145.9571170906637,-11.382850969891194,9.9571170906637
NGC3917,external_151,bulge_rich_hsb,12,3.5022440549927014e+20,11.35,137.0,8.205412029605249e-12,53.60723411952027,3.677823315914013e-11,4.498364518874538e-11,125.51641483654022,146.80827799802273,-11.483585163459779,9.808277998022731
NGC3917,external_151,bulge_rich_hsb,13,3.761440971837976e+20,12.189999999999998,137.0,7.225209024419962e-12,52.13175352368913,3.4830075155770597e-11,4.2055284180190556e-11,125.77299749853235,147.0570756056161,-11.227002501467652,10.057075605616092
NGC3917,external_151,bulge_rich_hsb,14,4.048408986916673e+20,13.12,137.0,6.4622613963360386e-12,51.148682400166976,3.3121816244682474e-11,3.958407764101851e-11,126.59089053352406,148.0963256904263,-10.40910946647594,11.096325690426312
NGC3917,external_151,bulge_rich_hsb,15,4.3014345485989655e+20,13.94,138.0,5.789554885552365e-12,49.90329789274941,3.148807729217969e-11,3.7277632177732055e-11,126.62831237099434,148.26454323501,-11.371687629005663,10.264543235009995
NGC3917,external_151,bulge_rich_hsb,16,4.5853168860961715e+20,14.86,137.0,5.169096429808082e-12,48.68464351873025,2.985716155137941e-11,3.5026257981187495e-11,126.73061673403937,148.5556435486467,-10.269383265960627,11.555643548646714
NGC3949,external_151,bulge_rich_hsb,0,5.369078991794979e+19,1.74,123.0,2.0207105733417194e-10,104.16023563638387,6.56464497029842e-12,2.0863570230447035e-10,105.83863029070827,147.0524009517593,-17.161369709291733,24.052400951759296
NGC3949,external_151,bulge_rich_hsb,1,8.053618487692468e+19,2.61,145.0,1.8991244929931402e-10,123.67224477302553,9.539541676721178e-12,1.994519909760352e-10,126.74029516817721,176.42281718194172,-18.259704831822788,31.422817181941724
NGC3949,external_151,bulge_rich_hsb,2,1.0799871535219786e+20,3.5000000000000004,152.0,1.7211103400490746e-10,136.33697433370173,1.28314928135346e-11,1.8494252681844205e-10,141.32782921414008,197.7776493217795,-10.672170785859919,45.777649321779506
NGC3949,external_151,bulge_rich_hsb,3,1.3484411031117275e+20,4.37,157.0,1.547096505148696e-10,144.43574758428073,1.6410695794268555e-11,1.7112034630913816e-10,151.90316275244405,213.44704997304044,-5.096837247555953,56.447049973040436
NGC3949,external_151,bulge_rich_hsb,4,1.6168950527014765e+20,5.24,161.0,1.391292489328546e-10,149.98579742282425,1.955569472979954e-11,1.5868494366265416e-10,160.1801799057418,225.86555818813906,-0.8198200942582048,64.86555818813906
NGC3949,external_151,bulge_rich_hsb,5,1.8853490022912256e+20,6.110000000000001,165.0,1.2451037479330458e-10,153.21406948823707,2.2500061733051236e-11,1.4701043652635582e-10,166.4830261111812,235.41190436295722,1.4830261111812035,70.41190436295722
NGC3949,external_151,bulge_rich_hsb,6,2.1815740501143965e+20,7.069999999999999,169.0,1.085496653869701e-10,153.88604002859222,2.6285230129518696e-11,1.348348955164888e-10,171.50869048204467,242.5192547784505,2.5086904820446705,73.51925477845049
NGC3953,external_151,bulge_rich_hsb,0,1.0799871535219786e+20,3.5000000000000004,181.0,1.7240325969775546e-10,136.45266787384165,1.8334424475273075e-11,1.9073768417302854e-10,143.52499733475116,197.88771066485666,-37.47500266524884,16.887710664856655
NGC3953,external_151,bulge_rich_hsb,1,1.6168950527014765e+20,5.24,203.0,1.525497372090228e-10,157.0531487695103,2.8456875010350195e-11,1.81006612219373e-10,171.0756253251055,232.66806893800802,-31.924374674894494,29.66806893800802
NGC3953,external_151,bulge_rich_hsb,2,2.1538029518809743e+20,6.98,216.0,1.3383370752375737e-10,169.77969087197786,3.7678196906576385e-11,1.7151190443033376e-10,192.1985551571032,257.46473520252067,-23.801444842896814,41.46473520252067
NGC3953,external_151,bulge_rich_hsb,3,2.6907108510604722e+20,8.72,223.0,1.1584141275546382e-10,176.54907145133942,4.69904810720057e-11,1.6283189382746953e-10,209.3163977380413,274.89076901244835,-13.683602261958697,51.890769012448345
NGC3953,external_151,bulge_rich_hsb,4,3.2307044278214617e+20,10.47,224.0,9.902513810118998e-11,178.863342283752,5.490109042160084e-11,1.539262285227908e-10,223.00003319426622,286.8000740172117,-0.9999668057337772,62.80007401721173
NGC3953,external_151,bulge_rich_hsb,5,3.761440971837976e+20,12.189999999999998,223.0,8.328794962472748e-11,176.9979395865464,6.296125186380512e-11,1.462492014885326e-10,234.54375680830944,293.4005733993891,11.543756808309439,70.40057339938909
NGC3953,external_151,bulge_rich_hsb,6,4.3014345485989655e+20,13.94,224.0,6.987560400263292e-11,173.36820272505147,6.911208191506769e-11,1.3898768591770062e-10,244.50898430041775,297.4803646265732,20.50898430041775,73.48036462657319
NGC3953,external_151,bulge_rich_hsb,7,4.838342447778464e+20,15.68,215.0,5.820780206443353e-11,167.8181395202067,7.349892191857336e-11,1.317067239830069e-10,252.4365728861062,298.73017669445863,37.436572886106205,83.73017669445863
NGC3972,external_151,bulge_rich_hsb,0,2.6845394958974894e+19,0.87,39.6,5.040104406838837e-11,36.783636774530386,8.488091767190021e-12,5.88891358355784e-11,39.760559733218344,67.43734542078602,0.16055973321834216,27.837345420786015
NGC3972,external_151,bulge_rich_hsb,1,5.369078991794979e+19,1.74,73.0,4.637871987075066e-11,49.90100304847506,1.2192512056269908e-11,5.857123192702057e-11,56.07794315619265,93.07619656135371,-16.922056843807347,20.07619656135371
NGC3972,external_151,bulge_rich_hsb,2,8.053618487692468e+19,2.61,89.4,3.981777268133204e-11,56.6283630529006,1.817061235700421e-11,5.798838503833625e-11,68.33859303615887,109.05484071211013,-21.061406963841137,19.65484071211013
NGC3972,external_151,bulge_rich_hsb,3,1.0799871535219786e+20,3.5000000000000004,102.0,3.327354427136167e-11,59.94580916562511,2.6760548273682496e-11,6.003409254504416e-11,80.52083501926522,119.93775329440138,-21.47916498073478,17.937753294401375
NGC3972,external_151,bulge_rich_hsb,4,1.3484411031117275e+20,4.37,110.0,2.856419741969771e-11,62.06217678918323,3.237835154992268e-11,6.094254896962039e-11,90.65177216085485,128.326012983437,-19.348227839145153,18.32601298343701
NGC3972,external_151,bulge_rich_hsb,5,1.6168950527014765e+20,5.24,116.0,2.3997602635618953e-11,62.29093431489706,3.84312599727075e-11,6.242886260832645e-11,100.46935806363213,133.79057314426237,-15.530641936367871,17.790573144262368
NGC3972,external_151,bulge_rich_hsb,6,1.8853490022912256e+20,6.110000000000001,123.0,2.043729752481304e-11,62.073696923846256,4.1377902787745514e-11,6.181520031255855e-11,107.95518803453335,138.1359038791389,-15.04481196546665,15.135903879138908
NGC3972,external_151,bulge_rich_hsb,7,2.1538029518809743e+20,6.98,130.0,1.7046381353882723e-11,60.59252963763883,4.3203305844204027e-11,6.024968719808676e-11,113.91486037262418,140.410621246422,-16.085139627375824,10.41062124642201
NGC3972,external_151,bulge_rich_hsb,8,2.422256901470723e+20,7.85,134.0,1.455826103433267e-11,59.383371631985185,4.295160415850148e-11,5.750986519283415e-11,118.02697482609365,142.58849344305847,-15.97302517390635,8.588493443058468
NGC3972,external_151,bulge_rich_hsb,9,2.6907108510604722e+20,8.72,134.0,1.2221676915350674e-11,57.345443318793286,4.1727848100815053e-11,5.394952501616573e-11,120.483431379819,143.27998904226266,-13.516568620181005,9.279989042262656
NGC3992,external_151,bulge_rich_hsb,0,2.835737697390566e+20,9.19,248.0,1.0253992825601127e-10,170.5216525967583,6.311555654858483e-11,1.656554848045961e-10,216.73843753240985,271.6266233806223,-31.261562467590153,23.626623380622277
NGC3992,external_151,bulge_rich_hsb,1,4.255149384876595e+20,13.79,264.0,6.416008789281108e-11,165.23037206601072,7.893420665719422e-11,1.430942945500053e-10,246.756479030198,288.39443624584953,-17.243520969802006,24.394436245849533
NGC3992,external_151,bulge_rich_hsb,2,5.662218362036659e+20,18.35,272.0,4.112365976316295e-11,152.59460718686273,7.782394121732633e-11,1.1894760098048928e-10,259.5201900415334,291.8748767164839,-12.479809958466603,19.874876716483925
NGC3992,external_151,bulge_rich_hsb,3,7.078544371941196e+20,22.94,271.0,2.6658518091953648e-11,137.36939368144968,6.750991063712678e-11,9.416842872908042e-11,258.18121565961724,288.33543976556945,-12.818784340382763,17.335439765569447
NGC3992,external_151,bulge_rich_hsb,4,8.491784704264242e+20,27.52,264.0,1.810388877392196e-11,123.98964705897491,5.676103720939337e-11,7.486492598331533e-11,252.138222677759,283.473474833116,-11.86177732224101,19.473474833115972
NGC3992,external_151,bulge_rich_hsb,5,9.90811071416878e+20,32.11,242.0,1.2915553480951172e-11,113.1232663177793,4.824113607645969e-11,6.115668955741086e-11,246.15995836993403,279.10796920434865,4.1599583699340315,37.10796920434865
NGC3992,external_151,bulge_rich_hsb,6,1.1324436724073318e+21,36.7,244.0,9.399270620193792e-12,103.17046350134615,4.1264928695436845e-11,5.066419931563064e-11,239.52943855102612,273.7940233451355,-4.470561448973882,29.794023345135486
NGC3992,external_151,bulge_rich_hsb,7,1.2787047897700224e+21,41.44,241.0,6.929772904298112e-12,94.1335955158652,3.5481718883771366e-11,4.241149178806948e-11,232.8771729704232,268.13920003716385,-8.122827029576797,27.139200037163846
NGC3992,external_151,bulge_rich_hsb,8,1.4200288230023273e+21,46.02,237.0,5.268841474979676e-12,86.49801592118305,3.0964999519078445e-11,3.6233840994058124e-11,226.83275464457472,262.75228579281173,-10.16724535542528,25.752285792811733
NGC4010,external_151,bulge_rich_hsb,0,2.6845394958974894e+19,0.87,39.3,4.593322304670807e-11,35.11545976386421,1.7375049782897438e-11,6.33082728296055e-11,41.22542405217075,65.62966595155982,1.9254240521707544,26.329665951559818
NGC4010,external_151,bulge_rich_hsb,1,5.369078991794979e+19,1.74,54.6,4.308127811924518e-11,48.094364045043356,2.2945821219281532e-11,6.60270993385267e-11,59.54029828172209,91.09843444116896,4.940298281722086,36.49843444116896
NGC4010,external_151,bulge_rich_hsb,2,8.053618487692468e+19,2.61,65.5,4.0229333191782286e-11,56.920268933032816,2.775259689661816e-11,6.798193008840045e-11,73.9932786804963,109.3794732731551,8.493278680496303,43.8794732731551
NGC4010,external_151,bulge_rich_hsb,3,1.0799871535219786e+20,3.5000000000000004,83.9,3.64592315836184e-11,62.74990178286389,3.249197796162733e-11,6.895120954524573e-11,86.29392825029315,123.12099584124906,2.3939282502931434,39.22099584124905
NGC4010,external_151,bulge_rich_hsb,4,1.3484411031117275e+20,4.37,94.3,3.2141239623268684e-11,65.83355422045722,3.710358814185961e-11,6.92448277651283e-11,96.62948408037332,132.7001691450357,2.3294840803733194,38.40016914503569
NGC4010,external_151,bulge_rich_hsb,5,1.6168950527014765e+20,5.24,104.0,2.782324766291897e-11,67.0725513874801,4.172531720215427e-11,6.954856486507325e-11,106.0437317585649,139.47956667040785,2.0437317585649026,35.47956667040785
NGC4010,external_151,bulge_rich_hsb,6,1.8853490022912256e+20,6.110000000000001,115.0,2.3780726799327267e-11,66.95891990233405,4.569489896812389e-11,6.947562576745116e-11,114.44902870895086,144.10373587412172,-0.5509712910491373,29.103735874121725
NGC4010,external_151,bulge_rich_hsb,7,2.1538029518809743e+20,6.98,127.0,2.142853119961194e-11,67.93587693715136,4.6593675734643645e-11,6.802220693425558e-11,121.03984058501489,149.60296850676133,-5.960159414985114,22.60296850676133
NGC4010,external_151,bulge_rich_hsb,8,2.422256901470723e+20,7.85,129.0,1.9076335599896613e-11,67.97630878594484,4.6951078695839704e-11,6.602741429573632e-11,126.46555260785998,153.607539318276,-2.5344473921400237,24.607539318275997
NGC4010,external_151,bulge_rich_hsb,9,2.6907108510604722e+20,8.72,127.0,1.6724140000181282e-11,67.08190886754957,4.6652594397363175e-11,6.337673439754446e-11,130.5865486749115,156.11572265258286,3.586548674911512,29.11572265258286
NGC4010,external_151,bulge_rich_hsb,10,2.9622504782317126e+20,9.6,124.0,1.5014975396639292e-11,66.69191708845393,4.57701930360785e-11,6.078516843271779e-11,134.18677068146977,159.02300804447827,10.186770681469767,35.023008044478274
NGC4010,external_151,bulge_rich_hsb,11,3.2307044278214617e+20,10.47,122.0,1.3606273921076647e-11,66.30071598631044,4.461835106432064e-11,5.822462498539728e-11,137.15194265797592,161.6570853288794,15.151942657975923,39.65708532887939
NGC4013,external_151,bulge_rich_hsb,0,1.6940369922387608e+20,5.490000000000001,198.0,1.158657183384134e-10,140.10025446000776,2.609341000604101e-11,1.419591283444544e-10,155.07547027221156,218.1306950005929,-42.92452972778844,20.130695000592908
NGC4013,external_151,bulge_rich_hsb,1,1.9038630677801733e+20,6.169999999999999,195.0,1.0695339399353714e-10,142.6970976572534,3.446951477895111e-11,1.4142290877248827e-10,164.08834600604186,225.5104096400729,-30.91165399395814,30.510409640072908
NGC4013,external_151,bulge_rich_hsb,2,2.135288886392026e+20,6.92,194.0,9.712362449551185e-11,144.00937330305234,4.090210699989707e-11,1.3802573149540892e-10,171.67551092053768,231.7650322262971,-22.324489079462325,37.76503222629711
NGC4013,external_151,bulge_rich_hsb,3,2.3728860601668613e+20,7.6899999999999995,195.0,8.703172781087254e-11,143.70677566303405,4.621749459720652e-11,1.3324922240807907e-10,177.81597857903674,236.19418058500872,-17.184021420963262,41.19418058500872
NGC4013,external_151,bulge_rich_hsb,4,2.5796264581267826e+20,8.36,195.0,7.82504670593033e-11,142.0763791722456,5.0634476977454284e-11,1.288849440367576e-10,182.3389732589853,238.39866290042355,-12.661026741014695,43.398662900423545
NGC4013,external_151,bulge_rich_hsb,5,2.8141379543201264e+20,9.12,195.0,6.828963396797101e-11,138.6277211945346,5.5300711907886643e-11,1.2359034587585765e-10,186.49404363593035,238.9596252686493,-8.505956364069647,43.95962526864929
NGC4013,external_151,bulge_rich_hsb,6,3.048649450513471e+20,9.880000000000003,192.0,5.832880087663867e-11,133.35069056501888,5.97035035705498e-11,1.1803230444718846e-10,189.69425929525644,237.2751540102557,-2.305740704743556,45.275154010255704
NGC4013,external_151,bulge_rich_hsb,7,3.258475526054884e+20,10.560000000000002,188.0,4.9416476531762405e-11,126.89459380234184,6.334230745126242e-11,1.1275878398302482e-10,191.6824817129609,233.5921983789052,3.6824817129609073,45.59219837890521
NGC4013,external_151,bulge_rich_hsb,8,3.4899013446667364e+20,11.31,186.0,4.4758554730068615e-11,124.98117471755742,6.457721140063933e-11,1.0933576613070795e-10,195.33843381160952,234.85089740560232,9.33843381160952,48.850897405602325
NGC4013,external_151,bulge_rich_hsb,9,3.727498518441572e+20,12.080000000000002,186.0,4.09118755339257e-11,123.49046742132529,6.499299660379994e-11,1.0590487213772564e-10,198.68574533396105,236.46285365113712,12.685745333961052,50.462853651137124
NGC4013,external_151,bulge_rich_hsb,10,3.940410271564476e+20,12.77,186.0,3.746485131920023e-11,121.50180449722238,6.496488902306983e-11,1.0242974034227006e-10,200.90176727902698,237.02358203024056,14.901767279026984,51.02358203024056
NGC4013,external_151,bulge_rich_hsb,11,4.156407702268872e+20,13.47,185.0,3.396787023179758e-11,118.82100717512581,6.447643714573004e-11,9.844430737752762e-11,202.28066576627637,236.68442018389484,17.28066576627637,51.684420183894844
NGC4013,external_151,bulge_rich_hsb,12,4.3724051329732674e+20,14.17,180.0,3.047088914439494e-11,115.4257649319301,6.347311981850375e-11,9.394400896289868e-11,202.6724616225561,235.3524522347168,22.672461622556114,55.35245223471679
NGC4013,external_151,bulge_rich_hsb,13,4.6223450170740684e+20,14.980000000000002,163.0,2.6424382457543292e-11,110.5181489991054,6.154272922020469e-11,8.796711167774798e-11,201.6468051643855,232.4219217231923,38.64680516438551,69.4219217231923
NGC4013,external_151,bulge_rich_hsb,14,4.838342447778464e+20,15.68,162.0,2.2927401370140645e-11,105.32360574268506,5.91430395669835e-11,8.207044093712414e-11,199.26989187882424,228.49896765678076,37.26989187882424,66.49896765678076
NGC4013,external_151,bulge_rich_hsb,15,5.0512542009013685e+20,16.37,164.0,2.0525096828286187e-11,101.822139821253,5.6984153897064256e-11,7.750925072535045e-11,197.86837249422757,226.3747955003781,33.86837249422757,62.3747955003781
NGC4013,external_151,bulge_rich_hsb,16,5.304279762583661e+20,17.19,166.0,1.8798468241826753e-11,99.85606374311642,5.5079892297062e-11,7.387836053888875e-11,197.95744307787137,226.38633966006978,31.957443077871375,60.38633966006978
NGC4013,external_151,bulge_rich_hsb,17,5.517191515706564e+20,17.88,166.0,1.7345573455659676e-11,97.82578939350837,5.3324237177977776e-11,7.066981063363746e-11,197.45857278034146,225.80830984343638,31.458572780341456,59.808309843436376
NGC4013,external_151,bulge_rich_hsb,18,5.7331889464109597e+20,18.58,166.0,1.587162222331626e-11,95.39130415940822,5.138706217690814e-11,6.72586844002244e-11,196.36872102081577,224.62613797804684,30.36872102081577,58.62613797804684
NGC4013,external_151,bulge_rich_hsb,19,5.983128830511761e+20,19.39,166.0,1.4166050083033155e-11,92.0637293760519,4.8922370949122314e-11,6.308842103215547e-11,194.28488123087547,222.43017600383754,28.28488123087547,56.430176003837545
NGC4013,external_151,bulge_rich_hsb,20,6.199126261216156e+20,20.09,168.0,1.2692098850689743e-11,88.70170420869161,4.6588534115587625e-11,5.928063296627737e-11,191.6997988008246,219.7244193265293,23.699798800824595,51.7244193265293
NGC4013,external_151,bulge_rich_hsb,21,6.415123691920552e+20,20.79,172.0,1.1218147618346323e-11,84.83266149656959,4.403936869512432e-11,5.525751631347064e-11,188.2774022710192,216.15195939321643,16.277402271019213,44.15195939321643
NGC4013,external_151,bulge_rich_hsb,22,6.628035445043457e+20,21.48,173.0,9.926878399095623e-12,81.1145497970876,4.16047501302607e-11,5.1531628529356325e-11,184.81165018293257,212.56759786265414,11.811650182932567,39.56759786265414
NGC4013,external_151,bulge_rich_hsb,23,6.881061006725749e+20,22.3,171.0,9.179660087629514e-12,79.47691556922936,4.008465644667394e-11,4.926431653430346e-11,184.11701918268992,212.07108462292194,13.117019182689916,41.071084622921944
NGC4013,external_151,bulge_rich_hsb,24,7.093972759848653e+20,22.99,170.0,8.550903215786085e-12,77.8844493367506,3.874769145906645e-11,4.7298594674852534e-11,183.1761289585863,211.26286136999937,13.176128958586304,41.26286136999937
NGC4013,external_151,bulge_rich_hsb,25,7.309970190553049e+20,23.69,172.0,7.913033925510139e-12,76.0552707656176,3.733019447414465e-11,4.524322839965479e-11,181.85891535084542,210.04722125999305,9.858915350845422,38.04722125999305
NGC4013,external_151,bulge_rich_hsb,26,7.525967621257445e+20,24.39,173.0,7.275164635234191e-12,73.99503597140132,3.584557470616028e-11,4.312073934139447e-11,180.14585426481977,208.3954920298025,7.145854264819775,35.39549202980251
NGC4013,external_151,bulge_rich_hsb,27,7.775907505358244e+20,25.2,176.0,6.537058742200599e-12,71.29625806200866,3.4030177404660836e-11,4.0567236146861435e-11,177.6082982368842,205.87640568621003,1.6082982368841954,29.876405686210035
NGC4013,external_151,bulge_rich_hsb,28,7.99190493606264e+20,25.9,178.0,5.899189451924652e-12,68.66277106234884,3.23676708062077e-11,3.826686025813235e-11,174.87856054547888,203.10259113039686,-3.1214394545211235,25.10259113039686
NGC4013,external_151,bulge_rich_hsb,29,8.204816689185545e+20,26.59,180.0,5.270432580081219e-12,65.75935917592082,3.063032199773391e-11,3.5900754577815135e-11,171.6272444323488,199.74091045262887,-8.372755567651211,19.740910452628867
NGC4013,external_151,bulge_rich_hsb,30,8.457842250867838e+20,27.41,180.0,4.8853339649787166e-12,64.28015558366104,2.951275280131527e-11,3.4398086766293986e-11,170.56775533522716,198.7747223257109,-9.432244664772838,18.77472232571091
NGC4013,external_151,bulge_rich_hsb,31,8.670754003990742e+20,28.1,180.0,4.599254121237757e-12,63.14982271320578,2.865246911805644e-11,3.3251723239294195e-11,169.79914970832516,198.08518304256387,-10.20085029167484,18.08518304256387
NGC4013,external_151,bulge_rich_hsb,32,8.886751434695137e+20,28.8,180.0,4.309028192804902e-12,61.881550137784004,2.775009722226949e-11,3.2059125415074394e-11,168.79024817135726,197.1266130929899,-11.209751828642737,17.126613092989913
NGC4013,external_151,bulge_rich_hsb,33,9.136691318795938e+20,29.61,178.0,3.973195332761168e-12,60.251024310562144,2.6663414507552164e-11,3.063660984031333e-11,167.30727634066875,195.66398852906048,-10.69272365933125,17.663988529060475
NGC4013,external_151,bulge_rich_hsb,34,9.352688749500333e+20,30.309999999999995,174.0,3.682969404328312e-12,58.69043066174872,2.5684757282265582e-11,2.936772668659389e-11,165.7308682714561,194.06489882879083,-8.269131728543897,20.06489882879083
NGC4013,external_151,bulge_rich_hsb,35,9.56868618020473e+20,31.01,170.0,3.3927434758954536e-12,56.97727407552996,2.466459255894666e-11,2.8057336034842115e-11,163.85110422879484,192.1209318999108,-6.1488957712051615,22.1209318999108
NGC4051,external_151,bulge_rich_hsb,0,5.369078991794979e+19,1.74,121.0,1.4219525803775793e-10,87.37605923039744,1.4642648090786327e-11,1.5683790612854425e-10,91.76465043315318,131.06852668520753,-29.23534956684682,10.06852668520753
NGC4051,external_151,bulge_rich_hsb,1,1.0799871535219786e+20,3.5000000000000004,116.0,1.3135744097624204e-10,119.10682128822974,2.0623747131465104e-11,1.5198118810770715e-10,128.11624827996292,181.23222376752713,12.116248279962917,65.23222376752713
NGC4051,external_151,bulge_rich_hsb,2,1.6168950527014765e+20,5.24,140.0,1.175785367869051e-10,137.88116420839555,3.077285816063077e-11,1.4835139494753586e-10,154.87693067465972,214.09423410121974,14.876930674659718,74.09423410121974
NGC4051,external_151,bulge_rich_hsb,3,2.1538029518809743e+20,6.98,160.0,1.03730153297106e-10,149.47050223049794,3.945999917044076e-11,1.4319015246754676e-10,175.61417171313056,237.57658291716973,15.61417171313056,77.57658291716973
NGC4051,external_151,bulge_rich_hsb,4,2.6907108510604722e+20,8.72,161.0,8.978448573191921e-11,155.42975584351896,4.878364047906209e-11,1.385681262109813e-10,193.09240295956866,253.93279780152704,32.09240295956866,92.93279780152704
NGC4051,external_151,bulge_rich_hsb,5,3.2307044278214617e+20,10.47,154.0,7.588331476486336e-11,156.5747620175786,5.792512419442428e-11,1.3380843895928763e-10,207.91717491002234,264.31629668591256,53.91717491002234,110.31629668591256
NGC4051,external_151,bulge_rich_hsb,6,3.761440971837976e+20,12.189999999999998,153.0,6.404492521399758e-11,155.2099242117686,6.466329245718272e-11,1.287082176711803e-10,220.02917155700473,271.0024750609956,67.02917155700473,118.00247506099561
NGC4068,external_151,low_mass_dwarf,0,6.47992292113187e+18,0.20999999999999996,4.68,1.0152957342189101e-11,8.111126986980617,6.2641849638737084e-12,1.641714230606281e-11,10.314156132643141,21.145969695505332,5.634156132643142,16.465969695505333
NGC4068,external_151,low_mass_dwarf,1,1.974833652154475e+19,0.64,13.1,9.092448262967564e-12,13.40002716795076,7.769713709673742e-12,1.6862161972641306e-11,18.24827797674387,35.83475811197888,5.148277976743872,22.734758111978877
NGC4068,external_151,low_mass_dwarf,2,3.2708182363808494e+19,1.06,22.5,7.663942498650607e-12,15.832675985808786,1.2260145401674585e-11,1.992408790032519e-11,25.52803753672394,44.05274313699251,3.0280375367239394,21.55274313699251
NGC4068,external_151,low_mass_dwarf,3,4.566802820607223e+19,1.48,30.4,6.713777793250193e-12,17.510139737633487,1.5101715269710174e-11,2.1815493062960366e-11,31.56375377753171,50.248058174759905,1.16375377753171,19.848058174759906
NGC4068,external_151,low_mass_dwarf,4,5.893644180648511e+19,1.91,36.0,5.9055674393499494e-12,18.65618213149522,1.7143290702000806e-11,2.3048858141350756e-11,36.85671833673813,55.17047216024149,0.8567183367381332,19.170472160241488
NGC4068,external_151,low_mass_dwarf,5,7.1896287648748855e+19,2.33,41.9,5.253691540436804e-12,19.4350435607704,1.8434817794843822e-11,2.3688509335280626e-11,41.26882456697075,59.07729709751606,-0.6311754330292487,17.17729709751606
NGC4085,external_151,bulge_rich_hsb,0,2.6845394958974894e+19,0.87,42.2,1.8629165191393577e-10,70.7182647778456,4.5716219911432845e-12,1.9086327390507905e-10,71.58072346061371,101.210659194964,29.38072346061371,59.01065919496399
NGC4085,external_151,bulge_rich_hsb,1,5.369078991794979e+19,1.74,79.9,1.6313829892611082e-10,93.58965827063112,8.174827475297547e-12,1.7131312640140837e-10,95.90587614846753,137.02970553907693,16.00587614846752,57.12970553907692
NGC4085,external_151,bulge_rich_hsb,2,8.362186245841605e+19,2.71,112.0,1.2387462061921858e-10,101.77733778945472,1.3481621838799684e-11,1.3735624245801827e-10,107.17268688723472,156.52636253270424,-4.827313112765282,44.52636253270424
NGC4085,external_151,bulge_rich_hsb,3,1.1046725741739095e+20,3.58,127.0,9.084757175893226e-11,100.17825160801551,2.0825391133109273e-11,1.1167296289204153e-10,111.06847409754894,163.29597746964933,-15.931525902451057,36.29597746964933
NGC4085,external_151,bulge_rich_hsb,4,1.3731265237636584e+20,4.45,130.0,7.133365304104532e-11,98.96975852633646,2.709774806446436e-11,9.843140110550968e-11,116.25780301949406,169.12588849317936,-13.742196980505938,39.12588849317936
NGC4085,external_151,bulge_rich_hsb,5,1.6415804733534074e+20,5.32,133.0,5.304158684772973e-11,93.31239641382706,3.576630688893531e-11,8.880789373666504e-11,120.74158531249857,169.2863177359174,-12.258414687501428,36.28631773591741
NGC4085,external_151,bulge_rich_hsb,6,1.9131201005246477e+20,6.2,136.0,4.145430899036311e-11,89.05451801162212,4.194307730758345e-11,8.339738629794656e-11,126.3127927241815,170.05206559893267,-9.687207275818494,34.05206559893267
NGC4088,external_151,bulge_rich_hsb,0,5.369078991794979e+19,1.74,84.9,2.276106212844867e-10,110.54679574948975,2.532335691319265e-11,2.5293397819767935e-10,116.53422281254076,153.05134750484248,31.634222812540756,68.15134750484248
NGC4088,external_151,bulge_rich_hsb,1,1.0799871535219786e+20,3.5000000000000004,136.0,1.9314747211943983e-10,144.4288020528591,3.8320291605175194e-11,2.3146776372461504e-10,158.1082576202283,205.4480572169029,22.1082576202283,69.4480572169029
NGC4088,external_151,bulge_rich_hsb,2,1.6168950527014765e+20,5.24,162.0,1.4828011883031569e-10,154.83972053408147,4.9903069914589884e-11,1.9818318874490557e-10,179.00877559780156,230.54260201620556,17.00877559780156,68.54260201620556
NGC4088,external_151,bulge_rich_hsb,3,2.1538029518809743e+20,6.98,179.0,1.0127826472018514e-10,147.69340727186082,6.36672759548037e-11,1.6494554067498883e-10,188.48347206198062,235.813778558777,9.48347206198062,56.81377855877699
NGC4088,external_151,bulge_rich_hsb,4,2.6907108510604722e+20,8.72,182.0,7.289410397000082e-11,140.04890450496623,7.283385238432446e-11,1.4572795635432528e-10,198.01812883305658,238.30092114899267,16.01812883305658,56.30092114899267
NGC4088,external_151,bulge_rich_hsb,5,3.2307044278214617e+20,10.47,179.0,5.406390135766502e-11,132.16069215220958,7.50972713475123e-11,1.2916117270517732e-10,204.27471027056404,238.82792533684218,25.274710270564043,59.827925336842185
NGC4088,external_151,bulge_rich_hsb,6,3.761440971837976e+20,12.189999999999998,174.0,4.040046548820596e-11,123.27366554486163,7.270859592315198e-11,1.1310906141135793e-10,206.26513468805615,236.67400731742737,32.26513468805615,62.67400731742737
NGC4088,external_151,bulge_rich_hsb,7,4.3014345485989655e+20,13.94,171.0,3.1804426218233786e-11,116.96352325980847,6.817907445989938e-11,9.998350067813317e-11,207.38189026691555,236.2970440808439,36.38189026691555,65.2970440808439
NGC4088,external_151,bulge_rich_hsb,8,4.838342447778464e+20,15.68,168.0,2.458365747895656e-11,109.06152094211873,6.226779820745672e-11,8.685145568641327e-11,204.99197172058314,233.0091124004023,36.99197172058314,65.0091124004023
NGC4088,external_151,bulge_rich_hsb,9,5.375250346957962e+20,17.42,165.0,2.0381793403288637e-11,104.66959542419792,5.7636759886415046e-11,7.801855328970369e-11,204.78507163356366,233.06745741445997,39.78507163356366,68.06745741445997
NGC4088,external_151,bulge_rich_hsb,10,5.949186377115356e+20,19.28,171.0,1.626724280527105e-11,98.37523026166004,5.223728470763479e-11,6.850452751290584e-11,201.87773573390987,230.37251288769045,30.877735733909873,59.37251288769045
NGC4088,external_151,bulge_rich_hsb,11,6.628035445043457e+20,21.48,174.0,1.3367403179889751e-11,94.12737225934647,4.7793996804461836e-11,6.116139998435158e-11,201.34048946120168,230.430354036223,27.340489461201685,56.43035403622301
NGC4100,external_151,bulge_rich_hsb,0,8.053618487692468e+19,2.61,120.0,1.4202474845113458e-10,106.94920008283978,1.9464714472564113e-11,1.614894629236987e-10,114.04273427841983,160.46361393089373,-5.957265721580171,40.46361393089373
NGC4100,external_151,bulge_rich_hsb,1,1.0799871535219786e+20,3.5000000000000004,148.0,1.240679054572972e-10,115.75480294927738,2.892448691724994e-11,1.5299239237454714e-10,128.54175133049372,177.97194294675478,-19.458248669506276,29.97194294675478
NGC4100,external_151,bulge_rich_hsb,2,1.3484411031117275e+20,4.37,168.0,1.0349902693867838e-10,118.13650665911103,3.71669711698972e-11,1.406659981085756e-10,137.72429475580546,187.8515238938597,-30.27570524419454,19.851523893859707
NGC4100,external_151,bulge_rich_hsb,3,1.6168950527014765e+20,5.24,182.0,8.293014842005956e-11,115.79695449371432,4.6527623222610973e-11,1.2945777164267053e-10,144.67882723563648,192.11153755440813,-37.321172764363524,10.11153755440813
NGC4100,external_151,bulge_rich_hsb,4,1.8853490022912256e+20,6.110000000000001,190.0,6.236126990144072e-11,108.43097250799474,5.865539021698595e-11,1.2101666011842667e-10,151.0492103305714,190.3424871825695,-38.95078966942859,0.3424871825694993
NGC4100,external_151,bulge_rich_hsb,5,2.1538029518809743e+20,6.98,194.0,5.340017912742427e-11,107.24433012314412,6.273566948671475e-11,1.1613584861413901e-10,158.1561676205941,194.29273468646585,-35.84383237940591,0.2927346864658489
NGC4100,external_151,bulge_rich_hsb,6,2.422256901470723e+20,7.85,195.0,4.4970493470104444e-11,104.3695780246833,6.530034610480887e-11,1.1027083957491331e-10,163.43325921956787,195.92657941971342,-31.566740780432127,0.9265794197134198
NGC4100,external_151,bulge_rich_hsb,7,2.6907108510604722e+20,8.72,193.0,3.65408078127846e-11,99.1568192755167,6.610948686207462e-11,1.0265029467485922e-10,166.1933397420603,194.46221923099768,-26.80666025793971,1.4622192309976754
NGC4100,external_151,bulge_rich_hsb,8,2.9622504782317126e+20,9.6,192.0,2.997592428314627e-11,94.23173353132566,6.46292057385492e-11,9.460513002169548e-11,167.40492574889805,192.81871144836455,-24.59507425110195,0.818711448364553
NGC4100,external_151,bulge_rich_hsb,9,3.2307044278214617e+20,10.47,192.0,2.6062776421988443e-11,91.76117217420386,6.227180419964202e-11,8.833458062163047e-11,168.93280342907158,193.55680026324228,-23.067196570928417,1.5568002632422804
NGC4100,external_151,bulge_rich_hsb,10,3.5022440549927014e+20,11.35,191.0,2.210464984978283e-11,87.98629354853927,5.901124684081204e-11,8.111589669059487e-11,168.54900383865754,192.4305248981003,-22.45099616134246,1.4305248981002876
NGC4100,external_151,bulge_rich_hsb,11,3.761440971837976e+20,12.189999999999998,189.0,1.8326438121768374e-11,83.02639051474716,5.497635749694187e-11,7.330279561871025e-11,166.04943203470526,189.30293766821123,-22.950567965294738,0.3029376682112286
NGC4100,external_151,bulge_rich_hsb,12,4.048408986916673e+20,13.12,185.0,1.602427957601066e-11,80.54367600525,5.188814066081756e-11,6.791242023682822e-11,165.81231932822033,189.25479811617157,-19.187680671779674,4.254798116171571
NGC4100,external_151,bulge_rich_hsb,13,4.3014345485989655e+20,13.94,182.0,1.4208143177070395e-11,78.17633780965393,4.916241613225399e-11,6.337055930932439e-11,165.1012759421222,188.75068054480653,-16.898724057877814,6.750680544806528
NGC4100,external_151,bulge_rich_hsb,14,4.5853168860961715e+20,14.86,179.0,1.2170526729478877e-11,74.70322732343249,4.577707569171518e-11,5.7947602421194063e-11,163.00555815391343,186.82790359597533,-15.994441846086573,7.827903595975329
NGC4100,external_151,bulge_rich_hsb,15,4.838342447778464e+20,15.68,176.0,1.0671337177965545e-11,71.85512065448582,4.303639140014866e-11,5.3707728578114205e-11,161.20061505876907,185.19626999437847,-14.799384941230926,9.196269994378468
NGC4100,external_151,bulge_rich_hsb,16,5.12531046285716e+20,16.61,174.0,9.563066317612701e-12,70.00977349960309,4.08435888233827e-11,5.04066551409954e-11,160.73262176415102,185.05271713027838,-13.26737823584898,11.052717130278381
NGC4100,external_151,bulge_rich_hsb,17,5.375250346957962e+20,17.42,178.0,8.597798148918282e-12,67.9818486678963,3.880936334312683e-11,4.740716149204511e-11,159.632503350166,184.1683150963442,-18.36749664983401,6.168315096344202
NGC4100,external_151,bulge_rich_hsb,18,5.662218362036659e+20,18.35,177.0,7.489527288565435e-12,65.1209174814743,3.630025913664855e-11,4.378978642521399e-11,157.46343472899042,182.16586994726467,-19.53656527100958,5.165869947264667
NGC4100,external_151,bulge_rich_hsb,19,5.912158246137459e+20,19.159999999999997,169.0,6.874768673047051e-12,63.753211919590846,3.4825924268713975e-11,4.1700692941761026e-11,157.0162716552901,181.93918873436192,-11.983728344709903,12.93918873436192
NGC4100,external_151,bulge_rich_hsb,20,6.199126261216156e+20,20.09,158.0,6.221931004410145e-12,62.105181655731386,3.3176504182714685e-11,3.939843518712483e-11,156.28047677791625,181.42367848683983,-1.719523222083751,23.423678486839833
NGC4100,external_151,bulge_rich_hsb,21,6.486094276294853e+20,21.02,158.0,5.569093335773238e-12,60.101301491157926,3.142787074267067e-11,3.699696407844391e-11,154.90829446788229,180.2006837854078,-3.0917055321177145,22.20068378540779
NGC4100,external_151,bulge_rich_hsb,22,6.77306229137355e+20,21.95,158.0,5.0266415099526865e-12,58.34874125747148,2.989042657582699e-11,3.491706808577968e-11,153.7840944887075,179.22221638580461,-4.215905511292505,21.222216385804614
NGC4100,external_151,bulge_rich_hsb,23,7.023002175474351e+20,22.759999999999998,159.0,4.6651572257943086e-12,57.239330312018254,2.8819314915618258e-11,3.348447214141257e-11,153.34977035970766,178.94215967953537,-5.650229640292338,19.942159679535365
NGC4138,calibration_24,bulge_rich_hsb,0,8.053618487692468e+19,2.61,179.0,2.3854859734248375e-10,138.6066157789928,2.055512364649008e-11,2.591037209889738e-10,144.45492437389285,190.45652588493476,-34.54507562610715,11.456525884934763
NGC4138,calibration_24,bulge_rich_hsb,1,1.6168950527014765e+20,5.24,195.0,1.1414852118402866e-10,135.85513577912528,5.2308342530533926e-11,1.6645686371456257e-10,164.05586835839802,212.1071348567826,-30.944131641601984,17.107134856782608
NGC4138,calibration_24,bulge_rich_hsb,2,2.422256901470723e+20,7.85,181.0,4.1235402331805964e-11,99.9413517434795,7.526204109214442e-11,1.164974434239504e-10,167.9841469714803,191.05341144290023,-13.0158530285197,10.053411442900227
NGC4138,calibration_24,bulge_rich_hsb,3,3.286246624288306e+20,10.65,162.0,1.5847471842041878e-11,72.16557409486471,5.153105754566616e-11,6.737852938770803e-11,148.80270990471442,169.9928000919894,-13.197290095285581,7.992800091989409
NGC4138,calibration_24,bulge_rich_hsb,4,4.156407702268872e+20,13.47,145.0,6.832576842194359e-12,53.290688692529166,3.4257933683875884e-11,4.109051052607024e-11,130.686232802357,152.3001237683394,-14.313767197642989,7.300123768339404
NGC4138,calibration_24,bulge_rich_hsb,5,4.946341163130662e+20,16.03,147.0,3.530059110973266e-12,41.78621386162127,2.478792825315976e-11,2.8317987364133026e-11,118.3513525720028,139.57204128663594,-28.648647427997204,-7.427958713364063
NGC4138,calibration_24,bulge_rich_hsb,6,5.7331889464109597e+20,18.58,150.0,2.2038018297441153e-12,35.54548113385049,1.9689076747588388e-11,2.1892878577332504e-11,112.03392765795547,132.91175751010343,-37.96607234204453,-17.088242489896572
NGC4157,external_151,bulge_rich_hsb,0,5.369078991794979e+19,1.74,96.4,2.399402770162179e-10,113.50146697788725,2.0813750459189426e-11,2.607540274754073e-10,118.32197475296549,155.81511511596852,21.921974752965482,59.41511511596852
NGC4157,external_151,bulge_rich_hsb,1,1.0799871535219786e+20,3.5000000000000004,157.0,2.0135478335423633e-10,147.46544657063782,3.597475067981554e-11,2.3732953403405187e-10,160.09773512081088,208.31328891891812,3.0977351208108814,51.31328891891812
NGC4157,external_151,bulge_rich_hsb,2,1.6168950527014765e+20,5.24,192.0,1.5551069911825812e-10,158.57000978951203,5.0730487755120604e-11,2.0624118687337873e-10,182.61170683142052,234.12214245059735,-9.38829316857948,42.12214245059735
NGC4157,external_151,bulge_rich_hsb,3,2.1538029518809743e+20,6.98,201.0,1.0561114265933083e-10,150.81962432362354,6.393235167632222e-11,1.6954349433565304e-10,191.0924589229896,238.91218294988238,-9.907541077010393,37.91218294988238
NGC4157,external_151,bulge_rich_hsb,4,2.6907108510604722e+20,8.72,201.0,6.575718418525417e-11,133.01637832328976,7.633409498908972e-11,1.420912791743439e-10,195.53172292890739,231.02545503547108,-5.468277071092615,30.025455035471083
NGC4157,external_151,bulge_rich_hsb,5,3.2307044278214617e+20,10.47,194.0,4.943357138154447e-11,126.37454567490401,7.532225561188779e-11,1.2475582699343226e-10,200.76085342123093,232.61824188701246,6.760853421230934,38.61824188701246
NGC4157,external_151,bulge_rich_hsb,6,3.761440971837976e+20,12.189999999999998,190.0,3.338979194018409e-11,112.06860909503334,6.895781603734257e-11,1.0234760797752667e-10,196.20766703069484,224.0559571593236,6.207667030694836,34.05595715932361
NGC4157,external_151,bulge_rich_hsb,7,4.3014345485989655e+20,13.94,186.0,2.632020257103096e-11,106.40236306828712,6.32767603949257e-11,8.959696296595666e-11,196.31491842224014,223.95927171996485,10.31491842224014,37.959271719964846
NGC4157,external_151,bulge_rich_hsb,8,4.838342447778464e+20,15.68,184.0,1.991580934233316e-11,98.16287777101557,5.6446520853423244e-11,7.63623301957564e-11,192.21527088069857,219.70475482429455,8.215270880698569,35.704754824294554
NGC4157,external_151,bulge_rich_hsb,9,5.375250346957962e+20,17.42,182.0,1.557779683160432e-11,91.50658873759953,5.066627457757839e-11,6.624407140918271e-11,188.7004154277667,216.38768755388608,6.7004154277667,34.38768755388608
NGC4157,external_151,bulge_rich_hsb,10,5.912158246137459e+20,19.159999999999997,181.0,1.2704298193702619e-11,86.66592255742054,4.615399003350746e-11,5.885828822721007e-11,186.5420901823595,214.63457038985334,5.5420901823594875,33.63457038985334
NGC4157,external_151,bulge_rich_hsb,11,6.449066145316957e+20,20.9,183.0,1.0151841898326375e-11,80.91347223986057,4.1567409731479475e-11,5.171925162980585e-11,182.63101454761448,210.94936624061128,-0.36898545238551606,27.949366240611283
NGC4157,external_151,bulge_rich_hsb,12,6.989059722077947e+20,22.65,185.0,8.673900166357557e-12,77.86039191143004,3.8621679977823855e-11,4.729558014418141e-11,181.81079016879275,210.4998738345199,-3.1892098312072505,25.49987383451989
NGC4157,external_151,bulge_rich_hsb,13,7.525967621257445e+20,24.39,186.0,7.204403815714274e-12,73.63430575997116,3.536732908872673e-11,4.2571732904441007e-11,178.995386370611,207.85281154745758,-7.004613629389013,21.852811547457577
NGC4157,external_151,bulge_rich_hsb,14,8.062875520436942e+20,26.13,186.0,6.288276855210981e-12,71.20505145115115,3.316861522454069e-11,3.9456892079751676e-11,178.36367602803887,207.49000695686195,-7.636323971961133,21.490006956861947
NGC4157,external_151,bulge_rich_hsb,15,8.59978341961644e+20,27.869999999999997,184.0,5.449154494338531e-12,68.45549537571173,3.0983997551875446e-11,3.643315204621398e-11,177.00768822042613,206.30333723995332,-6.992311779573868,22.303337239953322
NGC4157,external_151,bulge_rich_hsb,16,9.136691318795938e+20,29.61,185.0,4.774665785039763e-12,66.048957166881,2.90910296464575e-11,3.3865695431497265e-11,175.903497820239,205.35323186072074,-9.09650217976099,20.35323186072074
NGC4183,external_151,bulge_rich_hsb,0,2.6845394958974894e+19,0.87,47.1,2.931132501849089e-11,28.051276207906657,1.4638446549594566e-11,4.394977156808546e-11,34.34892976647132,57.67805367633034,-12.75107023352868,10.578053676330342
NGC4183,external_151,bulge_rich_hsb,1,5.369078991794979e+19,1.74,65.9,2.754093084185172e-11,38.453794766897126,1.980378848062003e-11,4.734471932247175e-11,50.41800649437787,80.14341877161529,-15.481993505622135,14.243418771615282
NGC4183,external_151,bulge_rich_hsb,2,8.053618487692468e+19,2.61,76.1,2.577053666521255e-11,45.5572245121136,2.4414684085718538e-11,5.018522075093109e-11,63.574572090469175,96.33330768582323,-12.52542790953082,20.233307685823235
NGC4183,external_151,bulge_rich_hsb,3,1.0799871535219786e+20,3.5000000000000004,85.7,2.3104352271097354e-11,49.95238096750894,2.8550287185570524e-11,5.1654639456667876e-11,74.69025842304391,108.18807165232575,-11.009741576956088,22.488071652325743
NGC4183,external_151,bulge_rich_hsb,4,1.3484411031117275e+20,4.37,96.6,2.036109522671879e-11,52.39822297376087,3.242283716484447e-11,5.2783932391563255e-11,84.36588411239131,116.70127406679643,-12.23411588760868,20.101274066796435
NGC4183,external_151,bulge_rich_hsb,5,1.6168950527014765e+20,5.24,99.3,1.7617838182340226e-11,53.37246049820177,3.614977952817195e-11,5.3767617710512176e-11,93.23979572675576,122.7689637984023,-6.0602042732442385,23.4689637984023
NGC4183,external_151,bulge_rich_hsb,6,1.8853490022912256e+20,6.110000000000001,103.0,1.5704026851879313e-11,54.41283980564264,3.786330622746639e-11,5.3567333079345705e-11,100.49533221824096,128.43741003541965,-2.5046677817590393,25.437410035419646
NGC4183,external_151,bulge_rich_hsb,7,2.1538029518809743e+20,6.98,107.0,1.4089423226538776e-11,55.08705958355336,3.8556007717694705e-11,5.264543094423348e-11,106.48374738462958,133.25653896291627,-0.5162526153704192,26.256538962916267
NGC4183,external_151,bulge_rich_hsb,8,2.422256901470723e+20,7.85,111.0,1.2474819601198239e-11,54.97018998839706,3.8748966209877706e-11,5.122378581107595e-11,111.38993163672237,136.70449120422052,0.3899316367223662,25.704491204220517
NGC4183,external_151,bulge_rich_hsb,9,2.6907108510604722e+20,8.72,114.0,1.1194518583948197e-11,54.88279568883816,3.832743501256976e-11,4.952195359651796e-11,115.4336423699192,139.9078716028855,1.4336423699191982,25.907871602885507
NGC4183,external_151,bulge_rich_hsb,10,2.9622504782317126e+20,9.6,115.0,1.0133655794203666e-11,54.789074387705604,3.75393585321844e-11,4.7673014326388064e-11,118.83577301767777,142.89945527886792,3.8357730176777665,27.89945527886792
NGC4183,external_151,bulge_rich_hsb,11,3.2307044278214617e+20,10.47,111.0,9.084848263433507e-12,54.17606437418719,3.64785733353022e-11,4.5563421598735706e-11,121.3268098590462,144.90728437094808,10.326809859046193,33.90728437094808
NGC4183,external_151,bulge_rich_hsb,12,3.5022440549927014e+20,11.35,110.0,8.201798251957459e-12,53.595428133533495,3.532862579890727e-11,4.3530424050864735e-11,123.47233246499084,146.79095663088765,13.472332464990842,36.79095663088765
NGC4183,external_151,bulge_rich_hsb,13,3.798469102815873e+20,12.31,111.0,7.462135897209942e-12,53.2397338897981,3.4148552148627215e-11,4.1610688045837156e-11,125.72068759318104,149.057235313806,14.72068759318104,38.05723531380599
NGC4183,external_151,bulge_rich_hsb,14,4.048408986916673e+20,13.12,109.0,6.838045785391727e-12,52.614832519478334,3.303374049973499e-11,3.987178628512672e-11,127.05010740693136,150.34047278928378,18.05010740693136,41.34047278928378
NGC4183,external_151,bulge_rich_hsb,15,4.335377001995371e+20,14.05,108.0,6.219442613325704e-12,51.926513912492,3.1802283322563496e-11,3.80217259358892e-11,128.38945291519275,151.7036491838313,20.38945291519275,43.70364918383129
NGC4183,external_151,bulge_rich_hsb,16,4.6223450170740684e+20,14.980000000000002,109.0,5.746835694475739e-12,51.54013711303388,3.077446496476902e-11,3.652130065924476e-11,129.92846190089526,153.3944094395086,20.928461900895257,44.39440943950859
NGC4183,external_151,bulge_rich_hsb,17,4.946341163130662e+20,16.03,111.0,5.213247237709649e-12,50.78040902302821,2.95100319789977e-11,3.4723279216707346e-11,131.05463948616202,154.6402156282307,20.054639486162017,43.64021562823069
NGC4183,external_151,bulge_rich_hsb,18,5.230223500627867e+20,16.95,110.0,4.828922970678578e-12,50.255692616821854,2.8535558620032822e-11,3.33644815907114e-11,132.099846972661,155.83360669082748,22.099846972661,45.83360669082748
NGC4183,external_151,bulge_rich_hsb,19,5.517191515706564e+20,17.88,109.0,4.50011634677303e-12,49.82770687891285,2.765536140627856e-11,3.215547775305159e-11,133.19456784817743,157.10524781496875,24.194567848177428,48.10524781496875
NGC4183,external_151,bulge_rich_hsb,20,5.841187661763158e+20,18.93,110.0,4.12888306171838e-12,49.10965363039358,2.6597768823695544e-11,3.0726651885413926e-11,133.9701981339027,158.03376102305944,23.9701981339027,48.03376102305944
NGC4183,external_151,bulge_rich_hsb,21,6.16209813023826e+20,19.97,112.0,3.83803700611984e-12,48.631636471741636,2.572551144738214e-11,2.956354845350198e-11,134.97165874676534,159.2346671369442,22.971658746765343,47.23466713694421
NGC4183,external_151,bulge_rich_hsb,22,6.486094276294853e+20,21.02,113.0,3.5648805281425972e-12,48.08549801058597,2.486376901172425e-11,2.8428649539866847e-11,135.79061125988156,160.23740475831022,22.79061125988156,47.23740475831022
NGC4214,external_151,low_mass_dwarf,0,6.47992292113187e+18,0.20999999999999996,55.5,8.18206384609704e-11,23.02588609771372,5.250707742001773e-12,8.707134620297217e-11,23.75322319253637,38.301119228377125,-31.74677680746363,-17.198880771622875
NGC4214,external_151,low_mass_dwarf,1,1.9439768763395613e+19,0.63,63.2,6.99327376041536e-11,36.87107603550467,8.518711633847006e-12,7.845144923800061e-11,39.05224746848766,63.2563440006691,-24.147752531512346,0.056344000669099614
NGC4214,external_151,low_mass_dwarf,2,3.209104684751022e+19,1.04,66.6,5.795809600093905e-11,43.126975015164575,1.3712041425910073e-11,7.167013742684912e-11,47.9579997261407,76.83668167356815,-18.642000273859296,10.236681673568157
NGC4214,external_151,low_mass_dwarf,3,4.505089268977396e+19,1.46,70.5,4.269076193273557e-11,43.85495336534241,2.0646755245099127e-11,6.33375171778347e-11,53.417335104021674,83.22701391060397,-17.082664895978326,12.727013910603972
NGC4214,external_151,low_mass_dwarf,4,5.80107385320377e+19,1.88,76.1,2.7423427864532097e-11,39.885502422579165,3.3114089947661586e-11,6.053751781219369e-11,59.26066247673699,83.20465467645646,-16.839337523263005,7.104654676456462
NGC4214,external_151,low_mass_dwarf,5,7.097058437430144e+19,2.3,78.8,2.005562315073052e-11,37.727434248807775,3.744483078690983e-11,5.750045393764035e-11,63.881459107803245,84.30906237303542,-14.918540892196752,5.50906237303542
NGC4214,external_151,low_mass_dwarf,6,8.362186245841605e+19,2.71,80.1,1.5535421228845984e-11,36.0430417311319,3.504321801021293e-11,5.057863923905892e-11,65.03445251389782,85.28415361482485,-15.065547486102176,5.184153614824851
NGC4214,external_151,low_mass_dwarf,7,9.689027605882893e+19,3.14,80.1,1.1853985556006506e-11,33.89005654936034,3.229662941413203e-11,4.415061497013854e-11,65.40462730284294,85.26856052774414,-14.695372697157055,5.168560527744148
NGC4214,external_151,low_mass_dwarf,8,1.0954155414294353e+20,3.55,80.1,1.0084729109279605e-11,33.236980905928725,3.088236197861765e-11,4.0967091087897255e-11,66.98954266513391,86.78447046645823,-13.110457334866084,6.684470466458237
NGC4214,external_151,low_mass_dwarf,9,1.2219283222705814e+20,3.96,80.4,8.3154726625527e-12,31.876184777102647,2.9021788488442693e-11,3.7337261150995397e-11,67.54513814954734,87.02630000912033,-12.854861850452664,6.626300009120328
NGC4214,external_151,low_mass_dwarf,10,1.3515267806932188e+20,4.38,80.1,7.406621574854986e-12,31.638975035352672,2.8153556567802462e-11,3.5560178142657446e-11,69.32570453015475,88.73505120982155,-10.774295469845242,8.635051209821555
NGC4214,external_151,low_mass_dwarf,11,1.4811252391158563e+20,4.8,80.4,6.533950890003474e-12,31.108840502866155,2.7133728623267855e-11,3.366767951327133e-11,70.61589755116762,89.84046731693842,-9.784102448832385,9.44046731693841
NGC4214,external_151,low_mass_dwarf,12,1.6107236975384936e+20,5.22,80.6,5.8733109572632644e-12,30.757570030606182,2.632388613164952e-11,3.2197197088912785e-11,72.01443490400325,91.07403893514149,-8.585565095996742,10.474038935141493
NGC4214,external_151,low_mass_dwarf,13,1.7372364783796398e+20,5.63,80.6,5.3694447721966075e-12,30.54176701977933,2.568910992011283e-11,3.1058554692309434e-11,73.45478485247172,92.36324043258833,-7.145215147528276,11.763240432588333
NGC4217,external_151,bulge_rich_hsb,0,2.6845394958974894e+19,0.87,47.8,3.000628048158496e-11,28.38186834544068,1.6325391292094576e-11,4.633167177367954e-11,35.26743579953065,58.062801723465476,-12.532564200469345,10.26280172346548
NGC4217,external_151,bulge_rich_hsb,1,5.369078991794979e+19,1.74,98.9,2.8248817232316113e-11,38.94484961391999,2.17636176684567e-11,5.0012434900772816e-11,51.818984316006556,80.72052124175363,-47.08101568399345,-18.179478758246375
NGC4217,external_151,bulge_rich_hsb,2,8.053618487692468e+19,2.61,146.0,2.649135398304727e-11,46.18996191835137,2.6402106238633042e-11,5.289346022168031e-11,65.26743055455383,97.08481653857866,-80.73256944544617,-48.915183461421336
NGC4217,external_151,bulge_rich_hsb,3,1.0799871535219786e+20,3.5000000000000004,164.0,2.395128516991956e-11,50.8596896312341,3.064320825412793e-11,5.459449342404749e-11,76.78629535992177,109.28451963206925,-87.21370464007823,-54.71548036793075
NGC4217,external_151,bulge_rich_hsb,4,1.3484411031117275e+20,4.37,174.0,2.121166250149615e-11,53.481471167453066,3.449531591467797e-11,5.5706978416174116e-11,86.6703983067616,118.03808303806564,-87.3296016932384,-55.961916961934364
NGC4217,external_151,bulge_rich_hsb,5,1.6168950527014765e+20,5.24,175.0,1.847203983307274e-11,54.65102910229589,3.80668675993176e-11,5.653890743239034e-11,95.61248857371021,124.38612927827808,-79.38751142628979,-50.61387072172192
NGC4217,external_151,bulge_rich_hsb,6,1.8853490022912256e+20,6.110000000000001,184.0,1.6273486066226896e-11,55.39061357194108,4.011429984270037e-11,5.638778590892726e-11,103.10705887804541,129.70107982477364,-80.89294112195459,-54.29892017522636
NGC4217,external_151,bulge_rich_hsb,7,2.1538029518809743e+20,6.98,185.0,1.4641740582856404e-11,56.15641022005554,4.061141347061413e-11,5.525315405347053e-11,109.08914075245943,134.66576356337242,-75.91085924754057,-50.33423643662758
NGC4217,external_151,bulge_rich_hsb,8,2.422256901470723e+20,7.85,188.0,1.300999509948591e-11,56.13693117532347,4.058635370736974e-11,5.359634880685565e-11,113.940390464066,138.27665125188003,-74.059609535934,-49.723348748119975
NGC4217,external_151,bulge_rich_hsb,9,2.6907108510604722e+20,8.72,190.0,1.1504903818060926e-11,55.63844852587425,3.997602643814837e-11,5.1480930256209294e-11,117.69464629415805,140.94859223055877,-72.30535370584195,-49.05140776944123
NGC4217,external_151,bulge_rich_hsb,10,2.9622504782317126e+20,9.6,191.0,1.0433873634221124e-11,55.59473640802767,3.900562179814254e-11,4.9439495432363667e-11,121.01742394715475,144.03025682588247,-69.98257605284525,-46.969743174117525
NGC4217,external_151,bulge_rich_hsb,11,3.2307044278214617e+20,10.47,191.0,9.375014247924956e-12,55.034443798098344,3.777552760316336e-11,4.715054185108831e-11,123.42182316450042,146.1377079274915,-67.57817683549958,-44.862292072508495
NGC4217,external_151,bulge_rich_hsb,12,3.5022440549927014e+20,11.35,189.0,8.303984064085156e-12,53.92826607744437,3.623544011054457e-11,4.453942417462973e-11,124.89512942000387,147.278705835021,-64.10487057999613,-41.721294164979014
NGC4217,external_151,bulge_rich_hsb,13,3.761440971837976e+20,12.189999999999998,186.0,7.648214069515167e-12,53.63609396895155,3.509989098363465e-11,4.274810505314981e-11,126.80476087882178,149.30812231621604,-59.19523912117822,-36.69187768378396
NGC4217,external_151,bulge_rich_hsb,14,4.048408986916673e+20,13.12,183.0,6.932189763787834e-12,52.97578629782708,3.371725335432003e-11,4.0649443118107864e-11,128.28311300888595,150.88904158909855,-54.71688699111405,-32.110958410901446
NGC4217,external_151,bulge_rich_hsb,15,4.3014345485989655e+20,13.94,179.0,6.300856504974485e-12,52.06027454428355,3.2379400555136255e-11,3.868025706011074e-11,128.98860184801188,151.6315009926089,-50.01139815198812,-27.368499007391108
NGC4217,external_151,bulge_rich_hsb,16,4.5853168860961715e+20,14.86,177.0,5.76825983384657e-12,51.42888217677589,3.114984986078015e-11,3.691810969462672e-11,130.10812110914625,152.92948650120286,-46.89187889085375,-24.07051349879714
NGC4217,external_151,bulge_rich_hsb,17,4.872284901174869e+20,15.790000000000001,177.0,5.304736858975539e-12,50.83914761548655,3.000038711802463e-11,3.530512397700017e-11,131.15510759678585,154.18557475085538,-45.844892403214146,-22.81442524914462
NGC4217,external_151,bulge_rich_hsb,18,5.159252916253565e+20,16.72,178.0,4.841213884104509e-12,49.977041578882435,2.8772192421190855e-11,3.3613406305295364e-11,131.68905212879736,154.87651047336766,-46.31094787120264,-23.12348952663234
NGC4389,external_151,ordinary_disk,0,2.6845394958974894e+19,0.87,27.3,1.1967848529646362e-10,56.68170962378813,3.731821382402593e-12,1.234103066788662e-10,57.55865204122123,87.72551294298184,30.25865204122123,60.42551294298184
NGC4389,external_151,ordinary_disk,1,5.369078991794979e+19,1.74,52.7,1.170588193071707e-10,79.27786876212393,6.623667212173297e-12,1.23682486519344e-10,81.48994048494426,123.19902195659319,28.789940484944253,70.49902195659318
NGC4389,external_151,ordinary_disk,2,8.362186245841605e+19,2.71,69.2,1.1182174303550697e-10,96.69923689448385,1.2098109150805434e-11,1.2391985218631242e-10,101.79591757723423,151.55282132246552,32.59591757723423,82.35282132246552
NGC4389,external_151,ordinary_disk,3,1.1046725741739095e+20,3.58,83.5,1.0459817472024446e-10,107.49266715553429,1.7790870508551095e-11,1.2238904522879556e-10,116.27545813437186,170.58698451289828,32.77545813437186,87.08698451289828
NGC4389,external_151,ordinary_disk,4,1.3731265237636584e+20,4.45,95.9,9.417949788963716e-11,113.7191129700739,2.3520698043283853e-11,1.17700195932921e-10,127.12877757914347,184.09373105440073,31.22877757914347,88.19373105440073
NGC4389,external_151,ordinary_disk,5,1.6415804733534074e+20,5.32,110.0,8.334782724397964e-11,116.9710073907847,2.954005713704141e-11,1.1288788438102106e-10,136.13028563771593,193.8698655418461,26.13028563771593,83.86986554184611
NGC4559,external_151,bulge_rich_hsb,0,2.0674039795992162e+19,0.67,43.8,8.227734035954711e-11,41.24324197855533,9.569773117245359e-12,9.184711347679247e-11,43.57580612181736,68.52941739415449,-0.22419387818263914,24.729417394154495
NGC4559,external_151,bulge_rich_hsb,1,4.073094407568605e+19,1.3200000000000003,64.2,7.739096652977964e-11,56.14452003257082,1.3631838521193744e-11,9.102280505097339e-11,60.88879028313234,94.4126566658754,-3.3112097168676655,30.2126566658754
NGC4559,external_151,bulge_rich_hsb,2,6.078784835537993e+19,1.97,73.3,7.250459270001218e-11,66.38823831159347,1.78585802346869e-11,9.036317293469908e-11,74.11466017776416,113.08307142569338,0.8146601777641678,39.78307142569338
NGC4559,external_151,bulge_rich_hsb,3,8.084475263507382e+19,2.62,84.2,6.76182188702447e-11,73.93631163500932,2.2837964677088655e-11,9.045618354733336e-11,85.51554117934938,127.69928358977319,1.3155411793493812,43.499283589773185
NGC4559,external_151,bulge_rich_hsb,4,1.0121022467291683e+20,3.28,96.2,6.265667005848081e-11,79.63350836096362,2.934958981271589e-11,9.20062598711967e-11,96.49857114423297,139.65762017330698,0.29857114423296593,43.45762017330698
NGC4559,external_151,bulge_rich_hsb,5,1.2126712895261073e+20,3.93,102.0,5.698796279688896e-11,83.13102088412553,3.5120820530323436e-11,9.210878332721239e-11,105.68712175761598,148.61894943009108,3.6871217576159836,46.61894943009108
NGC4559,external_151,bulge_rich_hsb,6,1.4132403323230462e+20,4.58,104.0,5.055263975505186e-11,84.52397849559422,3.867035964374564e-11,8.922299939879751e-11,112.29138048898301,154.86621351524482,8.291380488983009,50.86621351524482
NGC4559,external_151,bulge_rich_hsb,7,1.6107236975384936e+20,5.22,106.0,4.4216321683089174e-11,84.39210694901324,4.226451014178475e-11,8.648083182487393e-11,118.0240336555083,158.9846343418196,12.024033655508305,52.9846343418196
NGC4559,external_151,bulge_rich_hsb,8,1.8205497730799065e+20,5.8999999999999995,106.0,3.748398373162882e-11,82.6083882403886,4.6025922713306955e-11,8.350990644493577e-11,123.30204427674833,161.13353386974768,17.302044276748333,55.13353386974768
NGC4559,external_151,bulge_rich_hsb,9,2.018033138295354e+20,6.54,108.0,3.114766565966613e-11,79.2824201710256,4.925361941463802e-11,8.040128507430415e-11,127.37835673358227,160.89242218880955,19.378356733582265,52.89242218880955
NGC4559,external_151,bulge_rich_hsb,10,2.218602181092293e+20,7.19,111.0,2.4712342617829025e-11,74.04516002536256,5.1658536273020274e-11,7.637087889084929e-11,130.1678141781499,158.0159756635126,19.16781417814991,47.01597566351259
NGC4559,external_151,bulge_rich_hsb,11,2.428428256633706e+20,7.87,114.0,2.2363893667655835e-11,73.69471576096011,5.1011518139390936e-11,7.337541180704677e-11,133.48667475608448,160.75983464679186,19.486674756084483,46.75983464679186
NGC4559,external_151,bulge_rich_hsb,12,2.6259116218491532e+20,8.51,116.0,2.023655680088683e-11,72.89678298091025,5.0044816031519004e-11,7.028137283240584e-11,135.85016515268865,162.57695012956094,19.850165152688646,46.57695012956094
NGC4559,external_151,bulge_rich_hsb,13,2.8264806646460924e+20,9.16,117.0,1.807598029557455e-11,71.47825459534195,4.870830082700311e-11,6.678428112257766e-11,137.3915860943656,163.47477004229654,20.391586094365607,46.47477004229654
NGC4559,external_151,bulge_rich_hsb,14,3.036306740187505e+20,9.84,118.0,1.581568487463248e-11,69.29738132536336,4.687433453283169e-11,6.269001940746416e-11,137.9659843836041,163.31034579348443,19.96598438360411,45.31034579348443
NGC4559,external_151,bulge_rich_hsb,15,3.233790105402953e+20,10.48,120.0,1.368834800786347e-11,66.53213084453338,4.4692367514466474e-11,5.838071552232995e-11,137.40123005361164,162.00001335716797,17.40123005361164,42.00001335716797
NGC4559,external_151,bulge_rich_hsb,16,3.434359148199892e+20,11.13,121.0,1.2163889501834137e-11,64.63371039041213,4.279858694041482e-11,5.496247644224896e-11,137.3902775953083,161.66482843176456,16.390277595308305,40.66482843176456
NGC4559,external_151,bulge_rich_hsb,17,3.63492819099683e+20,11.779999999999998,122.0,1.1275965575309944e-11,64.0213442145695,4.153745668161204e-11,5.281342225692198e-11,138.55432054782887,162.93311377349565,16.554320547828866,40.93311377349565
NGC4559,external_151,bulge_rich_hsb,18,3.835497233793769e+20,12.43,122.0,1.0388041648785749e-11,63.12155337794864,4.0173749223979476e-11,5.056179087276522e-11,139.25861159301786,163.6957030411382,17.25861159301786,41.69570304113819
NGC4559,external_151,bulge_rich_hsb,19,4.036066276590708e+20,13.08,122.0,9.500117722261551e-12,61.921809374776494,3.869872415734916e-11,4.819884187961071e-11,139.47534559233927,163.92390725357117,17.475345592339266,41.92390725357117
NGC4559,external_151,bulge_rich_hsb,20,4.2366353193876475e+20,13.730000000000002,123.0,8.612193795737354e-12,60.404241914315946,3.710143429306157e-11,4.571362808879892e-11,139.1660775255079,163.576544729422,16.166077525507887,40.57654472942201
NGC4559,external_151,bulge_rich_hsb,21,4.437204362184586e+20,14.38,124.0,7.724269869213161e-12,58.54414057646043,3.536792625023536e-11,4.3092196119448517e-11,138.27829930879636,162.5959260374851,14.278299308796363,38.5959260374851
NGC4559,external_151,bulge_rich_hsb,22,4.6377734049815246e+20,15.03,124.0,7.28239758224055e-12,58.11549692759838,3.446754484676454e-11,4.174994242900509e-11,139.14983746190637,163.63532399639544,15.149837461906372,39.63532399639544
NGC4559,external_151,bulge_rich_hsb,23,4.838342447778464e+20,15.68,123.0,6.85971358703424e-12,57.610453415808514,3.356731104944744e-11,4.042702463648168e-11,139.85699458235007,164.49319779363248,16.85699458235007,41.493197793632476
NGC4559,external_151,bulge_rich_hsb,24,5.038911490575402e+20,16.33,123.0,6.437029591827932e-12,56.9522803542015,3.262461582683558e-11,3.906164541866351e-11,140.29546462408737,165.05123986589226,17.295464624087373,42.051239865892256
NGC4559,external_151,bulge_rich_hsb,25,5.2394805333723415e+20,16.98,123.0,6.014345596621622e-12,56.135591806333224,3.163721123376376e-11,3.765155683038538e-11,140.4544762775351,165.2955901624967,17.454476277535093,42.295590162496694
NGC4559,external_151,bulge_rich_hsb,26,5.4678206744027025e+20,17.72,121.0,5.533136125155979e-12,55.003814503552675,3.0449872798185295e-11,3.5983008923341276e-11,140.2671166447298,165.16852823235973,19.26711664472981,44.16852823235973
NGC4559,external_151,bulge_rich_hsb,27,5.640618618966219e+20,18.28,122.0,5.246969737933242e-12,54.40234847590548,2.972150459620023e-11,3.496847433413347e-11,140.44352153301898,165.41839400285676,18.44352153301898,43.41839400285676
NGC4559,external_151,bulge_rich_hsb,28,5.86895875999658e+20,19.02,122.0,4.978343835540403e-12,54.053394587083815,2.9024232180578165e-11,3.400257601611857e-11,141.26560670320598,166.4075625690631,19.265606703205975,44.40756256906309
NGC4559,external_151,bulge_rich_hsb,29,6.06952780279352e+20,19.67,121.0,4.742388651006151e-12,53.65077797099898,2.8389809345253366e-11,3.313219799625952e-11,141.80860231521814,167.0736484591633,20.80860231521814,46.07364845916331
NGC4559,external_151,bulge_rich_hsb,30,6.270096845590459e+20,20.32,120.0,4.5064334664719006e-12,53.15616075582278,2.7732981204992684e-11,3.223941467146459e-11,142.17744273802117,167.54410843016973,22.17744273802117,47.54410843016973
NGC4559,external_151,bulge_rich_hsb,31,6.470665888387397e+20,20.970000000000002,119.0,4.27047828193765e-12,52.56694602697894,2.705237752248658e-11,3.132285580442423e-11,142.36563299496302,167.811636845295,23.365632994963022,48.811636845295
NGC5005,external_151,bulge_rich_hsb,0,1.51198201493077e+19,0.49,211.0,2.2823473952972083e-10,58.74409088166628,3.72028243882516e-12,2.31955021968546e-10,59.22092717015777,81.29481789569465,-151.77907282984222,-129.70518210430535
NGC5005,external_151,bulge_rich_hsb,1,3.02396402986154e+19,0.98,233.0,2.342262586435789e-10,84.1600725396092,4.82070248025396e-12,2.390469611238329e-10,85.02172733402801,115.98211813939503,-147.97827266597199,-117.01788186060497
NGC5005,external_151,bulge_rich_hsb,2,4.535946044792309e+19,1.47,227.0,2.4021777775743696e-10,104.38461950439078,5.632680194969618e-12,2.458504579524066e-10,105.60134527360893,143.27303346983174,-121.39865472639107,-83.72696653016826
NGC5005,external_151,bulge_rich_hsb,3,6.078784835537993e+19,1.97,234.0,2.48602525902441e-10,122.93092631767644,6.682140950702994e-12,2.55284666853144e-10,124.5720900367438,167.81081619562687,-109.4279099632562,-66.18918380437313
NGC5005,external_151,bulge_rich_hsb,4,7.590766850468762e+19,2.46,245.0,2.602116659189605e-10,140.542025307838,8.46242982899405e-12,2.6867409574795455e-10,142.80904801808754,190.47804225438801,-102.19095198191246,-54.521957745611985
NGC5005,external_151,bulge_rich_hsb,5,9.102748865399533e+19,2.9499999999999997,244.0,2.7182080593548e-10,157.29960371282493,1.050110217589742e-11,2.823219081113774e-10,160.30924579506546,211.74661888524457,-83.69075420493454,-32.25338111475543
NGC5005,external_151,bulge_rich_hsb,6,1.0614730880330303e+20,3.44,261.0,2.834299459519995e-10,173.45122080017302,1.2901198962746449e-11,2.9633114491474594e-10,177.35488024664525,231.99111238643326,-83.64511975335475,-29.008887613566742
NGC5005,external_151,bulge_rich_hsb,7,1.2126712895261073e+20,3.93,259.0,2.9189483863828185e-10,188.14156648053623,1.495594992960704e-11,3.068507885678889e-10,192.90130675159378,250.51332240242306,-66.09869324840622,-8.486677597576943
NGC5005,external_151,bulge_rich_hsb,8,1.3638694910191842e+20,4.42,258.0,2.99514335899134e-10,202.11344954151392,1.703401135703003e-11,3.1654834725616405e-10,207.78128723617735,268.0701427410425,-50.21871276382265,10.070142741042503
NGC5005,external_151,bulge_rich_hsb,9,1.5181533700937525e+20,4.92,258.0,3.072893331040852e-10,215.98896653436458,1.9497674263398905e-11,3.267870073674841e-10,222.7358966439397,285.37320479219557,-35.2641033560603,27.373204792195565
NGC5005,external_151,bulge_rich_hsb,10,1.7711789317760447e+20,5.74,261.0,3.1480341063976845e-10,236.1298728616099,2.3173700321534222e-11,3.379771109613027e-10,244.66669948262142,310.86208556102366,-16.333300517378575,49.86208556102366
NGC5005,external_151,bulge_rich_hsb,11,2.0242044934583366e+20,6.56,263.0,3.1743249958086177e-10,253.48536289523543,2.649219248664361e-11,3.4392469206750536e-10,263.85107676382887,333.2986010496849,0.8510767638288712,70.29860104968492
NGC5005,external_151,bulge_rich_hsb,12,2.2741443775591376e+20,7.37,264.0,3.177654773408436e-10,268.82049283435873,2.981304066375616e-11,3.475785180045998e-10,281.14831183567475,353.4072638373068,17.148311835674747,89.4072638373068
NGC5005,external_151,bulge_rich_hsb,13,2.5271699392414296e+20,8.19,265.0,3.138190988277002e-10,281.61572983716644,3.255615596364607e-11,3.4637525479134623e-10,295.8629972818131,370.9163447938728,30.86299728181308,105.91634479387278
NGC5005,external_151,bulge_rich_hsb,14,2.7801955009237218e+20,9.01,265.0,3.0914836105117693e-10,293.1710904083867,3.5443313679030926e-11,3.4459167473020787e-10,309.5209562760968,387.0001123366842,44.5209562760968,122.0001123366842
NGC5005,external_151,bulge_rich_hsb,15,3.033221062606014e+20,9.83,264.0,3.012533536822123e-10,302.28596023791533,3.765851439066539e-11,3.3891186807287765e-10,320.62355131926955,400.58302423824955,56.62355131926955,136.58302423824955
NGC5005,external_151,bulge_rich_hsb,16,3.286246624288306e+20,10.65,264.0,2.9330906788684536e-10,310.4651243241816,4.0066900428819164e-11,3.333759683156645e-10,330.99179000334703,413.0859848965208,66.99179000334703,149.0859848965208
NGC5005,external_151,bulge_rich_hsb,17,3.539272185970598e+20,11.47,265.0,2.832310828701323e-10,316.6120486975492,4.18294590793542e-11,3.250605419494865e-10,339.1869300073849,423.51429339553425,74.18693000738489,158.51429339553425
NGC5033,external_151,bulge_rich_hsb,0,2.345114961933439e+19,0.76,206.0,2.251873569315252e-10,72.66981766719698,1.426627591675025e-11,2.3945363284827544e-10,74.93639283297584,100.78549676504993,-131.06360716702414,-105.21450323495007
NGC5033,external_151,bulge_rich_hsb,1,7.035344885800316e+19,2.28,214.0,2.0938722808784577e-10,121.37179920721825,1.8970511070450954e-11,2.2835773915829672e-10,126.75075748571467,170.34514576674923,-87.24924251428533,-43.654854233250774
NGC5033,external_151,bulge_rich_hsb,2,1.1725574809667194e+20,3.8,222.0,1.9358709924416636e-10,150.66253729358007,2.3262765061918626e-11,2.1684986430608498e-10,159.45812322949178,214.23366443968828,-62.541876770508225,-7.766335560311717
NGC5033,external_151,bulge_rich_hsb,3,1.6446661509348986e+20,5.33,224.0,1.7592252565330516e-10,170.09815493677976,2.7796450051720786e-11,2.0371897570502594e-10,183.0436296747814,245.8271229907058,-40.956370325218586,21.82712299070579
NGC5033,external_151,bulge_rich_hsb,4,2.1136891433215862e+20,6.85,225.0,1.5130881081227925e-10,178.8350610766285,3.1231148833961266e-11,1.8253995964624052e-10,196.4262535728407,265.31906906727306,-28.573746427159307,40.31906906727306
NGC5033,external_151,bulge_rich_hsb,5,2.4685420651930937e+20,8.0,222.0,1.326865923470294e-10,180.98133458889345,3.419648089868824e-11,1.6688307324571763e-10,202.96745706535174,274.87881375446756,-19.032542934648262,52.87881375446756
NGC5033,external_151,bulge_rich_hsb,6,3.1720765537731255e+20,10.28,220.0,9.735975514725078e-11,175.73633562348073,4.0610929526065074e-11,1.3797068467331586e-10,209.20171461062415,282.69503251832595,-10.798285389375849,62.695032518325945
NGC5033,external_151,bulge_rich_hsb,7,3.875611042353157e+20,12.56,218.0,7.643025490989095e-11,172.10866913047698,4.61264417902442e-11,1.2255669670013515e-10,217.9408376246569,290.12916077509277,-0.05916237534310653,72.12916077509277
NGC5033,external_151,bulge_rich_hsb,8,4.6007452740036284e+20,14.91,219.0,5.485818229682271e-11,158.86740475709186,5.165198272081404e-11,1.0651016501763675e-10,221.36534018184483,286.23411297297554,2.3653401818448287,67.23411297297554
NGC5033,external_151,bulge_rich_hsb,9,5.291937052257694e+20,17.15,217.0,4.261537326982361e-11,150.17252505114632,5.470760947331378e-11,9.732298274313739e-11,226.94208477376887,285.0999373420612,9.942084773768869,68.0999373420612
NGC5033,external_151,bulge_rich_hsb,10,5.983128830511761e+20,19.39,218.0,3.1052108891088923e-11,136.30435354546262,5.53911058199998e-11,8.644321471108873e-11,227.42051141883255,276.7935430578366,9.420511418832547,58.79354305783659
NGC5033,external_151,bulge_rich_hsb,11,6.677406286347318e+20,21.639999999999997,220.0,2.3262564635772498e-11,124.63289908185081,5.342880377655318e-11,7.669136841232569e-11,226.29613906230077,269.5277498596453,6.296139062300767,49.527749859645326
NGC5033,external_151,bulge_rich_hsb,12,7.408711873160772e+20,24.009999999999998,222.0,1.69364934275766e-11,112.0167844327787,4.9264973065261695e-11,6.620146649283829e-11,221.46502902854576,259.95260569841076,-0.5349709714542428,37.952605698410764
NGC5033,external_151,bulge_rich_hsb,13,8.099903651414839e+20,26.25,218.0,1.2465368625228781e-11,100.48297609233246,4.4272498718821904e-11,5.6737867344050685e-11,214.37613180425822,249.93270236711587,-3.623868195741778,31.932702367115866
NGC5033,external_151,bulge_rich_hsb,14,8.794181107250396e+20,28.5,217.0,9.494150311289916e-12,91.3746558389914,3.96573273627104e-11,4.9151477674000314e-11,207.9055065057521,241.92870117369904,-9.0944934942479,24.92870117369904
NGC5033,external_151,bulge_rich_hsb,15,9.52548669406385e+20,30.87,207.0,6.846801889146578e-12,80.75835578561326,3.4346255628422805e-11,4.119305751756938e-11,198.08682976700243,230.68816519739465,-8.913170232997572,23.688165197394653
NGC5033,external_151,bulge_rich_hsb,16,1.0219764149899407e+21,33.12,199.0,5.400453899512441e-12,74.29089120169557,3.079585016808594e-11,3.6196304067598376e-11,192.33244413486247,224.36316563756202,-6.66755586513753,25.36316563756202
NGC5033,external_151,bulge_rich_hsb,17,1.0910955928153474e+21,35.36,191.0,4.017827589409711e-12,66.21052767873736,2.6775426118265676e-11,3.079325370767539e-11,183.29861813142367,214.44760680338916,-7.701381868576334,23.447606803389164
NGC5033,external_151,bulge_rich_hsb,18,1.1642261514966927e+21,37.73,193.0,3.2688457982089728e-12,61.690159373152596,2.425734820883297e-11,2.7526194007041945e-11,179.0159627356448,209.86691112949012,-13.984037264355209,16.86691112949012
NGC5033,external_151,bulge_rich_hsb,19,1.2336538970802485e+21,39.98,192.0,2.5577871356766246e-12,56.17316145481927,2.1537565809388055e-11,2.409535294506468e-11,172.4103420975757,202.65512361440364,-19.589657902424307,10.655123614403635
NGC5033,external_151,bulge_rich_hsb,20,1.3027730749056551e+21,42.22,194.0,2.1599737247567744e-12,53.0467304470012,1.9838157366121576e-11,2.1998131090878352e-11,169.2884310383946,199.31416222236277,-24.711568961605394,5.314162222362768
NGC5033,external_151,bulge_rich_hsb,21,1.3759036335870006e+21,44.589999999999996,196.0,1.7768081497734873e-12,49.44407739517785,1.8031136113396666e-11,1.9807944263170155e-11,165.08731776119146,194.73950848301715,-30.912682238808543,-1.260491516982853
NGC5055,calibration_24,bulge_rich_hsb,0,2.2216878586737844e+19,0.7200000000000001,125.0,5.060258694574254e-10,106.02978498273055,1.8801062907494588e-11,5.2482693236492e-10,107.98155507030589,130.72384584010257,-17.018444929694112,5.72384584010257
NGC5055,calibration_24,bulge_rich_hsb,1,4.412518941532655e+19,1.43,162.0,4.843911059783145e-10,146.1979798163868,2.506725896534416e-11,5.094583649436586e-10,149.93314127424094,181.26177537471958,-12.066858725759062,19.261775374719576
NGC5055,calibration_24,bulge_rich_hsb,2,6.665063576021353e+19,2.16,178.0,4.6214691254204554e-10,175.50608404140053,3.0536024979165076e-11,4.926829375212106e-10,181.2115642391463,218.93879056953105,3.2115642391462984,40.93879056953105
NGC5055,calibration_24,bulge_rich_hsb,3,8.855894658880224e+19,2.87,193.0,4.405121490629346e-10,197.51276384219557,3.583742228870295e-11,4.763495713516376e-10,205.3899127195114,247.9646595526322,12.389912719511386,54.96465955263221
NGC5055,calibration_24,bulge_rich_hsb,4,1.1077582517554007e+20,3.59,192.0,4.185726706052447e-10,215.33168132493998,4.164746032239756e-11,4.6022013092764227e-10,225.7903114969831,272.2060909599901,33.790311496983094,80.20609095999009
NGC5055,calibration_24,bulge_rich_hsb,5,1.3268413600412878e+20,4.3,190.0,3.9693790712613376e-10,229.49371070754458,4.8282066879193106e-11,4.452199740053269e-10,243.05066875587377,292.2310785907808,53.05066875587377,102.23107859078078
NGC5055,calibration_24,bulge_rich_hsb,6,1.5520958234901578e+20,5.03,195.0,3.746937136898648e-10,241.15566510162188,5.655019751809733e-11,4.3124391120796214e-10,258.71449002547934,309.56731447471753,63.714490025479336,114.56731447471753
NGC5055,calibration_24,bulge_rich_hsb,7,1.774264609357536e+20,5.75,201.0,3.527542352321749e-10,250.1758092568966,6.692907586836865e-11,4.1968331110054354e-10,272.87895595367615,323.9179940058833,71.87895595367615,122.91799400588332
NGC5055,calibration_24,bulge_rich_hsb,8,1.9933477176434233e+20,6.46,204.0,3.2681330522426916e-10,255.23568638893354,7.28804088997985e-11,3.9969371412406763e-10,282.2638044109859,334.1599044902378,78.26380441098593,130.1599044902378
NGC5055,calibration_24,bulge_rich_hsb,9,2.2155165035108014e+20,7.18,204.0,2.985764769249882e-10,257.19663920576863,7.620773477652474e-11,3.747842117015129e-10,288.15631283731886,341.2902683775379,84.15631283731886,137.29026837753793
NGC5055,calibration_24,bulge_rich_hsb,10,2.4407709669596715e+20,7.91,206.0,2.699474704548838e-10,256.68656928060807,7.974262712449063e-11,3.496900975793744e-10,292.14952295101074,345.90524695944237,86.14952295101074,139.90524695944237
NGC5055,calibration_24,bulge_rich_hsb,11,2.6598540752455582e+20,8.62,206.0,2.421028203264263e-10,253.7633096556096,8.360372012077083e-11,3.257065404471971e-10,294.33516081885455,347.8686130043756,88.33516081885455,141.86861300437562
NGC5055,calibration_24,bulge_rich_hsb,12,3.545443541133581e+20,11.49,206.0,1.295476853001257e-10,214.31378959743498,1.0048531487491934e-10,2.3003300017504502e-10,285.5816896648301,326.9200780503169,79.5816896648301,120.92007805031687
NGC5055,calibration_24,bulge_rich_hsb,13,4.4125189415326555e+20,14.3,206.0,8.428041328600871e-11,192.8442169277352,1.0247153112645362e-10,1.8675194441246233e-10,287.0620999170813,318.9334982329599,81.0620999170813,112.93349823295989
NGC5055,calibration_24,bulge_rich_hsb,14,5.304279762583661e+20,17.19,203.0,5.030112587061944e-11,163.34357777112027,9.040277051880103e-11,1.4070389638942047e-10,273.19092776574246,299.58887912301293,70.19092776574246,96.58887912301293
NGC5055,calibration_24,bulge_rich_hsb,15,6.192954906053174e+20,20.07,200.0,3.296972175414804e-11,142.89156731191633,7.601439030675642e-11,1.0898411206090446e-10,259.7948597392618,286.45591463299746,59.794859739261824,86.45591463299746
NGC5055,calibration_24,bulge_rich_hsb,16,7.084715727104179e+20,22.96,194.0,2.1035713900926455e-11,122.0786849145901,6.153013545203333e-11,8.256584935295978e-11,241.85854779863138,269.9353579491169,47.85854779863138,75.9353579491169
NGC5055,calibration_24,bulge_rich_hsb,17,7.976476548155184e+20,25.85,188.0,1.4173681995591144e-11,106.32781481759235,5.0739437971032144e-11,6.491311996662329e-11,227.54735311168855,256.86151017274636,39.54735311168855,68.86151017274636
NGC5055,calibration_24,bulge_rich_hsb,18,8.868237369206188e+20,28.74,184.0,9.645097048973813e-12,92.48513938970407,4.194040993009666e-11,5.158550697907048e-11,213.88607264177804,243.9793240238375,29.886072641778043,59.979324023837506
NGC5055,calibration_24,bulge_rich_hsb,19,9.756912512675704e+20,31.620000000000005,182.0,6.778929806490868e-12,81.32737857050418,3.52167447504645e-11,4.199567455695537e-11,202.42236105801518,232.8551485242479,20.422361058015184,50.85514852424791
NGC5055,calibration_24,bulge_rich_hsb,20,1.0648673333726708e+21,34.51,180.0,4.921443042673448e-12,72.39256819036854,3.004244508809149e-11,3.4963888130764934e-11,192.95570040335176,223.47187005375602,12.955700403351756,43.47187005375602
NGC5055,calibration_24,bulge_rich_hsb,21,1.1540434154777713e+21,37.4,181.0,3.6349672977062854e-12,64.76812545839941,2.584595474268312e-11,2.948092204038941e-11,184.45125091179213,214.83121484781665,3.4512509117921297,33.83121484781665
NGC5055,calibration_24,bulge_rich_hsb,22,1.2432194975828717e+21,40.29,180.0,2.8127238159287876e-12,59.13402649302992,2.275562641841057e-11,2.556835023433936e-11,178.28929169290643,208.53192312170455,-1.7107083070935687,28.53192312170455
NGC5055,calibration_24,bulge_rich_hsb,23,1.332087011929823e+21,43.169999999999995,179.0,2.199392597604667e-12,54.127463578148316,2.0137689710653807e-11,2.2337082308258474e-11,172.49619481959172,202.49115834068894,-6.503805180408278,23.49115834068894
NGC5055,calibration_24,bulge_rich_hsb,24,1.4169431454208358e+21,45.92,179.0,1.822804179616514e-12,50.82135267534768,1.8344469599599887e-11,2.0167273779216402e-11,169.04401895153237,198.9317733332439,-9.955981048467635,19.93177333324391
NGC5055,calibration_24,bulge_rich_hsb,25,1.5061192275259364e+21,48.81,179.0,1.4955747429614703e-12,47.46065609087626,1.6626302249480622e-11,1.8121876992442092e-11,165.20807297822017,194.88777865606315,-13.791927021779827,15.887778656063148
NGC5055,calibration_24,bulge_rich_hsb,26,1.5952953096310369e+21,51.7,174.0,1.2851327372657166e-12,45.27876133479463,1.541999863443646e-11,1.6705131371702174e-11,163.247106326718,192.89717551843776,-10.752893673281989,18.897175518437763
NGC5055,calibration_24,bulge_rich_hsb,27,1.6844713917361375e+21,54.59,172.0,1.10065730052536e-12,43.05839912073477,1.4276793875123437e-11,1.5377451175648796e-11,160.94370625532278,190.48226387438825,-11.05629374467722,18.482263874388252
NGC5371,external_151,bulge_rich_hsb,0,4.474232493162482e+19,1.45,216.0,2.8266641716784716e-10,112.45956021691545,3.1922100336919693e-11,3.1458851750476684e-10,118.63988229072221,150.47685186699485,-97.36011770927779,-65.52314813300515
NGC5371,external_151,bulge_rich_hsb,1,8.886751434695138e+19,2.8800000000000003,215.0,2.727019209905954e-10,155.6738316997206,3.7997872564239713e-11,3.106997935548351e-10,166.16593622439328,209.45324262284674,-48.83406377560672,-5.546757377153256
NGC5371,external_151,bulge_rich_hsb,2,1.336098392785762e+20,4.33,215.0,2.62598061230445e-10,187.3117314955619,4.2019822588775516e-11,3.0461788381922053e-10,201.74227741964762,253.50349027254833,-13.257722580352379,38.50349027254833
NGC5371,external_151,bulge_rich_hsb,3,1.7835216421020103e+20,5.78,214.0,2.4902807511530885e-10,210.74794458289705,4.623015560501526e-11,2.952582307203241e-10,229.47754672264708,287.6103905054114,15.477546722647077,73.61039050541137
NGC5371,external_151,bulge_rich_hsb,4,2.227859213836767e+20,7.22,215.0,2.3152771536094774e-10,227.11476260372504,5.14534228515615e-11,2.829811382125092e-10,251.08606813376852,313.5739566345291,36.08606813376852,98.57395663452911
NGC5371,external_151,bulge_rich_hsb,5,2.672196785571524e+20,8.66,221.0,2.1402735560658663e-10,239.149160917678,5.7436693372455036e-11,2.7146404897904164e-10,269.3335031294892,334.4371732469611,48.3335031294892,113.4371732469611
NGC5371,external_151,bulge_rich_hsb,6,3.5639576066225295e+20,11.55,233.0,1.8206894205746467e-10,254.73240684597195,6.869194710625628e-11,2.507608891637209e-10,298.94835312783914,365.9893402031214,65.94835312783914,132.9893402031214
NGC5371,external_151,bulge_rich_hsb,7,4.4680611379995e+20,14.48,237.0,1.5344617142514746e-10,261.8409584689742,7.822806151703397e-11,2.3167423294218141e-10,321.73508308619444,387.50695975392324,84.73508308619444,150.50695975392324
NGC5371,external_151,bulge_rich_hsb,8,5.3320508608170826e+20,17.28,242.0,1.293715370461374e-10,262.64341139120285,8.580220625503418e-11,2.151737433011716e-10,338.7207320484304,400.7424050212719,96.72073204843042,158.7424050212719
NGC5371,external_151,bulge_rich_hsb,9,6.233068714612561e+20,20.2,241.0,1.0576659906229875e-10,256.75873493733076,9.190183140411532e-11,1.9766843046641407e-10,351.01010096673485,406.6171783532394,110.01010096673485,165.6171783532394
NGC5371,external_151,bulge_rich_hsb,10,7.134086568408041e+20,23.12,240.0,8.771205394819444e-11,250.14903277032585,9.497462280338989e-11,1.8268667675158433e-10,361.0128206643885,410.523226013825,121.01282066438853,170.52322601382502
NGC5371,external_151,bulge_rich_hsb,11,8.035104422203519e+20,26.039999999999996,234.0,7.101182361702883e-11,238.86971720457254,9.51815300676144e-11,1.6619335368464321e-10,365.4286457206537,408.56231780260777,131.42864572065372,174.56231780260777
NGC5371,external_151,bulge_rich_hsb,12,8.899094145021103e+20,28.840000000000003,226.0,5.90848640692496e-11,229.30367809915893,9.282946344915385e-11,1.5191432751840347e-10,367.68191450815783,406.9422465091654,141.68191450815783,180.9422465091654
NGC5371,external_151,bulge_rich_hsb,13,9.800111998816582e+20,31.76,213.0,4.806076211183504e-11,217.0255403044683,8.809852886551519e-11,1.3615929097735023e-10,365.29115801747633,401.8158592563971,152.29115801747633,188.81585925639712
NGC5371,external_151,bulge_rich_hsb,14,1.0701129852612061e+21,34.68,207.0,3.940695183620212e-11,205.3530882881551,8.222575373694795e-11,1.2163270557315006e-10,360.7779617247719,396.33569399993877,153.7779617247719,189.33569399993877
NGC5371,external_151,bulge_rich_hsb,15,1.1565119575429643e+21,37.48,208.0,3.265768609862205e-11,194.3424927254486,7.616815372042588e-11,1.0882583981904794e-10,354.76525342877676,390.39573724266086,146.76525342877676,182.39573724266086
NGC5371,external_151,bulge_rich_hsb,16,1.2466137429225122e+21,40.4,209.0,2.666502006995711e-11,182.32109168857326,6.959537081110208e-11,9.62603908810592e-11,346.4094776004566,382.6677552766127,137.40947760045663,173.6677552766127
NGC5371,external_151,bulge_rich_hsb,17,1.3367155283020604e+21,43.32000000000001,207.0,2.2195172608087865e-11,172.24584720269917,6.384831443651427e-11,8.604348704460214e-11,339.139595508659,376.3707198693912,132.139595508659,169.37071986939122
NGC5371,external_151,bulge_rich_hsb,18,1.4268173136816083e+21,46.24,213.0,1.8135303880317316e-11,160.85945904830712,5.792712016843032e-11,7.606242404874764e-11,329.43464230913156,367.62521041831207,116.43464230913156,154.62521041831207
NGC5585,external_151,ordinary_disk,0,2.7771098233422305e+18,0.09000000000000001,11.2,4.10261025777983e-11,10.673986719227717,4.18784887802688e-12,4.521395145582518e-11,11.205539198989527,20.42684359829492,0.005539198989527705,9.22684359829492
NGC5585,external_151,ordinary_disk,1,8.022761711877555e+18,0.26,26.5,4.011607705691043e-11,17.93994779933628,5.110688886629202e-12,4.522676594353963e-11,19.04845311734991,34.49437252134123,-7.451546882650089,7.9943725213412336
NGC5585,external_151,ordinary_disk,2,1.3268413600412879e+19,0.43,33.7,3.920605153602256e-11,22.807939569786875,6.0397345938127056e-12,4.524578612983526e-11,24.50183266709816,44.06735724039288,-9.198167332901843,10.367357240392877
NGC5585,external_151,ordinary_disk,3,1.8514065488948204e+19,0.6,32.7,3.8296026015134684e-11,26.627338087211566,6.9856833201039035e-12,4.528170933523859e-11,28.95424894698746,51.7030856923958,-3.745751053012544,19.0030856923958
NGC5585,external_151,ordinary_disk,4,2.3759717377483526e+19,0.77,33.7,3.7386000494246805e-11,29.804040088849757,7.960795476208867e-12,4.534679597045567e-11,32.824184014723585,58.167197006006354,-0.875815985276418,24.46719700600635
NGC5585,external_151,ordinary_disk,5,2.900536926601885e+19,0.94,35.7,3.647597497335893e-11,32.526898460202716,8.978733263873917e-12,4.545470823723285e-11,36.31019963178512,63.81449182094654,0.6101996317851146,28.11449182094654
NGC5585,external_151,ordinary_disk,6,3.425102115455418e+19,1.11,37.8,3.556594945247106e-11,34.90229343579575,1.005469007351427e-11,4.562063952598533e-11,39.52914734077645,68.84410103078403,1.72914734077645,31.044101030784034
NGC5585,external_151,ordinary_disk,7,3.94966730430895e+19,1.28,41.8,3.4655923931583186e-11,36.99721201025723,1.1216318840975276e-11,4.587224277255846e-11,42.565255485442194,73.38099942323396,0.7652554854421965,31.580999423233962
NGC5585,external_151,ordinary_disk,8,4.505089268977396e+19,1.46,43.9,3.369236749770191e-11,38.95986694796835,1.252820947802225e-11,4.6220576975724155e-11,45.63198717339391,77.74113417613582,1.731987173393911,33.84113417613582
NGC5585,external_151,ordinary_disk,9,5.029654457830928e+19,1.63,44.9,3.2782341976814034e-11,40.6058927326836,1.4111691719677836e-11,4.689403369649187e-11,48.56550067972471,81.50256484540114,3.6655006797247083,36.60256484540114
NGC5585,external_151,ordinary_disk,10,6.325639042057302e+19,2.05,53.2,3.0064591887216585e-11,43.60937470605334,1.759121541095768e-11,4.7655807298174264e-11,54.904775313818604,89.17737663720789,1.704775313818601,35.97737663720788
NGC5585,external_151,ordinary_disk,11,8.454756573286346e+19,2.74,64.3,2.4677486137184572e-11,45.67736180325479,2.263491995144087e-11,4.7312406088625445e-11,63.24672927320423,97.50787446356597,-1.0532707267957662,33.20787446356597
NGC5585,external_151,ordinary_disk,12,1.0553017328700475e+20,3.42,73.1,1.936845438352984e-11,45.21013544986733,2.8883664418534704e-11,4.825211880206454e-11,71.35863268481965,101.81705585161473,-1.7413673151803408,28.71705585161473
NGC5585,external_151,ordinary_disk,13,1.268213485992952e+20,4.11,76.2,1.5568965688688833e-11,44.43509001831405,3.3118406334199154e-11,4.868737202288799e-11,78.5786114645598,105.09009099492947,2.378611464559796,28.890090994929466
NGC5585,external_151,ordinary_disk,14,1.4780395615343647e+20,4.789999999999999,78.4,1.3010082503267413e-11,43.851358745944545,3.4395793175996466e-11,4.7405875679263876e-11,83.70648702647351,108.01462858399444,5.306487026473505,29.61462858399443
NGC5585,external_151,ordinary_disk,15,1.6909513146572692e+20,5.48,83.1,1.0413568682766265e-11,41.96288557093921,3.461018533396827e-11,4.5023754016734535e-11,87.25421253177566,108.76267628978604,4.15421253177567,25.66267628978605
NGC5585,external_151,ordinary_disk,16,1.900777390198682e+20,6.16,88.0,8.877897950103545e-12,41.07907946394131,3.3698523784071304e-11,4.2576421734174846e-11,89.96015772989914,110.46340667712366,1.9601577298991373,22.463406677123658
NGC5585,external_151,ordinary_disk,17,2.1136891433215862e+20,6.85,89.9,7.490669109302281e-12,39.79063454199569,3.222479948098717e-11,3.971546859028945e-11,91.62213421505977,111.30430054305351,1.7221342150597678,21.40430054305351
NGC5585,external_151,ordinary_disk,18,2.3235152188629995e+20,7.53,90.6,6.210373774633674e-12,37.98670554310941,3.030537182440665e-11,3.651574559904032e-11,92.11128629408005,111.01638138836535,1.511286294080051,20.41638138836535
NGC5585,external_151,ordinary_disk,19,2.5333412944044127e+20,8.21,91.6,5.464065480570289e-12,37.2052989737462,2.885913445117326e-11,3.432319993174355e-11,93.24825989968105,112.05296119785768,1.648259899681051,20.45296119785769
NGC5585,external_151,ordinary_disk,20,2.746253047527317e+20,8.9,92.3,4.706782064535384e-12,35.95276705453589,2.7158256127328698e-11,3.1865038191864085e-11,93.54649017679984,112.16003024728374,1.2464901767998384,19.860030247283746
NGC5585,external_151,ordinary_disk,21,2.952993445487238e+20,9.57,90.9,4.099044048983139e-12,34.791450400077714,2.5607797505215184e-11,2.9706841554198324e-11,93.66114904039752,112.15100193698247,2.7611490403975125,21.251001936982462
NGC5585,external_151,ordinary_disk,22,3.1813335865176e+20,10.31,89.6,3.628513933363756e-12,33.97574612183992,2.4274742269689512e-11,2.7903256203053267e-11,94.21760245940189,112.742797396409,4.617602459401894,23.14279739640901
NGC5585,external_151,ordinary_disk,23,3.3819026293145384e+20,10.96,89.4,3.2152104534278137e-12,32.975034020069046,2.2991193284120666e-11,2.620640373754848e-11,94.1421827370141,112.62344659874888,4.74218273701409,23.22344659874888
NGC5907,external_151,bulge_rich_hsb,0,1.5520958234901578e+20,5.03,214.0,1.1092391629115395e-10,131.2114885216504,2.686710420398465e-11,1.377910204951386e-10,146.24119372630662,205.95143572702858,-67.75880627369338,-8.048564272971419
NGC5907,external_151,bulge_rich_hsb,1,2.3296865740259823e+20,7.550000000000001,220.0,9.713472211036064e-11,150.4305347900658,4.2053756261578856e-11,1.3918847837193951e-10,180.07374303940406,242.09382571998862,-39.926256960595936,22.093825719988615
NGC5907,external_151,bulge_rich_hsb,2,3.107277324561807e+20,10.07,235.0,8.063251128818282e-11,158.28694638164083,5.5316388088164714e-11,1.3594889937634753e-10,205.53124636688685,264.0458225596331,-29.468753633113153,29.04582255963311
NGC5907,external_151,bulge_rich_hsb,3,3.88178239751614e+20,12.58,235.0,6.507042903972463e-11,158.93056535645562,6.593894195131346e-11,1.310093709910381e-10,225.510503130713,276.6152502615117,-9.489496869286995,41.615250261511676
NGC5907,external_151,bulge_rich_hsb,4,4.6593731480519646e+20,15.100000000000001,230.0,5.167467880741881e-11,155.16817034092304,7.245114465165177e-11,1.2412582345907057e-10,240.48877911558202,283.01878136465774,10.48877911558202,53.01878136465774
NGC5907,external_151,bulge_rich_hsb,5,5.4338782210062975e+20,17.61,231.0,4.0769528302017145e-11,148.84107360571906,7.388069615389156e-11,1.146502244559087e-10,249.5987495370211,285.2141112674806,18.598749537021092,54.214111267480575
NGC5907,external_151,bulge_rich_hsb,6,6.211468971542122e+20,20.130000000000003,232.0,3.205140427549603e-11,141.09794582189923,7.102370466977937e-11,1.0307510894527539e-10,253.03119194121146,284.58115614827057,21.03119194121146,52.581156148270566
NGC5907,external_151,bulge_rich_hsb,7,6.989059722077947e+20,22.65,225.0,2.5203305614448182e-11,132.72053651683328,6.569500921222712e-11,9.08983148266753e-11,252.05034238419057,282.0143791194491,27.05034238419057,57.014379119449075
NGC5907,external_151,bulge_rich_hsb,8,7.76356479503228e+20,25.16,224.0,1.98761661841641e-11,124.22153760422846,5.953066671664786e-11,7.940683290081196e-11,248.29017145141987,278.151518080762,24.290171451419866,54.151518080762
NGC5907,external_151,bulge_rich_hsb,9,8.541155545568104e+20,27.68,229.0,1.570998367770245e-11,115.83670152831212,5.341345565920813e-11,6.912343933691058e-11,242.9802558277512,273.4004425029153,13.980255827751193,44.400442502915325
NGC5907,external_151,bulge_rich_hsb,10,9.318746296103929e+20,30.200000000000003,218.0,1.2463050515648593e-11,107.7682726180839,4.7764832511220756e-11,6.022788302686935e-11,236.906809078764,268.0648893329551,18.906809078764013,50.06488933295509
NGC5907,external_151,bulge_rich_hsb,11,1.0093251369058262e+21,32.71,214.0,9.934694653832438e-12,100.13659192122032,4.2717234661372487e-11,5.265192931520492e-11,230.5274729059968,262.3689065549194,16.527472905996802,48.36890655491942
NGC5907,external_151,bulge_rich_hsb,12,1.0870842119594085e+21,35.23,213.0,7.94389316982342e-12,92.9283640575213,3.822462950863388e-11,4.6168522678457293e-11,224.02917687935388,256.41474654180655,11.029176879353884,43.41474654180655
NGC5907,external_151,bulge_rich_hsb,13,1.164843287012991e+21,37.75,211.0,6.3764211211616286e-12,86.18312676013196,3.4253893078176946e-11,4.063031419933857e-11,217.5498764521096,250.31805914710156,6.549876452109601,39.318059147101565
NGC5907,external_151,bulge_rich_hsb,14,1.2422937943084245e+21,40.260000000000005,217.0,5.140966056279101e-12,79.91614498000877,3.075672958873884e-11,3.589769564501794e-11,211.1764298632268,244.16903424153787,-5.823570136773213,27.169034241537872
NGC5907,external_151,bulge_rich_hsb,15,1.320052869362007e+21,42.78,216.0,4.155299018407467e-12,74.06223323871558,2.765177694759837e-11,3.180707596600584e-11,204.90734953861792,237.970196317833,-11.092650461382078,21.970196317833
NGC5907,external_151,bulge_rich_hsb,16,1.39750337665744e+21,45.29,215.0,3.371565039617516e-12,68.64235957108157,2.4908685457495326e-11,2.8280250497112843e-11,198.8007685157013,231.80023193252978,-16.199231484298707,16.800231932529783
NGC5907,external_151,bulge_rich_hsb,17,1.4752624517110227e+21,47.81,217.0,2.7409619360934827e-12,63.589607845054864,2.2459565222406575e-11,2.520052715850006e-11,192.81439645487836,225.6370808919455,-24.185603545121637,8.637080891945487
NGC5907,external_151,bulge_rich_hsb,18,1.5530215267646051e+21,50.330000000000005,214.0,2.2338145229357158e-12,58.89959287566064,2.027622461469558e-11,2.2510039137631294e-11,186.97212452409897,219.52162377998638,-27.027875475901027,5.521623779986385
NGC5985,external_151,bulge_rich_hsb,0,1.092329863847944e+20,3.54,223.0,8.119545294932558e-11,94.17654594707163,2.7127509782329546e-11,1.0832296273165512e-10,108.7770229102979,156.8871264168748,-114.2229770897021,-66.11287358312521
NGC5985,external_151,bulge_rich_hsb,1,1.3052416169708485e+20,4.23,230.0,7.939257087902109e-11,101.79709602420208,3.458481783542026e-11,1.1397738871444134e-10,121.97050100075525,170.32758045782296,-108.02949899924475,-59.67241954217704
NGC5985,external_151,bulge_rich_hsb,2,1.5335817580012093e+20,4.97,248.0,7.745904518043368e-11,108.990723770835,3.980936367595465e-11,1.1726840885638832e-10,134.10469514971675,183.24723259945793,-113.89530485028325,-64.75276740054207
NGC5985,external_151,bulge_rich_hsb,3,1.7711789317760447e+20,5.74,258.0,7.544713330487649e-11,115.59860421843163,4.383363748341742e-11,1.1928077078829391e-10,145.35046893155646,195.36540362203803,-112.64953106844354,-62.63459637796197
NGC5985,external_151,bulge_rich_hsb,4,1.9964333952249145e+20,6.47,263.0,7.353973633194567e-11,121.1681416417415,4.7157083980549674e-11,1.2069682031249535e-10,155.22988203607142,205.81513657678659,-107.77011796392858,-57.184863423213415
NGC5985,external_151,bulge_rich_hsb,5,2.227859213836767e+20,7.22,272.0,7.083868020787182e-11,125.62587567740312,5.007816611127378e-11,1.209168463191456e-10,164.12973837187243,214.97440667747819,-107.87026162812757,-57.025593322521814
NGC5985,external_151,bulge_rich_hsb,6,2.4747134203560762e+20,8.02,287.0,6.755400752322824e-11,129.2968711982499,5.278381163974748e-11,1.2033781916297573e-10,172.5692950843222,223.35777801734034,-114.43070491567781,-63.64222198265966
NGC5985,external_151,bulge_rich_hsb,7,2.7123105941309116e+20,8.79,289.0,6.439251006425881e-11,132.15615280037875,5.5227236384529913e-11,1.1961974644878872e-10,180.12382006839158,230.4989429772848,-108.87617993160842,-58.5010570227152
NGC5985,external_151,bulge_rich_hsb,8,2.931393702416799e+20,9.5,292.0,6.147736305663764e-11,134.24394023769517,5.741970800435496e-11,1.188970710609926e-10,186.69068679074388,236.3348890249797,-105.30931320925612,-55.6651109750203
NGC5985,external_151,bulge_rich_hsb,9,3.1689908761916336e+20,10.269999999999998,302.0,5.831586559766821e-11,135.942063400637,5.969290297539242e-11,1.1800876857306062e-10,193.38270628953333,241.89696365805094,-108.61729371046667,-60.103036341949064
NGC5985,external_151,bulge_rich_hsb,10,3.4189307602924346e+20,11.08,302.0,5.499013450446658e-11,137.11581322733682,6.195714001622624e-11,1.169472745206928e-10,199.95865427411746,246.9225828212884,-102.04134572588254,-55.07741717871161
NGC5985,external_151,bulge_rich_hsb,11,3.647270901322796e+20,11.82,304.0,5.195181227117127e-11,137.65258194731678,6.39285047974983e-11,1.1588031706866957e-10,205.5837806055278,250.79513189682677,-98.4162193944722,-53.204868103173226
NGC5985,external_151,bulge_rich_hsb,12,3.875611042353157e+20,12.56,303.0,4.891349003787597e-11,137.68429907248802,6.577844375445196e-11,1.1469193379232793e-10,210.83200067219002,253.9911737100252,-92.16799932780998,-49.00882628997479
NGC5985,external_151,bulge_rich_hsb,13,4.131722281616941e+20,13.39,305.0,4.550564212755826e-11,137.11917280880854,6.762714304926848e-11,1.1313278517682674e-10,216.2020465436157,256.77113027035386,-88.7979534563843,-48.228869729646135
NGC5985,external_151,bulge_rich_hsb,14,4.3508053899028274e+20,14.1,300.0,4.366150819476491e-11,137.82696586120932,6.81842373306536e-11,1.1184574552541851e-10,220.5944406529074,260.3360760630511,-79.4055593470926,-39.66392393694889
NGC5985,external_151,bulge_rich_hsb,15,4.606916629166611e+20,14.93,295.0,4.161457950428541e-11,138.46114918419119,6.857861548573575e-11,1.1019319499002116e-10,225.31108770331906,264.18099434841554,-69.68891229668094,-30.81900565158446
NGC5985,external_151,bulge_rich_hsb,16,4.825999737452498e+20,15.64,294.0,3.986359231122464e-11,138.70172530573785,6.879050569715638e-11,1.0865409800838103e-10,228.99009770328166,267.0468127517362,-65.00990229671834,-26.953187248263816
NGC5985,external_151,bulge_rich_hsb,17,5.0450828457383854e+20,16.35,290.0,3.811260511816387e-11,138.66551492279888,6.88760800801478e-11,1.0698868519831167e-10,232.3288144811372,269.5248692572161,-57.67118551886281,-20.475130742783904
NGC5985,external_151,bulge_rich_hsb,18,5.301194085002169e+20,17.18,291.0,3.6065676427684375e-11,138.2718881588165,6.878131278694722e-11,1.048469892146316e-10,235.7571290660987,271.9292349760003,-55.24287093390129,-19.070765023999684
NGC5985,external_151,bulge_rich_hsb,19,5.520277193288056e+20,17.89,286.0,3.4314689234623604e-11,137.63233500041326,6.854444154665925e-11,1.0285913078128286e-10,238.2878330451115,273.5605084537862,-47.71216695488849,-12.439491546213787
NGC5985,external_151,bulge_rich_hsb,20,5.776388432551839e+20,18.72,287.0,3.2267760544144114e-11,136.52513276006974,6.804875453001994e-11,1.0031651507416405e-10,240.72124070557493,274.96039729215664,-46.27875929442507,-12.039602707843358
NGC5985,external_151,bulge_rich_hsb,21,5.998557218419218e+20,19.44,294.0,3.0492111559631783e-11,135.24373401413956,6.743121997580179e-11,9.792333153543357e-11,242.3630968678056,275.7197410353643,-51.63690313219439,-18.28025896463572
NGC5985,external_151,bulge_rich_hsb,22,6.25158278010151e+20,20.26,290.0,2.8550371422134357e-11,133.59828230487,6.651043955787764e-11,9.5060810980012e-11,243.77869656414353,276.2702855153494,-46.22130343585647,-13.729714484650572
NGC5985,external_151,bulge_rich_hsb,23,6.473751565968888e+20,20.98,288.0,2.7420463103544398e-11,133.23410447635496,6.573110037573429e-11,9.315156347927868e-11,245.5687439285445,277.9445594302511,-42.43125607145549,-10.055440569748896
NGC5985,external_151,bulge_rich_hsb,24,6.692834674254776e+20,21.69,290.0,2.6306247956045965e-11,132.68887235551,6.489438214854452e-11,9.120063010459048e-11,247.06087093627093,279.3203207544181,-42.93912906372907,-10.679679245581895
NGC5985,external_151,bulge_rich_hsb,25,6.948945913518559e+20,22.52,294.0,2.500371475544921e-11,131.8140589894198,6.38188549942208e-11,8.882256974967e-11,248.43977803286384,280.5761877415494,-45.56022196713616,-13.423812258450596
NGC5985,external_151,bulge_rich_hsb,26,7.168029021804446e+20,23.23,297.0,2.388949960795078e-11,130.8589418061208,6.282206530166561e-11,8.67115649096164e-11,249.30924848432926,281.3421174402101,-47.69075151567074,-15.657882559789925
NGC5985,external_151,bulge_rich_hsb,27,7.424140261068229e+20,24.06,293.0,2.2586966407354026e-11,129.49471289602235,6.155475539629039e-11,8.414172180364441e-11,249.9359806986659,281.8658427050042,-43.0640193013341,-11.134157294995816
NGC5985,external_151,bulge_rich_hsb,28,7.643223369354116e+20,24.77,291.0,2.1472751259855597e-11,128.10973196196156,6.039221456787771e-11,8.18649658277333e-11,250.14240343170675,281.9843911630209,-40.857596568293246,-9.015608836979084
NGC5985,external_151,bulge_rich_hsb,29,8.007333323970098e+20,25.95,297.0,1.9620957071055382e-11,125.34414362196922,5.828399388831563e-11,7.790495095937101e-11,249.76206876129686,281.4730122672263,-47.23793123870314,-15.526987732773705
NGC5985,external_151,bulge_rich_hsb,30,8.923779565673035e+20,28.92,292.0,1.6200815128483607e-11,120.23830628830754,5.36152740809284e-11,6.981608920941201e-11,249.60436499431586,281.8301767193471,-42.39563500568414,-10.169823280652906
NGC5985,external_151,bulge_rich_hsb,31,9.800111998816582e+20,31.76,288.0,1.3482852304793366e-11,114.94932042012135,4.9240489159389523e-11,6.27233414641829e-11,247.9305893368159,280.85466835654444,-40.0694106631841,-7.145331643455563
NGC5985,external_151,bulge_rich_hsb,32,1.0713472562938026e+21,34.72,285.0,1.106285456573777e-11,108.86762092459138,4.47993318745594e-11,5.5862186440297173e-11,244.63810041239537,278.2802927129643,-40.361899587604626,-6.719707287035703
NGC6015,external_151,bulge_rich_hsb,0,1.049130377707065e+19,0.34,35.5,1.0905031405209326e-10,33.82425123643488,7.48825495246612e-12,1.1653856900455938e-10,34.96629132710448,53.26005989162204,-0.5337086728955214,17.760059891622042
NGC6015,external_151,bulge_rich_hsb,1,2.0674039795992162e+19,0.67,62.4,1.0599729841808346e-10,46.812309981062825,9.662927137876318e-12,1.1566022555595979e-10,48.89953073350849,74.10421989248275,-13.500469266491507,11.704219892482747
NGC6015,external_151,bulge_rich_hsb,2,3.085677581491367e+19,1.0,90.7,1.0294428278407366e-10,56.36070133785808,1.1671188417676016e-11,1.1461547120174968e-10,59.469857068880565,89.71123769354016,-31.23014293111944,-0.9887623064598472
NGC6015,external_151,bulge_rich_hsb,3,4.073094407568605e+19,1.3200000000000003,104.0,9.998378277533686e-11,63.81562398580607,1.3590408127071078e-11,1.1357419090240794e-10,68.01458680376783,102.13909739836187,-35.98541319623217,-1.8609026016381307
NGC6015,external_151,bulge_rich_hsb,4,5.091368009460756e+19,1.65,105.0,9.693076714132706e-11,70.25028163330326,1.5563958443530228e-11,1.1249472558485729e-10,75.68038365889862,113.10177655100468,-29.31961634110138,8.101776551004676
NGC6015,external_151,bulge_rich_hsb,5,6.109641611352907e+19,1.98,108.0,9.387775150731725e-11,75.73370563952047,1.7617001590487262e-11,1.1149475309780451e-10,82.53441603197207,122.6764158839742,-25.46558396802793,14.676415883974201
NGC6015,external_151,bulge_rich_hsb,6,7.127915213245058e+19,2.31,116.0,9.082473587330744e-11,80.46061251135939,1.9807875874444577e-11,1.1063261174775201e-10,88.80202004221726,131.1614900683734,-27.197979957782735,15.16149006837341
NGC6015,external_151,bulge_rich_hsb,7,8.115332039322295e+19,2.63,130.0,8.786423586457067e-11,84.44213689991042,2.2150402995433138e-11,1.100146388600038e-10,94.48837619173378,138.53286989665511,-35.51162380826622,8.532869896655114
NGC6015,external_151,bulge_rich_hsb,8,9.133605641214447e+19,2.96,141.0,8.481122023056085e-11,88.01319443902325,2.4838692444384993e-11,1.0964991267494585e-10,100.07492497956504,145.38257251409922,-40.92507502043496,4.382572514099223
NGC6015,external_151,bulge_rich_hsb,9,1.0121022467291683e+20,3.28,146.0,8.185072022182408e-11,91.01719498694119,2.7820881346644145e-11,1.0967160156846823e-10,105.35600331724476,151.38660636028334,-40.643996682755244,5.386606360283338
NGC6015,external_151,bulge_rich_hsb,10,1.1139296069183835e+20,3.61,150.0,7.879770458781426e-11,93.6883643242718,3.1383453183534727e-11,1.1018115777134899e-10,110.78540236242823,156.9909407418381,-39.21459763757177,6.990940741838102
NGC6015,external_151,bulge_rich_hsb,11,1.2157569671075986e+20,3.94,152.0,7.480321621545991e-11,95.36379358855304,3.3464242491295995e-11,1.0826745870675591e-10,114.72877460941207,161.44036371524268,-37.27122539058793,9.440363715242682
NGC6015,external_151,bulge_rich_hsb,12,1.3175843272968136e+20,4.27,155.0,7.068744642048039e-11,96.50734248763573,3.5376793579056015e-11,1.060642399995364e-10,118.21530370896863,165.2160753234815,-36.784696291031366,10.216075323481505
NGC6015,external_151,bulge_rich_hsb,13,1.4194116874860288e+20,4.6,152.0,6.657167662550084e-11,97.20731240898309,3.737120228323474e-11,1.0394287890873558e-10,121.46511316176523,168.4160289798533,-30.53488683823477,16.41602897985331
NGC6015,external_151,bulge_rich_hsb,14,1.5243247252567356e+20,4.940000000000001,150.0,6.233118653370375e-11,97.47459606888059,3.951734710277303e-11,1.0184853363647677e-10,124.59945347120262,171.12602970484582,-25.400546528797378,21.12602970484582
NGC6015,external_151,bulge_rich_hsb,15,1.6354091181904246e+20,5.3,147.0,5.7841255848271545e-11,97.25950710436925,4.188084475224493e-11,9.972210060051647e-11,127.70529848333915,173.352385398354,-19.29470151666085,26.352385398353988
NGC6015,external_151,bulge_rich_hsb,16,1.7372364783796398e+20,5.63,145.0,5.372548605329201e-11,96.60945822767845,4.4144260914272016e-11,9.786974696756403e-11,130.39282747215714,174.80793261019792,-14.607172527842863,29.807932610197923
NGC6015,external_151,bulge_rich_hsb,17,1.8390638385688547e+20,5.959999999999999,152.0,4.960971625831249e-11,95.51724201018573,4.6481655519142866e-11,9.609137177745536e-11,132.93538544510784,175.6898455627623,-19.06461455489216,23.689845562762287
NGC6015,external_151,bulge_rich_hsb,18,1.934719843595087e+20,6.27,149.0,4.574338705696809e-11,94.07477805042478,4.8948804562523915e-11,9.4692191619492e-11,135.35245182845398,175.97446238625957,-13.64754817154602,26.974462386259574
NGC6015,external_151,bulge_rich_hsb,19,2.5425983271488864e+20,8.24,149.0,2.8642189416699957e-11,85.33790652270704,5.6189954348269115e-11,8.483214376496907e-11,146.8652671073948,176.348946233892,-2.1347328926052,27.348946233892008
NGC6015,external_151,bulge_rich_hsb,20,3.1782479089361086e+20,10.3,146.0,1.9236286079283883e-11,78.19059151021993,5.235736616646116e-11,7.159365224574504e-11,150.84507799167267,176.36056926769828,4.845077991672667,30.36056926769828
NGC6015,external_151,bulge_rich_hsb,21,3.434359148199892e+20,11.13,149.0,1.593464176077688e-11,73.97653864869058,4.9392120540170414e-11,6.53267623009473e-11,149.78503387539698,174.04355549743937,0.7850338753969766,25.04355549743937
NGC6015,external_151,bulge_rich_hsb,22,3.687384709882184e+20,11.95,152.0,1.4330688717814828e-11,72.69302749242976,4.7427788662012116e-11,6.175847737982695e-11,150.9063501632647,175.17058989033762,-1.0936498367352954,23.170589890337624
NGC6015,external_151,bulge_rich_hsb,23,3.924981883657019e+20,12.72,153.0,1.2824537689667532e-11,70.94792322416612,4.535875176218486e-11,5.818328945185239e-11,151.11861468068489,175.33120803529127,-1.8813853193151147,22.33120803529127
NGC6015,external_151,bulge_rich_hsb,24,4.190350155665276e+20,13.579999999999998,156.0,1.1142343034853672e-11,68.33031455406524,4.2753182486839065e-11,5.3895525521692735e-11,150.2801130421078,174.37504700373864,-5.719886957892186,18.375047003738644
NGC6015,external_151,bulge_rich_hsb,25,4.452632750092043e+20,14.43,158.0,9.479708783002759e-12,64.9689631966936,3.9829990357042534e-11,4.930969914004529e-11,148.17489034521034,172.07594509744814,-9.825109654789657,14.075945097448141
NGC6015,external_151,bulge_rich_hsb,26,4.7180010221003e+20,15.29,158.0,8.522048605550477e-12,63.409016733722964,3.7954317706031875e-11,4.6476366311582354e-11,148.07955421379194,172.1328198764301,-9.920445786208063,14.13281987643009
NGC6015,external_151,bulge_rich_hsb,27,4.94325548554917e+20,16.02,159.0,7.850414757197665e-12,62.29494828022053,3.654887857412024e-11,4.4399293331317904e-11,148.14757855413768,172.36245276348615,-10.85242144586232,13.362452763486147
NGC6015,external_151,bulge_rich_hsb,28,5.208623757557427e+20,16.88,161.0,7.059174881055996e-12,60.63710579688058,3.478523555619653e-11,4.1844410437252526e-11,147.63190384346382,171.97998744879638,-13.368096156536183,10.97998744879638
NGC6015,external_151,bulge_rich_hsb,29,5.4709063519841944e+20,17.73,163.0,6.277135468590389e-12,58.60172378640106,3.2914253460498044e-11,3.919138892908843e-11,146.428282321153,170.83516383844062,-16.571717678846994,7.8351638384406215
NGC6015,external_151,bulge_rich_hsb,30,5.7362746239924516e+20,18.59,162.0,5.638945480079378e-12,56.8740185528122,3.128342361384894e-11,3.692236909392832e-11,145.5324186877907,170.02511484296159,-16.46758131220929,8.025114842961585
NGC6015,external_151,bulge_rich_hsb,31,5.961529087441321e+20,19.32,164.0,5.284985052452994e-12,56.130733218880295,3.0339592451601594e-11,3.5624577504054586e-11,145.73158717938577,170.38366608592656,-18.26841282061423,6.3836660859265635
NGC6015,external_151,bulge_rich_hsb,32,6.226897359449579e+20,20.18,165.0,4.867990576071227e-12,55.0567685793158,2.917585773981909e-11,3.4043848315890315e-11,145.59792209496652,170.39615916197562,-19.40207790503348,5.396159161975618
NGC6015,external_151,bulge_rich_hsb,33,6.492265631457836e+20,21.04,166.0,4.45099609968946e-12,53.75597548530465,2.7951118951805886e-11,3.2402115051495346e-11,145.0390078342257,169.9320258393337,-20.960992165774286,3.932025839333704
NGC6015,external_151,bulge_rich_hsb,34,6.754548225884603e+20,21.89,163.0,4.039658996453398e-12,52.236071356556934,2.6675398020504074e-11,3.071505701695747e-11,144.03691675464123,168.96851798983374,-18.963083245358774,5.968517989833742
NGC6015,external_151,bulge_rich_hsb,35,6.982888366914964e+20,22.630000000000003,159.0,3.828866183856994e-12,51.70739321772961,2.6002156781529114e-11,2.983102296538611e-11,144.32834206702708,169.401958834264,-14.67165793297292,10.401958834264008
NGC6015,external_151,bulge_rich_hsb,36,7.24517096134173e+20,23.48,155.0,3.5867393045232862e-12,50.976994276864886,2.520052744013772e-11,2.8787266744661007e-11,144.4190669803736,169.6256958797655,-10.5809330196264,14.625695879765487
NGC6015,external_151,bulge_rich_hsb,37,7.510539233349987e+20,24.34,154.0,3.341763873668006e-12,50.0983519507131,2.4356494982485226e-11,2.7698258856153232e-11,144.23205601898024,169.53717493214538,-9.767943981019755,15.537174932145376
NGC6015,external_151,bulge_rich_hsb,38,7.772821827776754e+20,25.19,149.0,3.0996369943342973e-12,49.08454551867212,2.348629227662433e-11,2.6585929270958627e-11,143.7524578395222,169.1167404386207,-5.247542160477792,20.116740438620695
NGC6015,external_151,bulge_rich_hsb,39,8.001161968807115e+20,25.930000000000003,153.0,2.929006147655578e-12,48.410177230644436,2.2852977938186826e-11,2.5781984085842405e-11,143.62654021734022,169.06729191265728,-9.37345978265978,16.067291912657282
NGC6015,external_151,bulge_rich_hsb,40,8.263444563233881e+20,26.78,156.0,2.7730022172435808e-12,47.86914465072148,2.2258200362868736e-11,2.5031202580112316e-11,143.8207060446565,169.3832738323269,-12.179293955343496,13.383273832326893
NGC6015,external_151,bulge_rich_hsb,41,8.528812835242139e+20,27.64,151.0,2.6151629464737957e-12,47.22735997717357,2.163607930768501e-11,2.4251242254158804e-11,143.81735159842017,169.47691946876833,-7.182648401579826,18.47691946876833
NGC6015,external_151,bulge_rich_hsb,42,8.754067298691008e+20,28.37,158.0,2.4811831003552574e-12,46.605196964378045,2.109148980501276e-11,2.3572672905368015e-11,143.65123216444115,169.36886133696964,-14.348767835558846,11.368861336969644
NGC6015,external_151,bulge_rich_hsb,43,9.019435570699266e+20,29.229999999999997,152.0,2.3260783544976423e-12,45.80383592101173,2.0439771616981488e-11,2.276584997147913e-11,143.2951907880937,169.05900310626436,-8.704809211906309,17.059003106264356
NGC6195,external_151,bulge_rich_hsb,0,4.1039511833835184e+19,1.33,175.0,6.980356066795953e-11,53.52293017087683,2.629683055289467e-11,9.610039122085421e-11,62.800582343991344,91.85817951733509,-112.19941765600865,-83.14182048266491
NGC6195,external_151,bulge_rich_hsb,1,7.220485540689799e+19,2.34,237.0,6.921912240583411e-11,70.69622850411204,3.194155760157267e-11,1.0116068000740678e-10,85.46515238855123,121.53484209972112,-151.53484761144875,-115.46515790027888
NGC6195,external_151,bulge_rich_hsb,2,1.0275306346366253e+20,3.3300000000000005,247.0,6.864625717860226e-11,83.98579177703701,3.5097604072654046e-11,1.0374386125125631e-10,103.24727385803337,144.62031572813424,-143.75272614196663,-102.37968427186576
NGC6195,external_151,bulge_rich_hsb,3,1.3391840703672533e+20,4.34,242.0,6.806181891647684e-11,95.47109703631062,3.731492816451737e-11,1.0537674708099421e-10,118.79345986963524,164.67808976204338,-123.20654013036476,-77.32191023795662
NGC6195,external_151,bulge_rich_hsb,4,1.6508375060978814e+20,5.35,240.0,6.747738065435142e-11,105.54344640831421,3.908282707391586e-11,1.0656020772826727e-10,132.63241970777918,182.36553567799743,-107.36758029222082,-57.63446432200257
NGC6195,external_151,bulge_rich_hsb,5,1.9563195866655267e+20,6.34,233.0,6.690451542711957e-11,114.40568778100149,4.061279752902522e-11,1.0751731295614478e-10,145.0304193063487,198.01540214099035,-87.9695806936513,-34.984597859009654
NGC6195,external_151,bulge_rich_hsb,6,2.2648873448146633e+20,7.339999999999999,233.0,6.610872717765857e-11,122.36372810865322,4.228986404814342e-11,1.0839859122580198e-10,156.68777790978362,212.29691558216842,-76.31222209021638,-20.703084417831576
NGC6195,external_151,bulge_rich_hsb,7,2.5672837478008177e+20,8.32,247.0,6.498166485027687e-11,129.16128370187232,4.432363738395724e-11,1.0930530223423411e-10,167.51648455432846,224.8640166897519,-79.48351544567154,-22.135983310248093
NGC6195,external_151,bulge_rich_hsb,8,2.8820228611129367e+20,9.34,248.0,6.380859997892042e-11,135.60893918723022,4.64641787038162e-11,1.1027277868273661e-10,178.27189041520097,236.95440833111286,-69.72810958479903,-11.045591668887141
NGC6195,external_151,bulge_rich_hsb,9,3.202933329588039e+20,10.38,242.0,6.261253383557657e-11,141.61347798565185,4.8696740779263793e-11,1.1130927461484036e-10,188.8163619912586,248.3905303859355,-53.18363800874141,6.390530385935506
NGC6195,external_151,bulge_rich_hsb,10,3.5053297325741926e+20,11.36,252.0,6.148547150819488e-11,146.80832789696194,5.087826742058108e-11,1.1236373892877596e-10,198.4620757047156,258.44746455982437,-53.5379242952844,6.447464559824368
NGC6195,external_151,bulge_rich_hsb,11,3.8077261355603467e+20,12.339999999999998,245.0,6.035840918081318e-11,151.60088790591826,5.3141912236505066e-11,1.1350032141731825e-10,207.88894637647823,267.8843331874435,-37.11105362352177,22.884333187443474
NGC6195,external_151,bulge_rich_hsb,12,4.1101225385465014e+20,13.320000000000002,247.0,5.923134685343149e-11,156.02823260254988,5.549740494059873e-11,1.1472875179403022e-10,217.15184285839044,276.7622604176331,-29.848157141609562,29.762260417633115
NGC6195,external_151,bulge_rich_hsb,13,4.4125189415326555e+20,14.3,238.0,5.804270357885649e-11,160.03578629777454,5.753891913185473e-11,1.1558162271071123e-10,225.83314626159162,285.0414073029931,-12.166853738408378,47.04140730299309
NGC6195,external_151,bulge_rich_hsb,14,4.773543218567145e+20,15.47,249.0,5.650752467228896e-11,164.2379710047042,5.919653565222445e-11,1.1570406032451341e-10,235.01453838491886,294.12621522945693,-13.985461615081135,45.12621522945693
NGC6195,external_151,bulge_rich_hsb,15,5.0450828457383854e+20,16.35,250.0,5.535286019555441e-11,167.11067154288702,6.047803511622343e-11,1.1583089531177785e-10,241.73879766060912,300.53423723537753,-8.261202339390877,50.53423723537753
NGC6195,external_151,bulge_rich_hsb,16,5.5295342260325306e+20,17.92,253.0,5.329283379956209e-11,171.66378432766237,6.270117872325714e-11,1.1599401252281923e-10,253.25735177083703,311.1287423854047,0.2573517708370332,58.12874238540468
NGC6195,external_151,bulge_rich_hsb,17,5.8936441806485114e+20,19.1,258.0,5.1744533705758945e-11,174.63214765767412,6.442326849716033e-11,1.1616780220291928e-10,261.6584971736944,318.4315504427243,3.6584971736944,60.4315504427243
NGC6195,external_151,bulge_rich_hsb,18,6.948945913518559e+20,22.52,254.0,4.703880120358229e-11,180.79548816285353,6.788872929825914e-11,1.1492753050184144e-10,282.59957420908313,336.23350168749397,28.59957420908313,82.23350168749397
NGC6195,external_151,bulge_rich_hsb,19,8.038190099785012e+20,26.05,256.0,4.1937173798061453e-11,183.60255315124053,6.94899995342966e-11,1.1142717333235806e-10,299.2779312824768,349.74191435690113,43.2779312824768,93.74191435690113
NGC6195,external_151,bulge_rich_hsb,20,9.09657751023655e+20,29.48,255.0,3.722202553615214e-11,184.0089781444406,6.969488850506304e-11,1.0691691404121517e-10,311.8618276947681,359.4572309598341,56.861827694768124,104.45723095983408
NGC6195,external_151,bulge_rich_hsb,21,1.0182736018921512e+21,33.0,244.0,3.2654172933638036e-11,182.3482445485692,6.848632692546802e-11,1.0114049985910606e-10,320.91852718206303,366.31011688899815,76.91852718206303,122.31011688899815
NGC6195,external_151,bulge_rich_hsb,22,1.1241123429373051e+21,36.43,246.0,2.8585102826278118e-11,179.25642780985925,6.641262412981223e-11,9.499772695609035e-11,326.7845122130624,370.5898525051402,80.78451221306238,124.58985250514019
NGC6503,calibration_24,bulge_rich_hsb,0,2.345114961933439e+19,0.76,77.0,1.356370641968091e-10,56.398981253269405,4.632850213342068e-12,1.4026991441015116e-10,57.35408224288558,85.32082605152927,-19.645917757114418,8.320826051529266
NGC6503,calibration_24,bulge_rich_hsb,1,4.690229923866878e+19,1.52,100.0,1.244446972009072e-10,76.39857607823903,7.391935464898137e-12,1.3183663266580535e-10,78.63485992808825,117.39698193529914,-21.365140071911753,17.396981935299138
NGC6503,calibration_24,bulge_rich_hsb,2,7.035344885800316e+19,2.28,110.0,1.1325233020500533e-10,89.2619292931064,1.0765236599961651e-11,1.2401756680496697e-10,93.40804860239417,139.56638782365476,-16.591951397605825,29.566387823654765
NGC6503,calibration_24,bulge_rich_hsb,3,9.380459847733756e+19,3.04,118.0,9.724135694842611e-11,95.50752035278987,1.4141126325456215e-11,1.1138248327388232e-10,102.21638381842364,153.67197172616488,-15.783616181576363,35.671971726164884
NGC6503,calibration_24,bulge_rich_hsb,4,1.1694718033852282e+20,3.79,121.0,8.062355876972987e-11,97.10148231091578,1.813705016345848e-11,9.876060893318835e-11,107.46987830667673,161.98301366687923,-13.530121693323267,40.98301366687923
NGC6503,calibration_24,bulge_rich_hsb,5,1.403983299578572e+20,4.55,121.0,6.3784189948651e-11,94.63188546417821,2.3812476759062477e-11,8.759666670771349e-11,110.89826741495109,165.36643936704525,-10.101732585048907,44.366439367045245
NGC6503,calibration_24,bulge_rich_hsb,6,1.6384947957719158e+20,5.31,117.0,5.255209760688714e-11,92.79350108481862,2.8793300831192212e-11,8.134539843807935e-11,115.44869509907244,168.66570259829425,-1.551304900927562,51.665702598294246
NGC6503,calibration_24,bulge_rich_hsb,7,1.87300629196526e+20,6.07,116.0,4.3798797249317824e-11,90.57340825456609,3.3183846149384016e-11,7.698264339870184e-11,120.0787139579228,170.9683042021786,4.078713957922801,54.96830420217859
NGC6503,calibration_24,bulge_rich_hsb,8,2.1075177881586038e+20,6.83,116.0,3.504549689174852e-11,85.94126371785387,3.8215836400332254e-11,7.326133329208077e-11,124.25762073099435,170.0512689460676,8.257620730994347,54.05126894606761
NGC6503,calibration_24,bulge_rich_hsb,9,2.3420292843519476e+20,7.59,116.0,2.8502564791896547e-11,81.70302406995746,4.1812081809112424e-11,7.031464660100897e-11,128.32730085933434,169.01657889581833,12.327300859334343,53.01657889581833
NGC6503,calibration_24,bulge_rich_hsb,10,2.5765407805452914e+20,8.35,115.0,2.3791986101795928e-11,78.29496946895375,4.3446049401393764e-11,6.723803550318968e-11,131.62125226486805,168.48276699581143,16.621252264868048,53.48276699581143
NGC6503,calibration_24,bulge_rich_hsb,11,2.8110522767386352e+20,9.11,115.0,1.9081407411695308e-11,73.23853749770238,4.4024964090987344e-11,6.310637150268265e-11,133.18983042609904,165.4889071217448,18.189830426099036,50.4889071217448
NGC6503,calibration_24,bulge_rich_hsb,12,3.042478095350488e+20,9.860000000000001,116.0,1.5321864194607376e-11,68.27623026502555,4.313456876033229e-11,5.845643295493966e-11,133.3613200286081,162.05872943111524,17.361320028608105,46.05872943111524
NGC6503,calibration_24,bulge_rich_hsb,13,3.283160946706815e+20,10.64,117.0,1.2845696716057119e-11,64.94188924831084,4.143109883263881e-11,5.427679554869593e-11,133.49136880632722,160.42846827349265,16.491368806327216,43.428468273492655
NGC6503,calibration_24,bulge_rich_hsb,14,3.511501087737176e+20,11.379999999999999,117.0,1.0496512185124826e-11,60.71121309569786,3.9011769691841634e-11,4.950828187696646e-11,131.85157779221547,157.0693679946505,14.851577792215465,40.06936799465049
NGC6503,calibration_24,bulge_rich_hsb,15,3.739841228767537e+20,12.12,118.0,8.40326635629844e-12,56.05968424420535,3.6033126203765506e-11,4.443639256006395e-11,128.91278173781922,152.6780980603632,10.912781737819216,34.6780980603632
NGC6503,calibration_24,bulge_rich_hsb,16,3.968181369797898e+20,12.86,117.0,7.219205916890163e-12,53.523002927842434,3.389900618929035e-11,4.1118212106180514e-11,127.7358693708012,151.01088773899747,10.735869370801197,34.01088773899747
NGC6503,calibration_24,bulge_rich_hsb,17,4.2273782866431725e+20,13.7,116.0,5.875137309994278e-12,49.83615945808524,3.10488714024082e-11,3.692400871240248e-11,124.93668503951653,147.55550857285505,8.936685039516533,31.555508572855047
NGC6503,calibration_24,bulge_rich_hsb,18,4.455718427673534e+20,14.44,115.0,4.762766141129906e-12,46.066848016477195,2.8272109190384836e-11,3.303487533151474e-11,121.32357675675742,143.3112341858713,6.323576756757419,28.311234185871314
NGC6503,calibration_24,bulge_rich_hsb,19,4.684058568703895e+20,15.18,117.0,4.161264774038725e-12,44.149301151299966,2.65799201093713e-11,3.0741184883410025e-11,119.99729599672126,141.80833645577607,2.997295996721263,24.80833645577607
NGC6503,calibration_24,bulge_rich_hsb,20,4.909313032152765e+20,15.91,116.0,3.567891803800128e-12,41.851998434611225,2.4743018127954582e-11,2.831090993175471e-11,117.8927983721086,139.4371937485118,1.8927983721086008,23.43719374851179
NGC6503,calibration_24,bulge_rich_hsb,21,5.137653173183126e+20,16.65,115.0,2.9663904367089472e-12,39.038807922447894,2.2673922513780545e-11,2.5640312950489493e-11,114.77414133483673,135.92567968920736,-0.22585866516327258,20.925679689207357
NGC6503,calibration_24,bulge_rich_hsb,22,5.3968500900284006e+20,17.49,115.0,2.574204320655366e-12,37.27277132127474,2.119692823965464e-11,2.3771132560310007e-11,113.26483960090444,134.26213485394499,-1.7351603990955624,19.262134853944985
NGC6503,calibration_24,bulge_rich_hsb,23,5.625190231058762e+20,18.23,115.0,2.2595902898235175e-12,35.65196379515508,1.991452609592811e-11,2.2174116385751627e-11,111.68420786999839,132.51024821439776,-3.3157921300016113,17.510248214397762
NGC6503,calibration_24,bulge_rich_hsb,24,5.853530372089123e+20,18.97,114.0,1.9449762589916693e-12,33.74163245161682,1.852429790670077e-11,2.046927416569244e-11,109.46118856631328,130.02352869150397,-4.538811433686718,16.02352869150397
NGC6503,calibration_24,bulge_rich_hsb,25,6.081870513119485e+20,19.71,115.0,1.74085618739867e-12,32.538687609861555,1.7559925563356918e-11,1.930078175075559e-11,108.3442916863067,128.79105236362437,-6.655708313693296,13.791052363624374
NGC6503,calibration_24,bulge_rich_hsb,26,6.310210654149846e+20,20.45,114.0,1.5676841846245025e-12,31.452213664795917,1.6692883110906812e-11,1.8260567295531316e-11,107.34431810723936,127.68725793772761,-6.65568189276064,13.687257937727608
NGC6503,calibration_24,bulge_rich_hsb,27,6.569407570995121e+20,21.29,116.0,1.371110559853826e-12,30.012304297696108,1.5640176658242804e-11,1.701128721809663e-11,105.71380186282987,125.86413505225904,-10.286198137170132,9.864135052259044
NGC6503,calibration_24,bulge_rich_hsb,28,6.797747712025482e+20,22.03,115.0,1.2464383043984866e-12,29.108371874609773,1.4932367515248516e-11,1.6178805819647e-11,104.87108287979578,124.93244107618389,-10.128917120204221,9.932441076183892
NGC6503,calibration_24,bulge_rich_hsb,29,7.023002175474351e+20,22.759999999999998,118.0,1.1454941719511853e-12,28.363370853278997,1.4331953382619584e-11,1.547744755457077e-11,104.25840390421325,124.2607936177094,-13.741596095786747,6.260793617709396
NGC6503,calibration_24,bulge_rich_hsb,30,7.251342316504712e+20,23.5,115.0,1.0431672431689893e-12,27.50338665252491,1.369246150543986e-11,1.473562874860885e-11,103.36976748793177,123.26980196201329,-11.630232512068233,8.26980196201329
NGC6674,external_151,bulge_rich_hsb,0,7.714193953728417e+19,2.4999999999999996,206.0,1.1545729555764998e-10,94.37478324768001,3.681653978158575e-11,1.5227383533923572e-10,108.38218949093844,147.03396696172646,-97.61781050906156,-58.96603303827354
NGC6674,external_151,bulge_rich_hsb,1,2.3111725085370342e+20,7.490000000000001,285.0,9.436867534906026e-11,147.68286567296988,5.6788672063586706e-11,1.5115734741264698e-10,186.90925761007432,238.9841884584457,-98.09074238992568,-46.015811541554314
NGC6674,external_151,bulge_rich_hsb,2,3.869439687190174e+20,12.54,291.0,6.626658802777701e-11,160.12949935891314,7.12802917483698e-11,1.375468797761468e-10,230.70096563625344,277.68664158622204,-60.29903436374656,-13.313358413777962
NGC6674,external_151,bulge_rich_hsb,3,5.384507379702436e+20,17.45,274.0,3.8733253882747855e-11,144.415889489884,7.392365417977003e-11,1.1265690806251788e-10,246.29290546767407,279.7435571790019,-27.707094532325925,5.743557179001925
NGC6674,external_151,bulge_rich_hsb,4,6.933517525611102e+20,22.47,266.0,2.6477581976514684e-11,135.4927225610177,6.63038726090164e-11,9.278145458553108e-11,253.63395699717938,284.8189845426444,-12.366043002820618,18.818984542644387
NGC6674,external_151,bulge_rich_hsb,5,8.479441993938277e+20,27.48,255.0,1.6821187305498603e-11,119.42959517060514,5.49094813824078e-11,7.17306686879064e-11,246.62441978147803,277.58050670713243,-8.375580218521975,22.58050670713243
NGC6674,external_151,bulge_rich_hsb,6,1.0028452139846943e+21,32.5,250.0,1.1235621954834075e-11,106.1489034495727,4.531891356433481e-11,5.655453551916888e-11,238.15004781550206,270.36888552120047,-11.849952184497937,20.36888552120047
NGC6674,external_151,bulge_rich_hsb,7,1.1574376608174118e+21,37.51,242.0,7.715244731843224e-12,94.49822651805948,3.768270060592011e-11,4.5397945337763334e-11,229.2275979406876,262.52339993401546,-12.772402059312412,20.52339993401546
NGC6674,external_151,bulge_rich_hsb,8,1.308944430068638e+21,42.42,237.0,5.172147237606223e-12,82.28033372659324,3.0897478715500285e-11,3.6069625953106506e-11,217.28583935907545,251.03413495170386,-19.714160640924547,14.034134951703862
NGC6674,external_151,bulge_rich_hsb,9,1.4638454446595045e+21,47.44,235.0,3.867165619483139e-12,75.23917048867726,2.6731488128162935e-11,3.059865374764607e-11,211.6404968365109,245.91332897076816,-23.35950316348911,10.913328970768163
NGC6674,external_151,bulge_rich_hsb,10,1.618437891492222e+21,52.45,236.0,2.7719758472132104e-12,66.97962933184323,2.2641115349604392e-11,2.5413091196817604e-11,202.80411665663257,237.02607073545246,-33.19588334336743,1.026070735452464
NGC6674,external_151,bulge_rich_hsb,11,1.7733389060830887e+21,57.47,242.0,2.1219658429670024e-12,61.34300764319258,1.981466907951186e-11,2.1936634922478863e-11,197.23358785098634,231.47370447571078,-44.76641214901366,-10.526295524289225
NGC6674,external_151,bulge_rich_hsb,12,1.927931352915806e+21,62.48,246.0,1.6428286133030554e-12,56.27842207324365,1.743833489848335e-11,1.9081163511786406e-11,191.79982634112596,225.89975083404192,-54.200173658874036,-20.100249165958076
NGC6674,external_151,bulge_rich_hsb,13,2.0797466899251816e+21,67.4,242.0,1.2952915388727124e-12,51.902584622142065,1.5486986988716186e-11,1.67822785275889e-11,186.82314689875946,220.69357861276174,-55.17685310124054,-21.30642138723826
NGC6674,external_151,bulge_rich_hsb,14,2.234339136757899e+21,72.41,242.0,1.0683461526425884e-12,48.85742134470528,1.4066994132329853e-11,1.5135340284972442e-11,183.89530485268617,217.70983435892674,-58.104695147313834,-24.29016564107326
NGC6789,external_151,low_mass_dwarf,0,3.0856775814913674e+18,0.1,13.9,2.0903149888646067e-11,8.031212921716678,5.8452331574482145e-12,2.674838304609428e-11,9.084981337706582,17.78317841234746,-4.815018662293419,3.88317841234746
NGC6789,external_151,low_mass_dwarf,1,9.257032744474102e+18,0.3,29.9,1.8974101669344182e-11,13.253070604584426,5.6465139637563724e-12,2.4620615633100554e-11,15.096815727322195,29.98414387593348,-14.803184272677804,0.08414387593348138
NGC6789,external_151,low_mass_dwarf,2,1.5736955665605972e+19,0.51,46.7,1.65625514187109e-11,16.14447699324982,6.610600532049771e-12,2.317315195076067e-11,19.09646210378957,37.65411057996162,-27.603537896210433,-9.045889420038385
NGC6789,external_151,low_mass_dwarf,3,2.1908310828588704e+19,0.71,60.4,1.3719431050430867e-11,17.336942055744164,1.0479285590322237e-11,2.4198716640753105e-11,23.025051700670748,42.192236167946284,-37.37494829932925,-18.207763832053715
NGC6946,calibration_24,bulge_rich_hsb,0,5.862787404833597e+18,0.19,153.0,1.8703167985442282e-10,33.1138487185555,8.39972351365893e-12,1.9543140336808176e-10,33.849265430365605,47.360142870681905,-119.1507345696344,-105.6398571293181
NGC6946,calibration_24,bulge_rich_hsb,1,1.7279794456351658e+19,0.56,130.0,1.8141080646925678e-10,55.9887618004698,1.0873602909470025e-11,1.922844093787268e-10,57.64230279252709,80.49199788330735,-72.35769720747291,-49.50800211669265
NGC6946,calibration_24,bulge_rich_hsb,2,2.900536926601885e+19,0.94,128.0,1.7563801758719438e-10,71.37538481345011,1.2992084263338929e-11,1.8863010185053332e-10,73.96814016089269,103.18084981824808,-54.03185983910731,-24.819150181751922
NGC6946,calibration_24,bulge_rich_hsb,3,3.764526649419468e+19,1.22,134.0,1.7138438367409578e-10,80.32316475559615,1.474752372842054e-11,1.8613190740251633e-10,83.70773714084316,116.60595093352951,-50.292262859156835,-17.394049066470487
NGC6946,calibration_24,bulge_rich_hsb,4,4.906227354571274e+19,1.59,129.0,1.6576351028892977e-10,90.18167599736124,1.6853135320578434e-11,1.826166456095082e-10,94.65509928627286,131.67431034524327,-34.34490071372714,2.6743103452432706
NGC6946,calibration_24,bulge_rich_hsb,5,6.04792805972308e+19,1.96,131.0,1.6014263690376373e-10,98.41398006829708,1.9020371863559447e-11,1.7916300876732317e-10,104.09442770812979,144.55941324910964,-26.905572291870214,13.559413249109639
NGC6946,calibration_24,bulge_rich_hsb,6,7.220485540689799e+19,2.34,138.0,1.5436984802170134e-10,105.57581425493133,2.136359062764234e-11,1.7573343864934369e-10,112.64460718486633,156.08018940828413,-25.35539281513367,18.080189408284127
NGC6946,calibration_24,bulge_rich_hsb,7,8.362186245841605e+19,2.71,139.0,1.487489746365353e-10,111.52876892482394,2.3808842373226988e-11,1.7255781700976228e-10,120.12329516007654,165.9636018075243,-18.876704839923462,26.9636018075243
NGC6946,calibration_24,bulge_rich_hsb,8,9.226175968659189e+19,2.99,143.0,1.444953407234367e-10,115.46165771223767,2.5942891208078593e-11,1.7043823193151528e-10,125.39908769952466,172.7034966178684,-17.600912300475343,29.70349661786841
NGC6946,calibration_24,bulge_rich_hsb,9,1.0398733449625908e+20,3.37,146.0,1.387225518413743e-10,120.10573841621236,2.9096891766593934e-11,1.6781944360796823e-10,132.1025988292353,180.96377055324777,-13.89740117076471,34.96377055324777
NGC6946,calibration_24,bulge_rich_hsb,10,1.1540434154777713e+20,3.74,154.0,1.323998255192796e-10,123.61033405461309,3.208502520257362e-11,1.6448485072185323e-10,137.7761441329372,187.8158307703709,-16.22385586706281,33.815830770370894
NGC6946,calibration_24,bulge_rich_hsb,11,1.2712991635744432e+20,4.12,161.0,1.2445833534767637e-10,125.78703336487769,3.417812712264418e-11,1.5863646247032054e-10,142.01211288158734,193.28530665306724,-18.987887118412658,32.28530665306724
NGC6946,calibration_24,bulge_rich_hsb,12,1.3576981358562016e+20,4.4,167.0,1.1860671101070556e-10,126.89842805932237,3.5851692464772196e-11,1.5445840347547775e-10,144.81294364316375,196.72465888218824,-22.18705635683625,29.724658882188237
NGC6946,calibration_24,bulge_rich_hsb,13,1.4718682063713819e+20,4.77,173.0,1.1087420742256556e-10,127.74671064724137,3.815339548097706e-11,1.4902760290354262e-10,148.1043519230491,200.52982001505083,-24.89564807695089,27.52982001505083
NGC6946,calibration_24,bulge_rich_hsb,14,1.5891239544680543e+20,5.15,176.0,1.0293271725096229e-10,127.89560066006622,4.0687011497052375e-11,1.4361972874801466e-10,151.07268160977165,203.58007269644665,-24.92731839022835,27.58007269644665
NGC6946,calibration_24,bulge_rich_hsb,15,1.7032940249832345e+20,5.52,178.0,9.520021366282231e-11,127.33968553008624,4.335582072610311e-11,1.3855603438892542e-10,153.6234570305031,205.71955360971359,-24.37654296949691,27.719553609713586
NGC6946,calibration_24,bulge_rich_hsb,16,1.817464095498415e+20,5.889999999999999,180.0,8.74677100746823e-11,126.0830768089834,4.623982219822616e-11,1.3370753227290846e-10,155.88734368245125,207.02823610487513,-24.112656317548755,27.028236104875134
NGC6946,calibration_24,bulge_rich_hsb,17,1.9038630677801733e+20,6.169999999999999,179.0,8.16160857377115e-11,124.6538613011282,4.862135450604641e-11,1.302374402437579e-10,157.46563197165213,207.44965414052155,-21.53436802834787,28.449654140521545
NGC6946,calibration_24,bulge_rich_hsb,18,2.0211188158768454e+20,6.55,180.0,7.367459556610823e-11,122.02668206207123,5.2102558326532445e-11,1.2577715389264067e-10,159.43982323743768,207.19843068758314,-20.56017676256232,27.19843068758314
NGC6946,calibration_24,bulge_rich_hsb,19,2.135288886392026e+20,6.92,181.0,6.594209197796824e-11,118.66145799963708,5.5832117926087545e-11,1.2177420990405578e-10,161.25232310180837,205.9776661439406,-19.747676898191628,24.97766614394061
NGC6946,calibration_24,bulge_rich_hsb,20,2.252544634488698e+20,7.3,179.0,5.883621950011014e-11,115.12220052994661,5.94827446317668e-11,1.1831896413187695e-10,163.25401918896827,204.48073207015648,-15.745980811031728,25.480732070156478
NGC6946,calibration_24,bulge_rich_hsb,21,2.3389436067704563e+20,7.58,179.0,5.653192705013495e-11,114.98912529118871,6.033070947663131e-11,1.1686263652676626e-10,165.3284962051671,205.9106056264215,-13.671503794832887,26.9106056264215
NGC6946,calibration_24,bulge_rich_hsb,22,2.4531136772856368e+20,7.95,179.0,5.348696916981059e-11,114.54676583257057,6.135651510272608e-11,1.1484348427253667e-10,167.84639466372153,207.45334049644126,-11.153605336278474,28.453340496441257
NGC6946,calibration_24,bulge_rich_hsb,23,2.570369425382309e+20,8.33,178.0,5.035971513055854e-11,113.7730513094162,6.228612804611101e-11,1.1264584317666955e-10,170.15916995499293,208.62133116653547,-7.840830045007067,30.62133116653547
NGC6946,calibration_24,bulge_rich_hsb,24,2.684539495897489e+20,8.7,177.0,4.7314757250234196e-11,112.7024110554232,6.304632454996184e-11,1.1036108180019603e-10,172.1245720118426,209.34326353292045,-4.875427988157412,32.343263532920446
NGC6946,calibration_24,bulge_rich_hsb,25,2.8017952439941615e+20,9.08,176.0,4.418750321098214e-11,111.26739699503466,6.363760082702682e-11,1.0782510403800896e-10,173.81135281588172,209.64303174198665,-2.188647184118281,33.64303174198665
NGC6946,calibration_24,bulge_rich_hsb,26,2.8881942162759195e+20,9.36,173.0,4.188321076100695e-11,109.98492945808786,6.394314962764834e-11,1.0582636038865529e-10,174.82765284818225,209.56541433801667,1.8276528481822538,36.565414338016666
NGC6946,calibration_24,bulge_rich_hsb,27,3.0023642867911007e+20,9.730000000000002,172.0,3.883825288068258e-11,107.98452824841296,6.412629206387081e-11,1.0296454494455339e-10,175.82294291338212,209.05373986488843,3.8229429133821213,37.05373986488843
NGC6946,calibration_24,bulge_rich_hsb,28,3.1165343573062805e+20,10.1,172.0,3.5793295000358236e-11,105.61772276934187,6.402774902212234e-11,9.982104402248058e-11,176.37905580829133,208.04626610928173,4.3790558082913265,36.04626610928173
NGC6946,calibration_24,bulge_rich_hsb,29,3.233790105402953e+20,10.48,170.0,3.266604096110618e-11,102.77894728139256,6.357893190849129e-11,9.624497286959747e-11,176.41883146662093,206.45129830254865,6.418831466620929,36.45129830254865
NGC6946,calibration_24,bulge_rich_hsb,30,3.320189077684711e+20,10.76,171.0,3.036174851113099e-11,100.4025626097597,6.300010704217064e-11,9.336185555330163e-11,176.06220863105452,204.8788554612423,5.062208631054517,33.878855461242296
NGC6946,calibration_24,bulge_rich_hsb,31,3.434359148199892e+20,11.13,174.0,2.8580694077894306e-11,99.0738957386449,6.22381496532942e-11,9.081884373118851e-11,176.60818973001895,204.82952334556785,2.6081897300189496,30.82952334556785
NGC6946,calibration_24,bulge_rich_hsb,32,3.551614896296563e+20,11.509999999999998,174.0,2.717527951728347e-11,98.24262188307416,6.144627131399051e-11,8.862155083127398e-11,177.41184291508156,205.3485314947789,3.4118429150815643,31.34853149477891
NGC6946,calibration_24,bulge_rich_hsb,33,3.6657849668117443e+20,11.88,175.0,2.5806849550372898e-11,97.26374510706927,6.058195760991697e-11,8.638880716028987e-11,177.95583457391595,205.60637473771078,2.9558345739159506,30.60637473771078
NGC6946,calibration_24,bulge_rich_hsb,34,3.783040714908416e+20,12.26,174.0,2.4401434989762052e-11,96.0789373736308,5.958981760548998e-11,8.399125259525203e-11,178.2532827927709,205.6071167144075,4.253282792770904,31.60711671440751
NGC6946,calibration_24,bulge_rich_hsb,35,3.869439687190174e+20,12.54,173.0,2.336586636615406e-11,95.08565120078771,5.879392994845139e-11,8.215979631460544e-11,178.30097491354198,205.4292839654115,5.300974913541978,32.429283965411514
NGC6946,calibration_24,bulge_rich_hsb,36,3.983609757705355e+20,12.91,173.0,2.199743639924349e-11,93.61047072017601,5.764481125795629e-11,7.964224765719979e-11,178.11895881483463,204.95084476240666,5.1189588148346274,31.95084476240666
NGC6946,calibration_24,bulge_rich_hsb,37,4.1008655058020264e+20,13.289999999999997,173.0,2.059202183863265e-11,91.89402159703897,5.63461664287387e-11,7.693818826737136e-11,177.62690177576295,204.1547433975714,4.626901775762946,31.154743397571394
NGC6946,calibration_24,bulge_rich_hsb,38,4.2150355763172075e+20,13.66,175.0,1.9223591871722083e-11,90.01562289064653,5.495994554861973e-11,7.418353742034182e-11,176.82936673635396,203.06204064996408,1.8293667363539612,28.062040649964075
NGC6946,calibration_24,bulge_rich_hsb,39,4.329205646832388e+20,14.03,174.0,1.785516190481152e-11,87.9196609089324,5.344401785910974e-11,7.129917976392126e-11,175.68972982177573,201.63071682453568,1.6897298217757282,27.630716824535682
NGC6946,calibration_24,bulge_rich_hsb,40,4.415604619114147e+20,14.31,171.0,1.681959328120352e-11,86.1792746454178,5.220882038813524e-11,6.902841366933876e-11,174.58584772210327,200.30374914360976,3.585847722103267,29.303749143609764
NGC6946,calibration_24,bulge_rich_hsb,41,4.5328603672108184e+20,14.690000000000001,167.0,1.584163490378295e-11,84.7395533426872,5.0940701018354154e-11,6.678233592213711e-11,173.98706955725606,199.62855525551794,6.9870695572560635,32.62855525551794
NGC6946,calibration_24,bulge_rich_hsb,42,4.647030437725999e+20,15.06,165.0,1.5185905131088966e-11,84.00557324879692,5.002603016676759e-11,6.521193529785656e-11,174.0809720308793,199.79503164629077,9.080972030879309,34.79503164629077
NGC6946,calibration_24,bulge_rich_hsb,43,4.764286185822671e+20,15.44,163.0,1.4512452932105955e-11,83.15135538692927,4.9050665183747844e-11,6.35631181158538e-11,174.02094286814358,199.80146323134878,11.020942868143578,36.80146323134878
NGC6946,calibration_24,bulge_rich_hsb,44,4.8506851581044294e+20,15.72,162.0,1.4016224996013207e-11,82.45501474186611,4.8310454002505274e-11,6.232667899851848e-11,173.87555802126204,199.69573083805685,11.875558021262037,37.695730838056846
NGC6946,calibration_24,bulge_rich_hsb,45,4.96485522861961e+20,16.09,161.0,1.3360495223319221e-11,81.44502720635789,4.7298986799250094e-11,6.065948202256931e-11,173.54121887468418,199.40651340176467,12.541218874684176,38.40651340176467
NGC6946,calibration_24,bulge_rich_hsb,46,5.0821109767162816e+20,16.47,159.0,1.2687043024336212e-11,80.29754704600309,4.622007591177166e-11,5.890711893610788e-11,173.02384683965542,198.92440196379596,14.02384683965542,39.92440196379596
NGC6946,calibration_24,bulge_rich_hsb,47,5.196281047231462e+20,16.84,158.0,1.2031313251642226e-11,79.06837864963036,4.512849141498246e-11,5.715980466662469e-11,172.34222049533724,198.2650097829267,14.342220495337244,40.26500978292671
NGC6946,calibration_24,bulge_rich_hsb,48,5.310451117746643e+20,17.21,157.0,1.1375583478948238e-11,77.72353568952,4.3993004084180035e-11,5.536858756312827e-11,171.47366494965559,197.40683988398894,14.473664949655586,40.40683988398894
NGC6946,calibration_24,bulge_rich_hsb,49,5.3999357676098925e+20,17.5,157.0,1.0861633116566467e-11,76.58467285351774,4.307207558100993e-11,5.39337086975764e-11,170.6571307258784,196.5867286303116,13.657130725878403,39.5867286303116
NGC6946,calibration_24,bulge_rich_hsb,50,5.514105838125073e+20,17.87,157.0,1.0205903343872483e-11,75.01761873839202,4.1852429426926806e-11,5.205833277079929e-11,169.4270216507751,195.33940388120234,12.427021650775089,38.339403881202344
NGC6946,calibration_24,bulge_rich_hsb,51,5.628275908640253e+20,18.24,160.0,9.681103032332657e-12,73.81593253894582,4.083929144463851e-11,5.0520394476971164e-11,168.62464799955518,194.56197415354035,8.62464799955518,34.56197415354035
NGC6946,calibration_24,bulge_rich_hsb,52,5.745531656736926e+20,18.62,159.0,9.328859648763552e-12,73.21151441762882,4.013967302144341e-11,4.9468532670206965e-11,168.5891516287448,194.62655583950567,9.589151628744787,35.62655583950567
NGC6946,calibration_24,bulge_rich_hsb,53,5.831930629018683e+20,18.9,160.0,9.069311892449479e-12,72.7266098547839,3.961427333761093e-11,4.8683585230060404e-11,168.49904801915972,194.6023077169592,8.499048019159716,34.60230771695919
NGC6946,calibration_24,bulge_rich_hsb,54,5.946100699533864e+20,19.27,158.0,8.72633807160588e-12,72.03310691060376,3.890443381536354e-11,4.7630771886969415e-11,168.29063136028896,194.47380999638216,10.290631360288955,36.47380999638216
NGC6946,calibration_24,bulge_rich_hsb,55,6.063356447630536e+20,19.65,155.0,8.374094688036775e-12,71.2566635619269,3.81568552721227e-11,4.653094996015948e-11,167.9683706699886,194.22354457689283,12.968370669988587,39.223544576892834
NGC6946,calibration_24,bulge_rich_hsb,56,6.177526518145717e+20,20.02,157.0,8.031120867193173e-12,70.43611440697113,3.741014625136196e-11,4.544126711855513e-11,167.5454065747603,193.85989425224219,10.545406574760307,36.859894252242185
NGC6946,calibration_24,bulge_rich_hsb,57,6.294782266242388e+20,20.4,154.0,7.678877483624074e-12,69.52471633064373,3.6622672162838475e-11,4.430154964646255e-11,166.99359541060525,193.35752769965103,12.993595410605252,39.35752769965103
NGC7331,external_151,bulge_rich_hsb,0,8.23875914258195e+19,2.6699999999999995,221.0,4.944318552245103e-10,201.82925872169002,1.9909210884660578e-11,5.143410661091708e-10,205.85266966479395,249.57408380659,-15.14733033520605,28.57408380659001
NGC7331,external_151,bulge_rich_hsb,1,9.905025036587288e+19,3.21,237.0,4.814625778041979e-10,218.37808698059507,2.5588041130561266e-11,5.070506189347592e-10,224.10598107515716,270.9663078098728,-12.89401892484284,33.966307809872774
NGC7331,external_151,bulge_rich_hsb,2,1.1540434154777713e+20,3.74,249.0,4.687334721879656e-10,232.580905749495,2.991836375356149e-11,4.986518359415271e-10,239.88869666664604,289.59928694563484,-9.111303333353959,40.599286945634844
NGC7331,external_151,bulge_rich_hsb,3,1.3175843272968136e+20,4.27,250.0,4.560043665717331e-10,245.11715700330458,3.357459864280226e-11,4.895789652145354e-10,253.98062358000143,306.316968422957,3.980623580001435,56.31696842295702
NGC7331,external_151,bulge_rich_hsb,4,1.4842109166973475e+20,4.81,253.0,4.39977959282215e-10,255.54257771903383,3.668457355787252e-11,4.766625328400875e-10,265.9826563559861,320.86950102958616,12.98265635598608,67.86950102958616
NGC7331,external_151,bulge_rich_hsb,5,1.6508375060978814e+20,5.35,257.0,4.1924191949148794e-10,263.07798935392077,3.912032113939512e-11,4.5836224063088306e-10,275.07845757393,332.4910625537104,18.078457573929995,75.49106255371038
NGC7331,external_151,bulge_rich_hsb,6,1.8143784179169237e+20,5.88,257.0,3.988898804376262e-10,269.02364026075685,4.131289800105978e-11,4.4020277843868596e-10,282.61182224143016,342.3348710203873,25.61182224143016,85.33487102038731
NGC7331,external_151,bulge_rich_hsb,7,1.9779193297359664e+20,6.41,257.0,3.7853784138376445e-10,273.6269930963455,4.363263348587644e-11,4.221704748696409e-10,288.96697781727147,350.74548318629024,31.96697781727147,93.74548318629024
NGC7331,external_151,bulge_rich_hsb,8,2.3080868309555426e+20,7.48,257.0,3.374497625391756e-10,279.0812342357949,4.761624687026026e-11,3.8506600940943585e-10,298.12175119680916,363.6703468777616,41.12175119680916,106.67034687776157
NGC7331,external_151,bulge_rich_hsb,9,2.638254332175119e+20,8.55,255.0,2.9636168369458684e-10,279.62072453556726,5.171717705478912e-11,3.4807886074937594e-10,303.03804419752663,371.46361631556795,48.03804419752663,116.46361631556795
NGC7331,external_151,bulge_rich_hsb,10,2.968421833394695e+20,9.62,248.0,2.6147302234067933e-10,278.59688231560875,5.5394660142350905e-11,3.168676824830302e-10,306.69153020254805,377.2997372499775,58.69153020254805,129.2997372499775
NGC7331,external_151,bulge_rich_hsb,11,3.289332301869797e+20,10.66,247.0,2.3670348859680163e-10,279.03340857444454,5.8045272003835785e-11,2.947487606006374e-10,311.37222406306,383.8910568216737,64.37222406306,136.89105682167371
NGC7331,external_151,bulge_rich_hsb,12,3.622585480670865e+20,11.74,246.0,2.1098128047815937e-10,276.4593502404155,6.079854848447758e-11,2.7177982896263696e-10,313.77470617295774,387.525608969085,67.77470617295774,141.525608969085
NGC7331,external_151,bulge_rich_hsb,13,3.958924337053424e+20,12.83,244.0,1.85020903765826e-10,270.6443715989949,6.354197515850473e-11,2.4856287892433074e-10,313.6943784420748,387.7905147731696,69.69437844207482,143.7905147731696
NGC7331,external_151,bulge_rich_hsb,14,4.292177515854492e+20,13.91,242.0,1.6032829221592356e-10,262.3275606955045,6.614987985760578e-11,2.2647817207352933e-10,311.7826996492633,385.25267131130175,69.7826996492633,143.25267131130175
NGC7331,external_151,bulge_rich_hsb,15,4.628516372237051e+20,15.0,238.0,1.4390611301110174e-10,258.0836686303261,6.873077978341797e-11,2.1263689279451971e-10,313.71855852675486,386.3135598679305,75.71855852675486,148.3135598679305
NGC7331,external_151,bulge_rich_hsb,16,4.961769551038118e+20,16.08,236.0,1.276345960008196e-10,251.65322411920698,7.111064062931258e-11,1.9874523663013218e-10,314.0267605675121,384.91844558405046,78.0267605675121,148.91844558405046
NGC7331,external_151,bulge_rich_hsb,17,5.267251631605764e+20,17.07,233.0,1.1271903874139425e-10,243.66360842843196,7.302123509055556e-11,1.8574027383194982e-10,312.7843922570688,381.31693580834843,79.78439225706882,148.31693580834843
NGC7331,external_151,bulge_rich_hsb,18,5.600504810406831e+20,18.15,234.0,9.644752173111211e-11,232.4123080662706,7.459619591270841e-11,1.7104371764382053e-10,309.50463057183566,374.5360150378044,75.50463057183566,140.53601503780442
NGC7331,external_151,bulge_rich_hsb,19,5.93684366678939e+20,19.24,236.0,8.532157624351134e-11,225.06462617696684,7.608957256610705e-11,1.6141114880961838e-10,309.55980949722505,371.3357591643998,73.55980949722505,135.3357591643998
NGC7331,external_151,bulge_rich_hsb,20,6.270096845590459e+20,20.32,237.0,7.577770746861804e-11,217.97558683601667,7.720554948384557e-11,1.5298325695246362e-10,309.71274382010773,368.06886257939317,72.71274382010773,131.06886257939317
NGC7331,external_151,bulge_rich_hsb,21,6.606435701973017e+20,21.41,238.0,6.61454695384017e-11,209.04205114815193,7.761144322284293e-11,1.4375691276124463e-10,308.1754047407591,362.64052399260186,70.17540474075912,124.64052399260186
NGC7331,external_151,bulge_rich_hsb,22,6.939688880774084e+20,22.49,240.0,5.660160076350845e-11,198.19119542818584,7.703956669205603e-11,1.3364116745556447e-10,304.537045990311,354.81117017245464,64.53704599031101,114.81117017245464
NGC7331,external_151,bulge_rich_hsb,23,7.24517096134173e+20,23.48,238.0,4.975136663634119e-11,189.85709279368126,7.597684847666046e-11,1.2572821511300166e-10,301.81491234828775,349.0083898140963,63.81491234828775,111.00838981409629
NGC7331,external_151,bulge_rich_hsb,24,7.58150981772429e+20,24.570000000000004,237.0,4.4318201959932655e-11,183.30272318302238,7.46657107394318e-11,1.1898391269936445e-10,300.34608408991807,345.15435672304875,63.346084089918065,108.15435672304875
NGC7331,external_151,bulge_rich_hsb,25,7.914762996525357e+20,25.650000000000002,236.0,3.893488283101412e-11,175.54497141899594,7.266009150462092e-11,1.1159497433563504e-10,297.1948474435385,339.6695073025126,61.19484744353849,103.66950730251261
NGC7331,external_151,bulge_rich_hsb,26,8.251101852907915e+20,26.74,238.0,3.35017181546056e-11,166.26066544467608,6.979911223856593e-11,1.0330083039317153e-10,291.9495972019869,332.1625589217869,53.949597201986876,94.16255892178691
NGC7331,external_151,bulge_rich_hsb,27,8.584355031708984e+20,27.82,239.0,2.86423032778661e-11,156.8042410979641,6.640080891667075e-11,9.504311219453686e-11,285.6368005696139,324.03230841258204,46.63680056961391,85.03230841258204
NGC7331,external_151,bulge_rich_hsb,28,8.920693888091542e+20,28.91,239.0,2.5635866887093465e-11,151.2249057052518,6.381669793016199e-11,8.945256481725546e-11,282.4852116907013,320.139949516533,43.485211690701306,81.13994951653302
NGC7331,external_151,bulge_rich_hsb,29,9.223090291077697e+20,29.89,241.0,2.293283233392173e-11,145.43437806994126,6.1155003123403e-11,8.408783545732473e-11,278.4869294606465,315.50260019708185,37.48692946064648,74.50260019708185
NGC7331,external_151,bulge_rich_hsb,30,9.559429147460255e+20,30.98,236.0,1.9926395943149094e-11,138.01629258271402,5.777054662969244e-11,7.769694257284153e-11,272.53227652873835,308.86680161035923,36.53227652873835,72.86680161035923
NGC7331,external_151,bulge_rich_hsb,31,9.892682326261324e+20,32.06,236.0,1.6947541537612894e-11,129.48229401841888,5.3913844002490906e-11,7.08613855401038e-11,264.76577882101276,300.44010404410125,28.76577882101276,64.44010404410125
NGC7331,external_151,bulge_rich_hsb,32,1.0229021182643882e+21,33.15,239.0,1.5143605416422908e-11,124.4605401668298,5.128539579843996e-11,6.642900121486286e-11,260.67291009399275,296.19776031421486,21.672910093992755,57.19776031421486
NGC7331,external_151,bulge_rich_hsb,33,1.0562274361444949e+21,34.23,237.0,1.3506560500533131e-11,119.44036071868092,4.8688642915218705e-11,6.219520341575184e-11,256.30505309943635,291.7111585047383,19.30505309943635,54.71115850473831
NGC7331,external_151,bulge_rich_hsb,34,1.0898613217827509e+21,35.32,241.0,1.1854357761348075e-11,113.6644448306876,4.583655797848201e-11,5.769091573983008e-11,250.74907314498395,285.98164259060474,9.749073144983953,44.981642590604736
NGC7331,external_151,bulge_rich_hsb,35,1.1204095298395155e+21,36.31,238.0,1.0353733255115773e-11,107.70525246452942,4.301199995435396e-11,5.336573320946973e-11,244.5229560895316,279.5289789091124,6.52295608953159,41.528978909112425
NGC7793,external_151,bulge_rich_hsb,0,3.394245339640504e+18,0.11,9.1,1.030685921843301e-10,18.70401263592842,2.032841349665725e-12,1.0510143353399583e-10,18.887563393998217,29.765038154814913,9.787563393998218,20.665038154814916
NGC7793,external_151,bulge_rich_hsb,1,4.3199486140879145e+18,0.14,17.6,1.0255510415075806e-10,21.048343878882942,2.1333056425440474e-12,1.0468840979330211e-10,21.266136245158474,33.5273021308365,3.666136245158473,15.927302130836502
NGC7793,external_151,bulge_rich_hsb,2,5.245651888535325e+18,0.17,19.3,1.0204161611718602e-10,23.13600648976209,2.2486954306989223e-12,1.0429031154788494e-10,23.389541887927177,36.88760545967204,4.089541887927176,17.587605459672037
NGC7793,external_151,bulge_rich_hsb,3,6.47992292113187e+18,0.20999999999999996,24.8,1.0135696540575663e-10,25.627823226897995,2.3692610695733112e-12,1.0372622647532995e-10,25.925623472927438,40.91250122468086,1.1256234729274368,16.11250122468086
NGC7793,external_151,bulge_rich_hsb,4,7.40562619557928e+18,0.24,30.0,1.008434773721846e-10,27.32780813897735,2.4852584212452052e-12,1.033287357934298e-10,27.66250155983573,43.66828365495271,-2.3374984401642713,13.66828365495271
NGC7793,external_151,bulge_rich_hsb,5,8.639897228175829e+18,0.28,35.0,1.0015882666075521e-10,29.41703535102751,2.6215807964956448e-12,1.0278040745725085e-10,29.799532840309492,47.06738376101152,-5.200467159690508,12.06738376101152
NGC7793,external_151,bulge_rich_hsb,6,9.874168260772375e+18,0.32,38.3,9.947417594932582e-11,31.340465071937267,2.745113558330768e-12,1.0221928950765658e-10,31.76996166342045,50.210072464568924,-6.530038336579548,11.910072464568927
NGC7793,external_151,bulge_rich_hsb,7,1.0799871535219784e+19,0.35,42.7,9.896068791575378e-11,32.691936567403246,2.862405915218854e-12,1.0182309383097264e-10,33.161368076319384,52.42665991155155,-9.538631923680619,9.72665991155155
NGC7793,external_151,bulge_rich_hsb,8,1.2034142567816331e+19,0.38999999999999996,47.0,9.827603720432439e-11,34.38993810283557,2.9881081838512312e-12,1.0126414538817562e-10,34.908840751439826,55.222375184530826,-12.091159248560174,8.222375184530826
NGC7793,external_151,bulge_rich_hsb,9,1.295984584226374e+19,0.41999999999999993,49.8,9.776254917075235e-11,35.59476880666145,3.106464778401731e-12,1.0086901394915408e-10,36.15586910920809,57.213957430501914,-13.644130890791907,7.413957430501917
NGC7793,external_151,bulge_rich_hsb,10,1.419411687486029e+19,0.46,52.2,9.707789845932295e-11,37.12054736527264,3.234577063146916e-12,1.0031247552246987e-10,37.7338972486609,59.746218377830616,-14.4661027513391,7.546218377830613
NGC7793,external_151,bulge_rich_hsb,11,1.51198201493077e+19,0.49,53.4,9.656441042575092e-11,38.21042421200381,3.3542026655830786e-12,9.9918613091334e-11,38.86838637645293,61.5624904730241,-14.531613623547067,8.1624904730241
NGC7793,external_151,bulge_rich_hsb,12,1.6354091181904247e+19,0.53,54.6,9.587975971432153e-11,39.59831224770929,3.484984163856645e-12,9.936474387817817e-11,40.31153782293957,63.885093889008765,-14.288462177060431,9.285093889008763
NGC7793,external_151,bulge_rich_hsb,13,1.7279794456351658e+19,0.56,55.5,9.53662716807495e-11,40.59445248690936,3.6060987370465425e-12,9.897237041779603e-11,41.3548330631066,65.55927282165557,-14.145166936893403,10.059272821655568
NGC7793,external_151,bulge_rich_hsb,14,1.8514065488948204e+19,0.6,55.9,9.46816209693201e-11,41.86814697626065,3.739828113146597e-12,9.84214490824667e-11,42.687013878110164,67.70928671558703,-13.212986121889834,11.809286715587028
NGC7793,external_151,bulge_rich_hsb,15,1.9439768763395613e+19,0.63,58.3,9.416813293574807e-11,42.785590204549486,3.85053637249693e-12,9.8018669308245e-11,43.651578045335604,69.26487854263311,-14.648421954664393,10.964878542633116
NGC7793,external_151,bulge_rich_hsb,16,2.0365472037843026e+19,0.6600000000000001,59.3,9.365464490217603e-11,43.67288692048402,3.974190696737222e-12,9.762883559891324e-11,44.58987913727555,70.77523640983887,-14.710120862724445,11.475236409838871
NGC7793,external_151,bulge_rich_hsb,17,2.1599743070439567e+19,0.7,59.5,9.296999419074663e-11,44.81214107561015,4.273669673811173e-12,9.724366386455781e-11,45.83053735995943,72.7234954861226,-13.669462640040571,13.223495486122602
NGC7793,external_151,bulge_rich_hsb,18,2.6845394958974894e+19,0.87,59.1,9.006022866717174e-11,49.170137366757665,4.9359513663561486e-12,9.499618003352789e-11,50.49960368749384,80.28416929986237,-8.600396312506163,21.18416929986237
NGC7793,external_151,bulge_rich_hsb,19,3.2399614605659357e+19,1.05,62.6,8.69793004657395e-11,53.085740211094425,5.664726955407235e-12,9.264402742114674e-11,54.787140680649614,87.26104133626522,-7.8128593193503875,24.66104133626522
NGC7793,external_151,bulge_rich_hsb,20,3.764526649419468e+19,1.22,65.6,8.406953494216459e-11,56.256733347580685,6.430509235026327e-12,9.050004417719091e-11,58.368641244993384,93.08489660578194,-7.23135875500661,27.48489660578194
NGC7793,external_151,bulge_rich_hsb,21,4.3199486140879135e+19,1.4,70.7,7.96198766666873e-11,58.647572486856305,7.502894010649524e-12,8.712277067733683e-11,61.34866685129028,98.07464784943024,-9.35133314870972,27.374647849430232
NGC7793,external_151,bulge_rich_hsb,22,4.8445138029414466e+19,1.57,73.9,7.514780353002383e-11,60.33693491236794,8.69470166457824e-12,8.384250519460208e-11,63.73195224441502,102.05127203011827,-10.168047755584986,28.151272030118264
NGC7793,external_151,bulge_rich_hsb,23,5.399935767609893e+19,1.7500000000000002,78.5,7.041266726767428e-11,61.662296459954256,1.011025270281733e-11,8.05229199704916e-11,65.94077612987631,105.64467511598167,-12.559223870123688,27.14467511598167
NGC7793,external_151,bulge_rich_hsb,24,5.924500956463424e+19,1.92,82.4,6.594059413101082e-11,62.50320895753593,1.1668617231009148e-11,7.760921136201997e-11,67.80824779808569,108.49625386970506,-14.591752201914318,26.096253869705052
NGC7793,external_151,bulge_rich_hsb,25,6.4799229211318714e+19,2.1,87.1,6.120545786866126e-11,62.97671389819487,1.360098215025605e-11,7.480644001891731e-11,69.6232694813206,110.96906749883505,-17.47673051867939,23.86906749883505
NGC7793,external_151,bulge_rich_hsb,26,7.004488109985404e+19,2.27,89.6,5.673338473199779e-11,63.03874354668769,1.582075621729926e-11,7.255414094929705e-11,71.28847155112503,112.80144897158931,-18.311528448874967,23.201448971589315
NGC7793,external_151,bulge_rich_hsb,27,7.55991007465385e+19,2.45,94.9,5.199824846964824e-11,62.69785342976647,1.8747220023964793e-11,7.074546849361303e-11,73.13202991856384,114.21091621655597,-21.76797008143616,19.310916216555967
NGC7793,external_151,bulge_rich_hsb,28,8.084475263507382e+19,2.62,98.1,4.887410837952585e-11,62.85869233608472,2.0673935466967943e-11,6.95480438464938e-11,74.98396095848138,115.97701881270243,-23.11603904151862,17.87701881270243
NGC7793,external_151,bulge_rich_hsb,29,8.609040452360915e+19,2.79,99.3,4.634607586413733e-11,63.166070158158966,2.209858713787426e-11,6.84446630020116e-11,76.76215685691278,117.83568469072883,-22.537843143087215,18.53568469072883
NGC7793,external_151,bulge_rich_hsb,30,9.164462417029361e+19,2.97,98.6,4.366933555372595e-11,63.26183560874325,2.3732822005624313e-11,6.740215755935026e-11,78.59418170445933,119.48837580060146,-20.005818295540664,20.888375800601466
NGC7793,external_151,bulge_rich_hsb,31,9.750741157512721e+19,3.16,101.0,4.084388744829172e-11,63.10769955994873,2.5610937476791016e-11,6.645482492508274e-11,80.49744073647972,120.88263520090065,-20.502559263520283,19.88263520090065
NGC7793,external_151,bulge_rich_hsb,32,1.0275306346366253e+20,3.3300000000000005,103.0,3.83158549329032e-11,62.74608731694025,2.7464463020543983e-11,6.578031795344719e-11,82.21392330579084,121.82256830746519,-20.786076694209157,18.82256830746519
NGC7793,external_151,bulge_rich_hsb,33,1.0830728311034698e+20,3.51,107.0,3.5639114622491834e-11,62.128702523232604,2.9615422163236744e-11,6.525453678572858e-11,84.06867186940957,122.4940083418926,-22.93132813059043,15.494008341892595
NGC7793,external_151,bulge_rich_hsb,34,1.1355293499888232e+20,3.68,114.0,3.31110821071033e-11,61.31770180176811,3.1859810596312824e-11,6.497089270341612e-11,85.89316361603157,122.8113807366399,-28.106836383968428,8.811380736639904
NGC7793,external_151,bulge_rich_hsb,35,1.1879858688741764e+20,3.85,112.0,3.114705879414886e-11,60.82948767205096,3.349470566071334e-11,6.46417644548622e-11,87.63190213128398,123.44533220860332,-24.36809786871602,11.445332208603318
NGC7793,external_151,bulge_rich_hsb,36,1.243528065341021e+20,4.03,114.0,2.9519003726065445e-11,60.586887685594604,3.460131149506924e-11,6.412031522113468e-11,89.29468715214475,124.38644325071712,-24.705312847855254,10.386443250717122
NGC7793,external_151,bulge_rich_hsb,37,1.2959845842263743e+20,4.2,116.0,2.798139616176445e-11,60.219148176288385,3.564370111673282e-11,6.362509727849726e-11,90.80591679116284,125.07357039025742,-25.194083208837156,9.073570390257416
NGC7793,external_151,bulge_rich_hsb,38,1.3515267806932188e+20,4.38,114.0,2.6353341093681042e-11,59.680186200156115,3.6757060792424454e-11,6.311040188610549e-11,92.35550784299949,125.58238124290432,-21.644492157000514,11.582381242904319
NGC7793,external_151,bulge_rich_hsb,39,1.4595254960454168e+20,4.73,114.0,2.318767846129663e-11,58.17474358204391,3.8766362819683525e-11,6.195404128098015e-11,95.09127343381242,125.89644638066176,-18.908726566187582,11.896446380661757
NGC7793,external_151,bulge_rich_hsb,40,1.6199807302829677e+20,5.25,109.0,1.9386160178981496e-11,56.0403478969653,4.038302768032819e-11,5.976918785930968e-11,98.39966087174507,126.18193807992648,-10.60033912825493,17.181938079926482
NGC7793,external_151,bulge_rich_hsb,41,1.7835216421020103e+20,5.78,107.0,1.653725981071829e-11,54.30889501129614,4.047459040777265e-11,5.7011850218490945e-11,100.83742793276552,126.70930649810872,-6.162572067234478,19.709306498108717
NGC7793,external_151,bulge_rich_hsb,42,1.943976876339561e+20,6.3,105.0,1.3836599834560644e-11,51.86331085222933,3.978489080497776e-11,5.3621490639538405e-11,102.09747199520704,125.9743940359373,-2.9025280047929556,20.974394035937294
NGC7793,external_151,bulge_rich_hsb,43,2.1044321105771125e+20,6.82,101.0,1.2141107466972744e-11,50.547142759472564,3.870341368728529e-11,5.084452115425804e-11,103.44024505188389,126.48497472130764,2.440245051883892,25.484974721307637
NGC7793,external_151,bulge_rich_hsb,44,2.267973022396155e+20,7.35,94.5,1.0413009476931236e-11,48.5967329926977,3.7144622859278044e-11,4.7557632336209284e-11,103.85539328679936,125.95835394037985,9.355393286799355,31.45835394037985
NGC7793,external_151,bulge_rich_hsb,45,2.428428256633706e+20,7.87,90.8,9.152269477809646e-12,47.1440662355711,3.5668759145847696e-11,4.482102862365734e-11,104.32864055525579,125.88310740537027,13.528640555255791,35.08310740537027
NGC7814,external_151,bulge_rich_hsb,0,1.9439768763395613e+19,0.63,265.0,7.287038690150711e-11,37.63752743027191,5.937974713497869e-12,7.880836161500499e-11,39.14098014125042,64.04644773535853,-225.85901985874958,-200.95355226464147
NGC7814,external_151,bulge_rich_hsb,1,5.3073654401651515e+19,1.72,250.0,6.604395683305616e-11,59.204680053820184,9.418699742948094e-12,7.546265657600426e-11,63.28569313316687,102.73827165957627,-186.7143068668331,-147.26172834042373
NGC7814,external_151,bulge_rich_hsb,2,8.609040452360915e+19,2.79,233.0,5.6360926303877695e-11,69.65726771002545,1.3887340492470733e-11,7.024826679634842e-11,77.76697053106837,124.81206831555342,-155.23302946893165,-108.18793168444658
NGC7814,external_151,bulge_rich_hsb,3,1.2064999343631245e+20,3.91,230.0,4.472047364336103e-11,73.45423644379058,2.121222597615209e-11,6.593269961951312e-11,89.18957212775841,138.05166324110107,-140.81042787224158,-91.94833675889893
NGC7814,external_151,bulge_rich_hsb,4,1.5520958234901578e+20,5.03,228.0,3.5961208124156486e-11,74.70959840419677,2.8219803267316857e-11,6.418101139147335e-11,99.80735430221564,147.01668738390472,-128.19264569778437,-80.98331261609528
NGC7814,external_151,bulge_rich_hsb,5,1.8946060350356993e+20,6.14,228.0,2.800268220098992e-11,72.83821160296445,3.6033574696796397e-11,6.403625689778632e-11,110.14693766947967,151.2580429364765,-117.85306233052033,-76.7419570635235
NGC7814,external_151,bulge_rich_hsb,6,2.2402019241627324e+20,7.26,227.0,2.222074568783904e-11,70.55420415980025,4.049309060013232e-11,6.271383628797135e-11,118.52917646045636,154.12729986084864,-108.47082353954364,-72.87270013915136
NGC7814,external_151,bulge_rich_hsb,7,2.5827121357082742e+20,8.37,226.0,1.68011963846704e-11,65.8731005776305,4.308144660023588e-11,5.988264298490628e-11,124.36222447166318,153.14437654083835,-101.63777552833682,-72.85562345916165
NGC7814,external_151,bulge_rich_hsb,8,2.931393702416799e+20,9.5,223.0,1.3132297148155808e-11,62.04509098902992,4.21538867306808e-11,5.5286183878836605e-11,127.3049768285116,152.50467881663997,-95.6950231714884,-70.49532118336003
NGC7814,external_151,bulge_rich_hsb,9,3.286246624288306e+20,10.65,219.0,9.784531570665987e-12,56.70483563537016,3.914398884949401e-11,4.892852042016e-11,126.80346409391672,149.0952701823542,-92.19653590608328,-69.9047298176458
NGC7814,external_151,bulge_rich_hsb,10,3.622585480670865e+20,11.74,216.0,7.604842498732629e-12,52.48732420184664,3.562711227450103e-11,4.3231954773233656e-11,125.14449714731197,146.30381430470888,-90.85550285268803,-69.69618569529112
NGC7814,external_151,bulge_rich_hsb,11,3.955838659471933e+20,12.82,214.0,5.7729052936143684e-12,47.78774104093004,3.1657111268764045e-11,3.7430016562378414e-11,121.68282809917399,142.07526743700217,-92.31717190082601,-71.92473256299783
NGC7814,external_151,bulge_rich_hsb,12,4.3230342916694055e+20,14.01,214.0,4.3410897034559205e-12,43.32052591007283,2.7728801464912892e-11,3.2069891168368814e-11,117.745165187775,137.7573340691618,-96.254834812225,-76.2426659308382
NGC7814,external_151,bulge_rich_hsb,13,4.6562874704704727e+20,15.09,214.0,3.3406626582878032e-12,39.439936205392215,2.4446800937245844e-11,2.778746359553365e-11,113.74815100740659,133.47866585844073,-100.25184899259341,-80.52133414155927
NGC7814,external_151,bulge_rich_hsb,14,4.992626326853032e+20,16.18,214.0,2.5605449607725193e-12,35.75450206931114,2.1462578768740937e-11,2.4023123729513457e-11,109.51642798467117,128.95765564401907,-104.48357201532883,-85.04234435598093
NGC7814,external_151,bulge_rich_hsb,15,5.356736281469013e+20,17.36,214.0,1.9536859412268384e-12,32.35024012888582,1.8777942512966363e-11,2.0731628454193202e-11,105.38209824942378,124.5274735530087,-108.61790175057622,-89.4725264469913
NGC7814,external_151,bulge_rich_hsb,16,5.6899894602700816e+20,18.44,214.0,1.4955539418687943e-12,29.171366382977013,1.6445086811509866e-11,1.794064075337866e-11,101.03566538466329,119.78683876141082,-112.96433461533671,-94.21316123858918
NGC7814,external_151,bulge_rich_hsb,17,6.02632831665264e+20,19.53,214.0,1.1910230558214726e-12,26.790849122570002,1.4683611149388122e-11,1.5874634205209595e-11,97.80887364005228,116.26399352661026,-116.19112635994772,-97.73600647338974
PGC51017,external_151,low_mass_dwarf,0,1.0182736018921513e+19,0.33000000000000007,20.5,9.38113357488836e-12,9.773720210407582,9.490667486406392e-12,1.887180106129475e-11,13.86241567724642,25.949092517013405,-6.637584322753581,5.449092517013405
PGC51017,external_151,low_mass_dwarf,1,3.0548208056764535e+19,0.99,19.9,7.268421474386708e-12,14.90091444991952,1.3094400913879032e-11,2.036282238826574e-11,24.94088480667205,41.975179739557746,5.04088480667205,22.075179739557747
PGC51017,external_151,low_mass_dwarf,2,5.091368009460756e+19,1.65,19.3,5.157089255555928e-12,16.203900535880624,1.6633184736781402e-11,2.1790273992337328e-11,33.30800263029456,49.47148030522366,14.008002630294559,30.171480305223657
PGC51017,external_151,low_mass_dwarf,3,7.127915213245058e+19,2.31,18.8,4.187439973658303e-12,17.276491858241794,1.756634553160242e-11,2.1753785505260723e-11,39.37754926968129,55.409905162034605,20.57754926968129,36.60990516203461
PGC51017,external_151,low_mass_dwarf,4,9.164462417029361e+19,2.97,18.2,3.6308187104856526e-12,18.241299738585727,1.8043365488529435e-11,2.167418419901509e-11,44.56817771814834,60.52153310054203,26.368177718148342,42.32153310054203
PGC51017,external_151,low_mass_dwarf,5,1.1201009620813662e+20,3.63,18.3,3.264371389796622e-12,19.121782171916095,1.8323962571864965e-11,2.1588333961661585e-11,49.17429576535995,65.07264349670027,30.87429576535995,46.77264349670027
UGC00128,external_151,low_mass_dwarf,0,3.8570969768642085e+19,1.2499999999999998,34.1,1.0847213357767596e-11,20.454523668285812,2.6699094959932974e-11,3.7546308317700573e-11,38.055190487581896,52.521134814827015,3.955190487581895,18.421134814827013
UGC00128,external_151,low_mass_dwarf,1,1.1571290930592627e+20,3.75,78.4,1.0022811094279941e-11,34.05537595069017,3.1951884603425554e-11,4.1974695697705496e-11,69.69228189988078,89.04754751294732,-8.707718100119223,10.647547512947312
UGC00128,external_151,low_mass_dwarf,2,1.9285484884321046e+20,6.25,96.9,9.017742268486274e-12,41.702701616273615,3.353626070949118e-11,4.2554002977977455e-11,90.5910912396543,111.73559531440713,-6.308908760345702,14.83559531440713
UGC00128,external_151,low_mass_dwarf,3,2.7030535613864375e+20,8.76,108.0,7.701094601605587e-12,45.625071166458305,3.298145427478419e-11,4.0682548876389774e-11,104.86520329766361,126.8041386244253,-3.134796702336388,18.804138624425306
UGC00128,external_151,low_mass_dwarf,4,3.471387279177788e+20,11.250000000000002,113.0,6.509275673702507e-12,47.53547808779492,3.1501638952493974e-11,3.8010914626196485e-11,114.86975472390085,137.4012459312555,1.8697547239008543,24.401245931255488
UGC00128,external_151,low_mass_dwarf,5,4.239720996969139e+20,13.74,114.0,5.6737812091918935e-12,49.046151046560034,2.9961366974902894e-11,3.563514818409479e-11,122.91585983355174,146.41147240118718,8.915859833551735,32.41147240118718
UGC00128,external_151,low_mass_dwarf,6,5.004969037178997e+20,16.22,121.0,4.866755065252918e-12,49.35378244179964,2.8115261643335957e-11,3.298201670858888e-11,128.48111628181306,152.75504682857485,7.481116281813058,31.755046828574848
UGC00128,external_151,low_mass_dwarf,7,5.7733027549703484e+20,18.71,126.0,4.2790654201502954e-12,49.70346082402316,2.656485928051636e-11,3.0843924700666657e-11,133.44336455907307,158.5948617361608,7.443364559073075,32.594861736160794
UGC00128,external_151,low_mass_dwarf,8,6.572493248576612e+20,21.3,128.0,3.6685198229977e-12,49.10328071414562,2.474339845120656e-11,2.841191827420426e-11,136.6517987573958,162.51617033923333,8.651798757395795,34.51617033923333
UGC00128,external_151,low_mass_dwarf,9,7.340826966367962e+20,23.79,129.0,3.2706329247949568e-12,48.99913302439722,2.345103083392755e-11,2.6721663758722508e-11,140.05681343877836,166.67091185073343,11.056813438778363,37.67091185073343
UGC00128,external_151,low_mass_dwarf,10,8.109160684159313e+20,26.28,129.0,2.872746026592213e-12,48.26547330589068,2.204593874055229e-11,2.4918684767144502e-11,142.15119373916204,169.3462856292346,13.15119373916204,40.346285629234586
UGC00128,external_151,low_mass_dwarf,11,8.877494401950663e+20,28.77,131.0,2.5829472157589874e-12,47.88538341543739,2.095283694853338e-11,2.3535784164292367e-11,144.5471522251561,172.3500724558835,13.547152225156111,41.35007245588349
UGC00128,external_151,low_mass_dwarf,12,9.642742442160523e+20,31.25,131.0,2.3109185139711665e-12,47.20549971671129,1.9857071330583002e-11,2.216798984455417e-11,146.20540911042448,174.50664742542375,15.205409110424483,43.50664742542375
UGC00128,external_151,low_mass_dwarf,13,1.0411076159951873e+21,33.74,131.0,2.094464882010225e-12,46.69650243964003,1.893429552611983e-11,2.1028760408130057e-11,147.96351785437605,176.76077575609824,16.96351785437605,45.76077575609824
UGC00128,external_151,low_mass_dwarf,14,1.1179409877743222e+21,36.23,127.0,1.8995321628488413e-12,46.08215340502577,1.8056544901010775e-11,1.9956077063859615e-11,149.36437495223456,178.5938994067884,22.364374952234556,51.59389940678841
UGC00128,external_151,low_mass_dwarf,15,1.1978600371349488e+21,38.82,126.0,1.7277027834638219e-12,45.49226440130374,1.724094267788038e-11,1.8968645461344202e-11,150.73746168993773,180.39295943363572,24.73746168993773,54.392959433635724
UGC00128,external_151,low_mass_dwarf,16,1.274693408914084e+21,41.31000000000001,130.0,1.5820749898552372e-12,44.907243981080455,1.6514999772745685e-11,1.809707476260092e-11,151.88226335063882,181.90797316503122,21.882263350638823,51.90797316503122
UGC00128,external_151,low_mass_dwarf,17,1.3515267806932186e+21,43.79999999999999,132.0,1.4522301591299311e-12,44.30268560476302,1.5836811621055574e-11,1.7289041780185504e-11,152.86138485060465,183.2218323735209,20.86138485060465,51.2218323735209
UGC00128,external_151,low_mass_dwarf,18,1.4280515847142048e+21,46.28,134.0,1.339281810544613e-12,43.73286535235422,1.522040302831976e-11,1.655968483886437e-11,153.7793359866925,184.4533428823359,19.7793359866925,50.4533428823359
UGC00128,external_151,low_mass_dwarf,19,1.50488495649334e+21,48.77000000000001,129.0,1.2335954159410014e-12,43.086183212820764,1.4617753593511304e-11,1.5851349009452305e-11,154.44888042472297,185.3909594645709,25.448880424722972,56.3909594645709
UGC00128,external_151,low_mass_dwarf,20,1.5817183282724746e+21,51.25999999999999,132.0,1.1423552195129078e-12,42.50746038169409,1.4075563523894108e-11,1.5217918743407017e-11,155.14657906189265,186.35086085313003,23.146579061892652,54.35086085313003
UGC00128,external_151,low_mass_dwarf,21,1.6585517000516098e+21,53.75,125.0,1.0545055074225733e-12,41.82047228391251,1.3531111140324424e-11,1.4585616647747e-11,155.53455978470458,186.94582487028612,30.534559784704584,61.94582487028612
UGC00191,external_151,low_mass_dwarf,0,1.9131201005246476e+19,0.62,29.9,1.6705339312841072e-11,17.8771699173781,7.714557047976744e-12,2.4419896360817814e-11,21.61439209892549,41.6149814420308,-8.28560790107451,11.714981442030805
UGC00191,external_151,low_mass_dwarf,1,2.6845394958974894e+19,0.87,34.4,1.618874328702499e-11,20.846899228173946,9.757567340791113e-12,2.59463106278161e-11,26.39202448718118,48.87186821380062,-8.007975512818817,14.471868213800619
UGC00191,external_151,low_mass_dwarf,2,3.4559588912703316e+19,1.12,46.3,1.5672147261208904e-11,23.272794562035923,1.1724577237640185e-11,2.739672449884909e-11,30.770432824950845,54.958842012809974,-15.529567175049152,8.658842012809977
UGC00191,external_151,low_mass_dwarf,3,4.227378286643173e+19,1.37,49.8,1.515555123539282e-11,25.311706425013647,1.3656963642765554e-11,2.8812514878158373e-11,34.90005727495444,60.22741065266359,-14.899942725045555,10.427410652663596
UGC00191,external_151,low_mass_dwarf,4,4.998797682016015e+19,1.62,57.6,1.4638955209576734e-11,27.0512800748446,1.634536621974361e-11,3.098432142932035e-11,39.35534959058624,64.8730580234787,-18.244650409413758,7.273058023478704
UGC00191,external_151,low_mass_dwarf,5,7.097058437430144e+19,2.3,71.3,1.2618414310667693e-11,29.925511482765575,2.2076034605518595e-11,3.469444891618629e-11,49.621419912433886,74.22737604410125,-21.67858008756611,2.9273760441012513
UGC00191,external_151,low_mass_dwarf,6,1.5335817580012093e+20,4.97,76.65,6.561008366517903e-12,31.720407855172937,2.766478363873067e-11,3.422579200524857e-11,72.44863716619716,91.51808057502818,-4.201362833802847,14.868080575028173
UGC00191,external_151,low_mass_dwarf,7,2.2988297982110686e+20,7.45,81.0,4.1865419474603136e-12,31.022809963448452,2.4628571024006202e-11,2.8815112971466515e-11,81.38859891755448,99.50274839540782,0.38859891755447507,18.50274839540782
UGC00191,external_151,low_mass_dwarf,8,3.079506226328384e+20,9.98,83.85,2.9109345378534256e-12,29.940342405780804,2.1373534603726547e-11,2.4284469141579972e-11,86.47784336150794,104.71839268495894,2.627843361507942,20.86839268495895
UGC00634,external_151,low_mass_dwarf,0,1.3916405892526065e+20,4.51,69.75,1.0085984925759795e-11,37.464738095010446,2.8457766309397622e-11,3.8543751235157416e-11,73.2386842323784,97.82068545947521,3.4886842323784037,28.070685459475214
UGC00634,external_151,low_mass_dwarf,1,2.7801955009237218e+20,9.01,97.7,6.114957516683725e-12,41.231998952541446,2.8744313663492734e-11,3.485927118017646e-11,98.44571544795971,120.93911106114629,0.7457154479597108,23.23911106114629
UGC00634,external_151,low_mass_dwarf,2,4.168750412594837e+20,13.51,108.0,4.4651138914508416e-12,43.14388181106174,2.6183127791884466e-11,3.0648241683335304e-11,113.03312353585135,136.28309800480233,5.033123535851345,28.283098004802326
UGC00634,external_151,low_mass_dwarf,3,5.5573053242659524e+20,18.01,107.5,3.4882196219549236e-12,44.02851516608193,2.3832004353443846e-11,2.732022397539877e-11,123.21802877770034,147.4801013972809,15.71802877770034,39.98010139728089
UGC00731,external_151,low_mass_dwarf,0,2.8079665991571444e+19,0.9100000000000001,29.6,3.656290444147925e-12,10.132493002210667,9.589954331216585e-12,1.324624477536451e-11,19.286008631514033,33.56198220838181,-10.313991368485969,3.961982208381805
UGC00731,external_151,low_mass_dwarf,1,5.585076422499375e+19,1.81,44.6,3.599373530664946e-12,14.178425949972416,1.2832994457791729e-11,1.6432367988456674e-11,30.29455908544682,47.13914831327656,-14.30544091455318,2.5391483132765558
UGC00731,external_151,low_mass_dwarf,2,8.423899797471432e+19,2.73,50.4,3.5144483077722893e-12,17.206208294701888,1.5104315800232465e-11,1.8618764108004753e-11,39.60335884727324,57.53196866549854,-10.796641152726757,7.13196866549854
UGC00731,external_151,low_mass_dwarf,3,1.1231866396628577e+20,3.6400000000000006,56.8,3.424904046258742e-12,19.613277306164516,1.6737571505649824e-11,2.0162475551908565e-11,47.58804803985209,65.98512901242412,-9.211951960147907,9.185129012424127
UGC00731,external_151,low_mass_dwarf,4,1.403983299578572e+20,4.55,60.7,3.330071493248757e-12,21.622591803305937,1.7795164758064534e-11,2.1125236251313292e-11,54.4605167956527,73.23394753117195,-6.239483204347302,12.533947531171947
UGC00731,external_151,low_mass_dwarf,5,1.681694281912795e+20,5.45,64.7,3.2337251319184407e-12,23.319813600509207,1.851483586644224e-11,2.1748560998360682e-11,60.476797758127695,79.53772607398112,-4.223202241872308,14.837726073981116
UGC00731,external_151,low_mass_dwarf,6,1.9624909418285095e+20,6.36,68.0,3.1143136898156336e-12,24.72208002227099,1.8950721874793176e-11,2.206503556460881e-11,65.80458375118613,85.08177314368267,-2.1954162488138707,17.081773143682668
UGC00731,external_151,low_mass_dwarf,7,2.2463732793257155e+20,7.280000000000001,71.5,2.9710501674162567e-12,25.834255761720854,1.9128318387135614e-11,2.209936855455187e-11,70.45809464562342,89.91617755194514,-1.0419053543765813,18.41617755194514
UGC00731,external_151,low_mass_dwarf,8,2.5271699392414296e+20,8.19,73.4,2.8256005176522418e-12,26.722224249706024,1.916287226779016e-11,2.1988472785442403e-11,74.54435420150766,94.13098030900898,1.144354201507653,20.73098030900897
UGC00731,external_151,low_mass_dwarf,9,2.8048809215756527e+20,9.09,74.0,2.674672436427263e-12,27.39003046438448,1.9045660328176767e-11,2.172033276460403e-11,78.05315303157995,97.76101162137216,4.053153031579953,23.761011621372162
UGC00731,external_151,low_mass_dwarf,10,3.085677581491367e+20,9.999999999999998,73.8,2.5228422433007396e-12,27.90103537826595,1.884688330583405e-11,2.136972554913479e-11,81.20349933936869,100.99111151839949,7.403499339368693,27.191111518399495
UGC00731,external_151,low_mass_dwarf,11,3.3664742414070815e+20,10.91,73.9,2.3748401073019292e-12,28.275144648069222,1.856388409923669e-11,2.093872420653862e-11,83.95812985604145,103.84247939140583,10.058129856041447,29.942479391405826
UGC00891,external_151,low_mass_dwarf,0,4.566802820607223e+19,1.48,24.35,6.327767383569382e-12,16.999313496559513,1.2096126709674584e-11,1.8423894093243965e-11,29.006601233442588,49.46302190783092,4.656601233442586,25.11302190783092
UGC00891,external_151,low_mass_dwarf,1,9.164462417029361e+19,2.97,43.55,5.362777118702602e-12,22.169115759374574,1.8245746802648505e-11,2.360852392135111e-11,46.514452614081236,67.06261446593349,2.964452614081239,23.512614465933495
UGC00891,external_151,low_mass_dwarf,2,1.3731265237636584e+20,4.45,54.15,4.473080192984342e-12,24.783270679853104,2.0591605588063748e-11,2.506468578104809e-11,58.665990876962915,78.2524742821268,4.515990876962917,24.1024742821268
UGC00891,external_151,low_mass_dwarf,3,1.8328924834058722e+20,5.94,60.15,3.6920618527774546e-12,26.01375101407975,2.0880771203438156e-11,2.457283305621561e-11,67.11137087314262,85.96621313187174,6.96137087314262,25.81621313187174
UGC00891,external_151,low_mass_dwarf,4,2.28031573272212e+20,7.39,63.75,3.054333024263446e-12,26.39099022052918,2.0257529985457194e-11,2.331186300972064e-11,72.9098127690154,91.24857408622273,9.159812769015403,27.49857408622273
UGC01230,external_151,low_mass_dwarf,0,2.4068285135632663e+19,0.7799999999999999,19.8,1.2275235044436909e-11,17.188480362045333,2.2951250670062683e-11,3.522648571449959e-11,29.11771114807733,42.9033034654943,9.31771114807733,23.103303465494296
UGC01230,external_151,low_mass_dwarf,1,7.251342316504713e+19,2.35,55.4,1.1493884396990885e-11,28.86972294791089,2.876795079503496e-11,4.026183519202585e-11,54.03261508275124,73.15156141526757,-1.3673849172487564,17.751561415267567
UGC01230,external_151,low_mass_dwarf,2,1.2064999343631245e+20,3.91,88.5,1.0717510505261079e-11,35.95924877014756,3.1908223625546463e-11,4.262573413080754e-11,71.71328010278104,92.58796757878693,-16.78671989721896,4.08796757878693
UGC01230,external_151,low_mass_dwarf,3,1.6909513146572692e+20,5.48,105.0,9.676809248495366e-12,40.451221638450995,3.316552656545589e-11,4.2842335813951256e-11,85.11421976825557,106.63110901282032,-19.885780231744434,1.6311090128203176
UGC01230,external_151,low_mass_dwarf,4,2.1692313397884312e+20,7.03,106.0,8.505460971733691e-12,42.9538269531739,3.314539860482663e-11,4.165085957656032e-11,95.052801075298,116.65696558695122,-10.947198924701993,10.656965586951216
UGC01230,external_151,low_mass_dwarf,5,2.6536827200825757e+20,8.6,103.0,7.318998523658962e-12,44.07073849000454,3.265041064843327e-11,3.996940917209223e-11,102.98841218889199,123.94465396893756,-0.01158781110801499,20.94465396893756
UGC01230,external_151,low_mass_dwarf,6,4.094694150639044e+20,13.27,109.0,5.2166474409348995e-12,46.21750292080076,2.8929525882317206e-11,3.41461733232521e-11,118.24471919431639,140.72328772048675,9.244719194316389,31.723287720486752
UGC01230,external_151,low_mass_dwarf,7,4.58223120851468e+20,14.85,113.0,4.758726114641552e-12,46.69644881067973,2.8113370355319992e-11,3.287209646996155e-11,122.73041445948232,145.2990286752866,9.730414459482319,32.29902867528659
UGC01230,external_151,low_mass_dwarf,8,7.961048160247727e+20,25.799999999999997,105.0,2.6837943033173237e-12,46.223171354752054,2.1554197558389305e-11,2.423799186170663e-11,138.90997823005335,164.84598294128892,33.909978230053355,59.84598294128892
UGC01230,external_151,low_mass_dwarf,9,9.877253938353866e+20,32.01,103.0,2.0861084983121257e-12,45.39275644944567,1.90986429108852e-11,2.1184751409197325e-11,144.6537829749163,171.99129677021804,41.65378297491631,68.99129677021804
UGC01230,external_151,low_mass_dwarf,10,1.1275065882769455e+21,36.54,103.0,1.7646924141589566e-12,44.60607944267879,1.7614143787334775e-11,1.9378836201493732e-11,147.81666174800444,175.97542600773343,44.816661748004435,72.97542600773343
UGC01281,external_151,low_mass_dwarf,0,2.4685420651930936e+18,0.08,1.41,4.853232311129238e-12,3.46127261454177,5.2657344773257505e-12,1.011896678845499e-11,4.9979090801647255,10.720040083827241,3.5879090801647253,9.310040083827241
UGC01281,external_151,low_mass_dwarf,1,7.097058437430145e+18,0.23,4.46,4.843973869384768e-12,5.86327260328294,6.119661473530012e-12,1.096363534291478e-11,8.8209727760231,18.1675605376145,4.360972776023099,13.707560537614498
UGC01281,external_151,low_mass_dwarf,2,1.1725574809667195e+19,0.38,7.71,4.8347154276402975e-12,7.529264069631801,6.927170277804481e-12,1.1761885705444779e-11,11.743716223663954,23.340242878378245,4.033716223663954,15.630242878378244
UGC01281,external_151,low_mass_dwarf,3,1.6662658940053383e+19,0.54,11.0,4.824839756446196e-12,8.966306893145761,7.661607763893048e-12,1.2486447520339243e-11,14.424195520176786,27.808417043861798,3.424195520176786,16.808417043861798
UGC01281,external_151,low_mass_dwarf,4,2.129117531229043e+19,0.69,14.2,4.815581314701725e-12,10.1256795328464,8.316983936005066e-12,1.313256525070679e-11,16.721475684068423,31.418392496339923,2.521475684068424,17.218392496339924
UGC01281,external_151,low_mass_dwarf,5,2.591969168452748e+19,0.8399999999999999,17.2,4.806322872957255e-12,11.161469751038362,8.943063629097039e-12,1.3749386502054294e-11,18.87802582328595,34.64804011957494,1.6780258232859495,17.448040119574937
UGC01281,external_151,low_mass_dwarf,6,3.085677581491367e+19,1.0,20.2,4.7919652991120466e-12,12.15995883823404,9.753282132176805e-12,1.4545247431288852e-11,21.18535907554387,37.774302018281396,0.9853590755438724,17.574302018281397
UGC01281,external_151,low_mass_dwarf,7,3.548529218715072e+19,1.15,23.2,4.776284618812637e-12,13.018750142297078,1.0622108183403957e-11,1.5398392802216595e-11,23.375552780611937,40.47343564893195,0.17555278061193746,17.273435648931947
UGC01281,external_151,low_mass_dwarf,8,4.011380855938777e+19,1.3,26.4,4.760603938513227e-12,13.819043201922014,1.1491581880480587e-11,1.6252185818993815e-11,25.533058387406605,42.99483915863783,-0.8669416125933935,16.594839158637832
UGC01281,external_151,low_mass_dwarf,9,4.505089268977396e+19,1.46,29.3,4.743877879527189e-12,14.619026413683363,1.2378329933502158e-11,1.7122207813029348e-11,27.773562011322824,45.52166593172868,-1.526437988677177,16.221665931728676
UGC01281,external_151,low_mass_dwarf,10,4.967940906201101e+19,1.61,31.6,4.728197199227779e-12,15.326253383860376,1.3216152793850056e-11,1.7944349993077835e-11,29.857406177663997,47.76124605109597,-1.742593822336005,16.161246051095972
UGC01281,external_151,low_mass_dwarf,11,5.430792543424806e+19,1.76,34.6,4.712516518928369e-12,15.997718453505303,1.406082937340837e-11,1.877334589233674e-11,31.93025945513708,49.892907036916114,-2.669740544862922,15.292907036916112
UGC01281,external_151,low_mass_dwarf,12,5.924500956463424e+19,1.92,37.4,4.679586620863727e-12,16.65059020310109,1.4737638004181727e-11,1.9417224625045455e-11,33.917158764104485,52.01523375210802,-3.4828412358955134,14.615233752108018
UGC01281,external_151,low_mass_dwarf,13,6.387352593687129e+19,2.07,39.9,4.6451169495274466e-12,17.22498179840669,1.5321386045575022e-11,1.9966502995102468e-11,35.7117760259315,53.90376934479671,-4.1882239740684994,14.003769344796709
UGC01281,external_151,low_mass_dwarf,14,6.850204230910836e+19,2.22,42.2,4.610647278191166e-12,17.77185288378864,1.5897657288159672e-11,2.0508304566350838e-11,37.481472050764566,55.71322928459163,-4.718527949235437,13.513229284591624
UGC01281,external_151,low_mass_dwarf,15,7.343912643949453e+19,2.38,44.4,4.573879628765802e-12,18.327621896360696,1.648003409460605e-11,2.105391372337185e-11,39.32150851603883,57.56447216149791,-5.078491483961166,13.164472161497912
UGC01281,external_151,low_mass_dwarf,16,7.806764281173157e+19,2.5299999999999994,46.7,4.539409957429521e-12,18.825010893293676,1.7020354886327798e-11,2.155976484375732e-11,41.02584576736199,59.232656284784795,-5.67415423263801,12.532656284784792
UGC01281,external_151,low_mass_dwarf,17,8.269615918396865e+19,2.68,48.5,4.504940286093241e-12,19.30132790802332,1.7504333609857255e-11,2.2009273895950496e-11,42.66242395390923,60.84106646703454,-5.837576046090767,12.341066467034537
UGC01281,external_151,low_mass_dwarf,18,8.516470124916172e+19,2.76,49.3,4.47228163632649e-12,19.516160725405435,1.7836849190008705e-11,2.2309130826335195e-11,43.58842119133591,61.62432931804631,-5.711578808664086,12.32432931804631
UGC01281,external_151,low_mass_dwarf,19,9.473030175178496e+19,3.07,53.0,4.341278740553988e-12,20.279315695587176,1.8541714188158346e-11,2.2882992928712333e-11,46.558703000844865,64.48665103404329,-6.441296999155135,11.486651034043291
UGC01281,external_151,low_mass_dwarf,20,1.067644443196013e+20,3.46,54.1,4.176468645872453e-12,21.11630541062546,1.9272816529876865e-11,2.3449285175749318e-11,50.035486421945976,67.76728405643873,-4.064513578054026,13.667284056438724
UGC01281,external_151,low_mass_dwarf,21,1.1818145137111936e+20,3.83,55.0,4.0071130169099264e-12,21.761581563538066,1.973668038911841e-11,2.3743793406028336e-11,52.97240758905,70.52775108904751,-2.0275924109499996,15.527751089047513
UGC01281,external_151,low_mass_dwarf,22,1.3052416169708485e+20,4.23,55.7,3.817174551932333e-12,22.321144873021485,2.0044885377531596e-11,2.3862059929463927e-11,55.808380810223106,73.1809564304851,0.1083808102231032,17.480956430485094
UGC01281,external_151,low_mass_dwarf,23,1.4255830426490117e+20,4.62,56.4,3.633482542476233e-12,22.759242294758703,2.021231082646664e-11,2.3845793368942872e-11,58.304509830095654,75.49811384063345,1.9045098300956553,19.098113840633452
UGC01281,external_151,low_mass_dwarf,24,1.539753113164192e+20,4.99,56.9,3.461654464429788e-12,23.086994690311016,2.023598813045854e-11,2.3697642594888327e-11,60.405727344459365,77.47439222126799,3.505727344459366,20.574392221267992
UGC02023,external_151,low_mass_dwarf,0,2.345114961933439e+19,0.76,15.1,1.192970347103737e-11,16.7261848911696,9.595416213673505e-12,2.1525119684710878e-11,22.46750547569166,42.022471959379516,7.36750547569166,26.922471959379514
UGC02023,external_151,low_mass_dwarf,1,4.659373148051965e+19,1.5100000000000002,28.0,1.0764108525492655e-11,22.39508835133224,1.426780879321871e-11,2.5031917318711363e-11,34.151580256125875,57.60552617437556,6.151580256125875,29.605526174375562
UGC02023,external_151,low_mass_dwarf,2,7.004488109985404e+19,2.27,37.6,9.330180351491464e-12,25.56425968731373,2.005637261907241e-11,2.9386552970563875e-11,45.369346576270075,67.958178165993,7.769346576270074,30.358178165993003
UGC02023,external_151,low_mass_dwarf,3,9.349603071918842e+19,3.03,47.9,8.173672500993436e-12,27.644274908947562,2.329807751147997e-11,3.1471750012473403e-11,54.244665230350826,75.77450531070168,6.344665230350827,27.874505310701686
UGC02023,external_151,low_mass_dwarf,4,1.1663861258037368e+20,3.78,58.8,7.120323928675853e-12,28.818478519234617,2.517165078607189e-11,3.2291974714747743e-11,61.371745357360375,81.57108570829853,2.5717453573603777,22.77108570829853
UGC02259,external_151,low_mass_dwarf,0,3.1473911331211944e+19,1.02,56.1,1.4343976230318197e-11,21.24761247787729,1.0437457818102629e-11,2.4781434048420825e-11,27.927918968306138,51.19027139720358,-28.172081031693864,-4.90972860279642
UGC02259,external_151,low_mass_dwarf,1,6.294782266242389e+19,2.04,71.1,1.199445368103432e-11,27.47771357384755,1.7203397018061695e-11,2.919785069909601e-11,42.87121561060084,68.94903888301938,-28.228784389399152,-2.1509611169806107
UGC02259,external_151,low_mass_dwarf,2,9.41131662354867e+19,3.0500000000000003,80.7,9.823008457893941e-12,30.40517107221014,2.3155459114257585e-11,3.297846757215152e-11,55.710932507089694,79.87269820594227,-24.98906749291031,-0.8273017940577319
UGC02259,external_151,low_mass_dwarf,3,1.2558707756669865e+20,4.07,82.8,8.043440643329158e-12,31.78289168683233,2.623134533797894e-11,3.4274785981308095e-11,65.60846138735867,87.44426470492961,-17.191538612641324,4.644264704929611
UGC02259,external_151,low_mass_dwarf,4,1.570609888979106e+20,5.09,83.7,6.549844915450777e-12,32.07374501907519,2.6949435169593178e-11,3.3499280085043956e-11,72.53571573731858,92.57439777631475,-11.16428426268142,8.874397776314751
UGC02259,external_151,low_mass_dwarf,5,1.8853490022912256e+20,6.110000000000001,86.0,5.393123812406659e-12,31.88717704494072,2.629651647256344e-11,3.16896402849701e-11,77.29555724246782,96.33208979564874,-8.704442757532178,10.332089795648741
UGC02259,external_151,low_mass_dwarf,6,2.2000881156033446e+20,7.13,88.3,4.515406090259013e-12,31.51871075456897,2.5125047450767136e-11,2.964045354102615e-11,80.75370553522897,99.2977682160275,-7.546294464771023,10.99776821602751
UGC02259,external_151,low_mass_dwarf,7,2.511741551333973e+20,8.14,90.0,3.820947259886049e-12,30.97939960378748,2.377804922377692e-11,2.759899648366297e-11,83.25956175907756,101.54360779269877,-6.740438240922444,11.543607792698765
UGC02455,external_151,low_mass_dwarf,0,1.5428387907456836e+19,0.5,16.9,7.716997649390136e-11,34.50519282886615,3.785783770705586e-12,8.095576026460695e-11,35.34143280493077,58.05653812123423,18.44143280493077,41.156538121234234
UGC02455,external_151,low_mass_dwarf,1,3.085677581491367e+19,1.0,23.9,6.889348915264747e-11,46.10673432255238,6.174500924600227e-12,7.506799007724769e-11,48.12853769531956,79.3371792645918,24.22853769531956,55.4371792645918
UGC02455,external_151,low_mass_dwarf,2,4.659373148051965e+19,1.5100000000000002,28.2,5.816658239180427e-11,52.05956320507549,9.70076612026561e-12,6.786734851206988e-11,56.23337988122561,92.6836693295504,28.03337988122561,64.4836693295504
UGC02455,external_151,low_mass_dwarf,3,6.2022119387976475e+19,2.01,33.0,4.607924286389607e-11,53.45963245489184,1.4916290962459196e-11,6.099553382635526e-11,61.506684848978516,99.84833140566947,28.506684848978516,66.84833140566947
UGC02455,external_151,low_mass_dwarf,4,7.775907505358245e+19,2.52,39.1,3.49893517612617e-11,52.16070963551154,2.271066361429272e-11,5.7700015375554416e-11,66.98283232426498,103.24528753502273,27.882832324264974,64.14528753502273
UGC02455,external_151,low_mass_dwarf,5,9.31874629610393e+19,3.0200000000000005,43.8,2.9124466842766354e-11,52.09640270853935,2.6308057184549598e-11,5.543252402731595e-11,71.87222189157941,107.26723548884735,28.072221891579417,63.46723548884735
UGC02455,external_151,low_mass_dwarf,6,1.0861585086849612e+20,3.52,53.1,2.3259581924271017e-11,50.262901642764206,3.0219013722271834e-11,5.347859564654285e-11,76.21432391225095,108.70026439480613,23.114323912250946,55.600264394806125
UGC02455,external_151,low_mass_dwarf,7,1.243528065341021e+20,4.03,61.0,1.9429735027285948e-11,49.15426818554983,3.2128809070444866e-11,5.1558544097730815e-11,80.07152839408707,110.62174929832398,19.071528394087068,49.62174929832398
UGC02487,external_151,bulge_rich_hsb,0,3.0640778384209274e+20,9.93,377.0,1.1136064648235638e-10,184.72078631242763,2.197413704251436e-11,1.3333478352487073e-10,202.12574187599367,289.7282373457568,-174.87425812400633,-87.27176265424322
UGC02487,external_151,bulge_rich_hsb,1,3.101105969398824e+20,10.05,377.0,1.1055789708170025e-10,185.16256495421572,2.7629546313122573e-11,1.3818744339482284e-10,207.0106049475841,290.8129243200141,-169.9893950524159,-86.18707567998592
UGC02487,external_151,bulge_rich_hsb,2,3.193676296843565e+20,10.35,378.0,1.0855102358005998e-10,186.19259679314442,5.2387635525167456e-11,1.6093865910522745e-10,226.71258915864192,293.43262174318346,-151.28741084135808,-84.56737825681654
UGC02487,external_151,bulge_rich_hsb,3,4.65011611530749e+20,15.07,367.0,8.016402626021648e-11,193.0730510404198,7.106313709207685e-11,1.5122716335229333e-10,265.1836852780988,322.4409114272498,-101.81631472190122,-44.55908857275023
UGC02487,external_151,bulge_rich_hsb,4,6.199126261216156e+20,20.09,364.0,5.8137612118005893e-11,189.84267118989052,7.928196970985053e-11,1.3741958182785643e-10,291.8700633011901,338.018519425115,-72.1299366988099,-25.981480574884984
UGC02487,external_151,bulge_rich_hsb,5,7.751222084706314e+20,25.12,375.0,4.244669812991087e-11,181.38737110599166,7.814666394231212e-11,1.2059336207222298e-10,305.73614954126697,344.6473884053185,-69.26385045873303,-30.35261159468149
UGC02487,external_151,bulge_rich_hsb,6,9.30023223061498e+20,30.14,383.0,3.038617238343996e-11,168.1066506017805,7.11496655311397e-11,1.0153583791457966e-10,307.2957650758748,342.97451346149995,-75.70423492412522,-40.02548653850005
UGC02487,external_151,bulge_rich_hsb,7,1.0852328054105139e+21,35.17,378.0,2.1427266841604344e-11,152.491222392615,6.164773819671715e-11,8.307500503832149e-11,300.2594224620274,335.80838886615464,-77.74057753797263,-42.191611133845356
UGC02487,external_151,bulge_rich_hsb,8,1.2401338200013805e+21,40.19,364.0,1.5414855027529213e-11,138.26237033284684,5.285592901378133e-11,6.827078404131054e-11,290.97234955857874,327.7283513259051,-73.02765044142126,-36.27164867409488
UGC02487,external_151,bulge_rich_hsb,9,1.395034834592247e+21,45.21,349.0,1.1281832118593288e-11,125.45337302543638,4.5403971304276286e-11,5.6685803422869574e-11,281.20929999157477,319.23842779374525,-67.79070000842523,-29.761572206254755
UGC02487,external_151,bulge_rich_hsb,10,1.550244416941263e+21,50.24,338.0,8.184701358224667e-12,112.6422992703867,3.874311351448504e-11,4.692781487270971e-11,269.72130617671155,308.6622039815449,-68.27869382328845,-29.337796018455094
UGC02487,external_151,bulge_rich_hsb,11,1.7051454315321295e+21,55.26,332.0,5.9292223249264845e-12,100.54942247415798,3.300214103853564e-11,3.893136336346213e-11,257.650221002282,297.0679704110891,-74.34977899771798,-34.93202958891089
UGC02487,external_151,bulge_rich_hsb,12,1.860046446122996e+21,60.28,330.0,4.443182307233198e-12,90.9094354841437,2.8579601815148077e-11,3.302278412238128e-11,247.83848015980527,287.5002159718016,-82.16151984019473,-42.499784028198405
UGC02487,external_151,bulge_rich_hsb,13,2.015256028472012e+21,65.31,329.0,3.3483413132335563e-12,82.14478082553886,2.4815720698221322e-11,2.816406201145488e-11,238.23894676321086,277.85469447960196,-90.76105323678914,-51.14530552039804
UGC02487,external_151,bulge_rich_hsb,14,2.1701570430628785e+21,70.33,330.0,2.519176975598691e-12,73.93922948149608,2.1528359758131448e-11,2.4047536733730138e-11,228.4445911178852,267.7252580635836,-101.55540888211479,-62.274741936416376
UGC02487,external_151,bulge_rich_hsb,15,2.3250580576537448e+21,75.35,332.0,1.8995277549752846e-12,66.45684548970267,1.869625439108208e-11,2.0595782146057362e-11,218.82958948088307,257.5572743371103,-113.17041051911693,-74.4427256628897
UGC02487,external_151,bulge_rich_hsb,16,2.480267640002761e+21,80.38,333.0,1.4859711328347939e-12,60.70919300030584,1.6537724414203854e-11,1.8023695547038647e-11,211.43223221302333,249.67981011917044,-121.56776778697667,-83.32018988082956
UGC02885,external_151,ordinary_disk,0,5.245651888535324e+19,1.7,305.0,1.01201862518102e-10,72.860808480374,4.290886182351146e-11,1.4411072434161346e-10,86.94565505537226,116.34936087151134,-218.05434494462776,-188.65063912848865
UGC02885,external_151,ordinary_disk,1,1.0522160552885563e+20,3.41,257.0,9.792909976843498e-11,101.50988673833801,5.1744476869365485e-11,1.4967357663780046e-10,125.49459764896487,163.11117266049501,-131.50540235103512,-93.88882733950499
UGC02885,external_151,ordinary_disk,2,2.1044321105771125e+20,6.82,256.0,9.140271323254929e-11,138.69059258668133,6.042990627971502e-11,1.518326195122643e-10,178.7516265477453,225.8089450256638,-77.2483734522547,-30.191054974336197
UGC02885,external_151,ordinary_disk,3,4.218121253898699e+20,13.67,271.0,7.729444544374378e-11,180.5650417812288,7.429257015141905e-11,1.5158701559516284e-10,252.8660539291563,303.71267595721713,-18.133946070843706,32.71267595721713
UGC02885,external_151,ordinary_disk,4,6.013985606326674e+20,19.49,282.0,6.05345226243109e-11,190.80192550088748,7.878154982861655e-11,1.3931607245292745e-10,289.45549821377887,336.95534130925,7.455498213778867,54.95534130925
UGC02885,external_151,ordinary_disk,5,7.208142830363834e+20,23.36,287.0,4.939003786293542e-11,188.68239115325952,7.932812537413233e-11,1.2871816323706774e-10,304.60119918918105,347.37185976241403,17.601199189181045,60.37185976241403
UGC02885,external_151,ordinary_disk,6,8.405385731982484e+20,27.24,283.0,4.090558884574234e-11,185.42579454928716,7.738586140841966e-11,1.18291450254162e-10,315.32289294972685,355.06976377766495,32.32289294972685,72.06976377766495
UGC02885,external_151,ordinary_disk,7,9.633485409416047e+20,31.22,280.0,3.4885411889734895e-11,183.32160441181782,7.421678409241102e-11,1.0910219598214592e-10,324.1966090398314,363.0915887821022,44.1966090398314,83.09158878210218
UGC02885,external_151,ordinary_disk,8,1.0830728311034699e+21,35.1,280.0,2.9016495661265313e-11,177.27655824882254,6.979887239257599e-11,9.88153680538413e-11,327.1455951630792,365.30872962511944,47.14559516307918,85.30872962511944
UGC02885,external_151,ordinary_disk,9,1.2024885535071858e+21,38.97,281.0,2.3872229330066863e-11,169.42869448857803,6.464207636021603e-11,8.851430569028289e-11,326.24751250270265,364.3236036718336,45.24751250270265,83.32360367183361
UGC02885,external_151,ordinary_disk,10,1.322212843669051e+21,42.85,282.0,2.0599916847111657e-11,165.03779759123512,6.057394817416762e-11,8.117386502127928e-11,327.61124355155056,366.62215744804104,45.61124355155056,84.62215744804104
UGC02885,external_151,ordinary_disk,11,1.4419371338309158e+21,46.73,287.0,1.7327604364156458e-11,158.0674418500149,5.596206602722904e-11,7.32896703913855e-11,325.0832159056615,364.94705841479964,38.08321590566152,77.94705841479964
UGC02885,external_151,ordinary_disk,12,1.5647471015742724e+21,50.71,292.0,1.4034172642368506e-11,148.1888354942405,5.0660303679071045e-11,6.469447632143955e-11,318.167399825686,358.7907228127491,26.167399825686005,66.7907228127491
UGC02885,external_151,ordinary_disk,13,1.684162823977988e+21,54.57999999999999,298.0,1.22655932368943e-11,143.7263237671277,4.745776615575498e-11,5.972335939264928e-11,317.1495886993652,358.8123975107954,19.14958869936521,60.81239751079539
UGC02885,external_151,ordinary_disk,14,1.803887114139853e+21,58.459999999999994,298.0,1.049244385879612e-11,137.57610356714628,4.39721326092853e-11,5.4464576468081414e-11,313.4452865618763,355.9625285163354,15.445286561876287,57.9625285163354
UGC02885,external_151,ordinary_disk,15,1.9236114043017183e+21,62.34,298.0,8.719294480697944e-12,129.5088193928722,4.014595759692047e-11,4.886525207761841e-11,306.590535030984,349.71119591916175,8.590535030983972,51.71119591916175
UGC02885,external_151,ordinary_disk,16,2.043027126705434e+21,66.21,298.0,7.580308885473833e-12,124.44587852488034,3.746178217189391e-11,4.504209105736774e-11,303.3516340383525,347.14303306167244,5.351634038352472,49.14303306167244
UGC02885,external_151,ordinary_disk,17,2.1658370944487905e+21,70.19,298.0,6.589264786726676e-12,119.4624380306958,3.4947822999007554e-11,4.153708778573423e-11,299.93760271382945,344.32041376414656,1.937602713829449,46.320413764146565
UGC02885,external_151,ordinary_disk,18,2.2855613846106554e+21,74.07,298.0,5.623121293475682e-12,113.36661276297329,3.230092944064379e-11,3.7924050734119474e-11,294.41084542849103,339.13403294227606,-3.5891545715089705,41.134032942276065
UGC02916,external_151,bulge_rich_hsb,0,1.1417007051518058e+19,0.37,183.0,2.913421523280462e-11,18.23802458473437,1.2322420398626054e-11,4.145663563143067e-11,21.755705029629787,37.54963089637149,-161.24429497037022,-145.4503691036285
UGC02916,external_151,bulge_rich_hsb,1,2.2834014103036117e+19,0.74,196.0,2.873920675934747e-11,25.617014901291896,1.5402181464053495e-11,4.414138822340096e-11,31.747835850979353,52.89821197772717,-164.25216414902064,-143.10178802227284
UGC02916,external_151,bulge_rich_hsb,2,3.425102115455418e+19,1.11,205.0,2.8344198285890318e-11,31.157948184996194,1.776391504309364e-11,4.610811332898396e-11,39.73977812000982,64.53347404239318,-165.26022187999018,-140.46652595760682
UGC02916,external_151,bulge_rich_hsb,3,4.566802820607223e+19,1.48,211.0,2.7949189812433166e-11,35.72652220257472,1.9633108090192283e-11,4.758229790262545e-11,46.61533784846818,74.22160345665387,-164.3846621515318,-136.77839654334613
UGC02916,external_151,bulge_rich_hsb,4,5.677646749944116e+19,1.84,214.0,2.7564857243664046e-11,39.56052605087079,2.1184280428801402e-11,4.874913767246545e-11,52.609921409241025,82.43444202153098,-161.39007859075897,-131.56555797846903
UGC02916,external_151,bulge_rich_hsb,5,6.819347455095921e+19,2.21,214.0,2.716984877020689e-11,43.04423760115301,2.2576413339575263e-11,4.9746262109782154e-11,58.24405943260459,89.97577013743722,-155.7559405673954,-124.02422986256278
UGC02916,external_151,bulge_rich_hsb,6,8.022761711877554e+19,2.6,213.0,2.6753488487373678e-11,46.32891786947527,2.384717481876352e-11,5.06006633061372e-11,63.714759998612955,97.16806804074857,-149.28524000138705,-115.83193195925143
UGC02916,external_151,bulge_rich_hsb,7,9.133605641214447e+19,2.96,211.0,2.6369155918604558e-11,49.07600954154992,2.4860793408818503e-11,5.122994932742306e-11,68.40425090417126,103.2549647983317,-142.59574909582875,-107.7450352016683
UGC02916,external_151,bulge_rich_hsb,8,9.781597933327634e+19,3.17,210.0,2.6144961920155905e-11,50.57069363624813,2.5460769908869858e-11,5.160573182902576e-11,71.04833001602913,106.59819933252078,-138.95166998397087,-103.40180066747922
UGC02916,external_151,bulge_rich_hsb,9,1.0275306346366253e+20,3.3300000000000005,209.0,2.5974147445147406e-11,51.66162232107853,2.6041516802742942e-11,5.201566424789035e-11,73.10792603793406,109.05374439592008,-135.89207396206592,-99.94625560407992
UGC02916,external_151,bulge_rich_hsb,10,1.1417007051518058e+20,3.7,207.0,2.5579138971690255e-11,54.04046724553258,2.7080664585445112e-11,5.2659803557135364e-11,77.53820661734254,114.45795417092002,-129.46179338265745,-92.54204582907998
UGC02916,external_151,bulge_rich_hsb,11,1.2558707756669865e+20,4.07,206.0,2.5184130498233104e-11,56.23878866344351,2.809504403797922e-11,5.327917453621232e-11,81.79960773236613,119.52023237748807,-124.20039226763387,-86.47976762251193
UGC02916,external_151,bulge_rich_hsb,12,1.3700408461821672e+20,4.44,205.0,2.478912202477595e-11,58.27701923995173,2.9095367164755136e-11,5.3884489189531085e-11,85.92086543169768,124.28147939270957,-119.07913456830232,-80.71852060729043
UGC02916,external_151,bulge_rich_hsb,13,1.4842109166973475e+20,4.81,205.0,2.43941135513188e-11,60.17142979522929,3.0089423528668416e-11,5.4483537079987217e-11,89.92500237108796,128.77420325836837,-115.07499762891204,-76.22579674163163
UGC02916,external_151,bulge_rich_hsb,14,1.598380987212528e+20,5.18,206.0,2.3999105077861647e-11,61.9352187907411,3.108290951634105e-11,5.5082014594202697e-11,93.83072250853479,133.02472636998402,-112.16927749146521,-72.97527363001598
UGC02916,external_151,bulge_rich_hsb,15,1.712551057727709e+20,5.550000000000001,207.0,2.3604096604404495e-11,63.579258100877475,3.207997069749285e-11,5.5684067301897346e-11,97.65337083605729,137.05469424518355,-109.34662916394271,-69.94530575481645
UGC02916,external_151,bulge_rich_hsb,16,1.8267211282428894e+20,5.92,208.0,2.3153851002996535e-11,65.03508962657128,3.2963526659779795e-11,5.6117377662776334e-11,101.24761697846478,140.7882165592367,-106.75238302153522,-67.2117834407633
UGC02916,external_151,bulge_rich_hsb,17,1.9378055211765786e+20,6.28,210.0,2.2553173016420083e-11,66.10874616211494,3.3416285286013995e-11,5.596945830243408e-11,104.14313482689056,143.9437205803554,-105.85686517310944,-66.0562794196446
UGC02916,external_151,bulge_rich_hsb,18,1.9563195866655267e+20,6.34,210.0,2.245306001865734e-11,66.27621073588621,3.354022453335412e-11,5.599328455201146e-11,104.66172141276688,144.450023547473,-105.33827858723312,-65.549976452527
UGC02916,external_151,bulge_rich_hsb,19,2.051975591691759e+20,6.65,212.0,2.1935809530216506e-11,67.09079351148243,3.396463417967733e-11,5.590044370989383e-11,107.101048574438,146.9797028959774,-104.898951425562,-65.0202971040226
UGC02916,external_151,bulge_rich_hsb,20,2.1692313397884312e+20,7.03,214.0,2.1301760544385803e-11,67.97679498589967,3.4447821149314266e-11,5.5749581693700065e-11,109.96987759839945,149.8897668129047,-104.03012240160055,-64.1102331870953
UGC02916,external_151,bulge_rich_hsb,21,2.28031573272212e+20,7.39,215.0,2.070108255780935e-11,68.70589802990142,3.488942320085942e-11,5.559050575866877e-11,112.58947769284305,152.46053989230074,-102.41052230715695,-62.539460107699256
UGC02916,external_151,bulge_rich_hsb,22,2.3975714808187922e+20,7.77,216.0,2.006703357197865e-11,69.36292049561442,3.532871770911132e-11,5.539575128108997e-11,115.24550899278998,154.98493194254007,-100.75449100721002,-61.01506805745993
UGC02916,external_151,bulge_rich_hsb,23,2.511741551333973e+20,8.14,217.0,1.944967008577507e-11,69.89459529475697,3.573370744055525e-11,5.518337752633032e-11,117.73121178168228,157.2619803154403,-99.26878821831772,-59.7380196845597
UGC02916,external_151,bulge_rich_hsb,24,2.6259116218491532e+20,8.51,218.0,1.8832306599571496e-11,70.32209664539397,3.61136620513045e-11,5.4945968650875996e-11,120.11796603926264,159.36515660875492,-97.88203396073736,-58.634843391245084
UGC02916,external_151,bulge_rich_hsb,25,2.7400816923643344e+20,8.88,218.0,1.8214943113367915e-11,70.64731569734072,3.6466764491588634e-11,5.4681707604956546e-11,122.40602351010386,161.29801451059515,-95.59397648989614,-56.70198548940485
UGC02916,external_151,bulge_rich_hsb,26,2.8542517628795145e+20,9.25,218.0,1.759757962716434e-11,70.87166053737309,3.678372063839468e-11,5.438130026555902e-11,124.58648488124707,163.06316243290777,-93.41351511875293,-54.936837567092226
UGC02916,external_151,bulge_rich_hsb,27,2.9375650575797813e+20,9.52,218.0,1.7147071137232e-11,70.97227417278351,3.698947006324216e-11,5.413654120047416e-11,126.10694341262145,164.246419018804,-91.89305658737855,-53.753580981195995
UGC02916,external_151,bulge_rich_hsb,28,2.968421833394695e+20,9.62,218.0,1.6980216140960764e-11,70.99608744754104,3.708348497273272e-11,5.4063701113693483e-11,126.68222873789868,164.66231905895987,-91.31777126210132,-53.337680941040134
UGC02916,external_151,bulge_rich_hsb,29,3.0825919039098755e+20,9.99,217.0,1.6362852654757186e-11,71.02112158958398,3.734420987840473e-11,5.370706253316192e-11,128.66893803381853,166.09634719087913,-88.33106196618147,-50.90365280912087
UGC02916,external_151,bulge_rich_hsb,30,3.2091046847510217e+20,10.4,217.0,1.5678747170045113e-11,70.93288447146259,3.7581080484396325e-11,5.325982765444144e-11,130.73498477259253,167.49253198073433,-86.26501522740747,-49.50746801926567
UGC02916,external_151,bulge_rich_hsb,31,3.304760689777255e+20,10.710000000000003,216.0,1.5161496681604276e-11,70.78496890693256,3.773636162858055e-11,5.2897858310184824e-11,132.2175339041331,168.41289982949561,-83.78246609586691,-47.587100170504385
UGC02916,external_151,bulge_rich_hsb,32,3.4312734706184e+20,11.12,215.0,1.4477391196892204e-11,70.48112395362364,3.7936240892066e-11,5.24136320889582e-11,134.10648950949223,169.44934591725593,-80.89351049050777,-45.550654082744074
UGC02916,external_151,bulge_rich_hsb,33,3.909553495749562e+20,12.67,212.0,1.2613032629515447e-11,70.22202347463751,3.774775802784026e-11,5.036079065735571e-11,140.31685756286623,174.19596274834288,-71.68314243713377,-37.80403725165712
UGC02916,external_151,bulge_rich_hsb,34,4.0052095007757946e+20,12.98,211.0,1.2316516532601067e-11,70.23548179719133,3.771784522612023e-11,5.0034361758721295e-11,141.5620362531154,175.17701854088446,-69.4379637468846,-35.82298145911554
UGC02916,external_151,bulge_rich_hsb,35,4.893884644245308e+20,15.86,209.0,9.561786341912619e-12,68.40634426004702,3.5914977406468584e-11,4.54767637483812e-11,149.18379127042402,180.82005134238986,-59.816208729575976,-28.17994865761014
UGC02916,external_151,bulge_rich_hsb,36,5.8782157927410545e+20,19.05,215.0,7.149527016965181e-12,64.82782012512342,3.2843917067473645e-11,3.999344408443882e-11,153.3264799776133,183.32083741999196,-61.6735200223867,-31.67916258000804
UGC02916,external_151,bulge_rich_hsb,37,6.831690165421887e+20,22.14,215.0,5.454973026220281e-12,61.0464459046313,2.959497809810286e-11,3.504995112432314e-11,154.7418516092386,183.9285729204535,-60.25814839076139,-31.07142707954651
UGC02916,external_151,bulge_rich_hsb,38,7.819106991499124e+20,25.34,210.0,4.212037145797967e-12,57.388473664284625,2.6525537944603473e-11,3.0737575090401436e-11,155.0291547713162,183.80323805827015,-54.9708452286838,-26.196761941729847
UGC02916,external_151,bulge_rich_hsb,39,8.803438139994871e+20,28.53,196.0,3.268052137985585e-12,53.6377617309243,2.3674236070096138e-11,2.6942288208081725e-11,154.00804121530822,182.48362478266532,-41.991958784691775,-13.516375217334684
UGC02916,external_151,bulge_rich_hsb,40,9.787769288490616e+20,31.72,185.0,2.673471698326199e-12,51.15400686410208,2.1587676327339337e-11,2.4261148025665536e-11,154.09818933041814,182.59950271319093,-30.901810669581863,-2.4004972868090704
UGC02916,external_151,bulge_rich_hsb,41,1.0772100436986361e+21,34.91,182.0,2.1615736824568932e-12,48.25421101766365,1.953732963797641e-11,2.1698903320433303e-11,152.8864827053603,181.27474997627735,-29.113517294639706,-0.7252500237226513
UGC02916,external_151,bulge_rich_hsb,42,1.1725574809667195e+21,38.0,181.0,1.8728271645747683e-12,46.86147140647458,1.8260342122966987e-11,2.0133169287541755e-11,153.64666694619993,182.2360378239477,-27.35333305380007,1.2360378239476972
UGC02953,external_151,bulge_rich_hsb,0,2.7771098233422305e+18,0.09000000000000001,231.0,3.07590600870079e-10,29.22692045433517,9.776097480072064e-12,3.1736669835015104e-10,29.687744535243745,38.610106878430244,-201.31225546475625,-192.38989312156974
UGC02953,external_151,bulge_rich_hsb,1,5.245651888535325e+18,0.17,231.0,3.0613484012645235e-10,40.07339269709747,1.0717266457663521e-11,3.168521065841159e-10,40.76880978504724,52.97640811964269,-190.23119021495276,-178.02359188035732
UGC02953,external_151,bulge_rich_hsb,2,8.022761711877555e+18,0.26,231.0,3.044971092898724e-10,49.42578021425847,1.1618374661813893e-11,3.161154839516863e-10,50.35989675504938,65.39268815233874,-180.64010324495064,-165.60731184766126
UGC02953,external_151,bulge_rich_hsb,3,1.049130377707065e+19,0.34,231.0,3.030413485462457e-10,56.38527152201904,1.2462205110299573e-11,3.1550355365654527e-10,57.53297857886488,74.65412524933406,-173.46702142113512,-156.34587475066593
UGC02953,external_151,bulge_rich_hsb,4,1.3268413600412879e+19,0.43,232.0,3.014036177096658e-10,63.23881608974486,1.3275475983621397e-11,3.1467909369328717e-10,64.61650227709335,83.79646664559657,-167.38349772290667,-148.20353335440342
UGC02953,external_151,bulge_rich_hsb,5,1.5736955665605972e+19,0.51,232.0,2.9994785696603915e-10,68.70419293658924,1.4035595374855016e-11,3.1398345234089415e-10,70.29326901789786,91.10491620056678,-161.70673098210216,-140.89508379943322
UGC02953,external_151,bulge_rich_hsb,6,1.8514065488948204e+19,0.6,232.0,2.9831012612945915e-10,74.31643971004804,1.4808300879216612e-11,3.131184270086758e-10,76.13865682710112,98.62840057297169,-155.8613431728989,-133.37159942702831
UGC02953,external_151,bulge_rich_hsb,7,2.129117531229043e+19,0.69,232.0,2.966723952928792e-10,79.47643662430907,1.551284894507632e-11,3.121852442379555e-10,81.52785269452714,105.56416764051525,-150.47214730547284,-126.43583235948475
UGC02953,external_151,bulge_rich_hsb,8,2.3759717377483526e+19,0.77,233.0,2.9521663454925253e-10,83.75120179449415,1.6170363964758895e-11,3.113869985140114e-10,86.0143422907819,111.32488616376135,-146.98565770921812,-121.67511383623865
UGC02953,external_151,bulge_rich_hsb,9,2.6536827200825758e+19,0.86,233.0,2.935789037126726e-10,88.26467378080008,1.684629805107351e-11,3.104252017637461e-10,90.76177575381611,117.42323062789839,-142.2382242461839,-115.57676937210161
UGC02953,external_151,bulge_rich_hsb,10,2.9313937024167985e+19,0.95,234.0,2.919411728760926e-10,92.5091625540493,1.7469826359434525e-11,3.094109992355271e-10,95.23683397811548,123.17437200382848,-138.7631660218845,-110.82562799617152
UGC02953,external_151,bulge_rich_hsb,11,3.178247908936108e+19,1.03,235.0,2.9048541213246595e-10,96.08510049359647,1.8027572940153556e-11,3.085129850726195e-10,99.02175264489563,128.03285537104975,-135.97824735510437,-106.96714462895025
UGC02953,external_151,bulge_rich_hsb,12,3.425102115455418e+19,1.11,235.0,2.890296513888393e-10,99.49653614077505,1.859000000773264e-11,3.0761965139657195e-10,102.64641828890362,132.67992872054853,-132.35358171109638,-102.32007127945147
UGC02953,external_151,bulge_rich_hsb,13,3.702813097789641e+19,1.2,236.0,2.8739192055225933e-10,103.15806161516538,1.9177480544407235e-11,3.0656940109666657e-10,106.54431912412143,137.68174549790447,-129.45568087587856,-98.31825450209553
UGC02953,external_151,bulge_rich_hsb,14,3.980524080123864e+19,1.29,237.0,2.857541897156794e-10,106.6513681656051,1.9747349002153087e-11,3.055015387178325e-10,110.27493964547091,142.4683114062571,-126.72506035452909,-94.5316885937429
UGC02953,external_151,bulge_rich_hsb,15,4.258235062458086e+19,1.38,238.0,2.841164588790994e-10,109.99248460783183,2.028359717168605e-11,3.0440005605078546e-10,113.85108658636779,147.06058211615684,-124.14891341363221,-90.93941788384316
UGC02953,external_151,bulge_rich_hsb,16,4.505089268977396e+19,1.46,238.0,2.8266069813547276e-10,112.84554390545412,2.0782759525151126e-11,3.034434576606239e-10,116.92048002160587,150.99378631175932,-121.07951997839413,-87.00621368824068
UGC02953,external_151,bulge_rich_hsb,17,4.782800251311619e+19,1.55,239.0,2.8102296729889276e-10,115.93432272720108,2.1296595580547073e-11,3.0231956287943986e-10,120.24699918568463,155.2649524255483,-118.75300081431537,-83.7350475744517
UGC02953,external_151,bulge_rich_hsb,18,5.029654457830928e+19,1.63,240.0,2.7956720655526613e-10,118.58020267793584,2.1774470006881307e-11,3.013416765621474e-10,123.1115147681585,158.93508291629269,-116.8884852318415,-81.06491708370731
UGC02953,external_151,bulge_rich_hsb,19,5.3073654401651515e+19,1.72,241.0,2.779294757186862e-10,121.45259545322918,2.2271156681137435e-11,3.002006323998236e-10,126.22497619387957,162.93207072687926,-114.77502380612043,-78.06792927312074
UGC02953,external_151,bulge_rich_hsb,20,5.554219646684461e+19,1.8,242.0,2.764737149750595e-10,123.91915669122007,2.2732616460804903e-11,2.992063314358644e-10,128.91305924821816,166.37547429378412,-113.08694075178184,-75.62452570621588
UGC02953,external_151,bulge_rich_hsb,21,5.831930629018684e+19,1.89,243.0,2.7483598413847956e-10,126.60270115023977,2.322926789562717e-11,2.9806525203410673e-10,131.84444898378848,170.13419152692305,-111.15555101621152,-72.86580847307695
UGC02953,external_151,bulge_rich_hsb,22,6.109641611352907e+19,1.98,244.0,2.7319825330189956e-10,129.19533337246423,2.372006652590056e-11,2.9691831982780013e-10,134.68721253307302,173.77857780292933,-109.31278746692698,-70.22142219707067
UGC02953,external_151,bulge_rich_hsb,23,6.387352593687129e+19,2.07,246.0,2.715605224653196e-10,131.70242243451298,2.4194765875484222e-11,2.9575528834080383e-10,137.44429082651334,177.31562399444587,-108.55570917348666,-68.68437600555413
UGC02953,external_151,bulge_rich_hsb,24,6.634206800206439e+19,2.15,247.0,2.7010476172169294e-10,133.86302129349224,2.4624031490266765e-11,2.947287932119597e-10,139.83174761631997,180.37461421310422,-107.16825238368003,-66.62538578689578
UGC02953,external_151,bulge_rich_hsb,25,6.881061006725748e+19,2.23,248.0,2.686490009780663e-10,135.96286864898073,2.506108323995995e-11,2.9371008421802623e-10,142.16318116146655,183.35769058403585,-105.83681883853345,-64.64230941596415
UGC02953,external_151,bulge_rich_hsb,26,7.1587719890599715e+19,2.32,249.0,2.6701127014148636e-10,138.25602342944043,2.5528822241512075e-11,2.9254009238299846e-10,144.71447125385995,186.62738884618412,-104.28552874614005,-62.37261115381588
UGC02953,external_151,bulge_rich_hsb,27,7.405626195579281e+19,2.4,251.0,2.655555093978597e-10,140.23568863799218,2.5961625490822074e-11,2.9151713488868175e-10,146.93083170634543,189.4607401349865,-104.06916829365457,-61.53925986501349
UGC02953,external_151,bulge_rich_hsb,28,7.683337177913505e+19,2.49,252.0,2.6391777856127974e-10,142.39976404236856,2.64368221954964e-11,2.903546007567761e-10,149.36171861533902,192.5699592954939,-102.63828138466098,-59.4300407045061
UGC02953,external_151,bulge_rich_hsb,29,7.961048160247728e+19,2.58,253.0,2.6228004772469974e-10,144.4999685608411,2.6911859963727143e-11,2.8919190768842686e-10,151.73235332853312,195.60002023669819,-101.26764667146688,-57.399979763301815
UGC02953,external_151,bulge_rich_hsb,30,8.23875914258195e+19,2.6699999999999995,254.0,2.606423168881198e-10,146.53904842074476,2.737942076770801e-11,2.880217376558278e-10,154.04355632009703,198.55448927576688,-99.95644367990297,-55.44551072423312
UGC02953,external_151,bulge_rich_hsb,31,8.48561334910126e+19,2.75,256.0,2.5918655614449316e-10,148.30228928534092,2.7803388792248554e-11,2.869899449367417e-10,156.05401974358273,201.1198724343624,-99.94598025641727,-54.88012756563759
UGC02953,external_151,bulge_rich_hsb,32,8.732467555620569e+19,2.83,257.0,2.577307954008665e-10,150.02085884710664,2.8235992998690742e-11,2.859667883995572e-10,158.02517842686166,203.63023373870993,-98.97482157313834,-53.36976626129007
UGC02953,external_151,bulge_rich_hsb,33,9.010178537954792e+19,2.92,259.0,2.5609306456428654e-10,151.90273974014443,2.8709140130743106e-11,2.8480220469502966e-10,160.1910956422161,206.3910694184022,-98.80890435778389,-52.608930581597804
UGC02953,external_151,bulge_rich_hsb,34,9.257032744474101e+19,3.0,260.0,2.546373038206599e-10,153.53129516266216,2.914523695043326e-11,2.837825407710932e-10,162.07974186270368,208.79088274306852,-97.92025813729632,-51.20911725693148
UGC02953,external_151,bulge_rich_hsb,35,9.534743726808325e+19,3.09,262.0,2.529995729840799e-10,155.3153595558128,2.9631020853752316e-11,2.8263059383783223e-10,164.15877319227818,211.43182611947486,-97.84122680772182,-50.56817388052514
UGC02953,external_151,bulge_rich_hsb,36,9.812454709142548e+19,3.18,263.0,2.513618421474999e-10,157.05020508356498,3.0120548245228305e-11,2.8148239039272823e-10,166.19365833718888,214.0126250586525,-96.80634166281112,-48.9873749413475
UGC02953,external_151,bulge_rich_hsb,37,1.009016569147677e+20,3.27,264.0,2.4972411131091997e-10,158.737445496769,3.060841371805166e-11,2.803325250289716e-10,168.18447093154538,216.5353717094852,-95.81552906845462,-47.46462829051481
UGC02953,external_151,bulge_rich_hsb,38,1.033701989799608e+20,3.35,266.0,2.482683505672933e-10,160.19846690454867,3.105151918768714e-11,2.7931986975498043e-10,169.92160108599808,218.73065538170417,-96.07839891400192,-47.26934461829583
UGC02953,external_151,bulge_rich_hsb,39,1.0583874104515389e+20,3.43,267.0,2.4681258982366666e-10,161.6240507505948,3.185293163219697e-11,2.7866552145586365e-10,171.737031427645,220.8828915159906,-95.26296857235499,-46.11710848400941
UGC02953,external_151,bulge_rich_hsb,40,1.2990702618078655e+20,4.21,280.0,2.3151112293205036e-10,173.42122565556144,3.591066250367962e-11,2.6742178543573e-10,186.3866113268656,239.44285782513842,-93.61338867313441,-40.55714217486158
UGC02953,external_151,bulge_rich_hsb,41,1.3237556824597964e+20,4.29,282.0,2.2934576650680112e-10,174.24056980550645,3.626975639480764e-11,2.6561552290160877e-10,187.5126816486114,240.9390537464086,-94.48731835138861,-41.060946253591396
UGC02953,external_151,bulge_rich_hsb,42,1.3515267806932188e+20,4.38,283.0,2.269097405283957e-10,175.12126973165658,3.6670974523893356e-11,2.6358071505228905e-10,188.7422568656624,242.57534302318078,-94.2577431343376,-40.42465697681922
UGC02953,external_151,bulge_rich_hsb,43,1.379297878926641e+20,4.47,285.0,2.244737145499903e-10,175.95911978456417,3.715608979294362e-11,2.6162980434293396e-10,189.96458464519142,244.16275228274833,-95.03541535480858,-40.83724771725167
UGC02953,external_151,bulge_rich_hsb,44,1.4811252391158563e+20,4.8,290.0,2.155416192958372e-10,178.67404188044938,3.8679078684512604e-11,2.542206979803498e-10,194.04450316469814,249.57726317929098,-95.95549683530186,-40.42273682070902
UGC02953,external_151,bulge_rich_hsb,45,1.6199807302829677e+20,5.25,296.0,2.0336148940381022e-10,181.50528755819113,4.068338346314387e-11,2.440448728669541e-10,198.8335965999766,255.97648109580052,-97.1664034000234,-40.02351890419948
UGC02953,external_151,bulge_rich_hsb,46,1.6415804733534074e+20,5.32,298.0,2.0146680253171713e-10,181.858178002809,4.1026135086466396e-11,2.4249293761818355e-10,199.51733541728046,256.8735258719062,-98.48266458271954,-41.126474128093776
UGC02953,external_151,bulge_rich_hsb,47,1.6693515715868295e+20,5.409999999999999,299.0,1.9903077655331173e-10,182.2779031131909,4.146427985748372e-11,2.4049505641079546e-10,200.36736270616146,257.98879128847074,-98.63263729383854,-41.011208711529264
UGC02953,external_151,bulge_rich_hsb,48,1.697122669820252e+20,5.5,300.0,1.9659475057490632e-10,182.65963099938955,4.190476878083252e-11,2.3849951935573884e-10,201.1872115816158,259.06154671701506,-98.8127884183842,-40.93845328298494
UGC02953,external_151,bulge_rich_hsb,49,1.721808090472183e+20,5.58,301.0,1.944293941496571e-10,182.9672385626685,4.2304661691175855e-11,2.3673405584083296e-10,201.8936880234347,259.9796816549875,-99.10631197656531,-41.02031834501253
UGC02953,external_151,bulge_rich_hsb,50,1.749579188705605e+20,5.67,302.0,1.9199336817125173e-10,183.2778222595181,4.2756748462643577e-11,2.347501166338953e-10,202.66078027306534,260.9729965926553,-99.33921972693466,-41.027003407344694
UGC02953,external_151,bulge_rich_hsb,51,1.7773502869390275e+20,5.760000000000001,303.0,1.895573421928463e-10,183.55102738417315,4.324455753681911e-11,2.328018997296654e-10,203.41350085096897,261.92464965827077,-99.58649914903103,-41.075350341729234
UGC02953,external_151,bulge_rich_hsb,52,1.8514065488948203e+20,6.0,306.0,1.8306127291709858e-10,184.098028106696,4.447793947027311e-11,2.2753921238737169e-10,205.24804212083228,264.2603987176966,-100.75195787916772,-41.7396012823034
UGC02953,external_151,bulge_rich_hsb,53,1.906948745361665e+20,6.18,307.0,1.781892209602878e-10,184.33602777189088,4.542468264579913e-11,2.2361390360608692e-10,206.4994559138236,265.8209298918318,-100.5005440861764,-41.17907010816822
UGC02953,external_151,bulge_rich_hsb,54,1.934719843595087e+20,6.27,308.0,1.7575319498188242e-10,184.3998898878967,4.591621913249705e-11,2.2166941411437947e-10,207.0913359378385,266.5400704824716,-100.9086640621615,-41.459929517528394
UGC02953,external_151,bulge_rich_hsb,55,1.9624909418285095e+20,6.36,309.0,1.73317169003477e-10,184.42705176645984,4.6414596051981026e-11,2.1973176505545802e-10,207.6587581955855,267.21856758583,-101.3412418044145,-41.78143241417001
UGC02953,external_151,bulge_rich_hsb,56,1.9902620400619317e+20,6.449999999999999,310.0,1.7088114302507161e-10,184.4175296237301,4.691846658669046e-11,2.177996096117621e-10,208.2014157854355,267.85646652686887,-101.7985842145645,-42.14353347313113
UGC02953,external_151,bulge_rich_hsb,57,2.014947460713863e+20,6.53,310.0,1.6871578659982234e-10,184.37826493154068,4.737398650571928e-11,2.1608977310554162e-10,208.66469265432661,268.38942034601007,-101.33530734567339,-41.61057965398993
UGC02953,external_151,bulge_rich_hsb,58,2.0396328813657938e+20,6.61,311.0,1.6655043017457312e-10,184.30999261832685,4.783702051841226e-11,2.1438745069298538e-10,209.110423887859,268.89030508322816,-101.88957611214099,-42.10969491677184
UGC02953,external_151,bulge_rich_hsb,59,2.067403979599216e+20,6.7,312.0,1.6411440419616774e-10,184.19847239993913,4.8363592275431544e-11,2.1247799647159927e-10,209.58956450230352,269.4154381934506,-102.41043549769648,-42.5845618065494
UGC02953,external_151,bulge_rich_hsb,60,2.095175077832638e+20,6.789999999999999,312.0,1.6167837821776234e-10,184.05013139529538,4.889685552175175e-11,2.105752337395141e-10,210.04570496437492,269.8998943472223,-101.95429503562508,-42.1001056527777
UGC02953,external_151,bulge_rich_hsb,61,2.1198604984845694e+20,6.87,313.0,1.5951302179251307e-10,183.88728990657748,4.9380608741893584e-11,2.0889363053440666e-10,210.43415971626823,270.29630304800884,-102.56584028373177,-42.70369695199116
UGC02953,external_151,bulge_rich_hsb,62,2.1476315967179915e+20,6.96,313.0,1.570769958141077e-10,183.6691371264964,4.993142561482126e-11,2.0700842142892895e-10,210.85014267187054,270.7036618355873,-102.14985732812946,-42.2963381644127
UGC02953,external_151,bulge_rich_hsb,63,2.1754026949514137e+20,7.05,314.0,1.546409698357023e-10,183.41384422406261,5.0499032867235635e-11,2.0514000270293795e-10,211.24916916341033,271.07001083445704,-102.75083083658967,-42.92998916554296
UGC02953,external_151,bulge_rich_hsb,64,2.2216878586737843e+20,7.2,315.0,1.5058092653835997e-10,182.90538981618977,5.145738821982051e-11,2.0203831475818047e-10,211.86459611864413,271.5889775297755,-103.13540388135587,-43.41102247022451
UGC02953,external_151,bulge_rich_hsb,65,2.28031573272212e+20,7.39,316.0,1.4543820502839303e-10,182.11123717802536,5.269142391187567e-11,1.981296289402687e-10,212.55543041543083,272.0805266606674,-103.44456958456917,-43.919473339332626
UGC02953,external_151,bulge_rich_hsb,66,2.305001153374051e+20,7.47,316.0,1.432728486031438e-10,181.7261899885188,5.327971012806751e-11,1.9655255873121132e-10,212.85062240314522,272.23149901516797,-103.14937759685478,-43.76850098483203
UGC02953,external_151,bulge_rich_hsb,67,2.4654563876116025e+20,7.99,318.0,1.291980318390237e-10,178.47467967876233,5.6959282077714034e-11,1.8615731391673775e-10,214.23415663629348,272.3837971310077,-103.76584336370652,-45.616202868992275
UGC02953,external_151,bulge_rich_hsb,68,2.4932274858450246e+20,8.08,318.0,1.2676200586061833e-10,177.77697184183944,5.7646282148028664e-11,1.84408288008647e-10,214.42290276012594,272.26036884607055,-103.57709723987406,-45.73963115392945
UGC02953,external_151,bulge_rich_hsb,69,2.5179129064969555e+20,8.16,318.0,1.2459664943536908e-10,177.12241860351625,5.827033000669969e-11,1.8286697944206877e-10,214.57938570824982,272.1123868665315,-103.42061429175018,-45.887613133468506
UGC02953,external_151,bulge_rich_hsb,70,2.545684004730378e+20,8.25,319.0,1.232234497878957e-10,177.11238385069038,5.871552619245641e-11,1.819389759803521e-10,215.21132428155514,272.649287965637,-103.78867571844486,-46.35071203436303
UGC02953,external_151,bulge_rich_hsb,71,2.5734551029638e+20,8.34,319.0,1.219862919107816e-10,177.1796391827889,5.912626545363854e-11,1.8111255736442016e-10,215.89002639313634,273.2577903394135,-103.10997360686366,-45.742209660586525
UGC02953,external_151,bulge_rich_hsb,72,2.5919691684527486e+20,8.4,319.0,1.2116151999270553e-10,177.2136914078492,5.949656075031569e-11,1.8065808074302122e-10,216.3932012143076,273.6508820374365,-102.6067987856924,-45.349117962563525
UGC02953,external_151,bulge_rich_hsb,73,2.959164800650221e+20,9.590000000000002,319.0,1.0480354361753026e-10,176.10535405160334,6.511131214225726e-11,1.6991485575978752e-10,224.23337402624142,279.3697805235797,-94.76662597375858,-39.63021947642028
UGC02953,external_151,bulge_rich_hsb,74,3.3325317880106766e+20,10.8,317.0,8.817064326966298e-11,171.41513103151118,7.091827456905728e-11,1.5908891783872028e-10,230.25396322707545,281.0289825193604,-86.74603677292455,-35.9710174806396
UGC02953,external_151,bulge_rich_hsb,75,3.708984452952623e+20,12.02,312.0,7.14002809354497e-11,162.7336879462985,7.63063407651175e-11,1.477066217005672e-10,234.0601554057329,278.0383029863949,-77.9398445942671,-33.96169701360509
UGC02953,external_151,bulge_rich_hsb,76,4.0792657627315877e+20,13.22,308.0,6.094924773940587e-11,157.6794785530457,7.885049247751713e-11,1.39799740216923e-10,238.8054216104953,278.07710402013566,-69.1945783895047,-29.922895979864336
UGC02953,external_151,bulge_rich_hsb,77,4.4495470725105517e+20,14.420000000000002,303.0,5.197265479766688e-11,152.07063293271327,7.965697410577966e-11,1.3162962890344654e-10,242.01079106993987,277.0411414335578,-60.98920893006013,-25.95885856644219
UGC02953,external_151,bulge_rich_hsb,78,4.822914059871007e+20,15.63,298.0,4.292125691474675e-11,143.8768686903728,7.85258921865263e-11,1.2144714910127305e-10,242.01842139221145,272.73845554264017,-55.98157860778855,-25.261544457359832
UGC02953,external_151,bulge_rich_hsb,79,5.19319536964997e+20,16.83,296.0,3.564550817175723e-11,136.05663820129828,7.54793635148684e-11,1.1112487168662562e-10,240.22763560754856,268.24133199525204,-55.772364392451436,-27.75866800474796
UGC02953,external_151,bulge_rich_hsb,80,5.5634766794289355e+20,18.03,294.0,3.0837868416001244e-11,130.9831140932758,7.192821083780897e-11,1.0276607925381021e-10,239.110159835361,266.38495041565056,-54.889840164639,-27.615049584349435
UGC02953,external_151,bulge_rich_hsb,81,5.933757989207899e+20,19.23,294.0,2.6030228660245282e-11,124.28076169449511,6.742503906170593e-11,9.345526772195121e-11,235.4869298875611,262.2236692894228,-58.513070112438896,-31.776330710577213
UGC02953,external_151,bulge_rich_hsb,82,6.304039298986863e+20,20.430000000000003,294.0,2.123076697062417e-11,115.68906142347558,6.185315027311024e-11,8.308391724373442e-11,228.85896954637238,255.28455442509556,-65.14103045362762,-38.715445574904436
UGC02953,external_151,bulge_rich_hsb,83,6.677406286347318e+20,21.639999999999997,292.0,1.8597761745902032e-11,111.43823903583362,5.8136155308666455e-11,7.673391705456849e-11,226.35890530664554,253.25043712932754,-65.64109469335446,-38.74956287067246
UGC02953,external_151,bulge_rich_hsb,84,7.047687596126283e+20,22.84,290.0,1.5986516894937917e-11,106.14517267672478,5.4087353538486444e-11,7.007387043342436e-11,222.22932917736244,249.54356306726413,-67.77067082263756,-40.45643693273587
UGC02953,external_151,bulge_rich_hsb,85,7.417968905905246e+20,24.04,287.0,1.3375272043973814e-11,99.60790738200531,4.960810444659007e-11,6.298337649056389e-11,216.1501164459382,243.81447813316487,-70.84988355406179,-43.18552186683513
UGC02953,external_151,bulge_rich_hsb,86,7.788250215684211e+20,25.240000000000002,283.0,1.146588171720812e-11,94.49823054272275,4.5987759762942826e-11,5.7453641480150946e-11,211.53329185960985,239.57811825013027,-71.46670814039015,-43.421881749869726
UGC02953,external_151,bulge_rich_hsb,87,8.158531525463175e+20,26.44,279.0,1.0009380015741994e-11,90.36694219058879,4.299064048156816e-11,5.300002049731015e-11,207.9428618821765,236.36326435665998,-71.05713811782351,-42.63673564334002
UGC02953,external_151,bulge_rich_hsb,88,8.53189851282363e+20,27.65,276.0,8.540740800096988e-12,85.36318511557519,3.972927622106785e-11,4.827001702116483e-11,202.93715441900912,231.61288526646186,-73.06284558099088,-44.38711473353814
UGC02953,external_151,bulge_rich_hsb,89,8.902179822602595e+20,28.85,273.0,7.215656587866984e-12,80.1467856394372,3.6528662372913504e-11,4.3744318960780486e-11,197.33722244071242,226.15370843089516,-75.66277755928758,-46.846291569104835
UGC02953,external_151,bulge_rich_hsb,90,9.272461132381558e+20,30.05,271.0,6.379401446477616e-12,76.9108262602362,3.435043283372008e-11,4.07298342801977e-11,194.336256342319,223.36230109598517,-76.66374365768101,-47.637698904014826
UGC02953,external_151,bulge_rich_hsb,91,9.642742442160523e+20,31.25,270.0,5.543146305088246e-12,73.11028117794359,3.2022885859940494e-11,3.756603216502874e-11,190.32592380999756,219.44628017955839,-79.67407619000244,-50.553719820441614
UGC02953,external_151,bulge_rich_hsb,92,9.979081298543082e+20,32.34,268.0,4.783547884992901e-12,69.09081939000143,2.9750290829941166e-11,3.4533838714934066e-11,185.63835381922067,214.71636447631917,-82.36164618077933,-53.28363552368083
UGC02953,external_151,bulge_rich_hsb,93,1.0352448285903535e+21,33.55,267.0,4.188784352531326e-12,65.85147939901007,2.7840986048211836e-11,3.202977040074316e-11,182.09517887167064,211.18560488777422,-84.90482112832936,-55.81439511222578
UGC02953,external_151,bulge_rich_hsb,94,1.07227295956825e+21,34.75,266.0,3.695568786661671e-12,62.949650357740325,2.6151741289030734e-11,2.9847310075692406e-11,178.8979136547264,207.97924909637737,-87.10208634527359,-58.02075090362263
UGC02953,external_151,bulge_rich_hsb,95,1.1093010905461466e+21,35.95,265.0,3.2023532207920133e-12,59.601794605016266,2.4345142674937923e-11,2.7547495895729935e-11,174.80980304018627,203.75978713079994,-90.19019695981373,-61.240212869200064
UGC02953,external_151,bulge_rich_hsb,96,1.1463292215240428e+21,37.15,264.0,2.7716494314963218e-12,56.366858482132336,2.2649731561576657e-11,2.542138099307298e-11,170.70814826438556,199.47545404603449,-93.29185173561444,-64.52454595396551
UGC02953,external_151,bulge_rich_hsb,97,1.1833573525019393e+21,38.35,264.0,2.473761522068294e-12,54.10493402154653,2.139871332863811e-11,2.3872474850706402e-11,168.07637739135458,196.76531692413454,-95.92362260864542,-67.23468307586546
UGC02953,external_151,bulge_rich_hsb,98,1.220694051237985e+21,39.56,264.0,2.173391213395032e-12,51.507724908058414,2.005817532738081e-11,2.2231566540775842e-11,164.73597368524733,193.24322228880675,-99.26402631475267,-70.75677771119325
UGC02953,external_151,bulge_rich_hsb,99,1.2577221822158812e+21,40.76,264.0,1.8755033039670065e-12,48.56811822809773,1.863347774423635e-11,2.0508981048203358e-11,160.60697493873195,188.80778184192883,-103.39302506126805,-75.19221815807117
UGC02953,external_151,bulge_rich_hsb,100,1.2947503131937777e+21,41.96,264.0,1.6830686754932214e-12,46.681406306167396,1.7652171791108052e-11,1.9335240466601274e-11,158.22233928813276,186.28377640741869,-105.77766071186724,-77.71622359258131
UGC02953,external_151,bulge_rich_hsb,101,1.3317784441716739e+21,43.16,264.0,1.4992936794539002e-12,44.684751356358014,1.6661034960386695e-11,1.8160328639840596e-11,155.51699013809775,183.37866720909116,-108.48300986190225,-80.62133279090884
UGC02953,external_151,bulge_rich_hsb,102,1.3688065751495703e+21,44.36,262.0,1.3155186834145777e-12,42.43454516770481,1.560693726616494e-11,1.6922455949579517e-11,152.19582442190523,179.7570469077472,-109.80417557809477,-82.2429530922528
UGC02953,external_151,bulge_rich_hsb,103,1.406143273885616e+21,45.57,260.0,1.1661967085845443e-12,40.494933730081605,1.4694847211360485e-11,1.586104391994503e-11,149.34155558596223,176.63814294695428,-110.65844441403777,-83.36185705304572
UGC02953,external_151,bulge_rich_hsb,104,1.4431714048635125e+21,46.77,258.0,1.0505494280317077e-12,38.93742279518611,1.3947515597581301e-11,1.499806502561301e-11,147.12164549531195,174.2174558261307,-110.87835450468805,-83.7825441738693
UGC02953,external_151,bulge_rich_hsb,105,1.4801995358414087e+21,47.97,257.0,9.34902147478872e-13,37.20002318218851,1.315771504789717e-11,1.4092617195376043e-11,144.42951717493995,171.24392282121093,-112.57048282506005,-85.75607717878907
UGC02953,external_151,bulge_rich_hsb,106,1.5172276668193052e+21,49.17,258.0,8.24389627775663e-13,35.36646365556082,1.2355827061208467e-11,1.318021668898413e-11,141.412126125026,167.88121405009133,-116.58787387497401,-90.11878594990867
UGC02953,external_151,bulge_rich_hsb,107,1.5542557977972016e+21,50.37,260.0,7.501730356232539e-13,34.1461680129494,1.1786749333091171e-11,1.2536922368714425e-11,139.59077433021076,165.870120033367,-120.40922566978924,-94.12987996663301
UGC02953,external_151,bulge_rich_hsb,108,1.591592496533247e+21,51.58,263.0,6.75337971869575e-13,32.785101016339674,1.1183589114329196e-11,1.185892708619877e-11,137.3847857927829,163.4075621628626,-125.6152142072171,-99.5924378371374
UGC02953,external_151,bulge_rich_hsb,109,1.6286206275111436e+21,52.78,265.0,6.01121379717166e-13,31.28895457897779,1.0551360830949086e-11,1.1152482210666251e-11,134.77077790174744,160.4627420975699,-130.22922209825256,-104.5372579024301
UGC02953,external_151,bulge_rich_hsb,110,1.6656487584890398e+21,53.98,266.0,5.455503850110847e-13,30.14457366570194,1.0051969073387077e-11,1.0597519458398162e-11,132.85987027294712,158.3160327189444,-133.14012972705288,-107.6839672810556
UGC02953,external_151,bulge_rich_hsb,111,1.7026768894669365e+21,55.18000000000001,266.0,4.969453782452524e-13,29.088441190025918,9.593914142444544e-12,1.0090859520689796e-11,131.0781190768922,156.30936470456976,-134.9218809231078,-109.69063529543024
UGC02953,external_151,bulge_rich_hsb,112,1.7770417191808784e+21,57.59,262.0,4.046704237409468e-13,26.81634250799812,8.657706319834734e-12,9.062376743575682e-12,126.90240954477002,151.56272871507718,-135.09759045522998,-110.43727128492282
UGC02953,external_151,bulge_rich_hsb,113,1.851097981136671e+21,59.989999999999995,263.0,3.3962076069758345e-13,25.073318577312364,7.931558180283381e-12,8.271178940980965e-12,123.73666651106296,147.95914704093508,-139.26333348893704,-115.04085295906492
UGC02953,external_151,bulge_rich_hsb,114,1.925154243092464e+21,62.39,272.0,2.8408648879397523e-13,23.386113599890024,7.254289110255898e-12,7.538375599049873e-12,120.46798649656081,144.2127958576364,-151.5320135034392,-127.7872041423636
UGC03205,external_151,bulge_rich_hsb,0,8.639897228175829e+18,0.28,107.0,1.1337923977064394e-10,31.298322310102648,1.0606805549101876e-11,1.239860453197458e-10,32.729599589523765,48.926629768459165,-74.27040041047624,-58.073370231540835
UGC03205,external_151,bulge_rich_hsb,1,1.697122669820252e+19,0.55,121.0,1.1147999623191081e-10,43.49657789259428,1.2994688032909762e-11,1.2447468426482058e-10,45.96181115714928,68.209288575317,-75.03818884285073,-52.790711424682996
UGC03205,external_151,bulge_rich_hsb,2,2.5611123926378344e+19,0.83,134.0,1.0951041033989128e-10,52.95927388516104,1.576471728812083e-11,1.252751276280121e-10,56.64306505278366,83.3247353547077,-77.35693494721633,-50.6752646452923
UGC03205,external_151,bulge_rich_hsb,3,4.289091838273e+19,1.39,157.0,1.0557123855585221e-10,67.29076739392096,1.8742633190722125e-11,1.2431387174657434e-10,73.02010768907071,106.60234172845372,-83.97989231092929,-50.39765827154628
UGC03205,external_151,bulge_rich_hsb,4,5.091368009460756e+19,1.65,168.0,1.037423373704055e-10,72.67671000495052,2.1507665530720126e-11,1.2525000290112562e-10,79.85573604667718,115.51377882377079,-88.14426395332282,-52.48622117622921
UGC03205,external_151,bulge_rich_hsb,5,9.380459847733756e+19,3.04,207.0,9.396475026359423e-11,93.88464022138955,2.855490554715527e-11,1.225196558107495e-10,107.20497711817745,152.05108673594643,-99.79502288182255,-54.94891326405357
UGC03205,external_151,bulge_rich_hsb,6,1.0244449570551338e+20,3.32,213.0,9.19951643715747e-11,97.07933982775006,3.036955293494287e-11,1.2236471730651757e-10,111.96245690683058,157.8638870568259,-101.03754309316942,-55.13611294317411
UGC03205,external_151,bulge_rich_hsb,7,1.1077582517554007e+20,3.59,218.0,9.009592083284158e-11,99.90220205384942,3.222643869652188e-11,1.2232235952936346e-10,116.40601494031279,163.10619962504677,-101.59398505968721,-54.89380037495323
UGC03205,external_151,bulge_rich_hsb,8,1.194157224037159e+20,3.87,222.0,8.812633494082205e-11,102.58494017032956,3.426683857501e-11,1.2239317351583205e-10,120.89528209436641,168.2006499974161,-101.10471790563359,-53.79935000258391
UGC03205,external_151,bulge_rich_hsb,9,1.2805561963189174e+20,4.15,226.0,8.615674904880251e-11,105.0374023141938,3.645042534641687e-11,1.226071743952194e-10,125.30178645372631,172.97542721629657,-100.69821354627369,-53.024572783703434
UGC03205,external_151,bulge_rich_hsb,10,1.3669551686006756e+20,4.43,229.0,8.418716315678298e-11,107.27538292031069,3.879676573451615e-11,1.2298392889129912e-10,129.658596804369,177.45445448692809,-99.34140319563099,-51.545545513071914
UGC03205,external_151,bulge_rich_hsb,11,1.4502684633009426e+20,4.7,232.0,8.228791961804984e-11,109.24265409294146,4.1243755600092703e-11,1.2353167521814255e-10,133.84845639289486,181.51211368071208,-98.15154360710514,-50.487886319287924
UGC03205,external_151,bulge_rich_hsb,12,1.5335817580012093e+20,4.97,234.0,8.012749720544717e-11,110.85218447489731,4.335145608480323e-11,1.234789532902504e-10,137.60998156493278,185.14475536868434,-96.39001843506722,-48.85524463131566
UGC03205,external_151,bulge_rich_hsb,13,1.6199807302829677e+20,5.25,235.0,7.744035098354799e-11,112.00530181187737,4.467995335178593e-11,1.221203043353339e-10,140.65295581662426,188.32459589264428,-94.34704418337574,-46.67540410735572
UGC03205,external_151,bulge_rich_hsb,14,1.7032940249832345e+20,5.52,236.0,7.484917426957381e-11,112.9115367481525,4.598153262018677e-11,1.208307068897606e-10,143.46087309082912,191.12360837857076,-92.53912690917088,-44.876391621429235
UGC03205,external_151,bulge_rich_hsb,15,1.7896929972649928e+20,5.8,237.0,7.216202804767464e-11,113.64324716645653,4.734463159434331e-11,1.1950665964201794e-10,146.24644675610085,193.7569741444155,-90.75355324389915,-43.243025855584506
UGC03205,external_151,bulge_rich_hsb,16,1.8760919695467512e+20,6.08,237.0,6.947488182577547e-11,114.167100286618,4.8722701560104145e-11,1.1819758338587962e-10,148.91257066147278,196.12217855538233,-88.08742933852722,-40.877821444617666
UGC03205,external_151,bulge_rich_hsb,17,1.9624909418285095e+20,6.36,237.0,6.67877356038763e-11,114.4859494208109,5.0111723472231526e-11,1.1689945907610784e-10,151.46422994935608,198.22354508542008,-85.53577005064392,-38.776454914579915
UGC03205,external_151,bulge_rich_hsb,18,2.0458042365287763e+20,6.63,236.0,6.419655888990211e-11,114.60086917101931,5.146326147951481e-11,1.1565982036941691e-10,153.82371420165043,200.0024542910577,-82.17628579834957,-35.99754570894231
UGC03205,external_151,bulge_rich_hsb,19,2.1322032088105347e+20,6.91,236.0,6.150941266800294e-11,114.52098806016618,5.286750105648609e-11,1.1437691372448903e-10,156.1649200227763,201.59164741204626,-79.8350799772237,-34.40835258795374
UGC03205,external_151,bulge_rich_hsb,20,2.218602181092293e+20,7.19,235.0,5.882226644610378e-11,114.2380009603275,5.424314637184911e-11,1.1306541281795289e-10,158.3815555814536,202.91997754559807,-76.6184444185464,-32.08002245440193
UGC03205,external_151,bulge_rich_hsb,21,2.2432876017442236e+20,7.269999999999999,234.0,5.8054510382704024e-11,114.11965797655162,5.465761318825512e-11,1.1271212357095915e-10,159.01122896606878,203.25131103041267,-74.98877103393122,-30.748688969587334
UGC03205,external_151,bulge_rich_hsb,22,2.3019154757925598e+20,7.46,234.0,5.6231089732129584e-11,113.77135653365006,5.564711695158637e-11,1.1187820668371595e-10,160.47871365672282,203.95169621929503,-73.52128634327718,-30.04830378070497
UGC03205,external_151,bulge_rich_hsb,23,2.4747134203560762e+20,8.02,231.0,5.0856797288331256e-11,112.18556001810656,5.832809758278407e-11,1.0918489487111533e-10,164.37801697237876,205.29414536955707,-66.62198302762124,-25.70585463044293
UGC03205,external_151,bulge_rich_hsb,24,2.558026715056343e+20,8.29,229.0,4.826562057435707e-11,111.11469157945696,5.957806238708413e-11,1.078436829614412e-10,166.09245078131428,205.5440203629469,-62.907549218685716,-23.455979637053105
UGC03205,external_151,bulge_rich_hsb,25,2.6413400097566104e+20,8.56,228.0,4.5674443860382855e-11,109.83703200278649,6.076903767200844e-11,1.0644348153239129e-10,167.6763032003312,205.52360264522525,-60.323696799668795,-22.476397354774747
UGC03205,external_151,bulge_rich_hsb,26,2.7277389820383684e+20,8.84,226.0,4.2987297638483695e-11,108.28579200475835,6.191905160928757e-11,1.0490634924777126e-10,169.1617977873483,205.20452803601788,-56.83820221265171,-20.795471963982123
UGC03205,external_151,bulge_rich_hsb,27,2.8141379543201264e+20,9.12,224.0,4.030015141658454e-11,106.49421846572638,6.297952512615161e-11,1.0327967654273615e-10,170.4826259971437,204.5661978624664,-53.517374002856286,-19.433802137533604
UGC03205,external_151,bulge_rich_hsb,28,2.9900215764651344e+20,9.69,221.0,3.4829889464861234e-11,102.05004703861276,6.472144610281376e-11,9.955133556767499e-11,172.52844441229658,202.1917519477974,-48.47155558770342,-18.8082480522026
UGC03205,external_151,bulge_rich_hsb,29,3.7367555511860455e+20,12.11,216.0,2.568968228690445e-11,97.97758054463074,6.165945502679553e-11,8.734913731369998e-11,180.66609359486372,207.3214251875636,-35.333906405136275,-8.678574812436409
UGC03205,external_151,bulge_rich_hsb,30,4.4989179138144135e+20,14.58,220.0,1.6640224953066522e-11,86.52341078069715,5.3235211676687104e-11,6.987543662975363e-11,177.30308897173856,201.58839832224697,-42.69691102826144,-18.411601677753026
UGC03205,external_151,bulge_rich_hsb,31,4.5297746896293265e+20,14.679999999999998,220.0,1.643000103000222e-11,86.26946320470982,5.2959696565870376e-11,6.93896975958726e-11,177.2906359317425,201.57180778127338,-42.709364068257514,-18.428192218726622
UGC03205,external_151,bulge_rich_hsb,32,4.6902299238668776e+20,15.2,221.0,1.5596854142482406e-11,85.52942886355436,5.1770581717529866e-11,6.736743586001227e-11,177.7551021953553,202.1976235647256,-43.244897804644694,-18.802376435274397
UGC03205,external_151,bulge_rich_hsb,33,4.782800251311619e+20,15.5,221.0,1.5116192476605592e-11,85.02807135057458,5.10606545369283e-11,6.617684701353388e-11,177.90745923859978,202.43709450340654,-43.092540761400215,-18.56290549659346
UGC03205,external_151,bulge_rich_hsb,34,4.847599480522938e+20,15.71,221.0,1.477972931049182e-11,84.64408315281688,5.055481878320663e-11,6.533454809369845e-11,177.9650868567241,202.55045855988251,-43.0349131432759,-18.449541440117486
UGC03205,external_151,bulge_rich_hsb,35,4.94325548554917e+20,16.02,221.0,1.428304558908578e-11,84.02662879028122,4.978875254580477e-11,6.407179813489055e-11,177.96720697906588,202.63427085253116,-43.03279302093412,-18.36572914746884
UGC03205,external_151,bulge_rich_hsb,36,5.035825812993911e+20,16.32,221.0,1.3802383923208966e-11,83.37049912369956,4.9026354026248056e-11,6.282873794945703e-11,177.87483812043394,202.61816840467793,-43.125161879566065,-18.38183159532207
UGC03205,external_151,bulge_rich_hsb,37,5.1006250422052304e+20,16.53,221.0,1.3465920757095192e-11,82.87618031134818,4.848241155966746e-11,6.194833231676266e-11,177.7569169224453,202.54845212597886,-43.2430830775547,-18.451547874021145
UGC03205,external_151,bulge_rich_hsb,38,5.196281047231462e+20,16.84,221.0,1.2969237035689154e-11,82.09250916228832,4.765664895949813e-11,6.062588599518729e-11,177.49060323532822,202.35494427776774,-43.50939676467178,-18.645055722232257
UGC03205,external_151,bulge_rich_hsb,39,5.2271378230463765e+20,16.94,221.0,1.2809016480396878e-11,81.8257261017016,4.7409587771140026e-11,6.021860425153691e-11,177.41785252174313,202.26892574178436,-43.58214747825687,-18.731074258215642
UGC03205,external_151,bulge_rich_hsb,40,5.986214508093251e+20,19.4,218.0,8.867590820207006e-12,72.85828766843049,3.9866155458594286e-11,4.873374627880129e-11,170.80124677762038,195.97174028967785,-47.19875322237962,-22.028259710322146
UGC03205,external_151,bulge_rich_hsb,41,6.717520094906706e+20,21.769999999999996,216.0,7.030064832955501e-12,68.72015845723547,3.55993777140152e-11,4.26294425469707e-11,169.22297035093865,195.09338716513295,-46.77702964906135,-20.906612834867047
UGC03205,external_151,bulge_rich_hsb,42,7.476596779953582e+20,24.23,215.0,5.186802425312448e-12,62.2732930808597,3.065035504823408e-11,3.583715747354653e-11,163.68872171576373,189.86670418071387,-51.311278284236266,-25.133295819286133
UGC03205,external_151,bulge_rich_hsb,43,8.235673465000459e+20,26.69,212.0,4.206475172834182e-12,58.85843691612418,2.7634420398461762e-11,3.1840895571295944e-11,161.9355485242115,188.57031441418727,-50.0644514757885,-23.429685585812734
UGC03205,external_151,bulge_rich_hsb,44,8.966979051813912e+20,29.06,208.0,3.3010860953440073e-12,54.40658955051667,2.450407278437738e-11,2.780515887972139e-11,157.9013227325279,184.65548450319224,-50.09867726747211,-23.34451549680776
UGC03205,external_151,bulge_rich_hsb,45,9.726055736860789e+20,31.52,209.0,2.7544386171376924e-12,51.75888669015491,2.2401705809939846e-11,2.515614442707754e-11,156.41932835243733,183.44200041569758,-52.58067164756267,-25.557999584302422
UGC03205,external_151,bulge_rich_hsb,46,1.121335233113963e+21,36.34,220.0,1.9258256782277448e-12,46.47037966094493,1.8750805906422104e-11,2.067663158464985e-11,152.2676442911785,179.5019079579159,-67.7323557088215,-40.498092042084096
UGC03205,external_151,bulge_rich_hsb,47,1.2355053036291435e+21,40.04,220.0,1.5073314107019943e-12,43.154558881410345,1.6599293343183195e-11,1.810662475388519e-11,149.56881665055684,176.86969373681657,-70.43118334944316,-43.13030626318343
UGC03546,external_151,bulge_rich_hsb,0,1.9439768763395613e+19,0.63,262.0,2.53959724313789e-10,70.26320741238445,5.320227929623936e-12,2.592799522434129e-10,70.99536827565728,95.59270472494838,-191.00463172434272,-166.40729527505164
UGC03546,external_151,bulge_rich_hsb,1,2.4376852893781803e+19,0.79,250.0,2.5155844173612424e-10,78.3083847898198,6.299663265516827e-12,2.578581050016411e-10,79.28284236260924,106.69782081613491,-170.71715763739076,-143.3021791838651
UGC03546,external_151,bulge_rich_hsb,2,2.9313937024167985e+19,0.95,241.0,2.4915715915845954e-10,85.46213941092093,7.2072119032768144e-12,2.5636437106173637e-10,86.68938244412733,116.62170076402609,-154.31061755587268,-124.37829923597391
UGC03546,external_151,bulge_rich_hsb,3,3.425102115455418e+19,1.11,234.0,2.467558765807948e-10,91.93280561790424,8.051127558151198e-12,2.54807004138946e-10,93.42055496030633,125.644197290045,-140.57944503969367,-108.355802709955
UGC03546,external_151,bulge_rich_hsb,4,3.9188105284940366e+19,1.27,228.0,2.443545940031301e-10,97.8559837549729,8.839765545424241e-12,2.5319435954855436e-10,99.61027667636404,133.9472411219216,-128.38972332363596,-94.05275887807841
UGC03546,external_151,bulge_rich_hsb,5,4.412518941532655e+19,1.43,225.0,2.4195331142546534e-10,103.3258713794089,9.581097103508768e-12,2.515344085289741e-10,105.35180786684732,141.65706859759584,-119.64819213315268,-83.34293140240416
UGC03546,external_151,bulge_rich_hsb,6,4.906227354571274e+19,1.59,222.0,2.395520288478006e-10,108.41110260375208,1.0498510070047278e-11,2.500505389178479e-10,110.76122038258852,148.8655566552917,-111.23877961741148,-73.1344433447083
UGC03546,external_151,bulge_rich_hsb,7,5.862787404833597e+19,1.9,221.0,2.348995438535752e-10,117.35271991334065,1.1551760359071281e-11,2.464513042126465e-10,120.20364396484482,161.65080921878774,-100.79635603515518,-59.34919078121226
UGC03546,external_151,bulge_rich_hsb,8,6.356495817872216e+19,2.06,221.0,2.3249826127591046e-10,121.56785041543206,1.2171407409029297e-11,2.4466966868493975e-10,124.70933107654777,167.73388551702226,-96.29066892345223,-53.26611448297774
UGC03546,external_151,bulge_rich_hsb,9,6.850204230910836e+19,2.22,222.0,2.300969786982457e-10,125.54725393247449,1.277321431363528e-11,2.4287019301188096e-10,128.98489926080953,173.51454767029395,-93.01510073919047,-48.48545232970605
UGC03546,external_151,bulge_rich_hsb,10,7.343912643949453e+19,2.38,222.0,2.27695696120581e-10,129.3126947253365,1.3576913806220882e-11,2.412726099268019e-10,133.11216964200247,179.02179456579887,-88.88783035799753,-42.97820543420113
UGC03546,external_151,bulge_rich_hsb,11,8.609040452360915e+19,2.79,221.0,2.2154240951531512e-10,138.10385821659202,1.476509766890878e-11,2.363075071842239e-10,142.63172468092614,192.04431023203,-78.36827531907386,-28.95568976797
UGC03546,external_151,bulge_rich_hsb,12,8.82503788306531e+19,2.86,221.0,2.204918483875868e-10,139.49368856430553,1.507839989715203e-11,2.3557024828473887e-10,144.18447784820393,194.12724049451546,-76.81552215179607,-26.872759505484538
UGC03546,external_151,bulge_rich_hsb,13,9.31874629610393e+19,3.0200000000000005,220.0,2.1809056580992206e-10,142.55983488894836,1.6191992984881712e-11,2.3428255879480376e-10,147.75722408771858,198.74913708489947,-72.24277591228142,-21.250862915100527
UGC03546,external_151,bulge_rich_hsb,14,1.2867275514819e+20,4.17,205.0,1.9061588034870105e-10,156.61120809017817,1.9943031010010578e-11,2.1055891135871162e-10,164.6001070641479,223.27227536141368,-40.39989293585211,18.272275361413676
UGC03546,external_151,bulge_rich_hsb,15,1.7156367353092e+20,5.56,190.0,1.5614314393494645e-10,163.67190159018318,2.5047769779857705e-11,1.8119091371480417e-10,176.31159566896264,241.48278693362022,-13.688404331037361,51.48278693362022
UGC03546,external_151,bulge_rich_hsb,16,2.1476315967179915e+20,6.96,190.0,1.271106182784387e-10,165.2231158443438,3.048576667795659e-11,1.575963849563953e-10,183.97254574008767,252.90789792283886,-6.027454259912332,62.907897922838856
UGC03546,external_151,bulge_rich_hsb,17,2.5765407805452914e+20,8.35,198.0,1.0383098893954561e-10,163.56184680025058,3.5736193126753425e-11,1.3956718206629905e-10,189.63136244292738,259.9265764415321,-8.368637557072617,61.92657644153212
UGC03546,external_151,bulge_rich_hsb,18,3.0023642867911007e+20,9.730000000000002,204.0,8.260502401885475e-11,157.4834512016201,4.178670266865527e-11,1.2439172668751003e-10,193.2535323813926,261.4707678187574,-10.746467618607397,57.470767818757395
UGC03546,external_151,bulge_rich_hsb,19,3.4374448257813833e+20,11.14,204.0,6.659831697154018e-11,151.30368140913467,4.74332438302608e-11,1.1403156080180098e-10,197.9841404390579,262.11943628723526,-6.01585956094209,58.11943628723526
UGC03546,external_151,bulge_rich_hsb,20,3.8601826544457004e+20,12.51,201.0,5.1057721970950825e-11,140.38950556497286,5.314638333431209e-11,1.0420410530526291e-10,200.56093333982295,256.69733131586474,-0.43906666017704765,55.697331315864744
UGC03546,external_151,bulge_rich_hsb,21,4.282920483110018e+20,13.880000000000003,203.0,4.145923268992233e-11,133.2541169726822,5.643247341873533e-11,9.789170610865766e-11,204.75897861128237,254.44606809132384,1.758978611282373,51.44606809132384
UGC03546,external_151,bulge_rich_hsb,22,4.736515087589248e+20,15.35,202.0,3.116012375334434e-11,121.48678787788553,5.795953393750962e-11,8.911965769085396e-11,205.45476466938385,246.51895797599155,3.4547646693838487,44.518957975991555
UGC03546,external_151,bulge_rich_hsb,23,5.159252916253565e+20,16.72,198.0,2.4715723576448743e-11,112.92239323496034,5.680236282782235e-11,8.15180864042711e-11,205.07862516816468,240.974658520868,7.0786251681646775,42.97465852086799
UGC03546,external_151,bulge_rich_hsb,24,5.578905067336391e+20,18.08,195.0,1.9137323211135377e-11,103.32730008950078,5.363166128801147e-11,7.276898449914684e-11,201.48728405713686,233.32491889790703,6.487284057136861,38.324918897907025
UGC03546,external_151,bulge_rich_hsb,25,6.001642896000709e+20,19.45,194.0,1.4741279003053415e-11,94.05949840746544,4.920752646979144e-11,6.394880547284486e-11,195.90760426125132,225.21383800713852,1.907604261251322,31.21383800713852
UGC03546,external_151,bulge_rich_hsb,26,6.455237500479941e+20,20.92,192.0,1.132122127115679e-11,85.48752663447603,4.42517463578146e-11,5.557296762897139e-11,189.40345948569524,217.3646183350911,-2.5965405143047633,25.36461833509111
UGC03546,external_151,bulge_rich_hsb,27,7.072373016778214e+20,22.92,190.0,7.734355141575906e-12,73.95961371279685,3.728513593106433e-11,4.5019491072640236e-11,178.4361605424272,205.3473080920831,-11.563839457572811,15.347308092083097
UGC03546,external_151,bulge_rich_hsb,28,7.720365308891401e+20,25.02,191.0,5.020810743087331e-12,62.25953186737006,3.031489264722795e-11,3.5335703390315284e-11,165.16795652300914,191.2868733579614,-25.83204347699086,0.28687335796141156
UGC03546,external_151,bulge_rich_hsb,29,9.019435570699266e+20,29.229999999999997,193.0,2.3798490684602395e-12,46.33022268559239,2.0967690910247415e-11,2.3347539978707654e-11,145.11431100076896,170.06488616504188,-47.885688999231036,-22.935113834958116
UGC03580,calibration_24,bulge_rich_hsb,0,3.394245339640504e+18,0.11,56.2,6.242808936983062e-11,14.556656601232595,3.695848646936062e-12,6.612393801676668e-11,14.98135068850896,25.547609938711528,-41.21864931149104,-30.652390061288475
UGC03580,calibration_24,bulge_rich_hsb,1,7.097058437430145e+18,0.23,64.6,6.177037995384624e-11,20.93771707313647,4.2783860575665055e-12,6.604876601141275e-11,21.650680176455108,36.825244214468206,-42.94931982354488,-27.774755785531788
UGC03580,calibration_24,bulge_rich_hsb,2,1.049130377707065e+19,0.34,70.2,6.116747965586057e-11,25.33232342970976,4.835425810357611e-12,6.600290546621818e-11,26.31456880542358,44.64279969478802,-43.88543119457643,-25.557200305211985
UGC03580,calibration_24,bulge_rich_hsb,3,1.419411687486029e+19,0.46,71.6,6.050977023987618e-11,29.30670146665683,5.3896005504008586e-12,6.589937079027703e-11,30.584037846186142,51.759784494906334,-41.01596215381385,-19.84021550509366
UGC03580,calibration_24,bulge_rich_hsb,4,1.758836221450079e+19,0.57,71.0,5.99068699418905e-11,32.460186808996646,5.918769920812005e-12,6.58256398627025e-11,34.02594887591665,57.44559197077391,-36.97405112408335,-13.554408029226089
UGC03580,calibration_24,bulge_rich_hsb,5,2.129117531229043e+19,0.69,69.0,5.924916052590613e-11,35.51737974376918,6.45310403678429e-12,6.570226456269042e-11,37.40158329828737,62.996746295904494,-31.59841670171263,-6.003253704095506
UGC03580,calibration_24,bulge_rich_hsb,6,2.468542065193094e+19,0.8,67.7,5.864626022792044e-11,38.0487529807328,6.963721244514287e-12,6.560998147243472e-11,40.24437838521607,67.62678986334818,-27.45562161478393,-0.07321013665182363
UGC03580,calibration_24,bulge_rich_hsb,7,2.838823374972058e+19,0.92,66.9,5.7988550811936056e-11,40.573298303894276,7.48784004383725e-12,6.547639085577331e-11,43.11332843450805,72.27923488138809,-23.786671565491957,5.379234881388086
UGC03580,calibration_24,bulge_rich_hsb,8,3.178247908936108e+19,1.03,66.6,5.7385650513950377e-11,42.706653316421445,7.978243812858436e-12,6.536389432680882e-11,45.57879555934984,76.24156954433069,-21.021204440650152,9.641569544330693
UGC03580,calibration_24,bulge_rich_hsb,9,3.517672442900158e+19,1.14,66.8,5.6782750215964697e-11,44.69262978017539,8.479221904003389e-12,6.526197211996809e-11,47.91348879968251,79.95876656641228,-18.886511200317486,13.158766566412282
UGC03580,calibration_24,bulge_rich_hsb,10,3.8879537526791225e+19,1.26,67.4,5.612504079998032e-11,46.713120533480996,9.006042775869708e-12,6.513108357585003e-11,50.32162962432593,83.77230685459284,-17.078370375674076,16.372306854592836
UGC03580,calibration_24,bulge_rich_hsb,11,4.227378286643173e+19,1.37,68.3,5.552214050199464e-11,48.44719715175313,9.51222569456735e-12,6.503436619656199e-11,52.43327832063783,87.07381302593596,-15.866721679362165,18.773813025935965
UGC03580,calibration_24,bulge_rich_hsb,12,4.597659596422137e+19,1.4899999999999998,69.6,5.4864431086010257e-11,50.224294727236945,1.0061143311584212e-11,6.492557439759446e-11,54.635674259802045,90.4878609410969,-14.96432574019795,20.887860941096903
UGC03580,calibration_24,bulge_rich_hsb,13,4.967940906201101e+19,1.61,71.2,5.4206721670025873e-11,51.893717343776714,1.0604598439919296e-11,6.481132010994517e-11,56.74317653772044,93.72662143426051,-14.456823462279566,22.526621434260505
UGC03580,calibration_24,bulge_rich_hsb,14,5.2765086643502375e+19,1.71,72.9,5.36586304900389e-11,53.209982963524624,1.1096147253068817e-11,6.475477774310771e-11,58.453327178149735,96.30424746804314,-14.446672821850271,23.40424746804314
UGC03580,calibration_24,bulge_rich_hsb,15,5.646789974129202e+19,1.83,74.9,5.3000921074054514e-11,54.706952916478926,1.1674306526598916e-11,6.467522760065344e-11,60.43239419300662,99.26437226295383,-14.467605806993383,24.36437226295382
UGC03580,calibration_24,bulge_rich_hsb,16,5.986214508093252e+19,1.9400000000000002,77.0,5.2398020776068834e-11,56.0058739923836,1.223332414143153e-11,6.463134491750036e-11,62.20105261349841,101.86026035721252,-14.798947386501588,24.860260357212525
UGC03580,calibration_24,bulge_rich_hsb,17,6.356495817872216e+19,2.06,79.2,5.174031136008445e-11,57.34867677425375,1.285557088241002e-11,6.459588224249447e-11,64.07834699227051,104.57372781480802,-15.121653007729492,25.37372781480802
UGC03580,calibration_24,bulge_rich_hsb,18,6.7267771276511805e+19,2.18,81.4,5.1082601944100074e-11,58.61921855317436,1.3495912384230239e-11,6.457851432833031e-11,65.90942824221027,107.17244590889501,-15.490571757789738,25.77244590889501
UGC03580,calibration_24,bulge_rich_hsb,19,7.066201661615231e+19,2.29,83.6,5.0479701646114394e-11,59.72434609517417,1.4112142195461216e-11,6.459184384157561e-11,67.55878879021834,109.46051620787782,-16.04121120978165,25.860516207877822
UGC03580,calibration_24,bulge_rich_hsb,20,7.405626195579281e+19,2.4,85.7,4.9876801348128714e-11,60.77573089773632,1.475889985169936e-11,6.463570119982807e-11,69.1858252805502,111.6640415030591,-16.514174719449798,25.964041503059093
UGC03580,calibration_24,bulge_rich_hsb,21,7.775907505358245e+19,2.52,87.8,4.921909193214433e-11,61.86461883516931,1.5486174188603627e-11,6.470526612074796e-11,70.9325147210027,113.97693084195654,-16.867485278997293,26.176930841956548
UGC03580,calibration_24,bulge_rich_hsb,22,8.115332039322295e+19,2.63,89.7,4.861619163415865e-11,62.81214353916925,1.619521743566419e-11,6.481140906982284e-11,72.52352063558118,116.01814389709102,-17.176479364418825,26.31814389709102
UGC03580,calibration_24,bulge_rich_hsb,23,8.48561334910126e+19,2.75,91.4,4.7958482218174274e-11,63.79319218483858,1.6999453390618493e-11,6.495793560879276e-11,74.24337852846084,118.1632394764708,-17.156621471539168,26.7632394764708
UGC03580,calibration_24,bulge_rich_hsb,24,8.82503788306531e+19,2.86,92.8,4.735558192018859e-11,64.64633047747311,1.7786077196549366e-11,6.514165911673796e-11,75.8206838185293,120.05821831792193,-16.979316181470693,27.25821831792193
UGC03580,calibration_24,bulge_rich_hsb,25,9.195319192844273e+19,2.9799999999999995,94.1,4.669787250420421e-11,65.52876035016257,1.8685525215538517e-11,6.538339771974272e-11,77.53845574588914,122.05115670763026,-16.561544254110856,27.95115670763026
UGC03580,calibration_24,bulge_rich_hsb,26,9.534743726808325e+19,3.09,95.2,4.6094972206218524e-11,66.29507878271555,1.9564729711431928e-11,6.565970191765045e-11,79.12322231579185,123.81272404808493,-16.076777684208153,28.612724048084928
UGC03580,calibration_24,bulge_rich_hsb,27,9.874168260772376e+19,3.2,96.1,4.549207190823285e-11,67.02211370533217,2.0875248945214617e-11,6.636732085344746e-11,80.95196681511868,125.51427626669138,-15.148033184881314,29.414276266691388
UGC03580,calibration_24,bulge_rich_hsb,28,1.3947262668340978e+20,4.52,97.4,3.586238454522794e-11,70.72355316055226,2.7400186633928246e-11,6.326257117915618e-11,93.93293870151773,139.25436348308233,-3.467061298482278,41.854363483082324
UGC03580,calibration_24,bulge_rich_hsb,29,1.4471827857194513e+20,4.69,96.9,3.4567396406001343e-11,70.72859466008467,2.8422540017053598e-11,6.298993642305494e-11,95.47667341555622,140.3611592563704,-1.4233265844437852,43.461159256370394
UGC03580,calibration_24,bulge_rich_hsb,30,1.8606635816392943e+20,6.03,96.8,2.435984283798005e-11,67.32419507360356,3.5343001556796646e-11,5.97028443947767e-11,105.39777430555101,144.1264371384273,8.597774305551013,47.326437138427295
UGC03580,calibration_24,bulge_rich_hsb,31,2.3235152188629995e+20,7.53,105.0,1.6286837547516382e-11,61.51643268981358,3.935396377210568e-11,5.5640801319622064e-11,113.70235206708537,144.01855637797817,8.702352067085371,39.01855637797817
UGC03580,calibration_24,bulge_rich_hsb,32,2.647511364919593e+20,8.58,110.0,1.3100488045865862e-11,58.892861186584526,3.869234301741599e-11,5.179283106328185e-11,117.09914980963748,144.83647942116195,7.099149809637481,34.836479421161954
UGC03580,calibration_24,bulge_rich_hsb,33,2.684539495897489e+20,8.7,110.0,1.2736333817105804e-11,58.4732341887768,3.8535474354020954e-11,5.1271808171126755e-11,117.32058389791169,144.7302360727432,7.320583897911689,34.730236072743196
UGC03580,calibration_24,bulge_rich_hsb,34,2.721567626875386e+20,8.82,110.0,1.237217958834574e-11,58.02734135003103,3.8361761045644685e-11,5.0733940633990424e-11,117.50568088960041,144.57942563203252,7.505680889600413,34.579425632032525
UGC03580,calibration_24,bulge_rich_hsb,35,2.7863668560867043e+20,9.03,111.0,1.173490968801564e-11,57.18195818075623,3.799113534172637e-11,4.972604502974201e-11,117.70938949597358,144.20424789112298,6.709389495973582,33.204247891122975
UGC03580,calibration_24,bulge_rich_hsb,36,2.7925382112496874e+20,9.05,111.0,1.1674217316555626e-11,57.09702088805893,3.800801197167499e-11,4.9682229288230617e-11,117.78774287142629,144.1609037007526,6.787742871426289,33.16090370075261
UGC03580,calibration_24,bulge_rich_hsb,37,3.249218493310409e+20,10.53,112.0,7.771590808874745e-12,50.25096673561318,3.3941146567331876e-11,4.171273737620662e-11,116.41898371372723,139.36494828205386,4.418983713727229,27.36494828205386
UGC03580,calibration_24,bulge_rich_hsb,38,3.72441284086008e+20,12.069999999999999,112.0,5.8240311174230026e-12,46.57370103319996,3.0332384673076154e-11,3.615641579049916e-11,116.04370695975341,138.1792859356807,4.043706959753408,26.179285935680696
UGC03580,calibration_24,bulge_rich_hsb,39,4.190350155665276e+20,13.579999999999998,114.0,3.914410900480062e-12,40.500311512585284,2.55151539674797e-11,2.9429564867959766e-11,111.04962031705311,131.99058652625058,-2.9503796829468882,17.99058652625058
UGC03580,calibration_24,bulge_rich_hsb,40,4.6562874704704727e+20,15.09,118.0,3.1160082959880137e-12,38.09072116210329,2.2977723748286118e-11,2.609373204427413e-11,110.22700103675484,131.07330808275427,-7.772998963245158,13.073308082754266
UGC03580,calibration_24,bulge_rich_hsb,41,5.12222478527567e+20,16.6,122.0,2.3299543129194095e-12,34.546417658269206,2.003091801390442e-11,2.236087232682383e-11,107.02215399291954,127.45755893920104,-14.977846007080458,5.457558939201036
UGC03580,calibration_24,bulge_rich_hsb,42,5.5881621000808654e+20,18.11,125.0,1.8736758446864944e-12,32.358004176886546,1.8053852299780577e-11,1.9927528144467072e-11,105.52642205874587,125.82083495263517,-19.473577941254135,0.8208349526351668
UGC03580,calibration_24,bulge_rich_hsb,43,6.054099414886062e+20,19.62,128.0,1.534522153538622e-12,30.479746836002217,1.64016805334381e-11,1.7936202686976723e-11,104.20535216221074,124.38179267911529,-23.794647837789256,-3.618207320884707
UGC03580,calibration_24,bulge_rich_hsb,44,6.486094276294853e+20,21.02,131.0,1.2926097471958023e-12,28.95511817066135,1.510165116861553e-11,1.6394260915811333e-11,103.11872860452087,123.18127140180076,-27.881271395479132,-7.818728598199243
UGC03580,calibration_24,bulge_rich_hsb,45,7.417968905905246e+20,24.04,127.0,9.762251450308607e-13,26.910235545237732,1.3185859376323735e-11,1.4162084521354596e-11,102.49580607137561,122.57678154090289,-24.50419392862439,-4.423218459097114
UGC03580,calibration_24,bulge_rich_hsb,46,8.349843535515639e+20,27.06,124.0,7.89483361038187e-13,25.675012246466142,1.1898623821072138e-11,1.2688107182110326e-11,102.92896080912963,123.17230098112671,-21.071039190870366,-0.8276990188732896
UGC04278,external_151,ordinary_disk,0,4.3199486140879145e+18,0.14,5.23,9.725964939040865e-12,6.481949456689494,7.983801654523067e-12,1.770976659356393e-11,8.746729768987205,17.06673725524868,3.5167297689872044,11.836737255248678
UGC04278,external_151,ordinary_disk,1,1.295984584226374e+19,0.41999999999999993,15.4,9.55679679335515e-12,11.128998750459234,9.874229764463375e-12,1.9431026557818525e-11,15.868935337515895,29.42107951019872,0.46893533751589445,14.02107951019872
UGC04278,external_151,ordinary_disk,2,2.129117531229043e+19,0.69,24.4,9.393670367158209e-12,14.142216326058412,1.1511290234867103e-11,2.0904960602025314e-11,21.09718419776074,37.53581267734903,-3.302815802239259,13.13581267734903
UGC04278,external_151,ordinary_disk,3,2.993107254046626e+19,0.9700000000000001,32.1,9.224502221472493e-12,16.616234385100174,1.2987764422049165e-11,2.221226664352166e-11,25.78443259401738,44.28778779724026,-6.31556740598262,12.187787797240262
UGC04278,external_151,ordinary_disk,4,3.8570969768642085e+19,1.2499999999999998,34.6,9.055334075786777e-12,18.688847393087848,1.4305410651651156e-11,2.3360744727437934e-11,30.017437909571388,50.025571376104985,-4.582562090428613,15.425571376104983
UGC04278,external_151,ordinary_disk,5,4.690229923866878e+19,1.52,37.9,8.889963609534156e-12,20.419591901780187,1.5513525310885535e-11,2.4403488920419692e-11,33.83163814852988,54.891902934438356,-4.068361851470115,16.991902934438357
UGC04278,external_151,ordinary_disk,6,5.554219646684461e+19,1.8,40.5,8.59774726746192e-12,21.852637550228266,1.690367560303593e-11,2.550142287049785e-11,37.63515695805288,59.20064011072712,-2.8648430419471183,18.70064011072712
UGC04278,external_151,ordinary_disk,7,6.387352593687129e+19,2.07,43.0,8.315967223320836e-12,23.04712884784035,1.820478232946275e-11,2.6520749552783583e-11,41.15791278022964,62.920913737487304,-1.842087219770363,19.920913737487304
UGC04278,external_151,ordinary_disk,8,7.251342316504713e+19,2.35,45.1,8.0237508812486e-12,24.121145143274177,1.9492946065033657e-11,2.7516696946282256e-11,44.66911561437192,66.40230294256853,-0.43088438562808307,21.302302942568524
UGC04278,external_151,ordinary_disk,9,8.115332039322295e+19,2.63,45.6,7.731534539176365e-12,25.04874646741926,2.073879231992466e-11,2.8470326859101025e-11,48.067260763397016,69.55321872593055,2.4672607633970145,23.953218725930547
UGC04278,external_151,ordinary_disk,10,8.979321762139878e+19,2.91,49.2,7.439318197104129e-12,25.845702115195152,2.1944934012672923e-11,2.9384252209777054e-11,51.366395175392434,72.41280779950701,2.166395175392431,23.212807799507004
UGC04278,external_151,ordinary_disk,11,9.843311484957462e+19,3.1900000000000004,50.3,7.1747883274377096e-12,26.57511549280762,2.280490230337996e-11,2.997969063081767e-11,54.32305524377281,75.08759480469828,4.023055243772809,24.787594804698287
UGC04278,external_151,ordinary_disk,12,1.067644443196013e+20,3.46,53.7,6.939667159104037e-12,27.21965664744375,2.3374767137654898e-11,3.031443429675893e-11,56.890278014407095,77.50925658833523,3.1902780144070917,23.80925658833523
UGC04278,external_151,ordinary_disk,13,1.1540434154777713e+20,3.74,58.0,6.6958377993505984e-12,27.79799907088229,2.3899704650125174e-11,3.0595542449475774e-11,59.42102683965345,79.8205930868005,1.4210268396534502,21.8205930868005
UGC04278,external_151,ordinary_disk,14,1.2373567101780381e+20,4.01,64.4,6.460716631016927e-12,28.274035926884654,2.4357712675714657e-11,3.081842930673158e-11,61.75223906858101,81.8694644182752,-2.6477609314189934,17.469464418275194
UGC04278,external_151,ordinary_disk,15,1.3237556824597964e+20,4.29,67.5,6.216887271263487e-12,28.687348871143563,2.47695858174603e-11,3.098647308872379e-11,64.04570229967479,83.81835195993285,-3.4542977003252133,16.318351959932855
UGC04278,external_151,ordinary_disk,16,1.4101546547415548e+20,4.57,71.3,5.97512559940295e-12,29.02731674933715,2.5099106424286162e-11,3.107423202368911e-11,66.19627854398182,85.604538563595,-5.103721456018178,14.304538563595003
UGC04278,external_151,ordinary_disk,17,1.4965536270233128e+20,4.85,75.6,5.754162435171006e-12,29.345208574546657,2.517713543449404e-11,3.0931297869665044e-11,68.03700905785446,87.31143115112765,-7.562990942145532,11.711431151127655
UGC04278,external_151,ordinary_disk,18,1.5829525993050712e+20,5.13,80.0,5.533199270939062e-12,29.59525666117108,2.5205710752312665e-11,3.073891002325173e-11,69.75545679092856,88.87005204847827,-10.244543209071438,8.870052048478271
UGC04278,external_151,ordinary_disk,19,1.6662658940053383e+20,5.4,82.8,5.32012764828683e-12,29.773725417043753,2.5191832643928425e-11,3.051196029221525e-11,71.30290232112816,90.236492455659,-11.497097678871839,7.436492455659007
UGC04278,external_151,ordinary_disk,20,1.7526648662870963e+20,5.68,84.8,5.0991644840548865e-12,29.895027075789656,2.511201822641206e-11,3.021118271046695e-11,72.7668045922147,91.51480847548721,-12.0331954077853,6.714808475487217
UGC04278,external_151,ordinary_disk,21,1.8082070627539413e+20,5.86,86.3,4.957116735620064e-12,29.93909399471527,2.509209788536094e-11,3.0049214620981004e-11,73.71241558100431,92.26284974931379,-12.58758441899569,5.96284974931379
UGC04278,external_151,ordinary_disk,22,1.9624909418285095e+20,6.36,90.2,4.608194517407884e-12,30.072479110636642,2.47428607938858e-11,2.9351055311293684e-11,75.89544135290434,94.28650377749801,-14.30455864709566,4.0865037774980095
UGC04278,external_151,ordinary_disk,23,2.0087761055508798e+20,6.509999999999999,91.3,4.5126164906281146e-12,30.10786638054683,2.463219234858131e-11,2.9144808839209427e-11,76.51496297917942,94.86686761384749,-14.785037020820582,3.566867613847492
UGC04278,external_151,ordinary_disk,24,2.0643183020177247e+20,6.69,92.8,4.39792285849239e-12,30.130902156503623,2.448333350642824e-11,2.888125636492063e-11,77.21405707471376,95.5200698462497,-15.585942925286233,2.7200698462497
UGC04305,external_151,low_mass_dwarf,0,7.714193953728418e+18,0.25,3.17,1.279836880748385e-11,9.93625177178388,6.4730121359338035e-12,1.927138094341765e-11,12.192750729581471,24.566547896391373,9.022750729581471,21.396547896391375
UGC04305,external_151,low_mass_dwarf,1,1.5428387907456836e+19,0.5,10.5,1.2357233224208414e-11,13.807685817905943,8.10649357440552e-12,2.0463726798613935e-11,17.76857661944917,34.412360877208584,7.2685766194491706,23.912360877208584
UGC04305,external_151,low_mass_dwarf,2,2.3142581861185253e+19,0.75,17.5,1.1916097640932976e-11,16.606301970070515,9.679441193685716e-12,2.1595538834618693e-11,22.35568217068243,41.732161260422636,4.855682170682432,24.232161260422636
UGC04305,external_151,low_mass_dwarf,3,3.085677581491367e+19,1.0,22.7,1.147496205765754e-11,18.817022391913635,1.1246200720330583e-11,2.2721162777988122e-11,26.478327479177015,47.69750650080379,3.7783274791770154,24.99750650080379
UGC04305,external_151,low_mass_dwarf,4,3.8879537526791225e+19,1.26,29.7,1.1016181051051085e-11,20.695507352473072,1.2831427589486006e-11,2.384760864053709e-11,30.449696140749786,52.95181280006422,0.7496961407497871,23.25181280006422
UGC04305,external_151,low_mass_dwarf,5,4.628516372237051e+19,1.5,34.5,1.0387554383060344e-11,21.926916228575674,1.4302228273049534e-11,2.4689782656109876e-11,33.80489065960411,56.864580905519574,-0.6951093403958879,22.364580905519574
UGC04305,external_151,low_mass_dwarf,6,5.430792543424806e+19,1.76,36.0,9.705353757173494e-12,22.958171272067325,1.5811016495703996e-11,2.551637025287749e-11,37.22554409334988,60.47760606174467,1.2255440933498818,24.477606061744673
UGC04305,external_151,low_mass_dwarf,7,6.2022119387976475e+19,2.01,37.3,9.049391616897676e-12,23.690978182670744,1.7245063300445057e-11,2.6294454917342733e-11,40.38363309714959,63.42470565387977,3.083633097149594,26.124705653879772
UGC04305,external_151,low_mass_dwarf,8,6.973631334170489e+19,2.26,35.6,8.393429476621857e-12,24.19352863873321,1.8652444150350032e-11,2.7045873626971887e-11,43.42901700304376,65.90878270027802,7.829017003043759,30.308782700278023
UGC04305,external_151,low_mass_dwarf,9,7.745050729543331e+19,2.51,34.9,7.737467336346037e-12,24.48000756498751,2.0025072870739252e-11,2.776254020708529e-11,46.370495175797075,67.96186335969831,11.470495175797076,33.061863359698314
UGC04305,external_151,low_mass_dwarf,10,8.516470124916172e+19,2.76,32.7,7.368718963726156e-12,25.051042875193254,2.064540404047929e-11,2.8014123004205445e-11,48.844799277000064,70.34251392761215,16.14479927700006,37.64251392761214
UGC04305,external_151,low_mass_dwarf,11,9.287889520289014e+19,3.01,32.8,7.015154831511023e-12,25.525670028972026,2.1167999398269145e-11,2.8183154229780168e-11,51.1626839424462,72.50214013181888,18.362683942446203,39.70214013181888
UGC04305,external_151,low_mass_dwarf,12,1.009016569147677e+20,3.27,33.2,6.647448134007284e-12,25.89862025236703,2.1627451408788987e-11,2.827489954279627e-11,53.41333366273586,74.49288398639544,20.213333662735856,41.29288398639544
UGC04305,external_151,low_mass_dwarf,13,1.0830728311034698e+20,3.51,32.1,6.308026567080756e-12,26.138194644397416,2.19979818628529e-11,2.8306008429933657e-11,55.36918699732454,76.11019286239241,23.26918699732454,44.01019286239241
UGC04305,external_151,low_mass_dwarf,14,1.160214770640754e+20,3.76,30.1,5.954462434865624e-12,26.283940473522243,2.2311336610238125e-11,2.826579904510375e-11,57.26639289853403,77.57710543752317,27.166392898534028,47.47710543752317
UGC04305,external_151,low_mass_dwarf,15,1.2404423877595295e+20,4.02,32.3,5.702768683149157e-12,26.596909598985008,2.2455352208941245e-11,2.8158120892090403e-11,59.10036100922406,79.30142527314649,26.800361009224062,47.001425273146495
UGC04305,external_151,low_mass_dwarf,16,1.3144986497153224e+20,4.26,33.6,5.481241353022668e-12,26.84228819849769,2.2547707297993225e-11,2.8028948651015892e-11,60.69927112799667,80.78248554183153,27.099271127996666,47.18248554183153
UGC04305,external_151,low_mass_dwarf,17,1.3947262668340978e+20,4.52,35.1,5.241253412052306e-12,27.037222129729212,2.259476408957598e-11,2.7836017501628285e-11,62.30860676790537,82.23180193091883,27.208606767905366,47.13180193091883
UGC04305,external_151,low_mass_dwarf,18,1.4718682063713819e+20,4.77,35.3,5.01049577650388e-12,27.156563537373707,2.259777324513593e-11,2.760826902163981e-11,63.746163340156855,83.47663529131958,28.446163340156858,48.176635291319585
UGC04305,external_151,low_mass_dwarf,19,1.5490101459086662e+20,5.02,35.2,4.779738140955453e-12,27.210040196821875,2.255598950944952e-11,2.7335727650404973e-11,65.07174461797791,84.57768010588433,29.87174461797791,49.37768010588432
UGC04305,external_151,low_mass_dwarf,20,1.6261520854459502e+20,5.269999999999999,34.6,4.6144538254047496e-12,27.393071590049875,2.251004556384683e-11,2.7124499389251578e-11,66.41427651379547,85.85815618319965,31.81427651379547,51.25815618319965
UGC04305,external_151,low_mass_dwarf,21,1.7032940249832345e+20,5.52,33.0,4.4564787357383695e-12,27.55121340893719,2.2442011735094078e-11,2.6898490470832448e-11,67.68754545707607,87.06880904558548,34.68754545707607,54.06880904558548
UGC04325,external_151,low_mass_dwarf,0,2.1599743070439567e+19,0.7,41.3,1.7924145125834298e-11,19.676303755413326,7.524986937122063e-12,2.544913206295636e-11,23.445569174697873,45.08577793727123,-17.854430825302124,3.7857779372712344
UGC04325,external_151,low_mass_dwarf,1,4.3199486140879135e+19,1.4,68.7,1.697253064844882e-11,27.07775106103369,1.0871573320273677e-11,2.7844103968722496e-11,34.68214214119458,62.80822496257731,-34.01785785880542,-5.89177503742269
UGC04325,external_151,low_mass_dwarf,2,6.4490661453169566e+19,2.09,83.8,1.569246788499316e-11,31.81222459583469,1.5989708720544327e-11,3.1682176605537487e-11,45.20181993644998,75.10282129527428,-38.59818006355002,-8.697178704725715
UGC04325,external_151,low_mass_dwarf,3,8.609040452360915e+19,2.79,88.7,1.4424872094571805e-11,35.23979389586449,2.039947684673251e-11,3.4824348941304316e-11,54.754381446859654,84.79254847151309,-33.94561855314035,-3.9074515284869165
UGC04325,external_151,low_mass_dwarf,4,1.0769014759404872e+20,3.49,90.1,1.3156501243096875e-11,37.640743359960204,2.4425723816367982e-11,3.758222505946486e-11,63.61788556346813,92.48090123927251,-26.482114436531866,2.380901239272518
UGC04325,external_151,low_mass_dwarf,5,1.2928989066448829e+20,4.19,91.6,1.1837185298051775e-11,39.120690087987995,2.710194417660569e-11,3.893912947465746e-11,70.95375812702818,98.46092946705339,-20.646241872971814,6.860929467053396
UGC04325,external_151,low_mass_dwarf,6,1.5088963373492784e+20,4.89,92.7,1.060504633489242e-11,40.002394393509206,2.901920001833431e-11,3.962424635322673e-11,77.32326958465306,103.24810338000535,-15.376730415346941,10.548103380005344
UGC04325,external_151,low_mass_dwarf,7,1.724893768053674e+20,5.59,91.5,9.442372809510945e-12,40.35726702189445,3.0131195623892655e-11,3.95735684334036e-11,82.61973224988294,106.98714252136585,-8.880267750117056,15.487142521365854
UGC04483,external_151,low_mass_dwarf,0,2.4685420651930936e+18,0.08,5.11,7.998575218902335e-12,4.443514306207585,5.4576015957616855e-12,1.345617681466402e-11,5.763431139839717,12.241338861662392,0.653431139839717,7.131338861662392
UGC04483,external_151,low_mass_dwarf,1,7.40562619557928e+18,0.24,10.8,7.614877085478797e-12,7.509522835729191,5.623967472216012e-12,1.323884455769481e-11,9.901612699740728,20.925711807024804,-0.898387300259273,10.125711807024803
UGC04483,external_151,low_mass_dwarf,2,1.234271032596547e+19,0.4,17.3,7.231178952055257e-12,9.44734603581538,5.731813255141146e-12,1.2962992207196403e-11,12.649049678579534,26.644633767758318,-4.650950321420467,9.344633767758317
UGC04483,external_151,low_mass_dwarf,3,1.758836221450079e+19,0.57,20.8,6.687409577978543e-12,10.84530229796332,7.145136244683054e-12,1.3832545822661597e-11,15.597814791747334,31.150928886629437,-5.202185208252667,10.350928886629436
UGC04483,external_151,low_mass_dwarf,4,2.252544634488698e+19,0.73,20.8,6.152990147500098e-12,11.772801256630967,8.943678546439475e-12,1.5096668693939572e-11,18.44069414777738,34.481059587528236,-2.3593058522226222,13.681059587528235
UGC04483,external_151,low_mass_dwarf,5,2.7462530475273167e+19,0.89,22.9,5.6826112849755996e-12,12.492353084698399,1.0768254646624854e-11,1.6450865931600452e-11,21.255173652341927,37.27825946731175,-1.6448263476580713,14.37825946731175
UGC04483,external_151,low_mass_dwarf,6,3.2399614605659357e+19,1.05,24.3,5.4113530954882336e-12,13.241063204628265,1.1957125491124434e-11,1.7368478586612668e-11,23.721973199818297,39.969862068160744,-0.5780268001817035,15.669862068160743
UGC04483,external_151,low_mass_dwarf,7,3.733669873604554e+19,1.21,24.2,5.140094906000868e-12,13.853309170737392,1.3148992402565045e-11,1.8289087308565913e-11,26.131478010192218,42.327921629693606,1.9314780101922189,18.127921629693606
UGC04499,external_151,low_mass_dwarf,0,2.8079665991571444e+19,0.9100000000000001,26.0,1.6772989170093496e-11,21.70207210329167,1.0540230760995431e-11,2.7313219931088926e-11,27.69379159341149,50.4728695234773,1.6937915934114898,24.4728695234773
UGC04499,external_151,low_mass_dwarf,1,5.615933198314289e+19,1.8200000000000003,45.1,1.4951895036826523e-11,28.977378024076767,1.559862460829042e-11,3.055051964511694e-11,41.42097023257242,69.1606262825854,-3.679029767427579,24.060626282585396
UGC04499,external_151,low_mass_dwarf,2,8.423899797471432e+19,2.73,57.0,1.2575731028576943e-11,32.547918222934705,2.1430490381669948e-11,3.400622141024689e-11,53.52242536082866,80.79437266146034,-3.477574639171337,23.794372661460343
UGC04499,external_151,low_mass_dwarf,3,1.1201009620813662e+20,3.63,62.0,1.0809939770937124e-11,34.79687333291354,2.5222978824643716e-11,3.603291859558084e-11,63.52991955410431,89.41863548337292,1.5299195541043105,27.418635483372924
UGC04499,external_151,low_mass_dwarf,4,1.403983299578572e+20,4.55,66.9,9.251743278777423e-12,36.04066183547661,2.7638357242208703e-11,3.6890100520986126e-11,71.96741279998837,95.99491637904313,5.067412799988361,29.094916379043127
UGC04499,external_151,low_mass_dwarf,5,1.681694281912795e+20,5.45,70.6,8.056958989160134e-12,36.809430668887686,2.8389785630638964e-11,3.64467446197991e-11,78.28938754483399,101.23428033632106,7.689387544833991,30.63428033632107
UGC04499,external_151,low_mass_dwarf,6,1.9655766194100008e+20,6.37,72.8,7.00567685768176e-12,37.108212884213366,2.8442346419919425e-11,3.544802327760119e-11,83.47203469351538,105.43403066632288,10.672034693515386,32.634030666322886
UGC04499,external_151,low_mass_dwarf,7,2.2463732793257155e+20,7.280000000000001,73.3,6.128968594539227e-12,37.105190042094385,2.7951760970665048e-11,3.4080729565204274e-11,87.49745152585919,108.77620311391908,14.197451525859194,35.476203113919084
UGC04499,external_151,low_mass_dwarf,8,2.5240842616599383e+20,8.18,74.3,5.466887767726535e-12,37.14685097660336,2.7270723774732002e-11,3.273761154245854e-11,90.90241474166477,111.86333123463886,16.602414741664774,37.563331234638866
UGC05005,external_151,low_mass_dwarf,0,2.4068285135632663e+19,0.7799999999999999,14.5,8.725022624971099e-12,14.491250199780922,1.9666344199248656e-11,2.8391366824219757e-11,26.140610400594376,39.124607447231185,11.640610400594376,24.624607447231185
UGC05005,external_151,low_mass_dwarf,1,7.220485540689799e+19,2.34,32.6,7.980488822820216e-12,24.0047920534234,2.480455760016274e-11,3.2785046422982956e-11,48.65428590042117,66.16506529285972,16.05428590042117,33.56506529285972
UGC05005,external_151,low_mass_dwarf,2,1.2064999343631245e+20,3.91,48.6,7.179654850534892e-12,29.431705872953128,2.7209963908277274e-11,3.4389618758812167e-11,64.41356439080185,83.14569513611886,15.81356439080185,34.54569513611886
UGC05005,external_151,low_mass_dwarf,3,1.6878656370757776e+20,5.47,58.1,6.0881974866534085e-12,32.05629318784909,2.7255893457918636e-11,3.3344090944572043e-11,75.02022747557672,94.12229582122201,16.920227475576716,36.02229582122201
UGC05005,external_151,low_mass_dwarf,4,2.1723170173699224e+20,7.04,65.9,4.9897436012085805e-12,32.923099697959906,2.618619767318681e-11,3.117594127439539e-11,82.29460964297385,101.30160042947576,16.394609642973847,35.40160042947575
UGC05005,external_151,low_mass_dwarf,5,2.6536827200825757e+20,8.6,72.5,4.327655383642798e-12,33.88838194727689,2.5110462403633323e-11,2.9438117787276123e-11,88.38519360382153,107.84273002389713,15.885193603821534,35.34273002389713
UGC05005,external_151,low_mass_dwarf,6,3.1381341003767205e+20,10.17,78.6,3.771349843622948e-12,34.40203707445765,2.4261376711525368e-11,2.8032726555148315e-11,93.79256640547105,113.11320125860398,15.192566405471055,34.513201258603985
UGC05005,external_151,low_mass_dwarf,7,5.544962613939986e+20,17.97,97.1,2.233857130240712e-12,35.19467896155329,1.9187234543310395e-11,2.142109167355111e-11,108.98584884269243,131.17166404531494,11.88584884269244,34.07166404531495
UGC05005,external_151,low_mass_dwarf,8,6.501522664202311e+20,21.07,99.4,1.917932971615156e-12,35.312157514624936,1.7876489555431273e-11,1.979442252704643e-11,113.44332800318807,136.53611593264512,14.043328003188066,37.13611593264511
UGC05005,external_151,low_mass_dwarf,9,7.010659465148385e+20,22.72,100.0,1.7733470768105992e-12,35.25951285686666,1.728113404131362e-11,1.905448111812422e-11,115.57875168224857,138.93790659312577,15.578751682248566,38.937906593125774
UGC05005,external_151,low_mass_dwarf,10,8.828123560646801e+20,28.61,99.1,1.3759165786906021e-12,34.85220447234729,1.5323079194191007e-11,1.6698995772881607e-11,121.41696669811738,146.03741167242956,22.316966698117383,46.93741167242956
UGC05253,external_151,bulge_rich_hsb,0,4.0113808559387776e+18,0.13,232.0,7.51703877178526e-11,17.36482232056779,1.0583174270301172e-11,8.575356198815377e-11,18.546972714916016,29.368367605106048,-213.45302728508398,-202.63163239489396
UGC05253,external_151,bulge_rich_hsb,1,7.714193953728418e+18,0.25,233.0,7.492371227311495e-11,24.041132423580862,1.1995112394869406e-11,8.691882466798435e-11,25.894182198303646,40.68606806193337,-207.10581780169636,-192.31393193806662
UGC05253,external_151,bulge_rich_hsb,2,1.1725574809667195e+19,0.38,234.0,7.465648054131583e-11,29.58699287885915,1.331406658700679e-11,8.797054712832263e-11,32.11705514832424,50.10690649868042,-201.88294485167575,-183.89309350131958
UGC05253,external_151,bulge_rich_hsb,3,1.5736955665605972e+19,0.51,235.0,7.438924880951672e-11,34.214913568692474,1.4456247297632496e-11,8.884549610714922e-11,37.391946102429266,57.985500769271624,-197.60805389757073,-177.01449923072838
UGC05253,external_151,bulge_rich_hsb,4,1.9439768763395613e+19,0.63,236.0,7.414257336477907e-11,37.964647788889074,1.5480011057884604e-11,8.962258442266368e-11,41.74017629520129,64.38252670772209,-194.25982370479872,-171.6174732922779
UGC05253,external_151,bulge_rich_hsb,5,2.345114961933439e+19,0.76,237.0,7.387534163297996e-11,41.62285057290593,1.644542582800053e-11,9.032076746098048e-11,46.023101063059215,70.63664581829478,-190.97689893694078,-166.36335418170523
UGC05253,external_151,bulge_rich_hsb,6,2.7462530475273167e+19,0.89,238.0,7.360810990118084e-11,44.96070463625359,1.7292811749967386e-11,9.090092165114823e-11,49.9636801194135,76.35583481199299,-188.0363198805865,-161.644165188007
UGC05253,external_151,bulge_rich_hsb,7,3.1165343573062808e+19,1.01,239.0,7.33614344564432e-11,47.815628301296854,1.805846128592755e-11,9.141989574237076e-11,53.37726538728418,81.25817745016249,-185.62273461271582,-157.7418225498375
UGC05253,external_151,bulge_rich_hsb,8,3.517672442900158e+19,1.14,240.0,7.309420272464409e-11,50.70714571539579,1.8793543913448132e-11,9.188774663809223e-11,56.85340747826894,86.23423335260154,-183.14659252173107,-153.76576664739846
UGC05253,external_151,bulge_rich_hsb,9,3.9188105284940366e+19,1.27,240.0,7.282697099284498e-11,53.42238301359185,1.9451266148745697e-11,9.227823714159068e-11,60.13492556421227,90.91769625276312,-179.86507443578773,-149.0823037472369
UGC05253,external_151,bulge_rich_hsb,10,4.289091838273e+19,1.39,241.0,7.258029554810733e-11,55.79458336208178,2.0051643742416895e-11,9.263193929052422e-11,63.03228496369044,95.01863414501761,-177.96771503630956,-145.98136585498239
UGC05253,external_151,bulge_rich_hsb,11,4.690229923866878e+19,1.52,242.0,7.231306381630821e-11,58.23786532813028,2.0639638444022323e-11,9.295270226033054e-11,66.02798994711944,99.25201455473403,-175.97201005288056,-142.74798544526595
UGC05253,external_151,bulge_rich_hsb,12,5.091368009460756e+19,1.65,242.0,7.20458320845091e-11,60.56499357632682,2.1176265669123158e-11,9.322209775363225e-11,68.89325121357437,103.2937438315943,-173.1067487864256,-138.7062561684057
UGC05253,external_151,bulge_rich_hsb,13,5.46164931923972e+19,1.77,243.0,7.179915663977145e-11,62.62122762958211,2.167061703132446e-11,9.34697736710959e-11,71.44922153111479,106.87326212217039,-171.5507784688852,-136.1267378778296
UGC05253,external_151,bulge_rich_hsb,14,5.862787404833597e+19,1.9,244.0,7.153192490797233e-11,64.75928260828427,2.2163997352905013e-11,9.369592226087734e-11,74.11607605070168,110.60392739911218,-169.88392394929832,-133.3960726008878
UGC05253,external_151,bulge_rich_hsb,15,6.263925490427475e+19,2.03,244.0,7.126469317617322e-11,66.81292750312056,2.263329408253949e-11,9.38979872587127e-11,76.69224184294555,114.19613456109778,-167.30775815705445,-129.80386543890222
UGC05253,external_151,bulge_rich_hsb,16,6.665063576021353e+19,2.16,244.0,7.09974614443741e-11,68.78972265265199,2.3071894517200693e-11,9.40693559615748e-11,79.18195741703278,117.66253637662015,-164.81804258296722,-126.33746362337985
UGC05253,external_151,bulge_rich_hsb,17,7.035344885800316e+19,2.28,245.0,7.075078599963646e-11,70.55183771163549,2.3479639448734526e-11,9.423042544837098e-11,81.42134497568709,120.75998160815817,-163.57865502431292,-124.24001839184183
UGC05253,external_151,bulge_rich_hsb,18,7.436482971394195e+19,2.41,245.0,7.048355426783734e-11,72.3981872063183,2.389553018240111e-11,9.437908445023846e-11,83.7763961011676,124.01345143539422,-161.22360389883238,-120.98654856460578
UGC05253,external_151,bulge_rich_hsb,19,7.837621056988073e+19,2.54,246.0,7.021632253603823e-11,74.18415788109476,2.4289988053420837e-11,9.450631058945906e-11,86.06419986813327,127.16865043123536,-159.93580013186673,-118.83134956876464
UGC05253,external_151,bulge_rich_hsb,20,8.207902366767037e+19,2.66,246.0,6.996964709130058e-11,75.7828497723951,2.4658347302235353e-11,9.462799439353594e-11,88.1304339683586,130.00008750447876,-157.8695660316414,-115.99991249552124
UGC05253,external_151,bulge_rich_hsb,21,8.609040452360915e+19,2.79,246.0,6.970241535950146e-11,77.46424423288533,2.5039062659354403e-11,9.474147801885587e-11,90.31241425079902,132.98556410713215,-155.687585749201,-113.01443589286785
UGC05253,external_151,bulge_rich_hsb,22,9.010178537954792e+19,2.92,247.0,6.943518362770235e-11,79.09635903764936,2.540458207785547e-11,9.483976570555782e-11,92.44042522105133,135.8912927253299,-154.55957477894867,-111.10870727467011
UGC05253,external_151,bulge_rich_hsb,23,9.380459847733756e+19,3.04,247.0,6.918850818296471e-11,80.56177896092531,2.574692620331235e-11,9.493543438627706e-11,94.36832256576538,138.5070418220877,-152.63167743423463,-108.4929581779123
UGC05253,external_151,bulge_rich_hsb,24,9.781597933327634e+19,3.17,247.0,6.89212764511656e-11,82.10726005031614,2.6104609109780678e-11,9.502588556094628e-11,96.41083994113839,141.27296698070273,-150.5891600588616,-105.72703301929727
UGC05253,external_151,bulge_rich_hsb,25,1.0182736018921511e+20,3.3,247.0,6.865404471936648e-11,83.61136370186419,2.6451428581586123e-11,9.51054733009526e-11,98.40904067097637,143.97231006906154,-148.59095932902363,-103.02768993093846
UGC05253,external_151,bulge_rich_hsb,26,1.0553017328700475e+20,3.42,247.0,6.840736927462884e-11,84.96494296861326,2.677684830620424e-11,9.518421758083307e-11,100.22378447999895,146.4080793780902,-146.77621552000105,-100.5919206219098
UGC05253,external_151,bulge_rich_hsb,27,1.0954155414294353e+20,3.55,248.0,6.814013754282972e-11,86.39546611920964,2.711984718331143e-11,9.525998472614115e-11,102.1514893407559,148.98934989301213,-145.84851065924408,-99.01065010698787
UGC05253,external_151,bulge_rich_hsb,28,1.1355293499888232e+20,3.68,248.0,6.78729058110306e-11,87.79047591706757,2.7455085541790048e-11,9.532799135282066e-11,104.04217032367626,151.5137930229643,-143.95782967632374,-96.48620697703569
UGC05253,external_151,bulge_rich_hsb,29,1.1725574809667194e+20,3.8,248.0,6.762623036629296e-11,89.04810066788372,2.7769960058481606e-11,9.539619042477456e-11,105.76271400559611,153.79600943571498,-142.2372859944039,-94.20399056428502
UGC05253,external_151,bulge_rich_hsb,30,1.2126712895261073e+20,3.93,248.0,6.735899863449384e-11,90.37938024531866,2.8104199552236012e-11,9.546319818672986e-11,107.5943677184768,156.21875313357916,-140.4056322815232,-91.78124686642084
UGC05253,external_151,bulge_rich_hsb,31,1.252785098085495e+20,4.06,248.0,6.709176690269473e-11,91.67964102237835,2.8432966683526303e-11,9.552473358622103e-11,109.39468119401633,158.5921345689011,-138.60531880598367,-89.40786543109891
UGC05253,external_151,bulge_rich_hsb,32,1.2898132290633913e+20,4.18,248.0,6.684509145795708e-11,92.8534777272372,2.8741914160029627e-11,9.558700561798671e-11,111.03575296841822,160.7410062969706,-136.96424703158178,-87.2589937030294
UGC05253,external_151,bulge_rich_hsb,33,1.3299270376227791e+20,4.31,248.0,6.657785972615796e-11,94.09765977795314,2.9071732343926804e-11,9.564959207008476e-11,112.7860712284966,163.0253876025455,-135.2139287715034,-84.97461239745451
UGC05253,external_151,bulge_rich_hsb,34,1.3700408461821672e+20,4.44,248.0,6.631062799435885e-11,95.31435825113775,2.9397813035421645e-11,9.570844102978049e-11,114.50959502819687,165.26626980215056,-133.49040497180312,-82.73373019784944
UGC05253,external_151,bulge_rich_hsb,35,1.4070689771600632e+20,4.56,248.0,6.606395254962121e-11,96.41397105251214,2.9704280594011394e-11,9.57682331436326e-11,116.08294872798398,167.2976593592026,-131.917051272016,-80.70234064079739
UGC05253,external_151,bulge_rich_hsb,36,1.4471827857194513e+20,4.69,248.0,6.579672081782209e-11,97.58067519972424,3.003295292775867e-11,9.582967374558075e-11,117.76376955826258,169.45962532958598,-130.2362304417374,-78.54037467041402
UGC05253,external_151,bulge_rich_hsb,37,1.487296594278839e+20,4.82,248.0,6.552948908602297e-11,98.7227359540214,3.0359238395383226e-11,9.58887274814062e-11,119.42151305892384,171.58279603296572,-128.57848694107616,-76.41720396703428
UGC05253,external_151,bulge_rich_hsb,38,1.5243247252567356e+20,4.940000000000001,248.0,6.528281364128534e-11,99.75580532868196,3.064576561467241e-11,9.592857925595774e-11,120.92406924124194,173.50942391554318,-127.07593075875806,-74.49057608445682
UGC05253,external_151,bulge_rich_hsb,39,1.539753113164192e+20,4.99,248.0,6.518003220597798e-11,100.1804160029778,3.078041990306315e-11,9.596045210904113e-11,121.55468105981747,174.30302888433152,-126.44531894018253,-73.69697111566848
UGC05253,external_151,bulge_rich_hsb,40,1.564438533816123e+20,5.069999999999999,248.0,6.501558190948622e-11,100.85280444175991,3.099595286142025e-11,9.601153477090646e-11,122.55780052139995,175.56184230471032,-125.44219947860005,-72.43815769528968
UGC05253,external_151,bulge_rich_hsb,41,1.6045523423755108e+20,5.2,248.0,6.474835017768711e-11,101.9274825268228,3.1354014681519823e-11,9.610236485920693e-11,124.1778058441469,177.57930651937275,-123.8221941558531,-70.42069348062725
UGC05253,external_151,bulge_rich_hsb,42,1.681694281912795e+20,5.45,247.0,6.423444300115034e-11,103.9339672565653,3.196715216362398e-11,9.620159516477432e-11,127.19342455468781,181.3649863356319,-119.80657544531219,-65.6350136643681
UGC05253,external_151,bulge_rich_hsb,43,1.721808090472183e+20,5.58,247.0,6.396721126935123e-11,104.94725431782975,3.23002471258671e-11,9.626745839521833e-11,128.7455198110137,183.28664563155243,-118.25448018898629,-63.71335436844757
UGC05253,external_151,bulge_rich_hsb,44,1.7588362214500794e+20,5.7,247.0,6.372053582461358e-11,105.8650019876908,3.261314212368452e-11,9.633367794829809e-11,130.16726244373945,185.03312256665015,-116.83273755626055,-61.96687743334985
UGC05253,external_151,bulge_rich_hsb,45,1.7989500300094672e+20,5.830000000000001,247.0,6.345330409281447e-11,106.84068667973284,3.304253365466525e-11,9.649583774747972e-11,131.75400950696616,186.8963520099937,-115.24599049303384,-60.103647990006294
UGC05253,external_151,bulge_rich_hsb,46,1.9964333952249145e+20,6.47,247.0,6.180995673926214e-11,111.08531036625418,3.4544264986141957e-11,9.635422172540409e-11,138.6956329606317,195.35152655802312,-108.30436703936829,-51.648473441976876
UGC05253,external_151,bulge_rich_hsb,47,2.033461526202811e+20,6.590000000000001,246.0,6.139477794937165e-11,111.73357546852779,3.4805518423019375e-11,9.620029637239103e-11,139.8640774046592,196.75905537967392,-106.13592259534079,-49.240944620326076
UGC05253,external_151,bulge_rich_hsb,48,2.0550612692732507e+20,6.660000000000001,246.0,6.115259032193551e-11,112.10366625866608,3.496127042635988e-11,9.611386074829539e-11,140.541763424309,197.56844195713154,-105.45823657569099,-48.43155804286846
UGC05253,external_151,bulge_rich_hsb,49,2.0735753347621985e+20,6.719999999999999,246.0,6.094500092699027e-11,112.4162135544808,3.51062036720568e-11,9.605120459904707e-11,141.12739235555281,198.25544607297758,-104.87260764444719,-47.74455392702242
UGC05253,external_151,bulge_rich_hsb,50,2.1136891433215862e+20,6.85,246.0,6.04952239046089e-11,113.07877696101082,3.539763787791183e-11,9.589286178252073e-11,142.3684307955073,199.7228444885958,-103.6315692044927,-46.2771555114042
UGC05253,external_151,bulge_rich_hsb,51,2.1507172742994828e+20,6.97,246.0,6.00800451147184e-11,113.67285993979263,3.567021003479079e-11,9.57502551495092e-11,143.50321521437505,201.05211972208784,-102.49678478562495,-44.94788027791216
UGC05253,external_151,bulge_rich_hsb,52,2.1908310828588705e+20,7.1,246.0,5.963026809233704e-11,114.29778861198476,3.5965109151940574e-11,9.559537724427761e-11,144.71811353261313,202.46531765771988,-101.28188646738687,-43.53468234228012
UGC05253,external_151,bulge_rich_hsb,53,2.2309448914182586e+20,7.23,246.0,5.918049106995566e-11,114.90361796920993,3.6371520354451543e-11,9.55520114244072e-11,146.00386013801838,203.85108499551083,-99.99613986198162,-42.14891500448917
UGC05253,external_151,bulge_rich_hsb,54,2.5672837478008177e+20,8.32,246.0,5.540928372845033e-11,119.26917187326104,3.893045097156561e-11,9.433973470001594e-11,155.62675466229828,214.45075979808092,-90.37324533770172,-31.549240201919076
UGC05253,external_151,bulge_rich_hsb,55,3.085677581491367e+20,9.999999999999998,245.0,4.959678066998341e-11,123.70920508495404,4.3031586471281414e-11,9.262836714126482e-11,169.06249610660328,227.55705650082166,-75.93750389339672,-17.44294349917834
UGC05253,external_151,bulge_rich_hsb,56,3.582471672111477e+20,11.61,245.0,4.402646523895259e-11,125.58804264011295,4.726596893449076e-11,9.129243417344336e-11,180.84594529722324,236.80576874187418,-64.15405470277676,-8.194231258125825
UGC05253,external_151,bulge_rich_hsb,57,4.119379571290975e+20,13.35,246.0,3.8910661693505374e-11,126.6048122646372,5.077884158054291e-11,8.968950327404828e-11,192.21475165718928,245.0053305515969,-53.78524834281072,-0.9946694484031013
UGC05253,external_151,bulge_rich_hsb,58,4.6223450170740684e+20,14.980000000000002,245.0,3.495223626289433e-11,127.1067642281028,5.269298612459124e-11,8.764522238748557e-11,201.2775340104162,251.64817741314755,-43.72246598958381,6.64817741314755
UGC05253,external_151,bulge_rich_hsb,59,5.12531046285716e+20,16.61,245.0,3.099381083228329e-11,126.03686085527406,5.4169636853310875e-11,8.516344768559417e-11,208.92321782797723,256.04700312039625,-36.076782172022774,11.047003120396255
UGC05253,external_151,bulge_rich_hsb,60,5.659132684455167e+20,18.34,245.0,2.679253721574519e-11,123.13509778170683,5.501663284993984e-11,8.180917006568503e-11,215.16713229647075,258.1756211094259,-29.832867703529246,13.17562110942589
UGC05253,external_151,bulge_rich_hsb,61,6.16209813023826e+20,19.97,245.0,2.377919291185176e-11,121.0494610399801,5.466277988307291e-11,7.844197279492467e-11,219.85611974466522,260.5168488621058,-25.14388025533478,15.516848862105803
UGC05253,external_151,bulge_rich_hsb,62,6.665063576021353e+20,21.6,245.0,2.104316601437994e-11,118.42889821602418,5.364659264370822e-11,7.468975865808815e-11,223.11700740504943,261.8445545114314,-21.882992594950565,16.844554511431397
UGC05253,external_151,bulge_rich_hsb,63,7.198885797619359e+20,23.33,244.0,1.8139284706020278e-11,114.27276099278579,5.188486058218216e-11,7.002414528820243e-11,224.52078411712245,261.1440263036461,-19.479215882877554,17.144026303646115
UGC05253,external_151,bulge_rich_hsb,64,8.23875914258195e+20,26.7,243.0,1.3596603047650296e-11,105.83909375409755,4.726929584414097e-11,6.086589889179127e-11,223.93290981144642,258.10281940079756,-19.06709018855358,15.102819400797557
UGC05253,external_151,bulge_rich_hsb,65,9.241604356566644e+20,29.95,239.0,1.0205946817685956e-11,97.11813557375059,4.207955404961823e-11,5.2285500867304186e-11,219.8185416657447,252.8869942015155,-19.181458334255296,13.886994201515506
UGC05253,external_151,bulge_rich_hsb,66,1.0281477701529236e+21,33.32,231.0,7.613545610166638e-12,88.47513742317899,3.6895935317363024e-11,4.450948092752966e-11,213.92130227329795,246.55103088643065,-17.078697726702046,15.551030886430652
UGC05253,external_151,bulge_rich_hsb,67,1.1318265368910335e+21,36.68,219.0,5.560050098423243e-12,79.32850841809034,3.1799818974162026e-11,3.735986907258527e-11,205.63290405751363,237.9402462110422,-13.367095942486372,18.940246211042194
UGC05253,external_151,bulge_rich_hsb,68,1.232419626047652e+21,39.94,210.0,4.235422795681944e-12,72.24830917058227,2.7866965134409957e-11,3.21023879300919e-11,198.90604045136618,231.09251176423388,-11.09395954863382,21.092511764233876
UGC05253,external_151,bulge_rich_hsb,69,1.3360983927857619e+21,43.3,210.0,3.0721133269945774e-12,64.06750875953563,2.3797446063171758e-11,2.6869559390166336e-11,189.47394310580762,221.21041741996117,-20.52605689419238,11.210417419961175
UGC05253,external_151,bulge_rich_hsb,70,1.440085727282021e+21,46.67,212.0,2.3675538301970087e-12,58.390756797960705,2.0918038568789205e-11,2.3285592398986212e-11,183.1208597213511,214.6026655102547,-28.87914027864889,2.6026655102546954
UGC05253,external_151,bulge_rich_hsb,71,1.5403702486804904e+21,49.919999999999995,213.0,1.743096292472304e-12,51.81711753378032,1.7965300690469485e-11,1.970839698294179e-11,174.23612817584038,205.03306004364964,-38.76387182415962,-7.966939956350359
UGC05253,external_151,bulge_rich_hsb,72,1.6443575831767495e+21,53.29,218.0,1.3821287965276543e-12,47.67298991564513,1.6005079959582674e-11,1.738720875611033e-11,169.08810889115531,199.54071042279995,-48.911891108844685,-18.459289577200053
UGC05414,external_151,low_mass_dwarf,0,2.09826075541413e+19,0.68,20.5,1.3624173847916689e-11,16.90771105443404,8.115231489960448e-12,2.1739405337877136e-11,21.357654615268046,41.21276125754753,0.8576546152680464,20.712761257547527
UGC05414,external_151,low_mass_dwarf,1,4.227378286643173e+19,1.37,34.6,1.2559389055356099e-11,23.04198094481381,1.1740812044765396e-11,2.4300201100121495e-11,32.05091925229542,57.214542299723796,-2.549080747704579,22.614542299723794
UGC05414,external_151,low_mass_dwarf,2,6.325639042057302e+19,2.05,46.0,1.115130111039678e-11,26.55919909817742,1.648283900856864e-11,2.7634140118965417e-11,41.80951992431983,67.76507064589947,-4.190480075680171,21.76507064589947
UGC05414,external_151,low_mass_dwarf,3,8.454756573286346e+19,2.74,51.8,9.974322120736167e-12,29.039708248253717,2.0234433506492758e-11,3.020875562722892e-11,50.53787443196584,76.01749908353297,-1.2621255680341577,24.21749908353297
UGC05414,external_151,low_mass_dwarf,4,1.0553017328700475e+20,3.42,56.8,8.930992682322434e-12,30.699987058473784,2.3118120027956198e-11,3.2049112710278634e-11,58.15624143641378,82.43975419689886,1.3562414364137823,25.639754196898863
UGC05414,external_151,low_mass_dwarf,5,1.268213485992952e+20,4.11,61.4,8.013592040032882e-12,31.879374988251374,2.462918863409185e-11,3.264278067412473e-11,64.341288976236,87.78551399445605,2.9412889762360024,26.385513994456055
UGC05716,external_151,low_mass_dwarf,0,3.178247908936108e+19,1.03,39.15,9.669647014871553e-12,17.53069747761503,1.3369774016361875e-11,2.303942103123343e-11,27.060116724732772,46.21954198011383,-12.089883275267226,7.069541980113833
UGC05716,external_151,low_mass_dwarf,1,6.387352593687129e+19,2.07,49.15,7.951821323731975e-12,22.536877901935764,1.9435369078474604e-11,2.7387190402206577e-11,41.82483014303076,62.17098785377709,-7.325169856969239,13.020987853777093
UGC05716,external_151,low_mass_dwarf,2,9.534743726808325e+19,3.09,55.05,5.875937861323367e-12,23.669719403146395,2.1367918040413033e-11,2.72438559017364e-11,50.96696814144933,70.07935106151307,-4.083031858550669,15.029351061513069
UGC05716,external_151,low_mass_dwarf,3,1.2743848411559346e+20,4.13,59.35,4.412549896510856e-12,23.713470220441426,2.129295687274296e-11,2.5705506769253818e-11,57.23522356116759,75.11661242928395,-2.114776438832415,15.766612429283946
UGC05716,external_151,low_mass_dwarf,4,1.5922096320495455e+20,5.16,63.85,3.6410472782674015e-12,24.07760483770165,2.058769515940112e-11,2.422874243766852e-11,62.110576459813515,79.83191167820395,-1.7394235401864862,15.98191167820395
UGC05716,external_151,low_mass_dwarf,5,1.9131201005246477e+20,6.2,68.2,3.1465369244719307e-12,24.535083120401804,1.9930629435386076e-11,2.3077166359858006e-11,66.44500795860857,84.23078053207725,-1.7549920413914322,16.030780532077245
UGC05716,external_151,low_mass_dwarf,6,2.2309448914182586e+20,7.23,71.7,2.7571597710592556e-12,24.80135380592878,1.9226228047098257e-11,2.198338781815751e-11,70.03122642720523,87.87927717086686,-1.6687735727947768,16.179277170866854
UGC05716,external_151,low_mass_dwarf,7,2.5487696823118692e+20,8.26,73.5,2.507727082647429e-12,25.281650974104043,1.8737556924186205e-11,2.1245284006833636e-11,73.58623225082447,91.64206585821881,0.08623225082446595,18.142065858218814
UGC05716,external_151,low_mass_dwarf,8,2.8635087956239886e+20,9.28,73.15,2.27556364736365e-12,25.526645919955907,1.8177805696270568e-11,2.0453369343634218e-11,76.52999609018848,94.71607991910186,3.3799960901884702,21.566079919101853
UGC05716,external_151,low_mass_dwarf,9,3.1905906192620736e+20,10.34,72.5,2.081759159172832e-12,25.772157932194464,1.7649739660819792e-11,1.9731498819992624e-11,79.34427202958581,97.69877730578368,6.8442720295858095,25.19877730578368
UGC05716,external_151,low_mass_dwarf,10,3.517672442900159e+20,11.4,73.0,1.904126903457674e-12,25.880677611063184,1.7090434183513296e-11,1.899456108697097e-11,81.7414485439434,100.24350101425222,8.741448543943406,27.243501014252217
UGC05716,external_151,low_mass_dwarf,11,3.816983168304821e+20,12.37,74.7,1.756175124108886e-12,25.89071433800012,1.6573626299181544e-11,1.832980142329043e-11,83.64481066454113,102.26096563083728,8.944810664541123,27.560965630837273
UGC05721,calibration_24,bulge_rich_hsb,0,2.7771098233422305e+18,0.09000000000000001,16.5,5.717478305570226e-11,12.600819484122914,5.085218524468048e-12,6.226000158017031e-11,13.14925328638831,22.512331076074098,-3.3507467136116897,6.012331076074098
UGC05721,calibration_24,bulge_rich_hsb,1,8.331329470026692e+18,0.27,38.5,5.384535017313676e-11,21.18025856124899,6.501434771180562e-12,6.034678494431732e-11,22.422509846757876,38.30667173278022,-16.077490153242124,-0.19332826721978336
UGC05721,calibration_24,bulge_rich_hsb,2,1.3885549116711152e+19,0.45,47.4,5.0515917290571255e-11,26.484736183582143,8.168827265993336e-12,5.86847445565646e-11,28.545926205709723,48.533039805023016,-18.854073794290276,1.1330398050230173
UGC05721,calibration_24,bulge_rich_hsb,3,1.9439768763395613e+19,0.63,55.5,4.7186484408005745e-11,30.28686754435335,1.0187910892703763e-11,5.7374395300709507e-11,33.39678094645418,56.28918620674167,-22.10321905354582,0.7891862067416682
UGC05721,calibration_24,bulge_rich_hsb,4,2.4993988410080076e+19,0.81,56.4,4.3857051525440235e-11,33.10834694645956,1.27112687836613e-11,5.6568320309101534e-11,37.60143537397716,62.478650939186934,-18.798564626022838,6.078650939186936
UGC05721,calibration_24,bulge_rich_hsb,5,3.0548208056764535e+19,0.99,59.8,4.052761864287474e-11,35.18587964436511,1.5983096685644155e-11,5.651071532851889e-11,41.54877963661734,67.50890624102614,-18.251220363382657,7.708906241026142
UGC05721,calibration_24,bulge_rich_hsb,6,3.6102427703448994e+19,1.17,67.8,3.712743152117755e-11,36.61134267283932,2.0003496838752792e-11,5.7130928359930344e-11,45.4154732524644,71.55805217898772,-22.384526747535595,3.7580521789877253
UGC05721,calibration_24,bulge_rich_hsb,7,4.165664735013346e+19,1.35,76.4,3.323857727127182e-11,37.210317007646296,2.180605946685949e-11,5.504463673813131e-11,47.885018754476185,74.4660507364695,-28.51498124552382,-1.9339492635305078
UGC05721,calibration_24,bulge_rich_hsb,8,4.721086699681792e+19,1.53,81.2,2.93497230213661e-11,37.22399588914602,2.3594703318898505e-11,5.2944426340264606e-11,49.995522501250605,76.51699319971506,-31.204477498749398,-4.683006800284943
UGC05721,calibration_24,bulge_rich_hsb,9,5.2765086643502375e+19,1.71,82.2,2.546086877146037e-11,36.65303461849988,2.5340541328700303e-11,5.080141010016067e-11,51.77393944396229,77.71000727231974,-30.42606055603771,-4.48999272768026
UGC05721,calibration_24,bulge_rich_hsb,10,5.831930629018684e+19,1.89,82.6,2.1572014521554646e-11,35.469210904373156,2.698091741109805e-11,4.8552931932652695e-11,53.21252962101093,77.99224317800132,-29.387470378989065,-4.607756821998677
UGC05721,calibration_24,bulge_rich_hsb,11,6.387352593687129e+19,2.07,82.3,1.7683160271648923e-11,33.607823438256446,2.8392467805401878e-11,4.60756280770508e-11,54.24954216430899,77.2417151204294,-28.050457835691006,-5.058284879570593
UGC05721,calibration_24,bulge_rich_hsb,12,6.942774558355576e+19,2.25,82.1,1.3794306021743195e-11,30.946850711813916,2.9467396371818246e-11,4.326170239356144e-11,54.804766830009314,75.22117756139863,-27.29523316999068,-6.878822438601361
UGC05721,calibration_24,bulge_rich_hsb,13,8.23875914258195e+19,2.6699999999999995,81.4,1.1308098357806927e-11,30.522892839735512,2.7888124036500145e-11,3.919622239430707e-11,56.82677499258362,77.62956739249816,-24.573225007416383,-3.7704326075018457
UGC05721,calibration_24,bulge_rich_hsb,14,9.719884381697806e+19,3.15,79.3,9.358242047386105e-12,30.15974647050865,2.555859982397002e-11,3.491684187135613e-11,58.25698807556107,80.11890037508229,-21.04301192443893,0.8189003750822934
UGC05721,calibration_24,bulge_rich_hsb,15,1.1139296069183835e+20,3.61,78.5,7.932146868294124e-12,29.725163150128814,2.4016844893053934e-11,3.1948991761348057e-11,59.65645634309594,82.04806191484384,-18.84354365690406,3.548061914843842
UGC05721,calibration_24,bulge_rich_hsb,16,1.2466137429225123e+20,4.04,78.2,7.316029030506622e-12,30.199772073725356,2.3882398384007798e-11,3.119842741451442e-11,62.36376221212455,84.94194936530648,-15.836237787875454,6.741949365306482
UGC05721,calibration_24,bulge_rich_hsb,17,1.3854692340896239e+20,4.49,78.1,6.671254549101095e-12,30.40200310926899,2.3603590706444774e-11,3.027484525554587e-11,64.76485672676426,87.37299233201965,-13.33514327323573,9.272992332019655
UGC05721,calibration_24,bulge_rich_hsb,18,1.521239047675244e+20,4.930000000000001,78.2,6.251952557865515e-12,30.839446096254942,2.3596037715472906e-11,2.9847990273338423e-11,67.38392115218087,89.98759529978868,-10.816078847819128,11.787595299788677
UGC05721,calibration_24,bulge_rich_hsb,19,1.6600945388423555e+20,5.38,78.3,5.885761929288047e-12,31.258472828558553,2.362752880251988e-11,2.951329073180793e-11,69.99632330854318,92.51120116155265,-8.303676691456815,14.211201161552651
UGC05721,calibration_24,bulge_rich_hsb,20,1.8082070627539413e+20,5.86,78.6,5.520184560567881e-12,31.593728349348236,2.3603090283341744e-11,2.9123274843909625e-11,72.56783809876217,94.92374868133206,-6.032161901237828,16.323748681332063
UGC05721,calibration_24,bulge_rich_hsb,21,1.9378055211765786e+20,6.28,78.9,5.263288533481674e-12,31.936232682841858,2.3622157736417085e-11,2.888544626989876e-11,74.81602586575902,97.03579577872868,-4.083974134240989,18.135795778728678
UGC05721,calibration_24,bulge_rich_hsb,22,2.0797466899251816e+20,6.74,79.5,4.981926218101542e-12,32.188731819610666,2.3580845229814417e-11,2.856277144791596e-11,77.07355537010908,99.07867786728079,-2.4264446298909235,19.57867786728079
UGC05750,external_151,low_mass_dwarf,0,9.565600502623238e+18,0.31,3.1,4.293181717632852e-12,6.408343092878353,1.020953390187605e-11,1.4502715619508902e-11,11.778250456641523,20.43191791048332,8.678250456641523,17.33191791048332
UGC05750,external_151,low_mass_dwarf,1,4.535946044792309e+19,1.47,15.7,4.110814379728376e-12,13.655193966621008,1.3868974171750755e-11,1.797978855147913e-11,28.557897465724576,43.987869244032204,12.857897465724577,28.287869244032205
UGC05750,external_151,low_mass_dwarf,2,7.775907505358245e+19,2.52,28.0,3.9457404962803594e-12,17.516196259240306,1.5725040480942576e-11,1.9670780977222936e-11,39.10986748086038,56.97728022152681,11.10986748086038,28.97728022152681
UGC05750,external_151,low_mass_dwarf,3,1.033701989799608e+20,3.35,36.0,3.76989439799079e-12,19.740687274098324,1.6783155897637745e-11,2.0553050295628534e-11,46.09308948968667,64.9129400391273,10.093089489686669,28.912940039127307
UGC05750,external_151,low_mass_dwarf,4,1.2620421308299692e+20,4.09,43.6,3.5853512384469095e-12,21.271728459961608,1.7451429629234062e-11,2.1036780867680973e-11,51.52601648881003,70.78809688436809,7.926016488810028,27.188096884368086
UGC05750,external_151,low_mass_dwarf,5,1.487296594278839e+20,4.82,49.8,3.4033019053833517e-12,22.49826511795819,1.8311418812986026e-11,2.1714720718369377e-11,56.8297722766394,75.8054123428881,7.029772276639406,26.005412342888107
UGC05750,external_151,low_mass_dwarf,6,2.0365472037843023e+20,6.6,61.5,3.0283467199217365e-12,24.834192244858652,1.8335151795347588e-11,2.1363498515269326e-11,65.96042234880083,86.0414517690986,4.460422348800833,24.5414517690986
UGC05750,external_151,low_mass_dwarf,7,2.4253425790522147e+20,7.86,68.1,2.81236755400458e-12,26.116957664843422,1.8292337956809528e-11,2.110470551081411e-11,71.54449027964024,92.10238124203423,3.444490279640249,24.002381242034232
UGC05750,external_151,low_mass_dwarf,8,2.9097939593463592e+20,9.43,73.4,2.569550358767826e-12,27.343851433510405,1.8019164873807874e-11,2.05887152325757e-11,77.40085220102628,98.5394534322842,4.000852201026277,25.1394534322842
UGC05750,external_151,low_mass_dwarf,9,3.5269294756446326e+20,11.43,77.6,2.2881467078929705e-12,28.407977873595556,1.8040976605906633e-11,2.0329123313799603e-11,84.67548891471151,105.26746302114375,7.075488914711514,27.66746302114376
UGC05750,external_151,low_mass_dwarf,10,7.050773273707774e+20,22.85,78.9,1.368775518742857e-12,31.065939298945445,1.4404438078347718e-11,1.5773213597090574e-11,105.45774171242729,130.33672154867688,26.557741712427287,51.43672154867687
UGC05764,calibration_24,low_mass_dwarf,0,1.1108439293368922e+19,0.36000000000000004,21.45,4.638417069010044e-12,7.178131680905852,4.9065915116656555e-12,9.5450085806757e-12,10.297094171324328,22.4708794629946,-11.15290582867567,1.0208794629945999
UGC05764,calibration_24,low_mass_dwarf,1,2.252544634488698e+19,0.73,31.3,4.785880099008303e-12,10.382874620415771,6.501553239268371e-12,1.1287433338276673e-11,15.945359012353398,32.263566906941556,-15.354640987646603,0.9635669069415549
UGC05764,calibration_24,low_mass_dwarf,2,3.3633885638255903e+19,1.09,41.7,4.9959614307214084e-12,12.96277730326419,8.941312190917785e-12,1.3937273621639192e-11,21.650973814110376,39.87364878934238,-20.049026185889627,-1.82635121065762
UGC05764,calibration_24,low_mass_dwarf,3,4.474232493162482e+19,1.45,48.35,5.1264084913814304e-12,15.144881460534071,1.1169992096092475e-11,1.6296400587473905e-11,27.002571179439176,46.303349452000184,-21.347428820560825,-2.0466505479998176
UGC05764,calibration_24,low_mass_dwarf,4,5.585076422499375e+19,1.81,50.6,5.21581437780952e-12,17.067724483842944,1.3286499241758039e-11,1.8502313619567557e-11,32.14604727775031,51.96985088136226,-18.45395272224969,1.369850881362261
UGC05764,calibration_24,low_mass_dwarf,5,6.6959203518362665e+19,2.17,54.05,5.1443692167749495e-12,18.559710810237153,1.496808338167731e-11,2.0112452598452257e-11,36.69759946908226,56.69692203308497,-17.352400530917734,2.6469220330849694
UGC05764,calibration_24,low_mass_dwarf,6,7.837621056988073e+19,2.54,55.8,5.034163366914273e-12,19.863500398682326,1.6502879750724582e-11,2.1537043117638854e-11,41.08517769756708,60.99059589413388,-14.714822302432914,5.190595894133885
UGC05764,calibration_24,low_mass_dwarf,7,8.948464986324964e+19,2.9,54.55,4.874580581339835e-12,20.88540486922365,1.7715231667868675e-11,2.258981224920851e-11,44.96044305383313,64.61795251072368,-9.589556946166866,10.067952510723686
UGC05764,calibration_24,low_mass_dwarf,8,1.0059308915661857e+20,3.26,50.0,4.683729012393939e-12,21.706007696699654,1.8650318917518078e-11,2.3334047929912017e-11,48.44836389186378,67.79380292076068,-1.551636108136222,17.793802920760683
UGC05764,calibration_24,low_mass_dwarf,9,1.117015284499875e+20,3.62,49.9,4.4813207316665185e-12,22.37343011703316,1.941680542446846e-11,2.389812615613498e-11,51.66679028864578,70.61268904079824,1.7667902886457796,20.712689040798246
UGC05829,external_151,low_mass_dwarf,0,1.9439768763395613e+19,0.63,14.8,4.934976530625313e-12,9.794631315580002,8.990329617579434e-12,1.3925306148204747e-11,16.453107046408938,30.215886286163467,1.6531070464089375,15.415886286163467
UGC05829,external_151,low_mass_dwarf,1,3.8879537526791225e+19,1.26,27.2,4.876419224867655e-12,13.769274645006112,1.1849615096975248e-11,1.6726034321842904e-11,25.500989766879425,42.597358444621655,-1.6990102331205748,15.397358444621656
UGC05829,external_151,low_mass_dwarf,2,5.80107385320377e+19,1.88,34.1,4.79635600211757e-12,16.680532184118466,1.4603173456059393e-11,1.9399529458176962e-11,33.54669925704862,51.80602184854237,-0.5533007429513788,17.70602184854237
UGC05829,external_151,low_mass_dwarf,3,7.775907505358245e+19,2.52,38.8,4.7103000510276025e-12,19.138144507573053,1.7001975946275197e-11,2.17122759973028e-11,41.08925040516516,59.6937551353175,2.2892504051651628,20.893755135317505
UGC05829,external_151,low_mass_dwarf,4,9.689027605882893e+19,3.14,42.8,4.616986904476779e-12,21.150440556516855,1.866506225136596e-11,2.3282049155842737e-11,47.495306819988315,66.28325912579876,4.695306819988318,23.483259125798767
UGC05829,external_151,low_mass_dwarf,5,1.1633004482222454e+20,3.77,47.9,4.5186784305847864e-12,22.92723411942983,1.996254941829581e-11,2.4481227848880597e-11,53.3657411919236,72.21846054320771,5.465741191923598,24.318460543207713
UGC05829,external_151,low_mass_dwarf,6,1.3576981358562016e+20,4.4,51.9,4.38363551121354e-12,24.39601148107549,2.0845997144510683e-11,2.5229632655724225e-11,58.52710929561918,77.39914013548311,6.627109295619178,25.49914013548311
UGC05829,external_151,low_mass_dwarf,7,1.5520958234901578e+20,5.03,57.6,4.224629105924186e-12,25.606696762956147,2.1419531941402755e-11,2.564416104732694e-11,63.08898101765881,81.95483180049713,5.4889810176588085,24.35483180049713
UGC05829,external_151,low_mass_dwarf,8,1.7434078335426226e+20,5.65,60.7,4.060681486637517e-12,26.607186836126342,2.1776389308313812e-11,2.583707079495133e-11,67.11523792680278,85.96051543260887,6.415237926802774,25.26051543260887
UGC05829,external_151,low_mass_dwarf,9,1.94089119875807e+20,6.29,65.6,3.882772543910429e-12,27.45184703668449,2.1925198742039906e-11,2.5807971285950335e-11,70.77461714958407,89.63834721334558,5.17461714958408,24.038347213345588
UGC05829,external_151,low_mass_dwarf,10,2.1322032088105347e+20,6.91,68.6,3.7110863352741644e-12,28.129682174252345,2.1954806346221652e-11,2.5665892681495816e-11,73.97627912545494,92.84498042163455,5.376279125454943,24.24498042163455
UGC05918,external_151,low_mass_dwarf,0,1.7279794456351658e+19,0.56,16.9,2.9983417304446843e-12,7.197966991587687,6.732272122421827e-12,9.730613852866511e-12,12.966996850144655,24.997799770109225,-3.9330031498553435,8.097799770109226
UGC05918,external_151,low_mass_dwarf,1,3.425102115455418e+19,1.11,27.4,2.9270558202165897e-12,10.012724445364476,8.973253133157924e-12,1.1900308953374514e-11,20.18904984658171,34.97392841066622,-7.210950153418288,7.57392841066622
UGC05918,external_151,low_mass_dwarf,2,5.153081561090583e+19,1.67,33.5,2.8177824137759163e-12,12.050005228046166,1.1212567422726482e-11,1.4030349836502399e-11,26.888573230673803,42.47519853339137,-6.611426769326197,8.97519853339137
UGC05918,external_151,low_mass_dwarf,3,6.881061006725748e+19,2.23,36.4,2.7042463588091874e-12,13.64114517633398,1.2853713406844266e-11,1.5557959765653452e-11,32.71930168687071,48.5600357159208,-3.680698313129291,12.160035715920799
UGC05918,external_151,low_mass_dwarf,4,8.609040452360915e+19,2.79,39.8,2.5841955355379874e-12,14.915577059657133,1.390072198031082e-11,1.648491751584881e-11,37.67218094931263,53.67823255525642,-2.127819050687364,13.878232555256425
UGC05918,external_151,low_mass_dwarf,5,1.0306163122181166e+20,3.34,41.2,2.4472920009599876e-12,15.881495700815707,1.4528328791975665e-11,1.6975620792935653e-11,41.82744517566011,57.90623394466321,0.6274451756601067,16.706233944663204
UGC05918,external_151,low_mass_dwarf,6,1.2034142567816331e+20,3.9,42.6,2.2947322538570296e-12,16.617802230704875,1.483482894075286e-11,1.712956119460989e-11,45.40259701163245,61.53570539714106,2.80259701163245,18.935705397141056
UGC05918,external_151,low_mass_dwarf,7,1.3762122013451497e+20,4.46,44.5,2.1444991738876678e-12,17.17930711314866,1.4907370124827096e-11,1.7051869298714763e-11,48.44273999747952,64.66022556126677,3.9427399974795208,20.16022556126677
UGC05986,external_151,low_mass_dwarf,0,1.9439768763395613e+19,0.63,29.5,3.4316038130756606e-11,25.828198662271728,1.03163528916874e-11,4.4632391022444004e-11,29.455786542439597,51.336161558102454,-0.04421345756040296,21.836161558102454
UGC05986,external_151,low_mass_dwarf,1,3.8879537526791225e+19,1.26,50.8,3.186223158575453e-11,35.19643204396798,1.4954014875798587e-11,4.681624646155312e-11,42.66373180073986,71.07827308628842,-8.136268199260137,20.278273086288422
UGC05986,external_151,low_mass_dwarf,2,5.80107385320377e+19,1.88,68.2,2.944737435099059e-11,41.331149680723236,2.002877193019262e-11,4.947614628118321e-11,53.57376023288424,84.89853378498186,-14.626239767115763,16.698533784981862
UGC05986,external_151,low_mass_dwarf,3,7.745050729543331e+19,2.51,84.3,2.6993567805988516e-11,45.72379599604004,2.6314688764846145e-11,5.330825657083466e-11,64.25536175640333,95.71243965815626,-20.044638243596665,11.41243965815626
UGC05986,external_151,low_mass_dwarf,4,9.658170830067979e+19,3.13,95.3,2.4183051442500418e-11,48.32846387213139,3.1447256149708515e-11,5.563030759220893e-11,73.29986453294313,103.62621702476567,-22.000135467056865,8.326217024765668
UGC05986,external_151,low_mass_dwarf,5,1.1633004482222454e+20,3.77,106.0,2.0889930651683722e-11,49.29631394986373,3.4101329858570135e-11,5.4991260510253856e-11,79.98209674663735,109.17006729853404,-26.017903253362647,3.170067298534036
UGC05986,external_151,low_mass_dwarf,6,1.35461245827471e+20,4.39,112.0,1.769971988558005e-11,48.9655604123749,3.6171224359362186e-11,5.3870944244942234e-11,85.42496837179458,112.51521420155106,-26.575031628205423,0.5152142015510606
UGC05986,external_151,low_mass_dwarf,7,1.5490101459086662e+20,5.02,115.0,1.445805410711986e-11,47.32406628981192,3.742001280157096e-11,5.1878066908690817e-11,89.64354521753963,113.8100223010495,-25.356454782460375,-1.1899776989505
UGC05986,external_151,low_mass_dwarf,8,1.7434078335426226e+20,5.65,116.0,1.1293496996647464e-11,44.37248148576466,3.7295490626227556e-11,4.858898762287502e-11,92.03826467596281,112.88694672382793,-23.961735324037193,-3.1130532761720673
UGC05986,external_151,low_mass_dwarf,9,1.9378055211765786e+20,6.28,116.0,1.0185651460354183e-11,44.42725699011206,3.635797252086542e-11,4.65436239812196e-11,94.96972755903533,115.73762943095753,-21.030272440964666,-0.26237056904247424
UGC05986,external_151,low_mass_dwarf,10,2.1291175312290434e+20,6.9,116.0,9.095390773843334e-12,44.00585864401323,3.5178683083492035e-11,4.427407385733537e-11,97.09001330135979,117.67299515286588,-18.90998669864021,1.6729951528658802
UGC05986,external_151,low_mass_dwarf,11,2.3266008964444907e+20,7.54,114.0,7.969960387767622e-12,43.061487413705564,3.3664731331083493e-11,4.1634691718851117e-11,98.42119237047935,118.72797554290564,-15.578807629520654,4.727975542905639
UGC05986,external_151,low_mass_dwarf,12,2.5179129064969555e+20,8.16,112.0,6.8796997012567726e-12,41.620289127560945,3.188778513248008e-11,3.876748483373685e-11,98.79936761705056,118.7562627287157,-13.200632382949436,6.756262728715697
UGC05986,external_151,low_mass_dwarf,13,2.7123105941309116e+20,8.79,109.0,6.124342100910727e-12,40.75673927386995,3.0464148064421816e-11,3.6588490165332545e-11,99.61894874906386,119.50211484003682,-9.381051250936139,10.502114840036825
UGC05986,external_151,low_mass_dwarf,14,2.9036226041833764e+20,9.41,107.0,5.660010631554203e-12,40.53952985630077,2.9505851942833076e-11,3.516586257438728e-11,101.0486978969037,121.08686778920324,-5.951302103096296,14.08686778920324
UGC05999,external_151,low_mass_dwarf,0,1.0738157983589958e+20,3.48,46.2,9.424457815529745e-12,31.812154427645655,2.496210958635913e-11,3.438656740188887e-11,60.76581220347896,84.37102557218479,14.565812203478956,38.17102557218479
UGC05999,external_151,low_mass_dwarf,1,2.141460241555009e+20,6.940000000000001,81.1,7.169218559452467e-12,39.18238954949753,2.925399470611441e-11,3.6423213265566874e-11,88.31696500553585,110.72932085927496,7.2169650055358545,29.62932085927497
UGC05999,external_151,low_mass_dwarf,2,3.215276039914005e+20,10.420000000000002,91.2,5.528303878071288e-12,42.16043524505681,2.8323408827338845e-11,3.385171270541013e-11,104.32765729745765,126.62774415241498,13.127657297457645,35.427744152414974
UGC05999,external_151,low_mass_dwarf,3,4.2860061606915093e+20,13.89,97.7,4.3835845428776575e-12,43.34520775897344,2.61781109543831e-11,3.056169549726076e-11,114.44982096204328,137.518014132643,16.749820962043273,39.818014132643
UGC05999,external_151,low_mass_dwarf,4,5.004969037178997e+20,16.22,100.0,3.782801536933729e-12,43.51184271683565,2.470930970560508e-11,2.8492111242538807e-11,119.41613566548129,142.96291712253662,19.416135665481292,42.96291712253662
UGC06399,external_151,low_mass_dwarf,0,2.6845394958974894e+19,0.87,24.8,1.2634972166543713e-11,18.417133818988248,1.2567915490393084e-11,2.5202887656936797e-11,26.011179774418952,45.66829437457575,1.2111797744189516,20.86829437457575
UGC06399,external_151,low_mass_dwarf,1,5.369078991794979e+19,1.74,46.2,1.1614823612701888e-11,24.972165595390795,1.7365149610349828e-11,2.8979973223051718e-11,39.445629087982354,63.12435727584942,-6.754370912017649,16.924357275849417
UGC06399,external_151,low_mass_dwarf,2,8.053618487692468e+19,2.61,60.5,1.0169200383812684e-11,28.61797690545633,2.256722970572084e-11,3.273643008953352e-11,51.346540155118454,74.58054630433134,-9.153459844881546,14.080546304331335
UGC06399,external_151,low_mass_dwarf,3,1.0799871535219786e+20,3.5000000000000004,69.6,8.881156967949514e-12,30.970204122345855,2.612062847633041e-11,3.5001785444279927e-11,61.48290708006161,83.27313377500211,-8.117092919938386,13.673133775002114
UGC06399,external_151,low_mass_dwarf,4,1.3484411031117275e+20,4.37,77.5,7.764745738629526e-12,32.357846512368035,2.7878750150241145e-11,3.564349588887067e-11,69.32759545458583,89.7589511192655,-8.172404545414167,12.258951119265504
UGC06399,external_151,low_mass_dwarf,5,1.6168950527014765e+20,5.24,82.9,6.8021271952612214e-12,33.163723870916606,2.8206627275105803e-11,3.500875447036702e-11,75.23661469283233,94.87801071676698,-7.6633853071676725,11.978010716766974
UGC06399,external_151,low_mass_dwarf,6,1.8853490022912256e+20,6.110000000000001,84.1,5.895113159119026e-12,33.33818488301205,2.7802966239208594e-11,3.369807939832762e-11,79.70736501275618,98.62944511607628,-4.3926349872438095,14.529445116076289
UGC06399,external_151,low_mass_dwarf,7,2.1538029518809743e+20,6.98,85.6,5.1791767822411075e-12,33.39899136486655,2.6939784825676217e-11,3.2118961607917323e-11,83.17326152224885,101.86640891944671,-2.426738477751144,16.266408919446718
UGC06399,external_151,low_mass_dwarf,8,2.422256901470723e+20,7.85,87.6,4.539057670279701e-12,33.158353047171424,2.584730660700761e-11,3.038636427728731e-11,85.79252915100628,104.33425090346621,-1.8074708489937166,16.73425090346622
UGC06446,external_151,ordinary_disk,0,1.7896929972649929e+19,0.58,31.3,1.4279192403133592e-11,15.986047244546624,9.13566070973141e-12,2.3414853112865e-11,20.470808154072206,38.553480349722555,-10.829191845927795,7.253480349722555
UGC06446,external_151,ordinary_disk,1,3.5793859945299857e+19,1.16,54.8,1.3291056103602645e-11,21.811423628398856,1.2890568244032926e-11,2.618162434763557e-11,30.61276523020618,53.46543782210719,-24.187234769793818,-1.3345621778928063
UGC06446,external_151,ordinary_disk,2,5.369078991794979e+19,1.74,61.1,1.2302919804071699e-11,25.701235039931397,1.6715763968016847e-11,2.9018683772088545e-11,39.471965419809344,64.11859604564906,-21.628034580190658,3.018596045649055
UGC06446,external_151,ordinary_disk,3,7.1896287648748855e+19,2.33,63.9,1.0852727116178949e-11,27.933327594795763,1.9473984885907128e-11,3.0326712002086074e-11,46.694517981694,71.71611560928982,-17.205482018306,7.816115609289817
UGC06446,external_151,ordinary_disk,4,8.979321762139878e+19,2.91,67.2,9.413112101130206e-12,29.072901874278166,2.1873374405927205e-11,3.1286486507057415e-11,53.00296493156928,77.1275275460629,-14.197035068430722,9.92752754606289
UGC06446,external_151,ordinary_disk,5,1.0769014759404872e+20,3.49,70.4,7.973497086081463e-12,29.303021653761753,2.3923015154930717e-11,3.189651224101218e-11,58.60836212495605,80.78517386894306,-11.791637875043953,10.385173868943056
UGC06446,external_151,ordinary_disk,6,1.2558707756669865e+20,4.07,73.7,7.223712910147204e-12,30.119843850296093,2.4534311819835587e-11,3.175802472998279e-11,63.15376089457763,84.96836962970588,-10.546239105422373,11.268369629705873
UGC06446,external_151,ordinary_disk,7,1.4348400753934859e+20,4.65,78.0,6.507080927557546e-12,30.55588403022924,2.4824045899732085e-11,3.133112682728963e-11,67.04860653215034,88.32872091213068,-10.951393467849655,10.328720912130677
UGC06446,external_151,ordinary_disk,8,1.6138093751199852e+20,5.23,80.8,5.790448944967888e-12,30.569070632819056,2.4823812611098827e-11,3.0614261556066715e-11,70.2891046404461,90.81854369482022,-10.5108953595539,10.018543694820224
UGC06446,external_151,ordinary_disk,9,1.792778674846484e+20,5.81,80.5,5.338822869284521e-12,30.93756258795448,2.4639375616334814e-11,2.9978198485619336e-11,73.3104869410465,93.68632461904267,-7.189513058953494,13.186324619042665
UGC06446,external_151,ordinary_disk,10,1.974833652154475e+20,6.4,81.3,4.90202656637645e-12,31.113802446881138,2.4311849290575456e-11,2.9213875856951905e-11,75.95560884633325,96.13630501063383,-5.3443911536667486,14.836305010633836
UGC06446,external_151,ordinary_disk,11,2.1538029518809743e+20,6.98,82.1,4.472633590636313e-12,31.037350773212736,2.3854813558038204e-11,2.8327447148674516e-11,78.11001170660997,98.00187191589674,-3.9899882933900273,15.901871915896749
UGC06446,external_151,ordinary_disk,12,2.3512863170964216e+20,7.619999999999999,82.8,4.153738922844233e-12,31.251607149192303,2.3443398635578424e-11,2.7597137558422657e-11,80.55356722836484,100.42383869589847,-2.246432771635156,17.62383869589847
UGC06446,external_151,ordinary_disk,13,2.5549410374748517e+20,8.28,84.9,3.839360256702054e-12,31.31986442738547,2.2944415651404464e-11,2.6783775908106517e-11,82.72301264228207,102.54229145142288,-2.176987357717934,17.642291451422878
UGC06446,external_151,ordinary_disk,14,2.746253047527317e+20,8.9,84.3,3.559048678399973e-12,31.263474342040098,2.2427376767185175e-11,2.5986425445585148e-11,84.47798534191001,104.22128149993158,0.17798534191001636,19.92128149993158
UGC06446,external_151,ordinary_disk,15,2.9375650575797813e+20,9.52,83.2,3.349508198476934e-12,31.36781510389725,2.2015686649083023e-11,2.5365194847559958e-11,86.32028154663007,106.09280477271189,3.1202815466300677,22.892804772711884
UGC06446,external_151,ordinary_disk,16,3.1535624882841774e+20,10.22,80.1,3.1129302372735014e-12,31.331804967015987,2.1485288832930806e-11,2.459821907020431e-11,88.07497995366948,107.84078847543402,7.974979953669489,27.74078847543403
UGC06614,external_151,bulge_rich_hsb,0,9.966738588217116e+19,3.23,194.0,1.9706970816619456e-11,44.31864466506954,3.255858331137245e-11,5.22655541279919e-11,72.17458799064994,99.425227103567,-121.82541200935006,-94.574772896433
UGC06614,external_151,bulge_rich_hsb,1,2.832652019809075e+20,9.18,172.0,1.4969517292680802e-11,65.11791872801153,4.344258076386201e-11,5.841209805654281e-11,128.6317019793922,155.37629535025346,-43.368298020607796,-16.623704649746543
UGC06614,external_151,bulge_rich_hsb,2,3.283160946706815e+20,10.64,170.0,1.3748185235367437e-11,67.18445121666888,4.447299540499409e-11,5.822118064036153e-11,138.25682860155507,163.4264971192367,-31.74317139844493,-6.5735028807633
UGC06614,external_151,bulge_rich_hsb,3,3.573214639367003e+20,11.58,170.0,1.2826832819242972e-11,67.70009365313472,4.353473642310527e-11,5.636156924234824e-11,141.91264366308442,167.29813931271397,-28.087356336915576,-2.701860687286029
UGC06614,external_151,bulge_rich_hsb,4,3.8632683320271916e+20,12.52,171.0,1.1905480403118509e-11,67.81892465893134,4.247019736580157e-11,5.4375677768920075e-11,144.9371705109438,170.46581846306927,-26.062829489056213,-0.5341815369307312
UGC06614,external_151,bulge_rich_hsb,5,4.187264478083785e+20,13.57,172.0,1.0876310151064584e-11,67.48480358434394,4.1156728934482296e-11,5.203303908554688e-11,147.60626553424336,173.17442403924392,-24.393734465756637,1.1744240392439167
UGC06614,external_151,bulge_rich_hsb,6,4.863027868430394e+20,15.76,174.0,8.729755053923546e-12,65.155999042146,3.787466098129567e-11,4.660441603521922e-11,150.54520051173847,175.8911582630606,-23.45479948826153,1.8911582630605892
UGC06614,external_151,bulge_rich_hsb,7,7.69567988823947e+20,24.94,193.0,2.9464231787693765e-12,47.61798987682921,2.2811928849389234e-11,2.575835202815861e-11,140.793476999928,166.06489280344132,-52.206523000071996,-26.935107196558675
UGC06614,external_151,bulge_rich_hsb,8,8.115332039322295e+20,26.3,194.0,2.6300996374872785e-12,46.19970979855876,2.1608445129814098e-11,2.4238544767301374e-11,140.25114578377912,165.56281149238532,-53.74885421622088,-28.437188507614678
UGC06614,external_151,bulge_rich_hsb,9,1.078752882489382e+21,34.96,201.0,1.2901374307935291e-12,37.306024610992324,1.5194178446256925e-11,1.6484315877050453e-11,133.35105274512705,158.78163615512912,-67.64894725487295,-42.21836384487088
UGC06614,external_151,bulge_rich_hsb,10,1.1367636210214197e+21,36.84,202.0,1.1697756496151522e-12,36.46585256427174,1.4490517543235691e-11,1.5660293192850845e-11,133.4243291014132,158.9448509776967,-68.5756708985868,-43.05514902230331
UGC06614,external_151,bulge_rich_hsb,11,1.4619940381106097e+21,47.38,205.0,7.484886589102199e-13,33.0799933029036,1.1627286783877423e-11,1.2375775442787644e-11,134.51137466530935,160.77938939349687,-70.48862533469065,-44.22061060650313
UGC06614,external_151,bulge_rich_hsb,12,1.9930391498852742e+21,64.59,204.0,5.10031305845339e-13,31.882790972825305,9.623464346128095e-12,1.0133495651973433e-11,142.11422715398783,170.23501289198043,-61.88577284601217,-33.76498710801957
UGC06628,external_151,low_mass_dwarf,0,3.394245339640504e+19,1.1,26.9,1.3096776498958352e-11,21.084039602481933,1.48862246269013e-11,2.7983001125859654e-11,30.819015422398575,51.85577405577648,3.9190154223985765,24.95577405577648
UGC06628,external_151,low_mass_dwarf,1,6.788490679281008e+19,2.2,38.0,1.2217089172658473e-11,28.798540931189024,2.0287204845389928e-11,3.25042940180484e-11,46.9739392619068,71.96052530322359,8.9739392619068,33.96052530322359
UGC06628,external_151,low_mass_dwarf,2,1.0182736018921511e+20,3.3,40.5,1.1012139631333338e-11,33.486371984640414,2.5770037339903055e-11,3.6782176971236395e-11,61.199934501546174,85.68590680371054,20.699934501546174,45.18590680371054
UGC06628,external_151,low_mass_dwarf,3,1.35461245827471e+20,4.39,41.4,9.909786845644945e-12,36.63866908057317,2.9036719392529105e-11,3.894650623817405e-11,72.63430495055644,96.0528828255769,31.234304950556442,54.6528828255769
UGC06628,external_151,low_mass_dwarf,4,1.697122669820252e+20,5.5,42.3,8.822998234057353e-12,38.6958787454204,3.090608432172055e-11,3.9729082555777905e-11,82.11280451706116,104.2043814731419,39.81280451706117,61.904381473141896
UGC06628,external_151,low_mass_dwarf,5,2.033461526202811e+20,6.590000000000001,42.3,7.79201542002989e-12,39.80548149213851,3.116962031825562e-11,3.896163573828551e-11,89.00954289947344,110.32828682659088,46.70954289947345,68.02828682659089
UGC06628,external_151,low_mass_dwarf,6,2.3728860601668613e+20,7.6899999999999995,42.3,6.839880516050313e-12,40.28679328234342,3.0698770520956866e-11,3.753865103700718e-11,94.37952201785227,115.10738613347904,52.07952201785227,72.80738613347904
UGC06667,external_151,ordinary_disk,0,2.6845394958974894e+19,0.87,26.6,2.7804197820723246e-12,8.63952933911787,7.739899733435029e-12,1.0520319515507354e-11,16.80541973556169,30.55110852792969,-9.794580264438313,3.951108527929687
UGC06667,external_151,ordinary_disk,1,5.369078991794979e+19,1.74,45.2,2.9303459191003298e-12,12.543228736228057,1.1102069299492229e-11,1.4032415218592559e-11,27.448341617352668,43.80107168647339,-17.751658382647335,-1.3989283135266106
UGC06667,external_151,ordinary_disk,2,8.053618487692468e+19,2.61,57.0,3.1512802575280504e-12,15.930853380132588,1.4132981553166227e-11,1.7284261810694278e-11,37.3096301864176,54.672134700892514,-19.6903698135824,-2.3278652991074864
UGC06667,external_151,ordinary_disk,3,1.0799871535219786e+20,3.5000000000000004,69.3,3.3135444818994943e-12,18.91714955556226,1.6403242321058484e-11,1.971678680295798e-11,46.14528844413728,64.14694713914457,-23.15471155586272,-5.153052860855425
UGC06667,external_151,ordinary_disk,4,1.3484411031117275e+20,4.37,77.3,3.4381484714032234e-12,21.53169923029964,1.8137834487451068e-11,2.157598295885429e-11,53.938800748401256,72.37266040028697,-23.36119925159874,-4.927339599713022
UGC06667,external_151,ordinary_disk,5,1.6168950527014765e+20,5.24,80.7,3.4292598008394116e-12,23.547299646467522,1.91867589614215e-11,2.261601876226091e-11,60.47125668324037,79.19639198195031,-20.228743316759633,-1.5036080180496896
UGC06667,external_151,ordinary_disk,6,1.8853490022912256e+20,6.110000000000001,84.0,3.3934483899760914e-12,25.293941045966307,1.9936215901251406e-11,2.3329664291227496e-11,66.3208559167137,85.28408617224584,-17.679144083286303,1.2840861722458357
UGC06667,external_151,ordinary_disk,7,2.1538029518809743e+20,6.98,85.0,3.300947327994241e-12,26.66381461651279,2.03218599578905e-11,2.3622807285884738e-11,71.32942735228843,90.49765927659683,-13.670572647711566,5.497659276596835
UGC06667,external_151,ordinary_disk,8,2.422256901470723e+20,7.85,85.7,3.1813711496046336e-12,27.75985991187577,2.0470884807273537e-11,2.365225595687817e-11,75.69137350246736,95.05134996706806,-10.008626497532646,9.35134996706806
UGC06786,external_151,bulge_rich_hsb,0,4.937084130386187e+18,0.16,160.0,8.395699916607227e-11,20.359341055585805,6.144792539435649e-12,9.010179170550791e-11,21.091233390881264,33.69623500510492,-138.90876660911874,-126.30376499489509
UGC06786,external_151,bulge_rich_hsb,1,9.874168260772375e+18,0.32,177.0,8.316085751955142e-11,28.655615503041776,7.245752546271938e-12,9.040661006582336e-11,29.877919600868754,47.5150755242034,-147.12208039913125,-129.48492447579662
UGC06786,external_151,bulge_rich_hsb,2,1.51198201493077e+19,0.49,180.0,8.2314957020123e-11,35.27870952489976,8.264847583708404e-12,9.05798046038314e-11,37.007436479299194,58.61358466849295,-142.9925635207008,-121.38641533150705
UGC06786,external_151,bulge_rich_hsb,3,2.0056904279693885e+19,0.65,180.0,8.151881537360213e-11,40.435319671573964,1.0097136287890085e-11,9.161595166149222e-11,42.86644810300489,67.30833068461408,-137.1335518969951,-112.69166931538592
UGC06786,external_151,bulge_rich_hsb,4,4.011380855938777e+19,1.3,182.0,7.828448993461113e-11,56.03828193660392,1.2351148308859802e-11,9.063563824347093e-11,60.29710309091572,94.0220556169546,-121.70289690908427,-87.9779443830454
UGC06786,external_151,bulge_rich_hsb,5,4.505089268977396e+19,1.46,183.0,7.748834828809027e-11,59.08400175542094,1.3051733397917857e-11,9.054008168600812e-11,63.86635659061601,99.331169704221,-119.13364340938399,-83.668830295779
UGC06786,external_151,bulge_rich_hsb,6,4.998797682016015e+19,1.62,184.0,7.669220664156942e-11,61.91678486392607,1.514538847403736e-11,9.183759511560678e-11,67.75526234808781,104.30495367365005,-116.24473765191219,-79.69504632634995
UGC06786,external_151,bulge_rich_hsb,7,1.1478720603147887e+20,3.72,206.0,6.549081616075189e-11,86.70356283229619,2.278966821752742e-11,8.828048437827931e-11,100.66513869701019,150.71097690850758,-105.33486130298981,-55.289023091492425
UGC06786,external_151,bulge_rich_hsb,8,1.2003285792001419e+20,3.89,207.0,6.415877240500088e-11,87.75625796723558,2.3494257591134433e-11,8.765302999613532e-11,102.57311390313181,153.1711178912587,-104.42688609686819,-53.82888210874131
UGC06786,external_151,bulge_rich_hsb,9,1.2496994205040037e+20,4.05,209.0,6.290508416429406e-11,88.6636606659537,2.4178210396959386e-11,8.708329456125344e-11,104.32063206709299,155.37041074723297,-104.67936793290701,-53.62958925276703
UGC06786,external_151,bulge_rich_hsb,10,1.3021559393893568e+20,4.22,210.0,6.157304040854304e-11,89.54200147095506,2.4884455233935975e-11,8.645749564247901e-11,106.10426073234925,157.5881635009038,-103.89573926765075,-52.41183649909621
UGC06786,external_151,bulge_rich_hsb,11,1.3144986497153224e+20,4.26,210.0,6.125961834836633e-11,89.73610510881534,2.508346965003264e-11,8.634308799839897e-11,106.53538031384068,158.09260660344998,-103.46461968615932,-51.90739339655002
UGC06786,external_151,bulge_rich_hsb,12,1.3515267806932188e+20,4.38,211.0,6.03193521678362e-11,90.29020979535721,2.5632673631290706e-11,8.595202579912691e-11,107.78054774510773,159.56701250269467,-103.21945225489227,-51.432987497305334
UGC06786,external_151,bulge_rich_hsb,13,1.4008976219970807e+20,4.54,213.0,5.906566392712937e-11,90.96425019599418,2.6370419060727957e-11,8.543608298785732e-11,109.40164783513755,161.4437104002664,-103.59835216486245,-51.55628959973359
UGC06786,external_151,bulge_rich_hsb,14,1.453354140882434e+20,4.71,214.0,5.773362017137836e-11,91.60098031364421,2.717044565784825e-11,8.490406582922662e-11,111.08360619401104,163.32864267117694,-102.91639380598896,-50.67135732882306
UGC06786,external_151,bulge_rich_hsb,15,1.4996393046048044e+20,4.86,215.0,5.655828744571571e-11,92.09616216473503,2.790379835231035e-11,8.446208579802606e-11,112.54450835630458,164.9005918586179,-102.45549164369542,-50.0994081413821
UGC06786,external_151,bulge_rich_hsb,16,1.5490101459086662e+20,5.02,215.0,5.5304599205008874e-11,92.55667738416882,2.870741513276992e-11,8.401201433777879e-11,114.07693131717897,166.48492547157937,-100.92306868282103,-48.51507452842063
UGC06786,external_151,bulge_rich_hsb,17,1.598380987212528e+20,5.18,216.0,5.4050910964302044e-11,92.94834502392044,2.9538986960964125e-11,8.358989792526617e-11,115.58914463165708,167.97545928747638,-100.41085536834292,-48.02454071252362
UGC06786,external_151,bulge_rich_hsb,18,1.6508375060978814e+20,5.35,217.0,5.2718867208551024e-11,93.29002265348088,3.044946587504893e-11,8.316833308359996e-11,117.173974744415,169.4578945115718,-99.826025255585,-47.542105488428206
UGC06786,external_151,bulge_rich_hsb,19,1.7002083474017432e+20,5.51,217.0,5.1465178967844194e-11,93.54225081836192,3.134049747139357e-11,8.280567643923777e-11,118.65365662053568,170.7589861438085,-98.34634337946432,-46.2410138561915
UGC06786,external_151,bulge_rich_hsb,20,1.7526648662870963e+20,5.68,218.0,5.0133135212093186e-11,93.73717764209471,3.231884561152047e-11,8.245198082361366e-11,120.21259915055703,172.04234273107943,-97.78740084944297,-45.95765726892057
UGC06786,external_151,bulge_rich_hsb,21,1.8020357075909584e+20,5.84,218.0,4.887944697138635e-11,93.8522822363617,3.327614830619991e-11,8.215559527758625e-11,121.67469591850293,173.15762468950948,-96.32530408149707,-44.842375310490524
UGC06786,external_151,bulge_rich_hsb,22,1.8514065488948203e+20,6.0,219.0,4.7625758730679514e-11,93.90135335023916,3.42681658892824e-11,8.189392461996192e-11,123.13364623696329,174.18351751680763,-95.86635376303671,-44.816482483192374
UGC06786,external_151,bulge_rich_hsb,23,1.897691712617191e+20,6.15,219.0,4.6450426005016856e-11,93.88747971761651,3.525728638910359e-11,8.170771239412044e-11,124.52150363179497,175.06424744077881,-94.47849636820503,-43.935752559221186
UGC06786,external_151,bulge_rich_hsb,24,1.999519072806406e+20,6.48,219.0,4.3864694008559005e-11,93.65270540295705,3.7488513317207815e-11,8.135320732576681e-11,127.54108737259715,176.72526660809297,-91.45891262740285,-42.274733391907034
UGC06786,external_151,bulge_rich_hsb,25,2.0488899141102676e+20,6.64,219.0,4.261100576785218e-11,93.4372837511059,3.865021024719254e-11,8.126121601504473e-11,129.0330523166684,177.3928777580627,-89.9669476833316,-41.607122241937304
UGC06786,external_151,bulge_rich_hsb,26,2.101346432995621e+20,6.81,220.0,4.127896201210117e-11,93.13506299020284,3.994855216572893e-11,8.122751417783009e-11,130.6472912764304,178.00259440167935,-89.3527087235696,-41.997405598320654
UGC06786,external_151,bulge_rich_hsb,27,2.1908310828588705e+20,7.1,220.0,3.959194113765943e-11,93.13391180182602,4.137393852395388e-11,8.096587966161332e-11,133.18504638797603,179.57266610021185,-86.81495361202397,-40.42733389978815
UGC06786,external_151,bulge_rich_hsb,28,2.2000881156033446e+20,7.13,220.0,3.945129765627902e-11,93.16454857868928,4.160015283194366e-11,8.105145048822268e-11,133.5366365352788,179.766787343584,-86.4633634647212,-40.233212656415986
UGC06786,external_151,bulge_rich_hsb,29,2.6289972994306448e+20,8.52,220.0,3.293481635232004e-11,93.05135315915273,4.626432543192406e-11,7.919914178424411e-11,144.29633739911853,186.58320912890773,-75.70366260088147,-33.416790871092275
UGC06786,external_151,bulge_rich_hsb,30,3.289332301869797e+20,10.66,225.0,2.341565054246852e-11,87.76209643042762,5.102649800489969e-11,7.444214854736821e-11,156.4816167597485,189.5182379195304,-68.5183832402515,-35.48176208046959
UGC06786,external_151,bulge_rich_hsb,31,3.699727420208149e+20,11.99,228.0,1.954369567578378e-11,85.03313870715387,5.0474766579131105e-11,7.001846225491488e-11,160.95006204575316,191.11826482089697,-67.04993795424684,-36.88173517910303
UGC06786,external_151,bulge_rich_hsb,32,3.733669873604554e+20,12.1,228.0,1.922345880711061e-11,84.7195662256288,5.03726173572457e-11,6.959607616435631e-11,161.1982546108813,191.11520839177268,-66.80174538911871,-36.88479160822732
UGC06786,external_151,bulge_rich_hsb,33,3.8046404579788554e+20,12.33,228.0,1.855387262715761e-11,84.01833993210666,5.012249884420514e-11,6.867637147136274e-11,161.64433222576397,191.03771064900533,-66.35566777423603,-36.962289350994666
UGC06786,external_151,bulge_rich_hsb,34,3.943495949145967e+20,12.78,229.0,1.724381270985826e-11,82.46266159247942,4.951354901979957e-11,6.675736172965783e-11,162.25208336307355,190.59727453864704,-66.74791663692645,-38.40272546135296
UGC06786,external_151,bulge_rich_hsb,35,4.606916629166611e+20,14.93,228.0,1.2315304160782812e-11,75.32302405742556,4.485420232241784e-11,5.716950648320065e-11,162.2883699156244,187.8702728415725,-65.7116300843756,-40.1297271584275
UGC06786,external_151,bulge_rich_hsb,36,5.2703373091872545e+20,17.08,226.0,8.652457656027419e-12,67.52878675107691,3.880322255118475e-11,4.7455680207212166e-11,158.14785547990508,182.67251778208217,-67.85214452009492,-43.32748221791783
UGC06786,external_151,bulge_rich_hsb,37,5.933757989207899e+20,19.23,226.0,6.409096090252841e-12,61.668488816525176,3.378674571817267e-11,4.019584180842551e-11,154.4384658897134,178.90122031984168,-71.5615341102866,-47.098779680158316
UGC06786,external_151,bulge_rich_hsb,38,6.563236215832138e+20,21.27,227.0,4.6438202242963945e-12,55.20732657529779,2.8945571299268815e-11,3.358939152356521e-11,148.47730833875872,172.77693405873256,-78.52269166124128,-54.223065941267436
UGC06786,external_151,bulge_rich_hsb,39,7.226656895852783e+20,23.42,227.0,3.4513812691439196e-12,49.941914509634124,2.5027883688558854e-11,2.8479264957702772e-11,143.46075299377222,167.71182069314696,-83.53924700622778,-59.28817930685304
UGC06786,external_151,bulge_rich_hsb,40,7.890077575873426e+20,25.57,224.0,2.582367374136233e-12,45.13876262298229,2.168624821593976e-11,2.4268615590075994e-11,138.37675370695428,162.47313054521203,-85.62324629304572,-61.52686945478797
UGC06786,external_151,bulge_rich_hsb,41,8.55349825589407e+20,27.720000000000002,218.0,1.9056126329203443e-12,40.37283038392759,1.8649588165529694e-11,2.0555200798450038e-11,132.5967096798012,156.3464472727398,-85.4032903201988,-61.653552727260205
UGC06786,external_151,bulge_rich_hsb,42,9.216918935914714e+20,29.87,215.0,1.5045238136692268e-12,37.23852041601884,1.6581670619980148e-11,1.8086194433649374e-11,129.11196224755406,152.69167974508196,-85.88803775244594,-62.308320254918044
UGC06786,external_151,bulge_rich_hsb,43,9.880339615935359e+20,32.02,219.0,1.1708333778002543e-12,34.01210285521797,1.4634964178058067e-11,1.580579755585832e-11,124.96665465339193,148.21702741653843,-94.03334534660807,-70.78297258346157
UGC06786,external_151,bulge_rich_hsb,44,1.0506732164978104e+21,34.05,211.0,9.430103049279786e-13,31.476906936185145,1.3138819087597937e-11,1.4081829392525915e-11,121.63634728985663,144.59362410280957,-89.36365271014337,-66.40637589719043
UGC06787,external_151,bulge_rich_hsb,0,3.70281309778964e+18,0.12,134.0,5.969435102147563e-11,14.867313974836623,7.302619241907555e-12,6.699697026338318e-11,15.750468532823977,26.329997451788586,-118.24953146717603,-107.67000254821141
UGC06787,external_151,bulge_rich_hsb,1,7.40562619557928e+18,0.24,208.0,5.939093466337076e-11,20.972054299066556,8.265451309281385e-12,6.765638597265215e-11,22.38387598824867,37.17985978241309,-185.61612401175134,-170.82014021758692
UGC06787,external_151,bulge_rich_hsb,2,1.0799871535219784e+19,0.35,252.0,5.911280300177465e-11,25.266790031698143,9.147429253939413e-12,6.826023225571407e-11,27.151459248555643,44.8363435234218,-224.84854075144435,-207.16365647657818
UGC06787,external_151,bulge_rich_hsb,3,1.4502684633009424e+19,0.47,272.0,5.880938664366979e-11,29.204348784964534,9.99877289273617e-12,6.880815953640596e-11,31.589603320306118,51.877738578279825,-240.4103966796939,-220.12226142172017
UGC06787,external_151,bulge_rich_hsb,4,1.8205497730799065e+19,0.59,276.0,5.850597028556494e-11,32.63633418863169,1.0784260039309486e-11,6.929023032487443e-11,35.51708224145173,58.03511948672472,-240.48291775854827,-217.9648805132753
UGC06787,external_151,bulge_rich_hsb,5,2.1908310828588704e+19,0.71,271.0,5.8202553927460084e-11,35.70881743296033,1.1511663002900153e-11,6.971421693036024e-11,39.08095103348936,63.56581463988,-231.91904896651064,-207.43418536012
UGC06787,external_151,bulge_rich_hsb,6,2.5611123926378344e+19,0.83,266.0,5.789913756935523e-11,38.50794706965284,1.2166798957537682e-11,7.006593652689291e-11,42.36115417936595,68.62143849844801,-223.63884582063406,-197.37856150155199
UGC06787,external_151,bulge_rich_hsb,7,2.900536926601885e+19,0.94,262.0,5.762100590775911e-11,40.88176309595767,1.2769437326046715e-11,7.039044323380582e-11,45.185183398933724,72.92296102236341,-216.81481660106627,-189.0770389776366
UGC06787,external_151,bulge_rich_hsb,8,3.2708182363808494e+19,1.06,260.0,5.731758954965425e-11,43.29843151482529,1.3366465700248246e-11,7.06840552499025e-11,48.082709671225125,77.3167040783949,-211.91729032877487,-182.6832959216051
UGC06787,external_151,bulge_rich_hsb,9,3.641099546159813e+19,1.18,260.0,5.70141731915494e-11,45.56251530945449,1.3930006647208572e-11,7.094417983875797e-11,50.82468111199339,81.44756402934068,-209.17531888800661,-178.5524359706593
UGC06787,external_151,bulge_rich_hsb,10,4.011380855938777e+19,1.3,259.0,5.671075683344454e-11,47.69574868764287,1.4464710816977045e-11,7.117546765042158e-11,53.4333143596194,85.35365020468339,-205.5666856403806,-173.6463497953166
UGC06787,external_151,bulge_rich_hsb,11,4.381662165717741e+19,1.42,257.0,5.6407340475339686e-11,49.71497859091914,1.4961569357973564e-11,7.136890983331324e-11,55.920877320116276,89.06447575162417,-201.0791226798837,-167.93552424837583
UGC06787,external_151,bulge_rich_hsb,12,4.721086699681792e+19,1.53,254.0,5.6129208813743573e-11,51.47726305799744,1.543535878829794e-11,7.156456760204152e-11,58.125943284774024,92.31461540646511,-195.87405671522598,-161.68538459353488
UGC06787,external_151,bulge_rich_hsb,13,5.122224785275669e+19,1.66,244.0,5.580050775912998e-11,53.46239275180104,1.6051228035726138e-11,7.185173579485612e-11,60.666361515545915,95.98953102475303,-183.33363848445407,-148.01046897524697
UGC06787,external_151,bulge_rich_hsb,14,5.831930629018684e+19,1.89,228.0,5.5218959739429006e-11,56.74796406981713,1.679510723022109e-11,7.201406696965009e-11,64.8059443940527,102.10686894305604,-163.1940556059473,-125.89313105694396
UGC06787,external_151,bulge_rich_hsb,15,6.2022119387976475e+19,2.01,220.0,5.491554338132415e-11,58.3607606860302,1.722727285210983e-11,7.214281623343398e-11,66.89133248347568,105.12711118525546,-153.10866751652432,-114.87288881474454
UGC06787,external_151,bulge_rich_hsb,16,6.572493248576612e+19,2.13,215.0,5.4612127023219295e-11,59.91142096049109,1.764231453733446e-11,7.225444156055376e-11,68.91239578888641,108.04272320180716,-146.0876042111136,-106.95727679819284
UGC06787,external_151,bulge_rich_hsb,17,6.911917782540663e+19,2.24,213.0,5.4333995361623176e-11,61.282306478826754,1.851351135784745e-11,7.284750671947063e-11,70.95885970814776,110.63047496887062,-142.04114029185223,-102.36952503112938
UGC06787,external_151,bulge_rich_hsb,18,9.565600502623239e+19,3.1,228.0,5.2159511461871714e-11,70.63547614734841,2.113814364811386e-11,7.329765510998557e-11,83.73386928604117,128.58825768204582,-144.26613071395883,-99.41174231795418
UGC06787,external_151,bulge_rich_hsb,19,1.1694718033852282e+20,3.79,236.0,5.04148674027688e-11,76.78461167378734,2.3202795197966886e-11,7.361766260073569e-11,92.78673431190884,140.76523922671697,-143.21326568809116,-95.23476077328303
UGC06787,external_151,bulge_rich_hsb,20,1.2034142567816331e+20,3.9,236.0,5.013673574117268e-11,77.67577651972361,2.3620891203066367e-11,7.375762694423905e-11,94.2130457055064,142.56162595835673,-141.7869542944936,-93.43837404164327
UGC06787,external_151,bulge_rich_hsb,21,1.2774705187374259e+20,4.14,237.0,4.952990302496297e-11,79.54432155114145,2.441805816805675e-11,7.394796119301972e-11,97.19379627569958,146.35871271658135,-139.80620372430042,-90.64128728341865
UGC06787,external_151,bulge_rich_hsb,22,1.311412972133831e+20,4.25,237.0,4.925177136336685e-11,80.36753813977931,2.4811591417675677e-11,7.406336278104254e-11,98.55336357066315,148.04565598126368,-138.44663642933685,-88.95434401873632
UGC06787,external_151,bulge_rich_hsb,23,1.3484411031117275e+20,4.37,237.0,4.8948355005261996e-11,81.24282972595176,2.524330431193284e-11,7.419165931719484e-11,100.02153914600979,149.8494705586681,-136.9784608539902,-87.15052944133191
UGC06787,external_151,bulge_rich_hsb,24,1.3854692340896239e+20,4.49,237.0,4.864493864715714e-11,82.09510697344486,2.5681187619742636e-11,7.432612626689978e-11,101.47736754165942,151.61648139960315,-135.52263245834058,-85.38351860039685
UGC06787,external_151,bulge_rich_hsb,25,1.4224973650675204e+20,4.61,237.0,4.816490777805481e-11,82.77345854982929,2.6031305193050817e-11,7.419621297110563e-11,102.73456937632353,153.18366811423917,-134.26543062367648,-83.81633188576083
UGC06787,external_151,bulge_rich_hsb,26,1.4564398184639252e+20,4.72,236.0,4.770947572386512e-11,83.35825103867951,2.6421039834412523e-11,7.413051555827764e-11,103.90699428928501,154.5701214593359,-132.09300571071498,-81.4298785406641
UGC06787,external_151,bulge_rich_hsb,27,1.5922096320495455e+20,5.16,235.0,4.588774750710631e-11,85.47684690831325,2.7663839297114766e-11,7.355158680422108e-11,108.21716359349335,159.78643661896754,-126.78283640650665,-75.21356338103246
UGC06787,external_151,bulge_rich_hsb,28,1.6755229267498123e+20,5.43,234.0,4.4769868828640695e-11,86.61001192123763,2.84427197775817e-11,7.321258860622239e-11,110.7562055762239,162.73943556637735,-123.2437944237761,-71.26056443362265
UGC06787,external_151,bulge_rich_hsb,29,1.7156367353092e+20,5.56,233.0,4.4231630946416503e-11,87.11223273129404,2.8832517827488583e-11,7.306414877390508e-11,111.96050092358831,164.09715297829783,-121.03949907641169,-68.90284702170217
UGC06787,external_151,bulge_rich_hsb,30,1.749579188705605e+20,5.67,233.0,4.3776198892226805e-11,87.51567090668811,2.916979584965377e-11,7.294599474188058e-11,112.97114423596088,165.2142900958915,-120.02885576403912,-67.7857099041085
UGC06787,external_151,bulge_rich_hsb,31,1.7866073196835016e+20,5.79,233.0,4.327936392401986e-11,87.93362745724752,2.953909973586623e-11,7.281846365988609e-11,114.06051033677674,166.40040709357612,-118.93948966322326,-66.59959290642388
UGC06787,external_151,bulge_rich_hsb,32,1.823635450661398e+20,5.91,232.0,4.278252895581291e-11,88.32878153397577,2.9911846199946184e-11,7.26943751557591e-11,115.13819505173836,167.55306072266632,-116.86180494826164,-64.44693927733368
UGC06787,external_151,bulge_rich_hsb,33,1.8606635816392943e+20,6.03,232.0,4.228569398760597e-11,88.70143788410766,3.029521739561756e-11,7.258091138322354e-11,116.21043779839785,168.67275867609476,-115.78956220160215,-63.32724132390524
UGC06787,external_151,bulge_rich_hsb,34,1.9131201005246477e+20,6.2,232.0,4.15818444493128e-11,89.19140229465482,3.0851429812897284e-11,7.243327426221008e-11,117.71726846042968,170.20349361069384,-114.28273153957032,-61.79650638930616
UGC06787,external_151,bulge_rich_hsb,35,2.0056904279693885e+20,6.5,233.0,4.033975702879544e-11,89.94946611251557,3.182610794924904e-11,7.216586497804449e-11,120.30892926653247,172.7493823577249,-112.69107073346753,-60.2506176422751
UGC06787,external_151,bulge_rich_hsb,36,2.1136891433215862e+20,6.85,235.0,3.889065503819185e-11,90.66573516543671,3.296428975894386e-11,7.185494479713571e-11,123.23920508980802,175.47519909149335,-111.76079491019198,-59.52480090850665
UGC06787,external_151,bulge_rich_hsb,37,2.1538029518809743e+20,6.98,236.0,3.835241715596765e-11,90.88649475158212,3.3403884508545214e-11,7.175630166451287e-11,124.31771166695817,176.4219999879421,-111.68228833304183,-59.57800001205791
UGC06787,external_151,bulge_rich_hsb,38,2.1877454052773793e+20,7.09,236.0,3.789698510177796e-11,91.05435466262996,3.378268604278225e-11,7.16796711445602e-11,125.2265431920506,177.19573342337563,-110.7734568079494,-58.80426657662437
UGC06787,external_151,bulge_rich_hsb,39,2.2247735362552758e+20,7.210000000000001,237.0,3.740015013357101e-11,91.21779665676155,3.418794832670963e-11,7.158809846028064e-11,126.20115172424912,178.01135223455276,-110.79884827575088,-58.98864776544724
UGC06787,external_151,bulge_rich_hsb,40,2.227859213836767e+20,7.22,238.0,3.735874721955377e-11,91.23049337282,3.4232832540624266e-11,7.159157976017803e-11,126.29171017998071,178.07798586228446,-111.70828982001929,-59.922014137715536
UGC06787,external_151,bulge_rich_hsb,41,2.261801667233172e+20,7.33,238.0,3.690331516536407e-11,91.36081204074955,3.461957317877414e-11,7.152288834413822e-11,127.18906718036101,178.7974559613907,-110.81093281963899,-59.20254403860929
UGC06787,external_151,bulge_rich_hsb,42,2.2988297982110686e+20,7.45,239.0,3.640648019715712e-11,91.48349661288968,3.504368822069389e-11,7.145016841785101e-11,128.1607491575152,179.5542018499255,-110.8392508424848,-59.445798150074495
UGC06787,external_151,bulge_rich_hsb,43,2.3327722516074735e+20,7.56,240.0,3.595104814296743e-11,91.57816744405777,3.5488682371277685e-11,7.143973051424511e-11,129.0940048979606,180.22220985790898,-110.90599510203941,-59.77779014209102
UGC06787,external_151,bulge_rich_hsb,44,2.5487696823118692e+20,8.26,247.0,3.305284416176025e-11,91.7845777424908,3.807235224980464e-11,7.112519641156489e-11,134.64090918523743,183.90197356730837,-112.35909081476257,-63.098026432691626
UGC06787,external_151,bulge_rich_hsb,45,2.7709384681792478e+20,8.98,252.0,3.0071834352518584e-11,91.28373492364777,4.083933513047834e-11,7.091116948299692e-11,140.17506459567426,186.65758129459863,-111.82493540432574,-65.34241870540137
UGC06787,external_151,bulge_rich_hsb,46,2.8048809215756527e+20,9.09,253.0,2.974511460204613e-11,91.34084762983129,4.108798883106838e-11,7.083310343311451e-11,140.95333285720412,187.21587552492343,-112.04666714279588,-65.78412447507657
UGC06787,external_151,bulge_rich_hsb,47,2.8696801507869717e+20,9.3,254.0,2.917884921620171e-11,91.50626449513717,4.150309937741167e-11,7.068194859361339e-11,142.4200073367634,188.33660117611143,-111.5799926632366,-65.66339882388857
UGC06787,external_151,bulge_rich_hsb,48,3.184419264099091e+20,10.32,253.0,2.6428417342100262e-11,91.73830241716628,4.317456243087466e-11,6.960297977297492e-11,148.87748977859638,192.92109586774978,-104.12251022140362,-60.078904132250216
UGC06787,external_151,bulge_rich_hsb,49,3.511501087737176e+20,11.379999999999999,247.0,2.357012539450464e-11,90.9761072814751,4.461626346749105e-11,6.818638886199568e-11,154.7373835431399,196.17485225009955,-92.26261645686009,-50.82514774990045
UGC06787,external_151,bulge_rich_hsb,50,3.8262402010492954e+20,12.4,238.0,2.0819693520403182e-11,89.25309424400488,4.558142935813154e-11,6.640112287853472e-11,159.39468176594337,197.80469752680926,-78.60531823405663,-40.195302473190736
UGC06787,external_151,bulge_rich_hsb,51,4.137893636779923e+20,13.41,229.0,1.8096226664675275e-11,86.5333815157405,4.5952755238421e-11,6.404898190309628e-11,162.7967673693352,197.8571636832927,-66.20323263066479,-31.142836316707303
UGC06787,external_151,bulge_rich_hsb,52,4.452632750092043e+20,14.43,223.0,1.6242208980928355e-11,85.04151435758932,4.546754481624026e-11,6.170975379716862e-11,165.7621400553787,199.2169687326898,-57.237859944621306,-23.783031267310207
UGC06787,external_151,bulge_rich_hsb,53,4.764286185822671e+20,15.44,220.0,1.4493605392465735e-11,83.0973428901848,4.457420439616798e-11,5.906780978863372e-11,167.75456780749332,199.730410020012,-52.245432192506684,-20.269589979988012
UGC06787,external_151,bulge_rich_hsb,54,5.1129677525311953e+20,16.57,220.0,1.2537246922205573e-11,80.06406136261019,4.3045672949138906e-11,5.558291987134448e-11,168.58044871624634,198.88357353336542,-51.41955128375366,-21.11642646663458
UGC06787,external_151,bulge_rich_hsb,55,5.424621188261823e+20,17.58,224.0,1.0788643333742954e-11,76.50117856662189,4.1141669975943844e-11,5.1930313309686794e-11,167.8398873607826,196.67652227865824,-56.1601126392174,-27.32347772134176
UGC06787,external_151,bulge_rich_hsb,56,5.7393603015739435e+20,18.6,228.0,9.455872790948997e-12,73.66862351985809,3.926046037849301e-11,4.8716333169442007e-11,167.2126157414402,195.23117202520555,-60.7873842585598,-32.76882797479445
UGC06787,external_151,bulge_rich_hsb,57,6.051013737304571e+20,19.61,234.0,8.438472558264086e-12,71.45719933773198,3.754270723516562e-11,4.5981179793429706e-11,166.80310266524256,194.4245046223931,-67.19689733475744,-39.5754953776069
UGC06787,external_151,bulge_rich_hsb,58,6.3626671730352e+20,20.62,239.0,7.421072325579173e-12,68.71521903820332,3.559304228767906e-11,4.301411461325823e-11,165.43412435980426,192.6320200741747,-73.56587564019574,-46.367979925825296
UGC06787,external_151,bulge_rich_hsb,59,6.677406286347318e+20,21.639999999999997,243.0,6.39359882326372e-12,65.33961813084308,3.3359476314135715e-11,3.975307513739943e-11,162.92557620708547,189.65873355414806,-80.07442379291453,-53.34126644585194
UGC06787,external_151,bulge_rich_hsb,60,7.026087853055843e+20,22.77,245.0,5.376563518044117e-12,61.462352399914664,3.084149114188043e-11,3.621805465992455e-11,159.52154522427634,185.81409365523777,-85.47845477572366,-59.18590634476223
UGC06787,external_151,bulge_rich_hsb,61,7.337741288786471e+20,23.78,247.0,4.816308672104342e-12,59.4481513613673,2.929708203932214e-11,3.411339071142648e-11,158.21353782901733,184.45168923351943,-88.78646217098267,-62.54831076648057
UGC06787,external_151,bulge_rich_hsb,62,7.649394724517098e+20,24.79,249.0,4.256053826164569e-12,57.0580718962042,2.7631090514068357e-11,3.188714434023293e-11,156.1785368404036,182.29503196513554,-92.82146315959639,-66.70496803486446
UGC06787,external_151,bulge_rich_hsb,63,7.964133837829218e+20,25.81,250.0,3.690251902542222e-12,54.21223113574109,2.580492828546391e-11,2.949518018800613e-11,153.26563952437925,179.17308976932483,-96.73436047562075,-70.82691023067517
UGC06787,external_151,bulge_rich_hsb,64,8.275787273559846e+20,26.82,251.0,3.129997056602447e-12,50.895176399449,2.382622067321628e-11,2.6956217729818724e-11,149.35994229770648,174.947130476766,-101.64005770229352,-76.052869523234
UGC06787,external_151,bulge_rich_hsb,65,8.590526386871966e+20,27.84,251.0,2.780406633374041e-12,48.87244269548387,2.2488004514041265e-11,2.5268411147415305e-11,147.33260084455202,172.82295527086384,-103.66739915544798,-78.17704472913616
UGC06787,external_151,bulge_rich_hsb,66,9.07497776716611e+20,29.41,248.0,2.3148570686652356e-12,45.833695500476864,2.0552276961675577e-11,2.286713403034081e-11,144.0551050550276,169.36606135689792,-103.94489494497239,-78.63393864310208
UGC06787,external_151,bulge_rich_hsb,67,9.562514825041746e+20,30.99,246.0,1.846342220104782e-12,42.01865639433568,1.8380417840716138e-11,2.0226760060820918e-11,139.07504914403674,163.96614726540068,-106.92495085596326,-82.03385273459932
UGC06787,external_151,bulge_rich_hsb,68,1.0050051882917383e+21,32.57,249.0,1.5270245891327187e-12,39.174834201658626,1.6729544831005136e-11,1.8256569420137855e-11,135.45459382260478,160.05452830754857,-113.54540617739522,-88.94547169245143
UGC06787,external_151,bulge_rich_hsb,69,1.0500560809815123e+21,34.03,252.0,1.2982389707385159e-12,36.92185972823089,1.5434635904632944e-11,1.673287487537146e-11,132.553600536487,156.90779672518903,-119.44639946351299,-95.09220327481097
UGC06787,external_151,bulge_rich_hsb,70,1.1475634925566393e+21,37.19,255.0,8.901815066218059e-13,31.961536238864532,1.2791647020356887e-11,1.3681828526978693e-11,125.30270120384766,148.89991723337684,-129.69729879615232,-106.10008276662316
UGC06818,external_151,low_mass_dwarf,0,2.6845394958974894e+19,0.87,23.4,1.734577351799456e-11,21.57902085265899,9.409009409397473e-12,2.6754782927392034e-11,26.800050647852846,49.810072188430986,3.400050647852847,26.410072188430988
UGC06818,external_151,low_mass_dwarf,1,5.369078991794979e+19,1.74,28.0,1.4179185519700098e-11,27.591514473581434,1.5966138643091054e-11,3.014532416279115e-11,40.23091182949891,66.64836227924015,12.230911829498908,38.648362279240146
UGC06818,external_151,low_mass_dwarf,2,8.053618487692468e+19,2.61,36.7,1.083685096728372e-11,29.542488605140253,2.3594976383036732e-11,3.4431827350320456e-11,52.65935826741302,75.87296650700293,15.959358267413016,39.172966507002926
UGC06818,external_151,low_mass_dwarf,3,1.0799871535219786e+20,3.5000000000000004,47.6,8.317147668096671e-12,29.970673391650188,2.7159542312856148e-11,3.547668998095282e-11,61.898602107730134,81.82017222082207,14.298602107730133,34.22017222082207
UGC06818,external_151,low_mass_dwarf,4,1.3484411031117275e+20,4.37,63.3,6.514238821470138e-12,29.637927360658054,2.7395021310082532e-11,3.3909260131552674e-11,67.61999714396134,85.65311258041616,4.319997143961345,22.353112580416166
UGC06818,external_151,low_mass_dwarf,5,1.6168950527014765e+20,5.24,71.2,5.086476617293858e-12,28.678038423476913,2.608327060712961e-11,3.116974722442347e-11,70.9916967547092,87.8409698390452,-0.20830324529080713,16.640969839045198
UGC06818,external_151,low_mass_dwarf,6,1.8853490022912256e+20,6.110000000000001,68.1,3.987007031555012e-12,27.416965056457915,2.4042448131449694e-11,2.8029455163004707e-11,72.69477651546744,88.96267705189791,4.594776515467444,20.86267705189792
UGC06818,external_151,low_mass_dwarf,7,2.1538029518809743e+20,6.98,74.4,3.197050027237134e-12,26.24083799343018,2.1997733239611545e-11,2.519478326684868e-11,73.6645088031815,89.74468814303565,-0.7354911968185007,15.34468814303564
UGC06917,external_151,low_mass_dwarf,0,5.369078991794979e+19,1.74,59.2,2.6062087396825567e-11,37.40713914811194,1.4303750157208028e-11,4.036583755403359e-11,46.553986982595866,78.90535599264865,-12.646013017404137,19.70535599264865
UGC06917,external_151,low_mass_dwarf,1,8.053618487692468e+19,2.61,71.2,2.390330113500129e-11,43.875741354161384,2.0393502185415984e-11,4.429680332041728e-11,59.728515314461795,94.31933167658957,-11.471484685538208,23.119331676589567
UGC06917,external_151,low_mass_dwarf,2,1.0799871535219786e+20,3.5000000000000004,84.5,2.117245967363371e-11,47.81839024474428,2.6499063447721253e-11,4.7671523121354965e-11,71.75279267031308,105.58242668886506,-12.747207329686916,21.082426688865056
UGC06917,external_151,low_mass_dwarf,3,1.3484411031117275e+20,4.37,93.5,1.855152583799431e-11,50.01563752007042,3.241925794864964e-11,5.0970783786643954e-11,82.9042217958359,113.72686852240248,-10.595778204164105,20.226868522402484
UGC06917,external_151,low_mass_dwarf,4,1.6168950527014765e+20,5.24,97.5,1.6625428766305295e-11,51.847443062584915,3.5194787442454884e-11,5.1820216208760176e-11,91.53570408199481,120.82200385414718,-5.964295918005192,23.322003854147184
UGC06917,external_151,low_mass_dwarf,5,1.8853490022912256e+20,6.110000000000001,100.0,1.4699331694616273e-11,52.64348995345254,3.7400166623549283e-11,5.2099498318165556e-11,99.10889827559724,126.12957700674674,-0.891101724402759,26.129577006746743
UGC06917,external_151,low_mass_dwarf,6,2.1538029518809743e+20,6.98,101.0,1.3034754672207776e-11,52.98518008844117,3.829788593587749e-11,5.133264060808526e-11,105.14770224286369,130.45679858295958,4.147702242863687,29.45679858295958
UGC06917,external_151,low_mass_dwarf,7,2.422256901470723e+20,7.85,103.0,1.1554593998145132e-11,52.90387042145333,3.8190719101141436e-11,4.9745313099286565e-11,109.77063722624956,133.88897969403016,6.770637226249562,30.888979694030155
UGC06917,external_151,low_mass_dwarf,8,2.6907108510604722e+20,8.72,105.0,1.0120407125645974e-11,52.183416206804004,3.7493481469988e-11,4.761388859563398e-11,113.18798819020364,136.1444347520054,8.18798819020364,31.144434752005395
UGC06917,external_151,low_mass_dwarf,9,2.9622504782317126e+20,9.6,110.0,9.055386845198945e-12,51.792204058877175,3.640976868352025e-11,4.546515552871919e-11,116.05135876319054,138.63514720450726,6.051358763190535,28.635147204507263
UGC06917,external_151,low_mass_dwarf,10,3.2307044278214617e+20,10.47,111.0,8.002469067938812e-12,50.84644751729879,3.501048584943923e-11,4.301295491737804e-11,117.88220557202777,140.05990826024316,6.882205572027772,29.059908260243162
UGC06923,external_151,low_mass_dwarf,0,2.8696801507869716e+19,0.93,40.5,4.249327696880414e-11,34.920210975775966,4.776233754927153e-12,4.7269510723731295e-11,36.83047334223436,66.3353270249849,-3.669526657765637,25.835327024984906
UGC06923,external_151,low_mass_dwarf,1,5.986214508093252e+19,1.9400000000000002,53.9,3.3809636296719205e-11,44.98796898202637,1.0186199453016748e-11,4.3995835749735953e-11,51.31944176048266,89.70295983648491,-2.5805582395173374,35.80295983648491
UGC06923,external_151,low_mass_dwarf,2,8.855894658880224e+19,2.87,73.0,2.6608504069823587e-11,48.54298188953203,1.6958416638980724e-11,4.356692070880431e-11,62.11473741463923,101.93240988259545,-10.88526258536077,28.93240988259545
UGC06923,external_151,low_mass_dwarf,3,1.1478720603147887e+20,3.72,78.4,2.13385498017944e-11,49.49133775229305,2.2774144268249345e-11,4.411269407004375e-11,71.15878654686087,109.08740883281624,-7.241213453139139,30.68740883281623
UGC06923,external_151,low_mass_dwarf,4,1.379297878926641e+20,4.47,79.3,1.748665964753235e-11,49.1114167596023,2.664317125121425e-11,4.41298308987466e-11,78.01806339305824,113.15682207169698,-1.2819366069417555,33.85682207169698
UGC06923,external_151,low_mass_dwarf,5,1.5922096320495455e+20,5.16,81.1,1.477377597625927e-11,48.50046227732493,2.8800005921214895e-11,4.3573781897474165e-11,83.29381444140044,116.07055521766137,2.1938144414004483,34.97055521766137
UGC06930,external_151,ordinary_disk,0,5.369078991794979e+19,1.74,54.7,2.2521934815226452e-11,34.77384751088212,1.9725547276291224e-11,4.2247482091517676e-11,47.626680395950565,75.73895372979888,-7.073319604049438,21.038953729798877
UGC06930,external_151,ordinary_disk,1,1.0799871535219786e+20,3.5000000000000004,85.4,2.03361260863834e-11,46.86443739734561,2.662085505686216e-11,4.695698114324556e-11,71.213015947142,104.40486686917768,-14.186984052858008,19.004866869177675
UGC06930,external_151,ordinary_disk,2,1.6168950527014765e+20,5.24,93.8,1.7408995238065533e-11,53.05517719594547,3.314879043554564e-11,5.055778567361117e-11,90.41384491946103,122.36554288110344,-3.3861550805389697,28.56554288110344
UGC06930,external_151,ordinary_disk,3,2.1538029518809743e+20,6.98,98.7,1.4953875764345778e-11,56.75182971791244,3.6879173634223926e-11,5.18330493985697e-11,105.65896781609774,135.44616117796565,6.95896781609774,36.74616117796565
UGC06930,external_151,ordinary_disk,4,2.6907108510604722e+20,8.72,103.0,1.2706989673657517e-11,58.47292963348394,3.858643711583695e-11,5.129342678949447e-11,117.48011748826636,144.8055490092736,14.480117488266359,41.80554900927359
UGC06930,external_151,ordinary_disk,5,3.2307044278214617e+20,10.47,107.0,1.0798814078643326e-11,59.065875477380104,3.8135419492576124e-11,4.8934233571219447e-11,125.73465913207396,151.81934296275645,18.734659132073958,44.81934296275645
UGC06930,external_151,ordinary_disk,6,3.761440971837976e+20,12.189999999999998,109.0,9.131281253790574e-12,58.606122063641024,3.679373432039061e-11,4.592501557418119e-11,131.43220123433306,156.57192221656342,22.432201234333064,47.57192221656342
UGC06930,external_151,ordinary_disk,7,4.3014345485989655e+20,13.94,108.0,7.690255078519847e-12,57.514458079933185,3.48148519190539e-11,4.2505106997573747e-11,135.21572975481047,159.90029065415087,27.215729754810468,51.900290654150865
UGC06930,external_151,ordinary_disk,8,4.838342447778464e+20,15.68,108.0,6.571847505833617e-12,56.388694565313195,3.276696565675703e-11,3.9338813162590644e-11,137.9618242738869,162.6269126005889,29.96182427388689,54.626912600588895
UGC06930,external_151,ordinary_disk,9,5.12531046285716e+20,16.61,108.0,6.012501333501764e-12,55.512103178081105,3.1591325274425446e-11,3.760382660792721e-11,138.8276939076191,163.471446121696,30.827693907619107,55.471446121696005
UGC06973,calibration_24,bulge_rich_hsb,0,5.369078991794979e+19,1.74,170.0,8.543633043468692e-10,214.17619075726682,2.3580881008646334e-11,8.779441853555155e-10,217.11176111765238,248.61583900536164,47.11176111765238,78.61583900536164
UGC06973,calibration_24,bulge_rich_hsb,1,8.053618487692468e+19,2.61,174.0,6.356661964706325e-10,226.2611993227526,4.539493018408113e-11,6.810611266547136e-10,234.2009069340907,271.29550233119267,60.20090693409071,97.29550233119267
UGC06973,calibration_24,bulge_rich_hsb,2,1.0799871535219786e+20,3.5000000000000004,170.0,3.9754590210622655e-10,207.20629025442994,6.921197751136325e-11,4.667578796175898e-10,224.5200467201437,263.794953204013,54.52004672014371,93.79495320401298
UGC06973,calibration_24,bulge_rich_hsb,3,1.3484411031117275e+20,4.37,170.0,2.44017794704781e-10,181.3955964930257,1.0413102109648626e-10,3.4814881580126724e-10,216.66983482388645,248.35241437597296,46.66983482388645,78.35241437597296
UGC06973,calibration_24,bulge_rich_hsb,4,1.6415804733534074e+20,5.32,171.0,1.643939386897479e-10,164.2759506716511,1.1648457642899254e-10,2.808785151187404e-10,214.72882568565964,240.20500243383216,43.72882568565964,69.20500243383216
UGC06973,calibration_24,bulge_rich_hsb,5,1.9378055211765786e+20,6.28,174.0,1.0335334629681632e-10,141.51985199470974,1.1801820090473502e-10,2.2137154720155132e-10,207.1171181719579,225.09363340121658,33.11711817195791,51.09363340121658
UGC06973,calibration_24,bulge_rich_hsb,6,2.101346432995621e+20,6.81,177.0,8.66082356652912e-11,134.90511742825169,1.1014005372828425e-10,1.9674828939357544e-10,203.33133455401799,221.93705821023102,26.331334554017985,44.937058210231015
UGC06973,calibration_24,bulge_rich_hsb,7,2.261801667233172e+20,7.33,178.0,7.017907051737974e-11,125.98854658304612,1.008930850157885e-10,1.7107215553316825e-10,196.70569046219595,215.9960266510608,18.705690462195946,37.99602665106079
UGC06973,calibration_24,bulge_rich_hsb,8,2.422256901470723e+20,7.85,180.0,5.3749905369468284e-11,114.10349654352966,8.97102373226056e-11,1.4346014269207387e-10,186.41280018331645,206.44292272388046,6.412800183316449,26.442922723880457
UGC06983,external_151,ordinary_disk,0,5.369078991794979e+19,1.74,56.9,2.3804266900799013e-11,35.75010340294983,1.522371319921963e-11,3.9027980100018644e-11,45.776009879324626,76.92184350885624,-11.123990120675373,20.021843508856243
UGC06983,external_151,ordinary_disk,1,8.053618487692468e+19,2.61,87.4,2.253061035018285e-11,42.59729334772667,2.0809912425124336e-11,4.3340522775307186e-11,59.080287363000394,92.77087927587843,-28.31971263699961,5.370879275878423
UGC06983,external_151,ordinary_disk,2,1.0799871535219786e+20,3.5000000000000004,92.1,2.053133907316382e-11,47.08883354216875,2.541876085686509e-11,4.595009993002891e-11,70.44538141530812,104.68259611173164,-21.654618584691875,12.582596111731647
UGC06983,external_151,ordinary_disk,3,1.3484411031117275e+20,4.37,93.5,1.846544131483942e-11,49.899458971041895,2.944575487002356e-11,4.7911196184862974e-11,80.37750072932042,113.5805829485784,-13.122499270679583,20.080582948578396
UGC06983,external_151,ordinary_disk,4,1.6168950527014765e+20,5.24,98.2,1.6399543556515023e-11,51.494019888809916,3.3216845253605275e-11,4.96163888101203e-11,89.56812692023675,120.36789001189466,-8.631873079763253,22.167890011894656
UGC06983,external_151,ordinary_disk,5,1.8853490022912256e+20,6.110000000000001,99.7,1.4832951786911324e-11,52.882218989455346,3.522941804753938e-11,5.00623698344507e-11,97.15196293421764,126.44259217844277,-2.548037065782367,26.742592178442763
UGC06983,external_151,ordinary_disk,6,2.1538029518809743e+20,6.98,102.0,1.3446475721724681e-11,53.81548020955167,3.6317514579588055e-11,4.9763990301312733e-11,103.52865748590752,131.56761114296947,1.528657485907516,29.56761114296947
UGC06983,external_151,ordinary_disk,7,2.422256901470723e+20,7.85,107.0,1.2059999656538038e-11,54.048512837805085,3.695859685692194e-11,4.9018596513459977e-11,108.96588168098175,135.45367014231874,1.9658816809817523,28.453670142318742
UGC06983,external_151,ordinary_disk,8,2.6907108510604722e+20,8.72,108.0,1.089916568957996e-11,54.15395035309871,3.689853978736938e-11,4.7797705476949335e-11,113.40626295871854,138.89887427863547,5.406262958718543,30.898874278635475
UGC06983,external_151,ordinary_disk,9,2.9622504782317126e+20,9.6,110.0,9.883034458241845e-12,54.10732256387059,3.636167758112054e-11,4.624471203936239e-11,117.04205242317356,141.93753139223486,7.042052423173558,31.93753139223486
UGC06983,external_151,ordinary_disk,10,3.2307044278214617e+20,10.47,113.0,8.87845017271439e-12,53.557117440337095,3.55310235380635e-11,4.4409473710777893e-11,119.78058413392003,144.01531291679413,6.78058413392003,31.01531291679413
UGC06983,external_151,ordinary_disk,11,3.5022440549927014e+20,11.35,110.0,8.010796822244471e-12,52.96769349939652,3.4516345896960274e-11,4.2527142719204745e-11,122.04115402771352,145.8677635144983,12.041154027713517,35.86776351449831
UGC06983,external_151,ordinary_disk,12,3.761440971837976e+20,12.189999999999998,108.0,7.346002085063952e-12,52.56572383404109,3.353234471707787e-11,4.0878346802141823e-11,124.00060020926438,147.70910948550727,16.000600209264377,39.70910948550727
UGC06983,external_151,ordinary_disk,13,4.048408986916673e+20,13.12,109.0,6.609979340328376e-12,51.72997174242312,3.226233128184851e-11,3.8872310622176887e-11,125.44760327126117,148.98916806667205,16.447603271261173,39.98916806667205
UGC06983,external_151,ordinary_disk,14,4.3014345485989655e+20,13.94,108.0,6.027329731331876e-12,50.91774184127636,3.1124640310523216e-11,3.715197004185509e-11,126.41470147358227,149.85536305657857,18.41470147358227,41.85536305657857
UGC06983,external_151,ordinary_disk,15,4.5853168860961715e+20,14.86,108.0,5.5308474885193274e-12,50.35939672348177,3.004114954803074e-11,3.557199703655007e-11,127.71408641330683,151.23673408005237,19.71408641330683,43.23673408005237
UGC06983,external_151,ordinary_disk,16,4.838342447778464e+20,15.68,109.0,5.088330706882056e-12,49.61762433595752,2.8995171021043188e-11,3.4083501727925245e-11,128.4163748044428,151.96595541501614,19.416374804442796,42.96595541501614
UGC07089,external_151,low_mass_dwarf,0,2.6845394958974894e+19,0.87,20.9,1.4124158636850982e-11,19.472252490903077,1.304807365407836e-11,2.7172232290929342e-11,27.00831923254406,47.07743366664774,6.108319232544062,26.177433666647744
UGC07089,external_151,low_mass_dwarf,1,5.369078991794979e+19,1.74,36.4,1.3180323988798418e-11,26.60191734317453,1.766540388860353e-11,3.084572787740195e-11,40.69559552742576,65.33232729622262,4.2955955274257605,28.932327296222617
UGC07089,external_151,low_mass_dwarf,2,8.053618487692468e+19,2.61,43.4,1.1749349540639562e-11,30.76114085642075,2.2953147345473404e-11,3.4702496886112966e-11,52.86593142006387,77.55313292988873,9.465931420063875,34.153132929888734
UGC07089,external_151,low_mass_dwarf,3,1.0799871535219786e+20,3.5000000000000004,51.2,1.039355328383769e-11,33.50358790635844,2.719073471038705e-11,3.7584287994224736e-11,63.71071197846799,86.87562751778073,12.510711978467988,35.675627517780725
UGC07089,external_151,low_mass_dwarf,4,1.3484411031117275e+20,4.37,59.7,9.241213906665998e-12,35.30047120704784,2.932369428583984e-11,3.856490819250584e-11,72.11276401893431,94.04814745807451,12.412764018934311,34.34814745807451
UGC07089,external_151,low_mass_dwarf,5,1.6168950527014765e+20,5.24,64.5,8.175161011453223e-12,36.35708650931303,3.024970716143691e-11,3.842486817289013e-11,78.82193809432275,99.65259654735551,14.321938094322746,35.152596547355515
UGC07089,external_151,low_mass_dwarf,6,1.8853490022912256e+20,6.110000000000001,67.9,7.174118986224071e-12,36.77732735395014,3.0109230208262625e-11,3.728334919448669e-11,83.84039909608069,103.91605490678707,15.940399096080682,36.01605490678706
UGC07089,external_151,low_mass_dwarf,7,2.0211188158768454e+20,6.55,72.8,6.724763137239478e-12,36.86671304712385,2.9846200155823647e-11,3.657096329306313e-11,85.97340404238471,105.7543065321381,13.173404042384718,32.954306532138105
UGC07089,external_151,low_mass_dwarf,8,2.1538029518809743e+20,6.98,70.3,6.338823850202567e-12,36.94939447409093,2.953066165675001e-11,3.586948550695258e-11,87.89528074210031,107.467945266865,17.595280742100314,37.167945266865004
UGC07089,external_151,low_mass_dwarf,9,2.422256901470723e+20,7.85,73.7,5.557969943872072e-12,36.69173075055328,2.8488371419182574e-11,3.4046341363054646e-11,90.81243600767863,110.06393945016804,17.112436007678625,36.36393945016803
UGC07089,external_151,low_mass_dwarf,10,2.6907108510604722e+20,8.72,77.6,4.957079687147945e-12,36.52131994298731,2.736904767212098e-11,3.232612735926893e-11,93.26320906892906,112.54739375635212,15.663209068929064,34.94739375635213
UGC07089,external_151,low_mass_dwarf,11,2.8264806646460924e+20,9.16,79.1,4.659488505978308e-12,36.290431478956535,2.674973216954829e-11,3.14092206755266e-11,94.2218419109806,113.48413633830977,15.121841910980606,34.38413633830977
UGC07125,external_151,low_mass_dwarf,0,4.443375717347569e+19,1.4400000000000002,26.1,9.983851867950446e-12,21.06228975103281,1.931504778399755e-11,2.929889965194799e-11,36.08129976296154,55.12281525816614,9.981299762961541,29.02281525816614
UGC07125,external_151,low_mass_dwarf,1,8.886751434695138e+19,2.8800000000000003,43.0,9.252672384702762e-12,28.67511108775716,2.4840297742789697e-11,3.409297012749246e-11,55.04323311666131,76.37487454175232,12.043233116661312,33.37487454175232
UGC07125,external_151,low_mass_dwarf,2,1.336098392785762e+20,4.33,48.5,8.419597440357486e-12,33.54014103721801,2.7743356270730664e-11,3.616295371108815e-11,69.51062100986496,91.30518130890425,21.010621009864963,42.80518130890425
UGC07125,external_151,low_mass_dwarf,3,1.7773502869390275e+20,5.760000000000001,52.5,7.354406167093102e-12,36.154330185123165,2.8466125625673427e-11,3.582053179276653e-11,79.79074661900472,101.56620011603454,27.29074661900472,49.06620011603454
UGC07125,external_151,low_mass_dwarf,4,2.2216878586737843e+20,7.2,56.4,6.28176600380589e-12,37.357895098205525,2.8243663401692285e-11,3.4525429405498173e-11,87.58123504820776,108.88654512070548,31.18123504820776,52.48654512070548
UGC07125,external_151,low_mass_dwarf,5,2.6660254304085413e+20,8.64,58.5,5.497843999307106e-12,38.28497344203303,2.757449325089125e-11,3.3072337250198354e-11,93.8997828283306,115.137516161085,35.3997828283306,56.637516161085
UGC07125,external_151,low_mass_dwarf,6,3.110363002143298e+20,10.08,61.5,4.947117430752823e-12,39.22668864927524,2.681404807628243e-11,3.1761165507035255e-11,99.39253196192978,120.94193512340928,37.89253196192978,59.44193512340928
UGC07125,external_151,low_mass_dwarf,7,3.539272185970598e+20,11.47,64.6,4.415513312495563e-12,39.531890232694984,2.58555703129613e-11,3.0271083625456866e-11,103.50729651322631,125.20434276774637,38.90729651322631,60.604342767746374
UGC07125,external_151,low_mass_dwarf,8,4.011380855938777e+20,13.0,65.6,4.007731739007612e-12,40.09555882338262,2.497444542083655e-11,2.898217715984416e-11,107.82325844752835,129.94211340353976,42.22325844752835,64.34211340353977
UGC07125,external_151,low_mass_dwarf,9,4.4495470725105517e+20,14.420000000000002,65.4,3.668606031513024e-12,40.40251876766265,2.414074737883978e-11,2.7809353410352806e-11,111.2380452252945,133.71868024613457,45.83804522529449,68.31868024613456
UGC07125,external_151,low_mass_dwarf,10,4.8877132890823256e+20,15.84,65.5,3.3416987467483953e-12,40.41443476357412,2.3242991824480488e-11,2.6584690571228885e-11,113.9905019688645,136.76659388794548,48.49050196886451,71.26659388794548
UGC07125,external_151,low_mass_dwarf,11,5.3258795056541e+20,17.26,65.1,3.115831029947899e-12,40.736397270108,2.2583836938304504e-11,2.5699667968252402e-11,116.99287796025475,140.17920323173195,51.89287796025475,75.07920323173195
UGC07125,external_151,low_mass_dwarf,12,5.7640457222258734e+20,18.68,64.9,2.8899633131474036e-12,40.81406702662331,2.187130705023677e-11,2.4761270363384172e-11,119.46760837772841,142.99725871091184,54.567608377728405,78.09725871091183
UGC07151,external_151,bulge_rich_hsb,0,1.5428387907456836e+19,0.5,24.2,2.898405246124131e-11,21.1465648392856,5.474158823309484e-12,3.4458211284550794e-11,23.057203869835476,43.586683456496424,-1.1427961301645233,19.386683456496424
UGC07151,external_151,bulge_rich_hsb,1,3.085677581491367e+19,1.0,42.0,2.6807043583042647e-11,28.76071859503109,7.839305856318027e-12,3.4646349439360676e-11,32.69670682890729,60.29508023163467,-9.303293171092712,18.29508023163467
UGC07151,external_151,bulge_rich_hsb,2,4.628516372237051e+19,1.5,59.4,2.3533021732316923e-11,33.00348108552175,1.1485792519772169e-11,3.5018814252089094e-11,40.259800682830324,71.19117843859358,-19.140199317169674,11.791178438593583
UGC07151,external_151,bulge_rich_hsb,3,6.171355162982734e+19,2.0,63.9,2.0025785565450253e-11,35.15483396947375,1.667901352169538e-11,3.6704799087145634e-11,47.59394408458918,78.58609525895815,-16.306055915410816,14.686095258958154
UGC07151,external_151,bulge_rich_hsb,4,7.683337177913505e+19,2.49,66.0,1.7338575672020855e-11,36.499057943035254,2.113937523351997e-11,3.8477950905540826e-11,54.37270185694954,84.25729040739753,-11.62729814305046,18.257290407397534
UGC07151,external_151,bulge_rich_hsb,5,9.257032744474101e+19,3.0,67.2,1.497652005266848e-11,37.234142467072495,2.471033382940533e-11,3.968685388207381e-11,60.6120867411374,88.83410219503644,-6.587913258862606,21.634102195036434
UGC07151,external_151,bulge_rich_hsb,6,1.0769014759404872e+20,3.49,68.7,1.3004982555886504e-11,37.423368246343706,2.744480447103018e-11,4.044978702691668e-11,66.0003298103615,92.18943248887463,-2.6996701896384963,23.489432488874627
UGC07151,external_151,bulge_rich_hsb,7,1.2342710325965468e+20,4.0,71.3,1.1312129102965362e-11,37.36607186845107,2.8957916059466187e-11,4.027004516243155e-11,70.50117036286983,95.02622276668271,-0.7988296371301686,23.72622276668271
UGC07151,external_151,bulge_rich_hsb,8,1.3854692340896239e+20,4.49,72.5,9.833282851399796e-12,36.91031137868591,2.982456912959836e-11,3.965785198099816e-11,74.12471504818969,96.93798289136646,1.6247150481896853,24.43798289136646
UGC07151,external_151,bulge_rich_hsb,9,1.545924468327175e+20,5.01,74.0,8.658053314545785e-12,36.585101430824984,2.9867068018359374e-11,3.852512133290516e-11,77.17313503662484,98.95175165598255,3.173135036624842,24.951751655982548
UGC07151,external_151,bulge_rich_hsb,10,1.697122669820252e+20,5.5,76.2,7.5948444205751e-12,35.9017863621239,2.953302144882566e-11,3.712786586940076e-11,79.37918042472195,100.1037365771843,3.179180424721949,23.903736577184304
UGC07232,external_151,low_mass_dwarf,0,6.47992292113187e+18,0.20999999999999996,16.4,2.8034079912195614e-11,13.478081354402,4.963546857813017e-12,3.299762677000863e-11,14.62265632673946,27.98218148445055,-1.777343673260539,11.582181484450551
UGC07232,external_151,low_mass_dwarf,1,1.2651278084114604e+19,0.41,26.2,2.482941106725e-11,17.723537572295566,4.578996574082493e-12,2.940840764133249e-11,19.288699880538818,37.78374166098399,-6.911300119461181,11.583741660983993
UGC07232,external_151,low_mass_dwarf,2,1.9131201005246476e+19,0.62,35.2,2.0138779377295237e-11,19.628526084944525,7.573003224730582e-12,2.771178260202582e-11,23.025196702157576,43.82333935346188,-12.174803297842427,8.62333935346188
UGC07232,external_151,low_mass_dwarf,3,2.530255616822921e+19,0.82,44.0,1.5570668914629545e-11,19.848872128897263,1.3076129367305206e-11,2.8646798281934753e-11,26.922801164971414,46.94191757048259,-17.077198835028586,2.9419175704825875
UGC07261,external_151,low_mass_dwarf,0,2.9313937024167985e+19,0.95,46.8,2.2619231931378183e-11,25.74992699740078,1.3102837039430784e-11,3.572206897080897e-11,32.35976638023333,56.03117379976668,-14.440233619766666,9.23117379976668
UGC07261,external_151,low_mass_dwarf,1,5.862787404833597e+19,1.9,63.0,1.8501693464992507e-11,32.93501106947592,2.198239534695588e-11,4.0484088811948385e-11,48.71853917995241,74.93347609497732,-14.281460820047592,11.933476094977323
UGC07261,external_151,low_mass_dwarf,2,8.82503788306531e+19,2.86,66.8,1.3131992965456315e-11,34.04266960746457,2.8260616852604902e-11,4.139260981806122e-11,60.43933733284402,83.67614042026308,-6.360662667155978,16.876140420263084
UGC07261,external_151,low_mass_dwarf,3,1.1756431585482108e+20,3.8099999999999996,69.6,9.049360775671516e-12,32.6172026469971,3.0643412022136725e-11,3.969277279780824e-11,68.31144617379418,87.32176829597105,-1.2885538262058134,17.72176829597106
UGC07261,external_151,low_mass_dwarf,4,1.4687825287898907e+20,4.76,73.4,6.8821390154866905e-12,31.793655887063554,2.913967143219129e-11,3.602181044767798e-11,72.73802708413982,90.71015882039573,-0.6619729158601899,17.310158820395728
UGC07261,external_151,low_mass_dwarf,5,1.765007576613062e+20,5.72,74.7,5.359981693324877e-12,30.757776738941512,2.7011088145282216e-11,3.2371069838607095e-11,75.58781881243306,93.05514463691169,0.8878188124330535,18.35514463691169
UGC07261,external_151,low_mass_dwarf,6,2.058146946854742e+20,6.67,76.1,4.3206238281859774e-12,29.820259456431323,2.4929520501265663e-11,2.925014432945164e-11,77.58936476523148,94.9333584965365,1.4893647652314854,18.833358496536505
UGC07323,external_151,low_mass_dwarf,0,1.7896929972649929e+19,0.58,23.9,2.045306476180336e-11,19.132356565987074,7.82230067539293e-12,2.827536543719629e-11,22.495382530212463,42.56896608514564,-1.404617469787535,18.66896608514564
UGC07323,external_151,low_mass_dwarf,1,3.6102427703448994e+19,1.17,34.7,1.988650313794961e-11,26.794608446705045,1.0101858977695341e-11,2.998836211564495e-11,32.903687866634655,59.99039920161999,-1.7963121333653476,25.290399201619984
UGC07323,external_151,low_mass_dwarf,2,5.399935767609893e+19,1.7500000000000002,42.8,1.8869633278708675e-11,31.920966098064905,1.3982277738470821e-11,3.2851911017179494e-11,42.11866680416239,72.3079090932206,-0.6813331958376097,29.507909093220604
UGC07323,external_151,low_mass_dwarf,3,7.1896287648748855e+19,2.33,51.3,1.781378170930977e-11,35.78749465783483,1.878565939848027e-11,3.659944110779004e-11,51.296821984106536,82.11593699985225,-0.003178015893460895,30.815936999852255
UGC07323,external_151,low_mass_dwarf,4,8.979321762139878e+19,2.91,57.7,1.6683576733624702e-11,38.70493555537418,2.263814377915294e-11,3.932172051277764e-11,59.420735499080315,90.12482573962707,1.7207354990803125,32.42482573962707
UGC07323,external_151,low_mass_dwarf,5,1.0799871535219786e+20,3.5000000000000004,67.3,1.5518006403550496e-11,40.938059998131735,2.6511676980328006e-11,4.20296833838785e-11,67.37322771040805,96.89112654593946,0.0732277104080481,29.59112654593946
UGC07323,external_151,low_mass_dwarf,6,1.2558707756669865e+20,4.07,75.4,1.4307339994041435e-11,42.38887846599402,2.932328359798721e-11,4.363062359202864e-11,74.02325654370748,102.18348946740846,-1.3767434562925303,26.783489467408458
UGC07323,external_151,low_mass_dwarf,7,1.4348400753934859e+20,4.65,79.5,1.3045800801664826e-11,43.265041090734165,3.166512534910922e-11,4.471092615077405e-11,80.09558580164654,106.50395155201252,0.5955858016465356,27.003951552012524
UGC07323,external_151,low_mass_dwarf,8,1.6138093751199852e+20,5.23,82.8,1.1864056011782687e-11,43.75651359370799,3.3151170030306566e-11,4.501522604208925e-11,85.23261923106021,110.07154409697412,2.4326192310602153,27.271544096974125
UGC07323,external_151,low_mass_dwarf,9,1.7958643524279756e+20,5.82,85.6,1.070844639648397e-11,43.85306962269731,3.3955441631857055e-11,4.466388802834102e-11,89.56019447887117,112.93493598801182,3.9601944788711734,27.33493598801182
UGC07399,external_151,low_mass_dwarf,0,1.882263324709734e+19,0.61,47.3,2.1796394102501544e-11,20.25501252284436,6.220377857488114e-12,2.8016771959989657e-11,22.964089865928624,44.436395896772126,-24.335910134071373,-2.863604103227871
UGC07399,external_151,low_mass_dwarf,1,3.764526649419468e+19,1.22,70.4,2.036194295507837e-11,27.6862920753848,9.1252400633463e-12,2.948718301842467e-11,33.317455828614655,61.66231440712417,-37.08254417138535,-8.737685592875835
UGC07399,external_151,low_mass_dwarf,2,5.677646749944116e+19,1.84,83.7,1.8142722490213063e-11,32.09485463149759,1.2668003462901093e-11,3.0810725953114156e-11,41.82492296121027,73.34227741334557,-41.87507703878973,-10.357722586654432
UGC07399,external_151,low_mass_dwarf,3,7.55991007465385e+19,2.45,89.1,1.578660139803579e-11,34.5463872139411,1.7025684168650564e-11,3.281228556668635e-11,49.80541418641263,81.44784338795225,-39.29458581358737,-7.652156612047747
UGC07399,external_151,low_mass_dwarf,4,9.473030175178496e+19,3.07,91.7,1.3846707735197157e-11,36.217437816941185,2.0689748180383614e-11,3.453645591558077e-11,57.198329436445825,87.9564758008668,-34.50167056355418,-3.743524199133205
UGC07399,external_151,low_mass_dwarf,5,1.1355293499888232e+20,3.68,95.1,1.2188318976484946e-11,37.20241111114223,2.347047552791045e-11,3.56587945043954e-11,63.63301638690494,93.00978497634135,-31.466983613095053,-2.0902150236586436
UGC07399,external_151,low_mass_dwarf,6,1.3268413600412878e+20,4.3,96.9,1.068750568138198e-11,37.65717006591687,2.56234085137359e-11,3.631091419511788e-11,69.4109665506775,97.02221784022001,-27.489033449322505,0.12221784022000293
UGC07399,external_151,low_mass_dwarf,7,1.5150676925122612e+20,4.91,100.0,9.415768839331942e-12,37.769732814299196,2.675173689467248e-11,3.616750573400442e-11,74.02446856029569,100.19283002415686,-25.975531439704312,0.19283002415686212
UGC07399,external_151,low_mass_dwarf,8,1.7032940249832345e+20,5.52,103.0,8.24685577735694e-12,37.47908772965338,2.739804989733878e-11,3.564490567469572e-11,77.91903160127198,102.51992395308825,-25.080968398728018,-0.48007604691174777
UGC07399,external_151,low_mass_dwarf,9,1.891520357454208e+20,6.13,106.0,7.332880801174782e-12,37.24284268716235,2.7405386562899054e-11,3.4738267364073836e-11,81.06055754917602,104.69560296028826,-24.939442450823975,-1.3043970397117448
UGC07524,external_151,low_mass_dwarf,0,1.0799871535219784e+19,0.35,14.4,7.89491206098702e-12,9.233852719234646,9.407614352139647e-12,1.7302526413126667e-11,13.669859637045112,25.515380344544642,-0.7301403629548879,11.115380344544642
UGC07524,external_151,low_mass_dwarf,1,2.129117531229043e+19,0.69,24.4,7.822176116427457e-12,12.905166524244004,1.2002567339528699e-11,1.9824743455956158e-11,20.544879859515973,35.73694202223653,-3.8551201404840256,11.336942022236535
UGC07524,external_151,low_mass_dwarf,2,3.178247908936108e+19,1.03,29.2,7.749440171867895e-12,15.6938338278652,1.4126822196124597e-11,2.1876262367992492e-11,26.368197724988676,43.55385040716766,-2.8318022750113236,14.35385040716766
UGC07524,external_151,low_mass_dwarf,3,4.258235062458086e+19,1.38,32.9,7.674564934821285e-12,18.07763853343886,1.5860822617752e-11,2.3535387552573286e-11,31.657418164611464,50.28290217191498,-1.2425818353885347,17.382902171914978
UGC07524,external_151,low_mass_dwarf,4,5.3073654401651515e+19,1.72,37.8,7.601828990261723e-12,20.086235203482165,1.7300659538074287e-11,2.490248852833601e-11,36.354725551075155,55.9937858899701,-1.4452744489248417,18.1937858899701
UGC07524,external_151,low_mass_dwarf,5,6.387352593687129e+19,2.07,42.0,7.52545197712199e-12,21.924350664213087,1.853390126062381e-11,2.6059353237745802e-11,40.798318285552504,61.26172214651626,-1.2016817144474956,19.261722146516263
UGC07524,external_151,low_mass_dwarf,6,7.436482971394195e+19,2.41,45.1,7.394183393615742e-12,23.449247086844643,1.9821246541993043e-11,2.7215429935608787e-11,44.98745172548969,65.7918053568234,-0.11254827451030991,20.6918053568234
UGC07524,external_151,low_mass_dwarf,7,8.516470124916172e+19,2.76,47.6,7.259053969418136e-12,24.863932968398966,2.0982409732915365e-11,2.82414637023335e-11,49.04259188754482,70.06160400238076,1.4425918875448218,22.46160400238076
UGC07524,external_151,low_mass_dwarf,8,9.565600502623239e+19,3.1,52.3,7.1277853859118896e-12,26.111596555949877,2.201928215396261e-11,2.91470675398745e-11,52.80238667990463,73.89115867128022,0.5023866799046317,21.591158671280226
UGC07524,external_151,low_mass_dwarf,9,1.0645587656145217e+20,3.45,57.3,6.992655961714283e-12,27.28386556001474,2.297857010548847e-11,2.997122606720275e-11,56.48551267896498,77.55420064307306,-0.814487321035017,20.254200643073062
UGC07524,external_151,low_mass_dwarf,10,1.1694718033852282e+20,3.79,61.4,6.861387378208037e-12,28.327017264296636,2.3846965252666822e-11,3.070835263087486e-11,59.92708280086621,80.87657275507108,-1.4729171991337893,19.476572755071082
UGC07524,external_151,low_mass_dwarf,11,1.2774705187374259e+20,4.14,64.5,6.726103360621871e-12,29.3127937071429,2.4646469372516017e-11,3.137257273313789e-11,63.30682172051388,84.08153243463083,-1.1931782794861192,19.58153243463083
UGC07524,external_151,low_mass_dwarf,12,1.3823835565081326e+20,4.48,66.4,6.59182209132393e-12,30.186795898990752,2.5101679570337332e-11,3.169350166166126e-11,66.19106854043353,86.9979431798918,-0.20893145956647174,20.5979431798918
UGC07524,external_151,low_mass_dwarf,13,1.487296594278839e+20,4.82,66.9,6.4575408220259885e-12,30.990770355084475,2.5508434849318336e-11,3.1965975671344325e-11,68.9513500584221,89.74629195580295,2.051350058422088,22.84629195580294
UGC07524,external_151,low_mass_dwarf,14,1.5952953096310368e+20,5.17,69.4,6.3193101036310496e-12,31.750851592400846,2.58709137968646e-11,3.2190223900495647e-11,71.66094696864785,92.41463217595647,2.2609469686478434,23.014632175956464
UGC07524,external_151,low_mass_dwarf,15,1.7002083474017432e+20,5.51,70.2,6.1850288343331084e-12,32.42813231293721,2.6184747070017146e-11,3.2369775904350256e-11,74.18582290175134,94.8623317420212,3.985822901751334,24.662331742021195
UGC07524,external_151,low_mass_dwarf,16,1.8082070627539413e+20,5.86,70.9,6.046798115938169e-12,33.06639239512926,2.645955184252286e-11,3.250634995846103e-11,76.66694958014212,97.24366254022242,5.766949580142111,26.34366254022241
UGC07524,external_151,low_mass_dwarf,17,1.9131201005246477e+20,6.2,72.3,5.91184932734089e-12,33.630459080138905,2.668380769764098e-11,3.259565702498187e-11,78.96797239659902,99.42790633610596,6.667972396599026,27.127906336105966
UGC07524,external_151,low_mass_dwarf,18,2.0211188158768454e+20,6.55,73.9,5.759170329374753e-12,34.11739661307551,2.672076412080144e-11,3.2479934450176196e-11,81.02209985904936,101.48947228854854,7.1220998590493565,27.589472288548535
UGC07524,external_151,low_mass_dwarf,19,2.126031853647552e+20,6.89,75.0,5.6108535884933624e-12,34.53817229572168,2.6731010540221495e-11,3.234186412871486e-11,82.92154927640276,103.37336625718358,7.921549276402757,28.373366257183577
UGC07524,external_151,low_mass_dwarf,20,2.237116246581241e+20,7.25,75.5,5.453812333442479e-12,34.929661001717896,2.670190335548422e-11,3.21557156889267e-11,84.81513661378212,105.2458415529876,9.315136613782116,29.7458415529876
UGC07524,external_151,low_mass_dwarf,21,2.3389436067704563e+20,7.58,77.1,5.309857849645835e-12,35.24125149634878,2.6655658790509598e-11,3.1965516640155435e-11,86.46706932850574,106.85579205004302,9.36706932850575,29.755792050043027
UGC07524,external_151,low_mass_dwarf,22,2.4500279997041456e+20,7.94,77.0,5.152816594594952e-12,35.5310356366062,2.6567396680344972e-11,3.172021327493992e-11,88.1563444569873,108.49958928807163,11.156344456987298,31.499589288071633
UGC07524,external_151,low_mass_dwarf,23,2.5518553598933605e+20,8.27,77.0,5.009816494651286e-12,35.755177350920874,2.646425915322498e-11,3.1474075647876267e-11,89.61991332272206,109.91145519726284,12.619913322722056,32.91145519726284
UGC07524,external_151,low_mass_dwarf,24,2.66293975282705e+20,8.63,78.2,4.866577098397305e-12,35.9991689008509,2.6291640750195582e-11,3.115821784859289e-11,91.08921831713309,111.42210311044198,12.889218317133086,33.22210311044198
UGC07524,external_151,low_mass_dwarf,25,2.7678527905977565e+20,8.97,79.6,4.7312954463796575e-12,36.18774558383596,2.611030007979222e-11,3.084159552617188e-11,92.39317953377409,112.75450821555121,12.793179533774094,33.15450821555122
UGC07524,external_151,low_mass_dwarf,26,2.8696801507869717e+20,9.3,80.3,4.599992666480175e-12,36.33250287107096,2.5919825378857912e-11,3.0519818045338086e-11,93.5853172513385,113.96163518256755,13.285317251338498,33.66163518256755
UGC07524,external_151,low_mass_dwarf,27,2.9807645437206607e+20,9.66,81.2,4.456753270226195e-12,36.44795210708188,2.5687415222903628e-11,3.0144168493129823e-11,94.79064755779592,115.18307518034374,13.590647557795918,33.98307518034373
UGC07524,external_151,low_mass_dwarf,28,3.0825919039098755e+20,9.99,82.3,4.3254504903267134e-12,36.515200481777626,2.5460611598447572e-11,2.9786062088774286e-11,95.82185233244684,116.21607060305439,13.52185233244684,33.91607060305439
UGC07524,external_151,low_mass_dwarf,29,3.193676296843565e+20,10.35,83.8,4.184828901210949e-12,36.558157596004904,2.5194183550748626e-11,2.9379012451959575e-11,96.86436687063785,117.26824083754391,13.064366870637855,33.46824083754392
UGC07524,external_151,low_mass_dwarf,30,3.2985893346142716e+20,10.690000000000001,79.0,4.06995337508047e-12,36.64028492713695,2.4954938118921584e-11,2.9024891494002055e-11,97.84743099358903,118.31062073723638,18.84743099358903,39.31062073723638
UGC07559,external_151,low_mass_dwarf,0,1.1108439293368922e+19,0.36000000000000004,9.31,7.326871506042332e-12,9.021646597777247,6.980327602856151e-12,1.4307199108898483e-11,12.606770116066238,25.366142740757866,3.296770116066238,16.056142740757863
UGC07559,external_151,low_mass_dwarf,1,2.2216878586737844e+19,0.7200000000000001,15.9,6.599994461335453e-12,12.109140168510395,8.688674481227307e-12,1.528866894256276e-11,18.43004345219366,34.88826473756676,2.5300434521936612,18.98826473756676
UGC07559,external_151,low_mass_dwarf,2,3.3325317880106766e+19,1.08,21.4,5.6344802149791404e-12,13.702950202542231,1.1666750992133235e-11,1.7301231207112374e-11,24.011851858910074,40.97265947663981,2.611851858910075,19.572659476639814
UGC07559,external_151,low_mass_dwarf,3,4.474232493162482e+19,1.45,26.1,4.8580919931315166e-12,14.743213031914557,1.3971371683151869e-11,1.8829463676283386e-11,29.025402358839028,45.65097499762436,2.925402358839026,19.55097499762436
UGC07559,external_151,low_mass_dwarf,4,5.554219646684461e+19,1.8,29.7,4.363992014244936e-12,15.568741176952399,1.52274244815618e-11,1.9591416495806738e-11,32.98712330704025,49.44620530986317,3.2871233070402504,19.746205309863168
UGC07559,external_151,low_mass_dwarf,5,6.6959203518362665e+19,2.17,31.1,3.96073689476585e-12,16.285201497657752,1.6088799707349705e-11,2.0049536602115555e-11,36.64015559178095,52.92533641630328,5.540155591780952,21.82533641630328
UGC07559,external_151,low_mass_dwarf,6,7.806764281173157e+19,2.5299999999999994,32.1,3.623993740863398e-12,16.82012630492633,1.664065108743754e-11,2.026464482830094e-11,39.77452770508283,55.83132818994606,7.674527705082831,23.731328189946062
UGC07577,external_151,low_mass_dwarf,0,5.862787404833597e+18,0.19,3.74,3.002688728975545e-12,4.195727071780722,4.2810831963353706e-12,7.283771925310915e-12,6.534769032138274,14.566280657551824,2.794769032138274,10.826280657551823
UGC07577,external_151,low_mass_dwarf,1,1.1725574809667195e+19,0.38,5.4,3.0060122350609244e-12,5.936937033604261,4.77475071434251e-12,7.780762949403434e-12,9.55164478189577,20.605776197834903,4.1516447818957705,15.205776197834902
UGC07577,external_151,low_mass_dwarf,2,1.758836221450079e+19,0.57,7.31,3.00635423388385e-12,7.271646801835687,5.933869440034515e-12,8.940223673918365e-12,12.5396926698995,25.23756758100542,5.2296926698995,17.92756758100542
UGC07577,external_151,low_mass_dwarf,3,2.3142581861185253e+19,0.75,8.85,3.005788009842211e-12,8.340365404173998,7.368338300274902e-12,1.0374126310117113e-11,15.494646409975317,28.948053207543058,6.6446464099753175,20.09805320754306
UGC07577,external_151,low_mass_dwarf,4,2.900536926601885e+19,0.94,10.7,2.980235903674639e-12,9.297464325606756,8.731103033044281e-12,1.171133893671892e-11,18.4307273448184,32.33595399419244,7.730727344818401,21.635953994192437
UGC07577,external_151,low_mass_dwarf,5,3.4868156670852444e+19,1.13,12.4,2.926326496103964e-12,10.101267778661235,9.854778644771203e-12,1.2781105140875167e-11,21.1105086740863,35.28530995141063,8.7105086740863,22.885309951410633
UGC07577,external_151,low_mass_dwarf,6,4.073094407568605e+19,1.3200000000000003,14.1,2.858113035023426e-12,10.789515382607714,1.0864155301337344e-11,1.372226833636077e-11,23.64150892392167,37.90286682449358,9.54150892392167,23.802866824493577
UGC07577,external_151,low_mass_dwarf,7,4.659373148051965e+19,1.5100000000000002,15.9,2.7415883343924207e-12,11.302248921467159,1.1555165480146463e-11,1.4296753814538884e-11,25.80967082854254,40.10194251742271,9.90967082854254,24.201942517422708
UGC07577,external_151,low_mass_dwarf,8,5.21479511272041e+19,1.69,17.8,2.6311965127419947e-12,11.713731563961135,1.2137375500877873e-11,1.476857201361987e-11,27.751590433429996,41.97351846218696,9.951590433429995,24.17351846218696
UGC07603,external_151,bulge_rich_hsb,0,1.049130377707065e+19,0.34,19.6,2.3941138521591357e-11,15.848462291305836,6.761764056527331e-12,3.070290257811869e-11,17.947520101252117,34.05747856097543,-1.6524798987478846,14.457478560975431
UGC07603,external_151,bulge_rich_hsb,1,2.09826075541413e+19,0.68,32.5,2.100489704301537e-11,20.99374934042832,8.834899333792992e-12,2.983979637680836e-11,25.022324769494485,46.43559226235355,-7.477675230505515,13.935592262353552
UGC07603,external_151,bulge_rich_hsb,2,3.1473911331211944e+19,1.02,41.9,1.7109281025895653e-11,23.20551645514115,1.2698006429494903e-11,2.9807287455390556e-11,30.629265782824575,53.72956451739875,-11.270734217175423,11.829564517398751
UGC07603,external_151,bulge_rich_hsb,3,4.227378286643173e+19,1.37,50.6,1.2870831186494354e-11,23.325923837832452,1.8229126126814308e-11,3.109995731330866e-11,36.25896913341726,57.59729515909573,-14.341030866582742,6.997295159095728
UGC07603,external_151,bulge_rich_hsb,4,5.2765086643502375e+19,1.71,57.0,1.0293623653542686e-11,23.305448803976834,2.131125074746005e-11,3.160487440100273e-11,40.83667391115392,60.56601231027603,-16.163326088846077,3.5660123102760295
UGC07603,external_151,bulge_rich_hsb,5,6.325639042057302e+19,2.05,60.5,8.53143955408777e-12,23.23075701054306,2.213362385989916e-11,3.066506341398693e-11,44.04272043807906,63.04710584529081,-16.45727956192094,2.547105845290808
UGC07603,external_151,bulge_rich_hsb,6,7.374769419764368e+19,2.39,60.5,7.1772141139883066e-12,23.006585832526778,2.2396692445450823e-11,2.957390655943913e-11,46.70125712628307,64.99964086650863,-13.798742873716932,4.499640866508628
UGC07603,external_151,bulge_rich_hsb,7,8.454756573286346e+19,2.74,60.0,6.2639956941092526e-12,23.01316118437612,2.2341721268098935e-11,2.8605716962208187e-11,49.178691881728454,67.12069648068616,-10.821308118271546,7.1206964806861635
UGC07603,external_151,bulge_rich_hsb,8,9.50388695099341e+19,3.08,61.5,5.49889377938194e-12,22.86063534435709,2.2088777685924404e-11,2.7587671465306344e-11,51.20450281444184,68.7475595517152,-10.295497185558162,7.247559551715199
UGC07603,external_151,bulge_rich_hsb,9,1.0553017328700475e+20,3.42,61.5,5.008099085446595e-12,22.989248885634982,2.1920843138127972e-11,2.6928942223574568e-11,53.30868540200146,70.6746961629286,-8.191314597998542,9.174696162928598
UGC07603,external_151,bulge_rich_hsb,10,1.160214770640754e+20,3.76,63.0,4.5385153918230584e-12,22.94700981473081,2.1622846648764715e-11,2.6161362040587773e-11,55.093374065825984,72.20584162047419,-7.906625934174016,9.205841620474189
UGC07603,external_151,bulge_rich_hsb,11,1.268213485992952e+20,4.11,64.0,4.215015223960602e-12,23.12042203484279,2.1451484938769505e-11,2.5666500162730107e-11,57.0531345717434,74.03744709820523,-6.946865428256601,10.037447098205234
UGC07608,external_151,low_mass_dwarf,0,1.8514065488948204e+19,0.6,14.6,4.734937385476934e-12,9.36284897030755,7.982581614892843e-12,1.2717519000369777e-11,15.34447717029776,29.16764723886571,0.7444771702977597,14.567647238865712
UGC07608,external_151,low_mass_dwarf,1,3.6719563219747267e+19,1.19,31.5,4.595429048952212e-12,12.99007880980188,1.0667971897824931e-11,1.5263400946777144e-11,23.674150798149732,40.7546475127328,-7.825849201850268,9.254647512732802
UGC07608,external_151,low_mass_dwarf,2,5.5233628708695474e+19,1.79,44.8,4.3833413171380515e-12,15.559815127895554,1.335989831983952e-11,1.7743239636977572e-11,31.30532718561216,49.366080316325046,-13.494672814387837,4.566080316325049
UGC07608,external_151,low_mass_dwarf,3,7.343912643949453e+19,2.38,50.6,4.1797583652791316e-12,17.520211273676725,1.559156507069243e-11,1.977132343597156e-11,38.10496977679495,56.216054305688026,-12.495030223205049,5.616054305688024
UGC07608,external_151,low_mass_dwarf,4,9.226175968659189e+19,2.99,55.6,3.99822422393112e-12,19.206332354758505,1.7031450517300342e-11,2.1029674741231464e-11,44.048096409069586,62.27920886354986,-11.551903590930415,6.67920886354986
UGC07608,external_151,low_mass_dwarf,5,1.1077582517554007e+20,3.59,61.4,3.812409645260598e-12,20.550494504048576,1.811454659702e-11,2.19269562422806e-11,49.284649449160064,67.39580928591343,-12.115350550839935,5.995809285913431
UGC07608,external_151,low_mass_dwarf,6,1.2898132290633913e+20,4.18,66.0,3.608918960028885e-12,21.575058324980148,1.87161662714132e-11,2.2325085231442087e-11,53.66115007291751,71.68557452497058,-12.338849927082492,5.685574524970576
UGC07608,external_151,low_mass_dwarf,7,1.4749538839528736e+20,4.78,69.3,3.4035526005923218e-12,22.405542009693825,1.9099387474254387e-11,2.2502940074846708e-11,57.61145620773174,75.49166596405671,-11.688543792268256,6.19166596405671
UGC07690,external_151,low_mass_dwarf,0,1.8205497730799065e+19,0.59,45.3,5.538404527311344e-11,31.753647200630976,6.505686203123511e-12,6.188973147623695e-11,33.56684921094614,57.099646223807014,-11.733150789053859,11.799646223807017
UGC07690,external_151,low_mass_dwarf,1,3.641099546159813e+19,1.18,59.8,4.160152559333179e-11,38.919827332278366,1.23988234074918e-11,5.4000349000823596e-11,44.34192668788427,74.26311875017201,-15.45807331211573,14.463118750172015
UGC07690,external_151,low_mass_dwarf,2,5.46164931923972e+19,1.77,60.7,2.5394161686676987e-11,37.2416441485473,2.3946379722885854e-11,4.9340541409562845e-11,51.91153382442654,79.00327003538807,-8.788466175573461,18.303270035388067
UGC07690,external_151,low_mass_dwarf,3,7.282199092319626e+19,2.36,58.8,1.7719676848639773e-11,35.92188951925576,2.8433569166006755e-11,4.615324601464653e-11,57.97388431315115,82.52207606234859,-0.8261156868488442,23.72207606234859
UGC07690,external_151,low_mass_dwarf,4,9.102748865399533e+19,2.9499999999999997,57.9,1.2625726928559898e-11,33.90115359007609,2.833293602776006e-11,4.0958662956319956e-11,61.06033268447883,84.07747599610886,3.1603326844788313,26.17747599610886
UGC07690,external_151,low_mass_dwarf,5,1.092329863847944e+20,3.54,56.9,1.0035452223678549e-11,33.10894767452348,2.7627083550164173e-11,3.7662535773842726e-11,64.1404026912912,86.54771607542598,7.240402691291202,29.647716075425983
UGC07690,external_151,low_mass_dwarf,6,1.2743848411559346e+20,4.13,55.9,8.27592313795493e-12,32.47570013653504,2.6839411906278017e-11,3.5115335044232946e-11,66.89577764887872,88.76119775822816,10.995777648878722,32.861197758228165
UGC07866,external_151,low_mass_dwarf,0,1.0182736018921513e+19,0.33000000000000007,12.2,6.9294148360321535e-12,8.400023930972681,6.386402004750963e-12,1.3315816840783117e-11,11.644374082191103,23.927726022064004,-0.5556259178088965,11.727726022064004
UGC07866,external_151,low_mass_dwarf,1,2.0365472037843026e+19,0.6600000000000001,19.4,6.3227654966629765e-12,11.347515319404884,7.976537930858972e-12,1.4299303427521949e-11,17.06493668648762,33.024063478569566,-2.3350633135123786,13.624063478569568
UGC07866,external_151,low_mass_dwarf,2,3.085677581491367e+19,1.0,23.9,5.486506664681441e-12,13.011376028656807,1.116113013587624e-11,1.6647636800557683e-11,22.664783180143488,39.14918730172926,-1.235216819856511,15.249187301729265
UGC07866,external_151,low_mass_dwarf,3,4.1039511833835184e+19,1.33,26.0,4.85571230868565e-12,14.116517373417704,1.3496455108736348e-11,1.8352167417421998e-11,27.44383340395096,43.71553056708958,1.4438334039509613,17.71553056708958
UGC07866,external_151,low_mass_dwarf,4,5.153081561090583e+19,1.67,28.2,4.317113690424081e-12,14.915240177501685,1.5021133802040792e-11,1.9338247492464873e-11,31.56763636657438,47.49209664279534,3.3676363665743807,19.29209664279534
UGC07866,external_151,low_mass_dwarf,5,6.171355162982734e+19,2.0,30.6,3.9119229889128324e-12,15.537653019300585,1.5842961646076032e-11,1.9754884634988866e-11,34.91624396842633,50.644890106150804,4.316243968426328,20.044890106150802
UGC07866,external_151,low_mass_dwarf,6,7.1587719890599715e+19,2.32,33.1,3.5479087206052775e-12,15.93696005165686,1.6358014228475463e-11,1.990592294908074e-11,37.749432263845414,53.16783824747007,4.649432263845412,20.06783824747007
UGC08286,external_151,bulge_rich_hsb,0,1.4502684633009424e+19,0.47,22.2,1.5673131605940356e-11,15.076554145182032,9.41581619260574e-12,2.5088947798546095e-11,19.07503860274862,35.60286782049971,-3.1249613972513792,13.402867820499711
UGC08286,external_151,bulge_rich_hsb,1,2.9313937024167985e+19,0.95,43.4,1.4327801779503758e-11,20.494005930006345,1.3116816606942446e-11,2.7444618386446204e-11,28.363882227801728,49.387279883389745,-15.03611777219827,5.987279883389746
UGC08286,external_151,bulge_rich_hsb,2,4.381662165717741e+19,1.42,60.2,1.295630472687329e-11,23.826487409866065,1.6930229805380196e-11,2.9886534532253484e-11,36.18738697728696,58.744731067484665,-24.01261302271304,-1.455268932515338
UGC08286,external_151,bulge_rich_hsb,3,5.862787404833597e+19,1.9,69.6,1.1050131945684875e-11,25.45281406699673,2.0054971771777126e-11,3.1105103717462e-11,42.70393545105403,65.0779867245378,-26.896064548945965,-4.5220132754622
UGC08286,external_151,bulge_rich_hsb,4,7.31305586813454e+19,2.37,72.5,9.183671097437886e-12,25.915381496349944,2.2725665549758427e-11,3.190933664719631e-11,48.30680714102925,69.14395417267264,-24.193192858970747,-3.356045827327364
UGC08286,external_151,bulge_rich_hsb,5,8.763324331435481e+19,2.84,74.3,7.521069601527635e-12,25.67285964544793,2.4472211635354153e-11,3.199328123688179e-11,52.949740311509025,71.74565860195683,-21.350259688490972,-2.5543413980431637
UGC08286,external_151,bulge_rich_hsb,6,1.0182736018921511e+20,3.3,75.8,6.7052012361120455e-12,26.129924251913778,2.4691332513883872e-11,3.1396533749995916e-11,56.54225102393504,75.00628230611643,-19.25774897606496,-0.7937176938835648
UGC08286,external_151,bulge_rich_hsb,7,1.1663861258037368e+20,3.78,77.2,5.8538603330696906e-12,26.130176950960987,2.4511236536835882e-11,3.036509686990557e-11,59.512542961752466,77.43250739452266,-17.687457038247537,0.23250739452265634
UGC08286,external_151,bulge_rich_hsb,8,1.311412972133831e+20,4.25,79.3,5.127563316880354e-12,25.93135756028687,2.4042429339737384e-11,2.916999265661774e-11,61.8497427374901,79.27727422041076,-17.4502572625099,-0.02272577958923705
UGC08286,external_151,bulge_rich_hsb,9,1.4595254960454168e+20,4.73,81.3,4.675046114492722e-12,26.121540917966897,2.3609856767617816e-11,2.8284902882110537e-11,64.25148785017264,81.62053221858037,-17.04851214982736,0.32053221858036807
UGC08286,external_151,bulge_rich_hsb,10,1.6045523423755108e+20,5.2,81.6,4.2319563538215005e-12,26.05838728769533,2.3028135461782637e-11,2.7260091815604138e-11,66.13640765576787,83.36620851186093,-15.463592344232126,1.7662085118609383
UGC08286,external_151,bulge_rich_hsb,11,1.749579188705605e+20,5.67,82.1,3.8574119491270915e-12,25.97854435578923,2.243560167552896e-11,2.6293013624656052e-11,67.82456003989347,84.95982623623158,-14.275439960106524,2.8598262362315836
UGC08286,external_151,bulge_rich_hsb,12,1.897691712617191e+20,6.15,82.9,3.5923351383560577e-12,26.1096622364247,2.197915295701745e-11,2.5571488095373506e-11,69.66118075218037,86.84751983902616,-13.238819247819634,3.9475198390261568
UGC08286,external_151,bulge_rich_hsb,13,2.042718558947285e+20,6.62,83.2,3.3327807611427532e-12,26.092016238092373,2.146041740684076e-11,2.4793198167983513e-11,71.16567011797032,88.35437575366275,-12.034329882029681,5.154375753662748
UGC08286,external_151,bulge_rich_hsb,14,2.1908310828588705e+20,7.1,83.5,3.1098399175071136e-12,26.101980679614815,2.0974019498563708e-11,2.408385941607082e-11,72.63860392651503,89.86160923283124,-10.861396073484968,6.361609232831242
UGC08286,external_151,bulge_rich_hsb,15,2.335857929188965e+20,7.57,83.8,2.9356785232315026e-12,26.186500254978817,2.0575256514770447e-11,2.351093503800195e-11,74.10681752117245,91.40372551422826,-9.693182478827552,7.603725514228259
UGC08286,external_151,bulge_rich_hsb,16,2.480884775519059e+20,8.04,84.3,2.7615171289558924e-12,26.174426073100012,2.0134471008340086e-11,2.2895988137295978e-11,75.36730616804782,92.70943146639138,-8.932693831952179,8.409431466391382
UGC08490,external_151,low_mass_dwarf,0,1.049130377707065e+19,0.34,38.8,4.0710101066280284e-11,20.666447132528468,6.022385115532647e-12,4.673248618181293e-11,22.142373603368632,39.613886831377826,-16.657626396631365,0.8138868313778289
UGC08490,external_151,low_mass_dwarf,1,2.09826075541413e+19,0.68,50.1,3.714141604109991e-11,27.91637076690822,8.847078888254666e-12,4.5988494929354573e-11,31.063781822377393,54.559085464301035,-19.036218177622608,4.459085464301033
UGC08490,external_151,low_mass_dwarf,2,3.1473911331211944e+19,1.02,60.2,3.3572731015919537e-11,32.5063864362325,1.260570664110567e-11,4.6178437657025203e-11,38.12369410525572,64.91318227244751,-22.07630589474428,4.713182272447511
UGC08490,external_151,low_mass_dwarf,3,4.19652151082826e+19,1.36,68.2,2.991236873373038e-11,35.42991657214651,1.771149450349278e-11,4.762386323722316e-11,44.705096633801176,72.53061084172707,-23.494903366198827,4.330610841727065
UGC08490,external_151,low_mass_dwarf,4,5.21479511272041e+19,1.69,72.8,2.5513175127421226e-11,36.475468600753594,2.0875134036518798e-11,4.6388309163940025e-11,49.18389247665112,77.2988390177283,-23.61610752334888,4.498839017728301
UGC08490,external_151,low_mass_dwarf,5,6.263925490427475e+19,2.03,75.3,2.098067262395119e-11,36.25208546490557,2.423123765485714e-11,4.521191027880833e-11,53.216918105650144,80.205658069052,-22.083081894349853,4.905658069052009
UGC08490,external_151,low_mass_dwarf,6,7.31305586813454e+19,2.37,76.6,1.6448170120481146e-11,34.682327923549174,2.7563359257232255e-11,4.40115293777134e-11,56.73259849339379,81.01641788871868,-19.867401506606207,4.416417888718684
UGC08490,external_151,low_mass_dwarf,7,8.331329470026691e+19,2.7,77.6,1.2471344548842736e-11,32.23396971684223,2.9988954361934365e-11,4.24602989107771e-11,59.476948444040026,80.16723909592109,-18.123051555959968,2.567239095921096
UGC08490,external_151,low_mass_dwarf,8,9.41131662354867e+19,3.0500000000000003,78.5,1.1114082753132629e-11,32.341637523485524,2.946573502488237e-11,4.0579817778015e-11,61.798827952867235,82.58206388859632,-16.701172047132765,4.082063888596323
UGC08490,external_151,low_mass_dwarf,9,1.042959022544082e+20,3.38,78.2,9.834378774320243e-12,32.02632366318886,2.8733689298719205e-11,3.856806807303945e-11,63.423114539472785,84.10894853730207,-14.776885460527218,5.9089485373020665
UGC08490,external_151,low_mass_dwarf,10,1.1478720603147887e+20,3.72,78.8,8.515895887058995e-12,31.265250610389554,2.7690631740616067e-11,3.620652762767506e-11,64.4674037516819,84.88819282707409,-14.332596248318097,6.088192827074096
UGC08490,external_151,low_mass_dwarf,11,1.252785098085495e+20,4.06,79.2,7.377487285083623e-12,30.4013258461995,2.657706329776984e-11,3.3954550582853463e-11,65.22097437357785,85.34227681405693,-13.979025626422157,6.1422768140569275
UGC08490,external_151,low_mass_dwarf,12,1.35461245827471e+20,4.39,79.2,6.869317053449115e-12,30.504528287520024,2.6183613872049405e-11,3.305293092549852e-11,66.91331109291613,87.07009073151386,-12.286688907083871,7.870090731513855
UGC08490,external_151,low_mass_dwarf,13,1.462611173626908e+20,4.74,79.2,6.330348625957968e-12,30.42833980564807,2.5661781467644613e-11,3.199213009360258e-11,68.40471251531491,88.52909386388568,-10.79528748468509,9.329093863885674
UGC08490,external_151,low_mass_dwarf,14,1.5675242113976146e+20,5.08,78.8,5.80677929639514e-12,30.16996376753175,2.505408284436223e-11,3.0860862140757374e-11,69.55224553545429,89.5735301514932,-9.247754464545707,10.773530151493205
UGC08490,external_151,low_mass_dwarf,15,1.6693515715868295e+20,5.409999999999999,78.5,5.3718138855992994e-12,29.945694101485017,2.4514184546801204e-11,2.98859984324005e-11,70.63302234193954,90.55121059830145,-7.866977658060463,12.051210598301452
UGC08490,external_151,low_mass_dwarf,16,1.774264609357536e+20,5.75,80.1,5.098739853039021e-12,30.077422884229925,2.4244865758478512e-11,2.934360561151753e-11,72.15491732893938,92.07496834404705,-7.945082671060618,11.974968344047056
UGC08490,external_151,low_mass_dwarf,17,1.8791776471282424e+20,6.09,80.1,4.825665820478742e-12,30.11359052380573,2.3928465370334474e-11,2.8754131190813217e-11,73.50790474253037,93.39156238171802,-6.592095257469623,13.291562381718023
UGC08490,external_151,low_mass_dwarf,18,1.9810050073174576e+20,6.42,80.1,4.5606233771114136e-12,30.057640869746855,2.3578974174690784e-11,2.8139597551802198e-11,74.66236244187445,94.47167575208785,-5.4376375581255445,14.371675752087853
UGC08490,external_151,low_mass_dwarf,19,2.0890037226696553e+20,6.77,80.1,4.31528145477386e-12,30.024388459034295,2.323965749647439e-11,2.755493895124825e-11,75.86986888554156,95.61124233692605,-4.23013111445843,15.51124233692606
UGC08490,external_151,low_mass_dwarf,20,2.193916760440362e+20,7.11,79.8,4.134534387748714e-12,30.117809166503022,2.3010355763098247e-11,2.7144890150846962e-11,77.17099809012169,96.88697855480713,-2.629001909878312,17.086978554807132
UGC08490,external_151,low_mass_dwarf,21,2.2957441206295773e+20,7.44,79.8,3.9591034109301904e-12,30.148114996807827,2.276112841994439e-11,2.672023183087458e-11,78.32165417532345,97.98807268729523,-1.478345824676552,18.188072687295232
UGC08490,external_151,low_mass_dwarf,22,2.4006571584002838e+20,7.78,79.5,3.778356343905046e-12,30.117334217992756,2.2474051071767773e-11,2.6252407415672817e-11,79.3870454089807,98.98147381991016,-0.11295459101930305,19.481473819910164
UGC08490,external_151,low_mass_dwarf,23,2.50557019617099e+20,8.12,79.5,3.616819486274793e-12,30.10348004756359,2.220478827211328e-11,2.582160775838807e-11,80.4349742441898,99.9701490174693,0.934974244189803,20.470149017469296
UGC08490,external_151,low_mass_dwarf,24,2.610483233941697e+20,8.46,78.8,3.478472853798042e-12,30.13385980016685,2.197000736573136e-11,2.54484802195294e-11,81.50633775503498,101.00521381953916,2.70633775503498,22.205213819539168
UGC08490,external_151,low_mass_dwarf,25,2.715396271712403e+20,8.8,77.9,3.3401262213212924e-12,30.11605267697723,2.1712963590201206e-11,2.5053089811522497e-11,82.47973488626414,101.92725808920267,4.579734886264134,24.02725808920266
UGC08490,external_151,low_mass_dwarf,26,2.8172236319016183e+20,9.13,77.2,3.2058486074467994e-12,30.05260796869053,2.1443032977444677e-11,2.4648881584891476e-11,83.33151366734009,102.71364914219406,6.131513667340087,25.513649142194055
UGC08490,external_151,low_mass_dwarf,27,2.9221366696723248e+20,9.47,77.6,3.0802309263334566e-12,30.00142620092876,2.1175071355603588e-11,2.4255302281937046e-11,84.1886620822751,103.5227209982614,6.588662082275107,25.92272099826141
UGC08490,external_151,low_mass_dwarf,28,3.0147069971170656e+20,9.77,76.6,2.979810333793365e-12,29.972078779037993,2.0955530197913834e-11,2.39353405317072e-11,84.94588782237632,104.24443016324201,8.345887822376326,27.64443016324202
UGC08490,external_151,low_mass_dwarf,29,3.131962745213738e+20,10.150000000000002,77.6,2.852610916575915e-12,29.89025111521444,2.0654279414881176e-11,2.350689033145709e-11,85.80367403203002,105.05097064937719,8.203674032030023,27.450970649377197
UGC08550,external_151,bulge_rich_hsb,0,1.51198201493077e+19,0.49,25.0,1.499899948060464e-11,15.059288647419631,1.0920907009849742e-11,2.591990649045438e-11,19.7965735525758,35.916636735076416,-5.203426447424199,10.916636735076416
UGC08550,external_151,bulge_rich_hsb,1,2.993107254046626e+19,0.9700000000000001,42.5,1.2224014977492128e-11,19.127934520670625,1.5820430401112535e-11,2.8044445378604665e-11,28.972406337481875,47.789858131376235,-13.527593662518125,5.289858131376235
UGC08550,external_151,bulge_rich_hsb,2,4.535946044792309e+19,1.47,48.0,8.65178071787782e-12,19.810101092035914,1.925538372813733e-11,2.790716444601515e-11,35.578840929725494,53.58939217212937,-12.421159070274506,5.589392172129372
UGC08550,external_151,bulge_rich_hsb,3,6.017071283908166e+19,1.95,49.2,5.468159028866592e-12,18.138991887212566,2.0260984500888346e-11,2.5729143529754938e-11,39.34642178044149,54.620430641520805,-9.853578219558514,5.420430641520802
UGC08550,external_151,bulge_rich_hsb,4,7.529053298838936e+19,2.44,50.4,4.5280053372645956e-12,18.46390899070192,1.9564280360265346e-11,2.409228569752994e-11,42.59015180855287,58.13105765111748,-7.809848191447131,7.7310576511174816
UGC08550,external_151,bulge_rich_hsb,5,9.010178537954792e+19,2.92,51.6,3.683723007950729e-12,18.218397840097776,1.8516785816058713e-11,2.2200508824009442e-11,44.724774805220186,60.2377478493189,-6.875225194779816,8.637747849318899
UGC08550,external_151,bulge_rich_hsb,6,1.0522160552885563e+20,3.41,53.2,3.3169606275314304e-12,18.681967848833743,1.8303572280350006e-11,2.1620532907881438e-11,47.696406415543954,63.33388438564735,-5.503593584456048,10.133884385647349
UGC08550,external_151,bulge_rich_hsb,7,1.2003285792001419e+20,3.89,55.1,2.985458869033666e-12,18.930218177632405,1.7975784306983248e-11,2.0961243176016914e-11,50.160122846477414,65.81045076533111,-4.939877153522588,10.71045076533111
UGC08550,external_151,bulge_rich_hsb,8,1.35461245827471e+20,4.39,57.8,2.776459231058891e-12,19.393365526086995,1.7855007134118383e-11,2.0631466365177274e-11,52.865528816748615,68.60225567040433,-4.934471183251382,10.802255670404335
UGC08550,external_151,bulge_rich_hsb,9,1.5058106597677872e+20,4.88,57.3,2.584663793164935e-12,19.72818869451426,1.766440108144731e-11,2.0249064874612245e-11,55.218889647040704,70.9947899663483,-2.0811103529592927,13.69478996634831
UGC08550,external_151,bulge_rich_hsb,10,1.653923183679373e+20,5.36,57.5,2.435035619384339e-12,20.06828807842069,1.7506156068148564e-11,1.9941191687532903e-11,57.429260174762014,73.26019791390364,-0.07073982523798605,15.760197913903639
UGC08699,external_151,bulge_rich_hsb,0,6.788490679281008e+18,0.22,152.0,1.2887290514738444e-10,29.577905865779016,3.727862646753071e-12,1.326007677941375e-10,30.00265115345655,45.16176602489196,-121.99734884654345,-106.83823397510804
UGC08699,external_151,bulge_rich_hsb,1,1.3268413600412879e+19,0.43,167.0,1.2685062130641303e-10,41.0256810907855,4.632863224434887e-12,1.314834845308479e-10,41.76813683154635,62.821660403165296,-125.23186316845366,-104.1783395968347
UGC08699,external_151,bulge_rich_hsb,2,2.0056904279693885e+19,0.65,179.0,1.2473203823491916e-10,50.01738249337816,5.5038079320301795e-12,1.3023584616694935e-10,51.108980623325294,76.82623075805678,-127.8910193766747,-102.17376924194322
UGC08699,external_151,bulge_rich_hsb,3,2.6845394958974894e+19,0.87,188.0,1.226134551634253e-10,57.37252505465235,6.3158593071611915e-12,1.289293144705865e-10,58.831610285226525,88.40041330901514,-129.16838971477347,-99.59958669098486
UGC08699,external_151,bulge_rich_hsb,4,3.3325317880106766e+19,1.08,195.0,1.205911713224539e-10,63.39352583549199,7.093084547241409e-12,1.2768425586969532e-10,65.2312686918052,97.97629494717893,-129.7687313081948,-97.02370505282107
UGC08699,external_151,bulge_rich_hsb,5,4.042237631753691e+19,1.31,199.0,1.183762890204376e-10,69.17406234895881,7.87562132122976e-12,1.2625191034166735e-10,71.43810069310918,107.27574371124872,-127.56189930689082,-91.72425628875128
UGC08699,external_151,bulge_rich_hsb,6,4.690229923866878e+19,1.52,202.0,1.1635400517946619e-10,73.87334003918423,8.597366905697534e-12,1.2495137208516373e-10,76.55394597158657,114.92850718455632,-125.44605402841343,-87.07149281544368
UGC08699,external_151,bulge_rich_hsb,7,5.338222215980065e+19,1.73,202.0,1.1433172133849478e-10,78.12350061539709,9.330714396439925e-12,1.236624357349347e-10,81.24884994401063,121.93594439385328,-120.75115005598937,-80.06405560614672
UGC08699,external_151,bulge_rich_hsb,8,6.04792805972308e+19,1.96,202.0,1.1211683903647847e-10,82.34528382221862,1.011064902597098e-11,1.2222748806244945e-10,85.97808178381021,128.9931779401091,-116.02191821618979,-73.00682205989091
UGC08699,external_151,bulge_rich_hsb,9,6.6959203518362665e+19,2.17,200.0,1.1009455519550706e-10,85.85944169163673,1.0855624070393013e-11,1.2095017926590006e-10,89.992931217112,134.95492780625366,-110.007068782888,-65.04507219374634
UGC08699,external_151,bulge_rich_hsb,10,7.374769419764368e+19,2.39,196.0,1.079759721240132e-10,89.23552528502886,1.1647763215614796e-11,1.19623735339628e-10,93.9253674605894,140.77167798986648,-102.0746325394106,-55.228322010133525
UGC08699,external_151,bulge_rich_hsb,11,8.022761711877554e+19,2.6,193.0,1.059536882830418e-10,92.19767858191425,1.2448208990927892e-11,1.184018972739697e-10,97.46333711007762,145.96085452006014,-95.53666288992238,-47.03914547993986
UGC08699,external_151,bulge_rich_hsb,12,8.732467555620569e+19,2.83,189.0,1.037388059810255e-10,95.17855627651232,1.3349335640701529e-11,1.1708814162172703e-10,101.11717944343768,151.27962141392678,-87.88282055656232,-37.720378586073224
UGC08699,external_151,bulge_rich_hsb,13,9.380459847733756e+19,3.04,184.0,1.0171652214005409e-10,97.68048688381415,1.4938059565577144e-11,1.1665458170563124e-10,104.60753413324733,155.83376799593483,-79.39246586675267,-28.166232004065165
UGC08699,external_151,bulge_rich_hsb,14,1.8112927403354325e+20,5.87,170.0,6.124367192002327e-11,105.32341541187463,2.5920726436815174e-11,8.716439835683844e-11,125.65040467879408,185.56331276636703,-44.349595321205925,15.563312766367034
UGC08699,external_151,bulge_rich_hsb,15,1.8760919695467512e+20,6.08,172.0,5.8164759542457016e-11,104.46168593710394,2.7158206587238737e-11,8.532296612969576e-11,126.52024801344315,185.97839492101227,-45.47975198655685,13.978394921012267
UGC08699,external_151,bulge_rich_hsb,16,1.943976876339561e+20,6.3,174.0,5.493923228976857e-11,103.34437438736462,2.8554987530889465e-11,8.349421982065803e-11,127.40126869045358,186.14112419888025,-46.59873130954642,12.141124198880249
UGC08699,external_151,bulge_rich_hsb,17,2.0118617831323714e+20,6.52,176.0,5.1953314575846435e-11,102.23643582510074,2.9941988292883574e-11,8.189530286873001e-11,128.3596626902894,186.26783135339613,-47.64033730971059,10.267831353396133
UGC08699,external_151,bulge_rich_hsb,18,2.0797466899251816e+20,6.74,178.0,5.02384962444042e-11,102.21709557168914,3.070861184358247e-11,8.094710808798667e-11,129.74955880657404,187.524847390867,-48.25044119342596,9.524847390866995
UGC08699,external_151,bulge_rich_hsb,19,2.1445459191365003e+20,6.95,180.0,4.860162420075481e-11,102.09231843930986,3.1456332625257104e-11,8.005795682601191e-11,131.02975410403164,188.58290262974046,-48.97024589596836,8.58290262974046
UGC08699,external_151,bulge_rich_hsb,20,2.209345148347819e+20,7.16,182.0,4.696475215710541e-11,101.8633139661471,3.221974652174011e-11,7.918449867884552e-11,132.2671115510056,189.50180585522364,-49.7328884489944,7.501805855223637
UGC08699,external_151,bulge_rich_hsb,21,2.28031573272212e+20,7.39,183.0,4.5171987537870355e-11,101.49206563122722,3.3068359120252905e-11,7.824034665812326e-11,133.57121449554577,190.34719277414976,-49.428785504454225,7.347192774149761
UGC08699,external_151,bulge_rich_hsb,22,2.3451149619334388e+20,7.6,184.0,4.3535115494220955e-11,101.04199657320605,3.3858039711692595e-11,7.739315520591356e-11,134.72039423362176,190.97018647364942,-49.27960576637824,6.97018647364942
UGC08699,external_151,bulge_rich_hsb,23,2.412999868726249e+20,7.82,185.0,4.182029716277873e-11,100.45514997444273,3.469560871286187e-11,7.65159058756406e-11,135.87967869898384,191.4678193548979,-49.12032130101616,6.467819354897898
UGC08699,external_151,bulge_rich_hsb,24,2.4777990979375677e+20,8.03,186.0,4.018342511912933e-11,99.78299179330135,3.550585886014235e-11,7.568928397927168e-11,136.94628128115775,191.79176970089964,-49.05371871884225,5.791769700899636
UGC08699,external_151,bulge_rich_hsb,25,2.5487696823118692e+20,8.26,187.0,3.839066049989427e-11,98.91862896646838,3.639802330175698e-11,7.478868380165125e-11,138.0648868661607,191.97285542995363,-48.93511313383931,4.972855429953626
UGC08699,external_151,bulge_rich_hsb,26,2.6135689115231882e+20,8.47,187.0,3.675378845624486e-11,98.00946836400114,3.721670989466119e-11,7.397049835090605e-11,139.0420781129962,191.97475088253452,-47.957921887003806,4.974750882534522
UGC08699,external_151,bulge_rich_hsb,27,2.6783681407345066e+20,8.68,188.0,3.5116916412595474e-11,96.98248817200577,3.8035218940210026e-11,7.315213535280551e-11,139.9744079307545,191.81510443441815,-48.025592069245505,3.8151044344181457
UGC08699,external_151,bulge_rich_hsb,28,2.749338725108808e+20,8.91,188.0,3.3324151793360415e-11,95.71801345979236,3.8940732676224215e-11,7.226488446958464e-11,140.95412208862257,191.44732829226317,-47.04587791137743,3.4473282922631654
UGC08699,external_151,bulge_rich_hsb,29,2.9406507351612726e+20,9.53,187.0,2.849148195020505e-11,91.53332581235351,4.12147964891976e-11,6.970627843940265e-11,143.17186138979469,189.3682029231302,-43.828138610205315,2.3682029231302124
UGC08699,external_151,bulge_rich_hsb,30,3.017792674698557e+20,9.78,187.0,2.6733544976230857e-11,89.8199845234867,4.195933773180743e-11,6.869288270803829e-11,143.97947014774192,188.41478234748865,-43.02052985225808,1.4147823474886536
UGC08699,external_151,bulge_rich_hsb,31,3.0825919039098755e+20,9.99,186.0,2.586187967231934e-11,89.28696483685789,4.22437203319548e-11,6.810560000427414e-11,144.89367521879615,188.65639309177777,-41.10632478120385,2.6563930917777725
UGC08699,external_151,bulge_rich_hsb,32,3.150476810702686e+20,10.21,186.0,2.4948706496792983e-11,88.65682222771902,4.2543503187987685e-11,6.749220968478066e-11,145.8192859381038,188.80379374363238,-40.1807140618962,2.803793743632383
UGC08699,external_151,bulge_rich_hsb,33,3.536186508389107e+20,11.46,182.0,1.9760222544938717e-11,83.59176536368791,4.329826494508108e-11,6.305848749001979e-11,149.32734937098135,187.41872034941292,-32.67265062901865,5.418720349412922
UGC08699,external_151,bulge_rich_hsb,34,4.131722281616941e+20,13.39,177.0,1.2629281493627447e-11,72.23619850741939,4.078865428881723e-11,5.341793578244468e-11,148.56247019698802,179.13985300719352,-28.437529803011984,2.1398530071935227
UGC08699,external_151,bulge_rich_hsb,35,4.6933156014483695e+20,15.21,175.0,8.890453861850567e-12,64.5954377752641,3.658136581989936e-11,4.5471819681749926e-11,146.08682375170045,173.64310062736283,-28.91317624829955,-1.356899372637173
UGC08699,external_151,bulge_rich_hsb,36,5.2857656970947114e+20,17.13,177.0,5.929026147452499e-12,55.98164255127034,3.1166562196381014e-11,3.709558834383351e-11,140.0280644661568,165.39609804013168,-36.97193553384321,-11.603901959868324
UGC08699,external_151,bulge_rich_hsb,37,5.881301470322545e+20,19.06,180.0,4.032249307989231e-12,48.697919651443144,2.6258021598725186e-11,3.0290270906714417e-11,133.471425713569,157.5923134710698,-46.528574286430995,-22.407686528930213
UGC08699,external_151,bulge_rich_hsb,38,6.47683724355038e+20,20.99,181.0,2.924038146228016e-12,43.51840894041466,2.2608467835813606e-11,2.5532505982041622e-11,128.59622298717022,152.04507930387146,-52.40377701282978,-28.95492069612854
UGC08699,external_151,bulge_rich_hsb,39,7.072373016778214e+20,22.92,182.0,2.071903654114128e-12,38.279597041662996,1.917695377976464e-11,2.124885743387877e-11,122.58868053484031,145.27884658006374,-59.41131946515969,-36.72115341993626
UGC08699,external_151,bulge_rich_hsb,40,7.930191384432813e+20,25.7,183.0,1.4308896900575116e-12,33.68564841615464,1.6032564185754656e-11,1.7463453875812167e-11,117.68115034635133,139.81416736238194,-65.31884965364867,-43.18583263761806
UGC08837,external_151,low_mass_dwarf,0,1.604552342375511e+19,0.52,7.31,6.7616425833868635e-12,10.416049848901162,6.942145778308433e-12,1.3703788361695296e-11,14.828501514035885,29.840861465870194,7.5185015140358855,22.530861465870196
UGC08837,external_151,low_mass_dwarf,1,3.2399614605659357e+19,1.05,14.6,6.72653733149597e-12,14.762696812271454,9.710222771128137e-12,1.6436760102624105e-11,23.076929880092347,42.34504079105752,8.476929880092348,27.74504079105752
UGC08837,external_151,low_mass_dwarf,2,4.8445138029414466e+19,1.57,21.0,6.675567778984202e-12,17.98329231474597,1.3490488174206897e-11,2.01660559531911e-11,31.25615721999808,51.67477119785824,10.25615721999808,30.67477119785824
UGC08837,external_151,low_mass_dwarf,3,6.4490661453169566e+19,2.09,28.1,6.493857199921551e-12,20.464436132113885,1.6454308688986734e-11,2.2948165888908283e-11,38.47001946077956,59.18527774108041,10.37001946077956,31.08527774108041
UGC08837,external_151,low_mass_dwarf,4,8.115332039322295e+19,2.63,35.3,6.220915774405994e-12,22.468822198317923,1.902046950465263e-11,2.5241385279058627e-11,45.25949874579065,65.63916597218608,9.959498745790654,30.33916597218608
UGC08837,external_151,low_mass_dwarf,5,9.719884381697806e+19,3.15,43.0,5.846291452687797e-12,23.838052978763493,2.081361823439259e-11,2.6659909687080387e-11,50.904934906640115,70.66164564554633,7.904934906640115,27.66164564554633
UGC08837,external_151,low_mass_dwarf,6,1.1355293499888232e+20,3.68,46.6,5.423040656895331e-12,24.815361839165906,2.1915836504990853e-11,2.7338877161886184e-11,55.717230201312866,74.87033276271237,9.117230201312864,28.270332762712364
UGC08837,external_151,low_mass_dwarf,7,1.2959845842263743e+20,4.2,48.0,5.00408178154854e-12,25.466081063043365,2.2572686736202254e-11,2.7576768517750794e-11,59.78216028363664,78.30392789396733,11.782160283636642,30.303927893967327
UGC09037,external_151,bulge_rich_hsb,0,7.498196523024022e+19,2.43,62.2,9.527740490037056e-11,84.52270145627803,2.2105056510563395e-11,1.1738246141093395e-10,93.81667037448443,136.52683682126343,31.61667037448443,74.32683682126343
UGC09037,external_151,bulge_rich_hsb,1,1.126272317244349e+20,3.65,88.2,8.958671388251908e-11,100.44851210384914,2.9498820688713155e-11,1.1908553457123224e-10,115.81137291813087,164.1770335148803,27.61137291813087,75.97703351488029
UGC09037,external_151,bulge_rich_hsb,2,1.4996393046048044e+20,4.86,107.0,8.394266787301065e-11,112.1979162354425,3.6234894722609184e-11,1.2017756259561985e-10,134.24715877812673,185.70211428963887,27.24715877812673,78.70211428963887
UGC09037,external_151,bulge_rich_hsb,3,1.8760919695467512e+20,6.08,120.0,7.825197685515917e-11,121.16431214640818,4.375852164082946e-11,1.2201049849598863e-10,151.29537878888445,203.30825525682621,31.29537878888445,83.30825525682621
UGC09037,external_151,bulge_rich_hsb,4,2.2494589569072067e+20,7.29,124.0,7.174799102581509e-11,127.04100166997961,5.0096437160237084e-11,1.2184442818605216e-10,165.5548369369956,216.8466712898021,41.5548369369956,92.84667128980209
UGC09037,external_151,bulge_rich_hsb,5,2.6259116218491532e+20,8.51,128.0,6.407463216440202e-11,129.71288342574644,5.340210017351851e-11,1.1747673233792054e-10,175.6369883432894,226.46256034522037,47.6369883432894,98.46256034522037
UGC09037,external_151,bulge_rich_hsb,6,3.0023642867911007e+20,9.730000000000002,133.0,5.6401273302988954e-11,130.12961565087264,5.641847429087866e-11,1.1281974759386762e-10,184.04509801149675,233.13255854842785,51.04509801149675,100.13255854842785
UGC09037,external_151,bulge_rich_hsb,7,3.3819026293145384e+20,10.96,138.0,4.8665018057465954e-11,128.28887423474555,5.898191906007299e-11,1.0764693711753895e-10,190.8013259061534,236.908708328743,52.80132590615341,98.90870832874299
UGC09037,external_151,bulge_rich_hsb,8,3.761440971837976e+20,12.189999999999998,143.0,4.092876281194296e-11,124.07704274662608,6.07457581346866e-11,1.0167452094662957e-10,195.56142484668365,237.56540338597884,52.56142484668365,94.56540338597884
UGC09037,external_151,bulge_rich_hsb,9,4.137893636779923e+20,13.41,146.0,3.3255403950529895e-11,117.30614834502221,6.121116519645732e-11,9.446656914698722e-11,197.71004409532387,234.73000985643793,51.710044095323866,88.73000985643793
UGC09037,external_151,bulge_rich_hsb,10,4.489660881069939e+20,14.549999999999999,148.0,3.018078540960702e-11,116.40510796931508,6.042706262826363e-11,9.060784803787065e-11,201.6924666053637,237.8400545266135,53.692466605363705,89.8400545266135
UGC09037,external_151,bulge_rich_hsb,11,4.869199223593377e+20,15.779999999999998,154.0,2.734345129390755e-11,115.38661612624662,5.921144084738934e-11,8.655489214129689e-11,205.2932082687129,240.85960025461975,51.2932082687129,86.85960025461975
UGC09037,external_151,bulge_rich_hsb,12,5.245651888535324e+20,17.0,158.0,2.4529184935246285e-11,113.43348944637421,5.7620860458892807e-11,8.215004539413909e-11,207.58866557811587,242.4676936131255,49.588665578115865,84.4676936131255
UGC09037,external_151,bulge_rich_hsb,13,5.625190231058762e+20,18.23,159.0,2.169185081954681e-11,110.46301975036656,5.55824387100016e-11,7.727428952954841e-11,208.4904262966581,242.5966440237025,49.490426296658086,83.59664402370251
UGC09037,external_151,bulge_rich_hsb,14,6.004728573582201e+20,19.460000000000004,160.0,1.885451670384733e-11,106.40312739420537,5.305138478062798e-11,7.190590148447531e-11,207.79206463506148,241.06923555409904,47.79206463506148,81.06923555409904
UGC09037,external_151,bulge_rich_hsb,15,6.384266916105638e+20,20.689999999999998,158.0,1.6552307993888497e-11,102.79803126060986,5.057195514585119e-11,6.712426313973969e-11,207.01188671934017,239.79138870340586,49.01188671934017,81.79138870340586
UGC09037,external_151,bulge_rich_hsb,16,6.763805258629077e+20,21.92,155.0,1.533040989416113e-11,101.82922324120236,4.9054324618605105e-11,6.438473451276623e-11,208.6829666917943,241.66885450560156,53.68296669179429,86.66885450560156
UGC09037,external_151,bulge_rich_hsb,17,7.140257923571024e+20,23.14,156.0,1.4118445925325852e-11,100.40385719025785,4.742705247348014e-11,6.1545498398806e-11,209.63080226965747,242.76540591982854,53.630802269657465,86.76540591982854
UGC09037,external_151,bulge_rich_hsb,18,7.49202516786104e+20,24.28,154.0,1.2985955003627316e-11,98.63625181234679,4.5789623026354956e-11,5.877557802998227e-11,209.8447306596493,243.06337847415355,55.84473065964929,89.06337847415355
UGC09037,external_151,bulge_rich_hsb,19,7.871563510384478e+20,25.51,150.0,1.1764056903899946e-11,96.22968412024713,4.388096185421063e-11,5.564501875811058e-11,209.28767264007766,242.5390911052368,59.28767264007766,92.53909110523679
UGC09037,external_151,bulge_rich_hsb,20,8.248016175326424e+20,26.73,141.0,1.0552092935064672e-11,93.29192527328456,4.182717313048304e-11,5.237926606554771e-11,207.852119007809,241.06801672666643,66.852119007809,100.06801672666643
UGC09037,external_151,bulge_rich_hsb,21,8.627554517849862e+20,27.96,152.0,9.806632990180736e-12,91.98220521347012,4.048855900549105e-11,5.0295191995671784e-11,208.30854781510632,241.7250875052247,56.30854781510632,89.7250875052247
UGC09133,external_151,bulge_rich_hsb,0,9.874168260772375e+18,0.32,284.0,1.4336374547988376e-10,37.6244301666207,1.7158403309439812e-11,1.6052214878932356e-10,39.81234364774974,56.35619556216252,-244.18765635225026,-227.64380443783747
UGC09133,external_151,bulge_rich_hsb,1,1.9439768763395613e+19,0.63,282.0,1.420222559085147e-10,52.54407496680594,2.0649327981595475e-11,1.6267158389011017e-10,56.234313147748615,78.83592008063279,-225.76568685225138,-203.16407991936723
UGC09133,external_151,bulge_rich_hsb,2,2.9313937024167985e+19,0.95,281.0,1.406374924800047e-10,64.20777677038629,2.3374640240370578e-11,1.6401213272037529e-10,69.33859913327181,96.50476884807293,-211.66140086672817,-184.49523115192707
UGC09133,external_151,bulge_rich_hsb,3,3.8879537526791225e+19,1.26,280.0,1.3929600290863565e-10,73.59187572292419,2.5555515776546415e-11,1.6485151868518207e-10,80.05842121269356,110.79916523887015,-199.94157878730644,-169.20083476112984
UGC09133,external_151,bulge_rich_hsb,4,4.875370578756361e+19,1.58,280.0,1.3791123948012565e-10,81.99807311402063,2.7392036756189314e-11,1.6530327623631497e-10,89.77275363575328,123.67694089259683,-190.22724636424672,-156.32305910740317
UGC09133,external_151,bulge_rich_hsb,5,5.831930629018684e+19,1.89,279.0,1.365697499087566e-10,89.24490503610272,2.8964427049685743e-11,1.6553417695844234e-10,98.25394835594847,134.8439649721985,-180.74605164405153,-144.1560350278015
UGC09133,external_151,bulge_rich_hsb,6,6.819347455095921e+19,2.21,279.0,1.3518498648024663e-10,96.01423819003337,3.038532561490841e-11,1.6557031209515503e-10,106.2582461000337,145.33849512513,-172.74175389996628,-133.66150487487
UGC09133,external_151,bulge_rich_hsb,7,7.775907505358245e+19,2.52,279.0,1.3384349690887755e-10,102.01738342837136,3.1667951776853844e-11,1.655114486857314e-10,113.44609804035107,154.70361400170785,-165.55390195964893,-124.29638599829215
UGC09133,external_151,bulge_rich_hsb,8,8.763324331435481e+19,2.84,279.0,1.3245873348036758e-10,107.73944690871737,3.2889557675832124e-11,1.653482911561997e-10,120.37444508908038,163.68814003242574,-158.62555491091962,-115.31185996757426
UGC09133,external_151,bulge_rich_hsb,9,9.719884381697806e+19,3.15,279.0,1.3111724390899852e-10,112.89129511358865,3.403284910294392e-11,1.6515009301194243e-10,126.69805877371283,171.83168345178515,-152.30194122628717,-107.16831654821485
UGC09133,external_151,bulge_rich_hsb,10,1.0707301207775045e+20,3.4700000000000006,279.0,1.2973248048048852e-10,117.85943937319519,3.516731857978956e-11,1.6489979906027809e-10,132.87707919878346,179.73946883185297,-146.12292080121654,-99.26053116814703
UGC09133,external_151,bulge_rich_hsb,11,1.1694718033852282e+20,3.79,279.0,1.2834771705197853e-10,122.5149117949135,3.627327218470136e-11,1.646209892366799e-10,138.75143428364274,187.20389394611706,-140.24856571635726,-91.79610605388294
UGC09133,external_151,bulge_rich_hsb,12,1.2651278084114604e+20,4.1,280.0,1.2700622748060947e-10,126.75926405085778,3.734192920485474e-11,1.643481566854642e-10,144.1948068704087,194.06012258947732,-135.8051931295913,-85.93987741052268
UGC09133,external_151,bulge_rich_hsb,13,1.3638694910191842e+20,4.42,280.0,1.2562146405209947e-10,130.89357594543043,3.843283087934907e-11,1.6405429493144854e-10,149.58230100104285,200.79053905768234,-130.41769899895715,-79.20946094231766
UGC09133,external_151,bulge_rich_hsb,14,1.4595254960454168e+20,4.73,280.0,1.2427997448073042e-10,134.68102739528675,3.9499762044691745e-11,1.6377973652542216e-10,154.6094114840537,207.006164164571,-125.39058851594629,-72.993835835429
UGC09133,external_151,bulge_rich_hsb,15,1.5582671786531403e+20,5.05,281.0,1.2289521105222042e-10,138.3848162900561,4.060343567222528e-11,1.634986467244457e-10,159.61659529789142,213.13564512011428,-121.38340470210858,-67.86435487988572
UGC09133,external_151,bulge_rich_hsb,16,1.653923183679373e+20,5.36,282.0,1.2155372148085137e-10,141.78875767129264,4.169145937530383e-11,1.6324518085615519e-10,164.31524251934974,218.81830940546533,-117.68475748065026,-63.18169059453467
UGC09133,external_151,bulge_rich_hsb,17,1.7526648662870963e+20,5.68,282.0,1.2016895805234137e-10,145.12612128650946,4.282723735498238e-11,1.6299619540732375e-10,169.0200298866624,224.44077826272635,-112.9799701133376,-57.559221737273646
UGC09133,external_151,bulge_rich_hsb,18,1.848320871313329e+20,5.99,283.0,1.1882746848097231e-10,148.1996255321544,4.395291969649169e-11,1.62780388177464e-10,173.4561584115399,229.6681811522913,-109.54384158846011,-53.33181884770869
UGC09133,external_151,bulge_rich_hsb,19,1.9470625539210527e+20,6.3100000000000005,284.0,1.1744270505246232e-10,151.2178207880421,4.5135552181108594e-11,1.625782572335709e-10,177.91853100259974,234.85276546329672,-106.08146899740026,-49.14723453670328
UGC09133,external_151,bulge_rich_hsb,20,2.042718558947285e+20,6.62,284.0,1.1610121548109327e-10,154.00068427755997,4.631204577864849e-11,1.6241326125974177e-10,182.1440591933837,239.68307669790818,-101.8559408066163,-44.31692330209182
UGC09133,external_151,bulge_rich_hsb,21,2.141460241555009e+20,6.940000000000001,285.0,1.1471645205258328e-10,156.73567593973576,4.7603833841780355e-11,1.6232028589436364e-10,186.44099298186066,244.4823088654481,-98.55900701813934,-40.51769113455191
UGC09133,external_151,bulge_rich_hsb,22,2.335857929188965e+20,7.57,286.0,1.1199019905270422e-10,161.73842909114387,5.010552569160965e-11,1.6209572474431387e-10,194.58483597948674,253.41513372678202,-91.41516402051326,-32.58486627321798
UGC09133,external_151,bulge_rich_hsb,23,2.4345996117966884e+20,7.889999999999999,287.0,1.1060543562419424e-10,164.0975169322397,5.1456839069785177e-11,1.6206227469397942e-10,198.63452646930506,257.70789110389376,-88.36547353069494,-29.292108896106242
UGC09133,external_151,bulge_rich_hsb,24,2.5302556168229208e+20,8.2,287.0,1.0926394605282518e-10,166.27258138863348,5.278339669622488e-11,1.6204734274905007e-10,202.48980201037605,261.7190336897333,-84.51019798962395,-25.280966310266706
UGC09133,external_151,bulge_rich_hsb,25,2.564198070219326e+20,8.31,288.0,1.0878793362427487e-10,167.01910353684508,5.328485246423888e-11,1.6207278608851374e-10,203.85944307861644,263.1086494402772,-84.14055692138356,-24.89135055972281
UGC09133,external_151,bulge_rich_hsb,26,2.6289972994306448e+20,8.52,288.0,1.0787918262431519e-10,168.40845578061393,5.424529622589069e-11,1.6212447885020587e-10,206.45212933481506,265.71390919613134,-81.54787066518494,-22.28609080386866
UGC09133,external_151,bulge_rich_hsb,27,2.7246533044568772e+20,8.83,288.0,1.0653769305294613e-10,170.37554913364835,5.568435081464944e-11,1.6222204386759558e-10,210.23768165569004,269.448519294946,-77.76231834430996,-18.55148070505402
UGC09133,external_151,bulge_rich_hsb,28,2.823394987064601e+20,9.15,288.0,1.0515292962443613e-10,172.3044556524264,5.7247352320564915e-11,1.6240028194500104e-10,214.13083429095255,273.1691724864176,-73.86916570904745,-14.830827513582392
UGC09133,external_151,bulge_rich_hsb,29,3.017792674698557e+20,9.78,289.0,1.0242667662455708e-10,175.81310372418383,6.039211271730845e-11,1.6281878934186553e-10,221.66491598337552,280.1138529195845,-67.33508401662448,-8.886147080415526
UGC09133,external_151,bulge_rich_hsb,30,3.1165343573062805e+20,10.1,289.0,1.010419131960471e-10,177.45438681628573,6.213811345237805e-11,1.6318002664842515e-10,225.51189757437885,283.45663080598825,-63.48810242562115,-5.5433691940117455
UGC09133,external_151,bulge_rich_hsb,31,3.406588049966469e+20,11.04,288.0,9.574305208673486e-11,180.5982107070799,6.459384294313284e-11,1.603368950298677e-10,233.70959556198702,291.4435168776093,-54.290404438012985,3.4435168776092837
UGC09133,external_151,bulge_rich_hsb,32,3.5053297325741926e+20,11.36,288.0,9.384509512129348e-11,181.37199403020395,6.52347601852765e-11,1.5907985530657e-10,236.14134467723358,293.81298295947494,-51.858655322766424,5.812982959474937
UGC09133,external_151,bulge_rich_hsb,33,3.6009857376004257e+20,11.67,288.0,9.200644931102215e-11,182.02030428945207,6.594008398661723e-11,1.5794653329763938e-10,238.48757068414074,295.98220522804036,-49.512429315859265,7.982205228040357
UGC09133,external_151,bulge_rich_hsb,34,4.187264478083785e+20,13.57,285.0,8.073732982871395e-11,183.86640618859886,6.938937258419047e-11,1.5012670241290442e-10,250.7229961980771,306.63833149729925,-34.27700380192289,21.638331497299248
UGC09133,external_151,bulge_rich_hsb,35,4.282920483110018e+20,13.880000000000003,284.0,7.889868401844261e-11,183.8251315443601,6.991902064259514e-11,1.4881770466103774e-10,252.46274884469108,307.95333111253336,-31.537251155308923,23.953331112533363
UGC09133,external_151,bulge_rich_hsb,36,4.381662165717741e+20,14.2,284.0,7.700072705300124e-11,183.68210921613843,7.052500250465331e-11,1.4752572955765455e-10,254.2455324430859,309.186705781078,-29.754467556914108,25.18670578107799
UGC09133,external_151,bulge_rich_hsb,37,5.12531046285716e+20,16.61,278.0,6.270673865702085e-11,179.27395341501187,7.365471136441696e-11,1.363614500214378e-10,264.3661791011189,314.35190491999805,-13.633820898881083,36.35190491999805
UGC09133,external_151,bulge_rich_hsb,38,5.970786120185796e+20,19.350000000000005,273.0,4.6455482140429e-11,166.54601405335782,7.425199031111996e-11,1.2070747245154896e-10,268.46200869330056,310.53759883796806,-4.537991306699439,37.53759883796806
UGC09133,external_151,bulge_rich_hsb,39,6.847118553329344e+20,22.19,269.0,3.5666574996333805e-11,156.27324383627212,7.13565308129258e-11,1.070231058092596e-10,270.70276936550005,308.06042518686826,1.7027693655000462,39.06042518686826
UGC09133,external_151,bulge_rich_hsb,40,7.689508533076487e+20,24.92,265.0,2.952216863896895e-11,150.66883143645697,6.767705740821223e-11,9.719922604718118e-11,273.3887850842148,309.31982264800394,8.388785084214817,44.319822648003935
UGC09133,external_151,bulge_rich_hsb,41,8.534984190405121e+20,27.66,262.0,2.3355255298610083e-11,141.18666181212464,6.232812298105639e-11,8.568337827966648e-11,270.4267514498991,305.0594188353302,8.426751449899086,43.05941883533018
UGC09133,external_151,bulge_rich_hsb,42,9.41131662354867e+20,30.500000000000004,257.0,1.6963272128311107e-11,126.35138502246588,5.462549068822884e-11,7.158876281653995e-11,259.56589020026985,293.1143696578502,2.5658902002698483,36.114369657850204
UGC09133,external_151,bulge_rich_hsb,43,1.0253706603295812e+21,33.23,252.0,1.4073672718748579e-11,120.12797796053026,5.016490966959745e-11,6.423858238834603e-11,256.64831509708876,290.6653103010577,4.648315097088755,38.66531030105767
UGC09133,external_151,bulge_rich_hsb,44,1.1096096583042956e+21,35.96,247.0,1.1611695419425476e-11,113.50968851460327,4.5817853108434516e-11,5.7429548527859996e-11,252.4368866044911,286.94618702771413,5.436886604491093,39.94618702771413
UGC09133,external_151,bulge_rich_hsb,45,1.1972429016186503e+21,38.8,242.0,9.050517569580204e-12,104.09451434227827,4.064362499983665e-11,4.969414256941686e-11,243.91793587856455,278.67038381753133,1.917935878564549,36.67038381753133
UGC09133,external_151,bulge_rich_hsb,46,1.281790467351514e+21,41.54,238.0,6.825201818904849e-12,93.53330224696684,3.541219357847894e-11,4.223739539738379e-11,232.67894358132892,267.37746638016097,-5.321056418671077,29.377466380160968
UGC09133,external_151,bulge_rich_hsb,47,1.3660294653262283e+21,44.27,235.0,5.85157072532654e-12,89.4059171936423,3.282391416665135e-11,3.867548489197789e-11,229.8518043179587,264.9641669415028,-5.14819568204129,29.96416694150281
UGC09133,external_151,bulge_rich_hsb,48,1.453662708640583e+21,47.11,236.0,4.838709074864126e-12,83.86805673252931,2.9877843091075397e-11,3.4716552165939524e-11,224.64673880606802,259.9349606519119,-11.353261193931985,23.934960651911922
UGC09133,external_151,bulge_rich_hsb,49,1.5379017066152974e+21,49.84,239.0,3.8650779812858165e-12,77.09805460334692,2.6726080611260743e-11,3.059115859254656e-11,216.90134855923918,252.02129527368538,-22.09865144076082,13.021295273685382
UGC09133,external_151,bulge_rich_hsb,50,1.6224492723481608e+21,52.58,242.0,3.146037761311504e-12,71.44429072095045,2.4126780288773645e-11,2.7272818050085148e-11,210.35390131928722,245.28290596933587,-31.646098680712782,3.2829059693358715
UGC09133,external_151,bulge_rich_hsb,51,1.7100825156625157e+21,55.42,245.0,2.734972037925208e-12,68.38879925018261,2.2503608365048287e-11,2.5238580402973494e-11,207.74998211135323,242.79347748481743,-37.25001788864677,-2.20652251518257
UGC09133,external_151,bulge_rich_hsb,52,1.79432151363723e+21,58.15,247.0,2.3398278742475376e-12,64.79508849419393,2.0821441900631524e-11,2.316126977487906e-11,203.85966898879536,238.81580464001755,-43.14033101120464,-8.184195359982454
UGC09133,external_151,bulge_rich_hsb,53,1.8788690793700936e+21,60.89,246.0,1.943236296050899e-12,60.42422188625769,1.8980852303891296e-11,2.0924088599942196e-11,198.27663272416055,232.8952933402734,-47.72336727583945,-13.104706659726588
UGC09133,external_151,bulge_rich_hsb,54,1.9631080773448077e+21,63.62,243.0,1.7102423853314864e-12,57.94299475227089,1.7810732106585977e-11,1.9520974491917464e-11,195.75950220289468,230.3295609400041,-47.24049779710532,-12.670439059995914
UGC09133,external_151,bulge_rich_hsb,55,2.0507413206591624e+21,66.46,239.0,1.5310581250357013e-12,56.033955431877686,1.685531101439619e-11,1.8386369139431892e-11,194.17952242995509,228.7886716850865,-44.820477570044915,-10.211328314913487
UGC09133,external_151,bulge_rich_hsb,56,2.1349803186338768e+21,69.19,234.0,1.3588141001739073e-12,53.861315993517024,1.5881867410802093e-11,1.7240681510976e-11,191.8554552410974,226.3753664540609,-42.14454475890261,-7.624633545939105
UGC09133,external_151,bulge_rich_hsb,57,2.2195278843667405e+21,71.93,230.0,1.1866944138397394e-12,51.321548512681744,1.484457460980302e-11,1.6031269023642758e-11,188.63151544680935,222.91693104186842,-41.368484553190655,-7.083068958131577
UGC09133,external_151,bulge_rich_hsb,58,2.307161127681095e+21,74.77,228.0,1.098332954450745e-12,50.33916067794426,1.4283299773446843e-11,1.538163272789759e-11,188.38233757460554,222.80562265139415,-39.61766242539446,-5.194377348605855
UGC09133,external_151,bulge_rich_hsb,59,2.3914001256558095e+21,77.5,228.0,1.0133939459535777e-12,49.228349654363,1.372173415586579e-11,1.473512810181937e-11,187.71677387555243,222.2030609062663,-40.283226124447566,-5.796939093733698
UGC09133,external_151,bulge_rich_hsb,60,2.475639123630524e+21,80.23000000000002,227.0,9.2845493745641e-13,47.942876089102334,1.313578771155328e-11,1.406424264900969e-11,186.595791340859,221.06971333777935,-40.404208659141005,-5.930286662220652
UGC09133,external_151,bulge_rich_hsb,61,2.5632723669448786e+21,83.07,226.0,8.517863084536281e-13,46.7264411976899,1.258327605232354e-11,1.3435062360777169e-11,185.57403939549667,220.04162721992546,-40.42596060450333,-5.958372780074541
UGC09133,external_151,bulge_rich_hsb,62,2.647819932677742e+21,85.81,224.0,8.024827590606984e-13,46.095876660186725,1.2214930073033389e-11,1.3017412832094088e-11,185.65496268269735,220.25756375152798,-38.345037317302655,-3.7424362484720177
UGC09133,external_151,bulge_rich_hsb,63,2.7320589306524567e+21,88.54,222.0,7.533591496290567e-13,45.36762714461497,1.183632955872075e-11,1.2589688708349808e-11,185.4609702060827,220.1517128234956,-36.53902979391731,-1.8482871765044138
UGC09133,external_151,bulge_rich_hsb,64,2.819692173966811e+21,91.38,222.0,7.022562006232467e-13,44.4988349624688,1.1428936349941208e-11,1.2131192550564455e-11,184.94925978686985,219.6790715661166,-37.050740213130155,-2.3209284338834095
UGC09133,external_151,bulge_rich_hsb,65,2.904239739699675e+21,94.12,224.0,6.627691961180861e-13,43.87300579644564,1.1104059203007986e-11,1.1766828399126072e-11,184.86127405968142,219.68025666518596,-39.13872594031858,-4.319743334814035
UGC09133,external_151,bulge_rich_hsb,66,3.0761119809887435e+21,99.68999999999998,227.0,5.953049182284304e-13,42.79281004215543,1.0525479256474394e-11,1.1120784174702825e-11,184.95615004047144,219.98305542220024,-42.04384995952856,-7.016944577799762
UGC09133,external_151,bulge_rich_hsb,67,3.3420973885133e+21,108.31,229.0,5.077964829901255e-13,41.19593790287504,9.723008038798111e-12,1.0230804521788237e-11,184.91172238302937,220.198945740241,-44.08827761697063,-8.801054259759013
UGC09992,external_151,low_mass_dwarf,0,2.4068285135632663e+19,0.7799999999999999,28.1,1.0187129863253429e-11,15.658440096717875,8.85185899524089e-12,1.903898885849432e-11,21.406443248245953,40.79050419069657,-6.693556751754048,12.690504190696572
UGC09992,external_151,low_mass_dwarf,1,4.782800251311619e+19,1.55,31.3,8.383114886906192e-12,20.023676981980383,1.436110550524662e-11,2.2744220392152813e-11,32.98197432044894,54.56469997983418,1.6819743204489406,23.26469997983418
UGC09992,external_151,low_mass_dwarf,2,7.220485540689799e+19,2.34,33.0,6.81738089775547e-12,22.186662704791413,1.8800518534327916e-11,2.5617899432083386e-11,43.00856570872871,63.44054289851152,10.00856570872871,30.440542898511517
UGC09992,external_151,low_mass_dwarf,3,9.627314054253065e+19,3.1199999999999997,33.4,5.67141879682588e-12,23.366756276864102,2.084604580685775e-11,2.651746460368363e-11,50.526424736191416,69.7607489708183,17.126424736191417,36.3607489708183
UGC09992,external_151,low_mass_dwarf,4,1.2003285792001419e+20,3.89,34.3,4.775908069796925e-12,23.942971719921974,2.1468581540753208e-11,2.624448961055013e-11,56.126652248343234,74.43666810345769,21.826652248343237,40.136668103457694
UGC10310,external_151,low_mass_dwarf,0,3.394245339640504e+19,1.1,33.2,1.2164177157325205e-11,20.319498425604053,1.3905018623539625e-11,2.6069195780864832e-11,29.746469754808945,50.823795714190894,-3.4535302451910574,17.62379571419089
UGC10310,external_151,low_mass_dwarf,1,6.819347455095921e+19,2.21,54.6,1.048870189104209e-11,26.744364368580097,1.982799884111905e-11,3.031670073216114e-11,45.46868328693583,69.20367544370244,-9.131316713064173,14.603675443702436
UGC10310,external_151,low_mass_dwarf,2,1.0213592794736425e+20,3.31,65.7,8.51289360276354e-12,29.48681548820481,2.4769596293984008e-11,3.3282489896747545e-11,58.3038419832097,80.06611299863826,-7.396158016790302,14.366112998638258
UGC10310,external_151,low_mass_dwarf,3,1.3638694910191842e+20,4.42,69.2,7.233275047626878e-12,31.408984634350464,2.6409200669987422e-11,3.36424757176143e-11,67.73768982893341,88.57771497447278,-1.4623101710665907,19.37771497447278
UGC10310,external_151,low_mass_dwarf,4,1.7032940249832345e+20,5.52,70.9,6.164414841029318e-12,32.40341180530719,2.6759611731488616e-11,3.292402657251793e-11,74.88611202309748,94.86425340011169,3.9861120230974763,23.964253400111687
UGC10310,external_151,low_mass_dwarf,5,2.0488899141102676e+20,6.64,72.4,5.2571615352566796e-12,32.819727674732256,2.6215544496265077e-11,3.1472706031521753e-11,80.30199870348328,99.74760712259403,7.901998703483272,27.347607122594027
UGC10310,external_151,low_mass_dwarf,6,2.388314448074318e+20,7.74,73.2,4.606107073092198e-12,33.16750227563632,2.5387792034605034e-11,2.9993899107697235e-11,84.63738098086252,104.00150528738928,11.437380980862514,30.801505287389276
UGC11455,external_151,bulge_rich_hsb,0,1.9131201005246476e+19,0.62,35.1,1.9471827759608383e-10,61.03437153019651,2.7762329210017148e-11,2.22480606806101e-10,65.24048749493465,86.70266190244845,30.140487494934654,51.60266190244845
UGC11455,external_151,bulge_rich_hsb,1,3.795383425234381e+19,1.23,64.6,1.905322835809384e-10,85.03781929677821,3.368422448588019e-11,2.242165080668186e-10,92.24899015061001,121.24285715568163,27.648990150610018,56.64285715568164
UGC11455,external_151,bulge_rich_hsb,2,5.646789974129202e+19,1.83,80.1,1.8641491241850024e-10,102.5985311041518,3.786584142574269e-11,2.2428075384424293e-10,112.53738544136391,146.82066319489863,32.437385441363915,66.72066319489863
UGC11455,external_151,bulge_rich_hsb,3,7.621623626283678e+19,2.4700000000000006,113.0,1.820230498452329e-10,117.78417454092204,4.1275842901887606e-11,2.2329889274712052e-10,130.45689390309883,169.23485057619388,17.45689390309883,56.23485057619388
UGC11455,external_151,bulge_rich_hsb,4,9.50388695099341e+19,3.08,136.0,1.7783705583008747e-10,130.00551043346798,4.4148411415225065e-11,2.2198546724531254e-10,145.24891687936613,187.53724750987664,9.248916879366135,51.537247509876636
UGC11455,external_151,bulge_rich_hsb,5,1.1355293499888232e+20,3.68,150.0,1.7371968466764934e-10,140.45063211353633,4.682191600408994e-11,2.2054160067173928e-10,158.25026396700724,203.41951977440323,8.250263967007243,53.41951977440323
UGC11455,external_151,bulge_rich_hsb,6,1.3330127152042707e+20,4.32,171.0,1.69327822094382e-10,150.23852365144495,4.954057699467073e-11,2.1886839908905272e-10,170.8081845059276,218.55731656714312,-0.19181549407238663,47.55731656714312
UGC11455,external_151,bulge_rich_hsb,7,1.5150676925122612e+20,4.91,192.0,1.6527907378465117e-10,158.24316255038485,5.2085728367148923e-11,2.1736480215180008e-10,181.4724191797508,231.16824371389785,-10.527580820249199,39.16824371389785
UGC11455,external_151,bulge_rich_hsb,8,1.706379702564726e+20,5.53,197.0,1.610244569167984e-10,165.76153501320292,5.480011353804541e-11,2.1582457045484382e-10,191.90587962303192,243.25242994238235,-5.094120376968078,46.25242994238235
UGC11455,external_151,bulge_rich_hsb,9,1.9038630677801733e+20,6.169999999999999,195.0,1.5663259434353107e-10,172.6867139015745,5.767624461570949e-11,2.1430883895924056e-10,201.993733465508,254.6434837304405,6.993733465508001,59.643483730440494
UGC11455,external_151,bulge_rich_hsb,10,2.092089400251147e+20,6.78,196.0,1.5244660032838564e-10,178.5866502993263,6.053516699260886e-11,2.1298176732099448e-10,211.0869247156272,264.6006445983115,15.086924715627191,68.60064459831148
UGC11455,external_151,bulge_rich_hsb,11,2.277230055140629e+20,7.38,216.0,1.483292291659475e-10,183.7878610552225,6.347984305198793e-11,2.1180907221793544e-10,219.62194453335817,273.6277586725211,3.6219445333581746,57.62775867252111
UGC11455,external_151,bulge_rich_hsb,12,2.4685420651930937e+20,8.0,225.0,1.4220191495279568e-10,187.35832215623276,6.547700573193146e-11,2.0767892068472713e-10,226.42088061045717,281.044649658866,1.420880610457175,56.04464965886598
UGC11455,external_151,bulge_rich_hsb,13,2.6598540752455582e+20,8.62,240.0,1.360312025567823e-10,190.2164946794077,6.745148751620601e-11,2.0348269007298832e-10,232.64442018508993,287.6107108523462,-7.355579814910072,47.61071085234619
UGC11455,external_151,bulge_rich_hsb,14,2.848080407716532e+20,9.23,247.0,1.2996001778005943e-10,192.3893397321898,6.940031278089589e-11,1.9936033056095532e-10,238.28433677993783,293.3066796825962,-8.715663220062169,46.30667968259621
UGC11455,external_151,bulge_rich_hsb,15,3.039392417768996e+20,9.849999999999998,254.0,1.2378930538404605e-10,193.97017198145707,7.137516904088831e-11,1.9516447442493438e-10,243.5531612985175,298.35004737596506,-10.446838701482505,44.35004737596506
UGC11455,external_151,bulge_rich_hsb,16,3.218361717495496e+20,10.43,257.0,1.180167034651948e-10,194.8898254033291,7.322317192649805e-11,1.9123987539169286e-10,248.0885111848659,302.4064821192611,-8.911488815134106,45.40648211926111
UGC11455,external_151,bulge_rich_hsb,17,3.409673727547961e+20,11.05,273.0,1.1184599106918142e-10,195.28398226176967,7.517603532773886e-11,1.8702202639692027e-10,252.52407605580112,306.0483746516075,-20.475923944198883,33.0483746516075
UGC11455,external_151,bulge_rich_hsb,18,3.6009857376004257e+20,11.67,272.0,1.0567527867316803e-10,195.0731071467896,7.70881132129348e-11,1.8276339188610283e-10,256.54012698549394,308.97855138287076,-15.459873014506059,36.97855138287076
UGC11455,external_151,bulge_rich_hsb,19,3.761440971837976e+20,12.189999999999998,270.0,1.0049984247006005e-10,194.4284508836467,7.867030618207462e-11,1.791701486521347e-10,259.6031467587479,310.88629523145505,-10.396853241252074,40.88629523145505
UGC11455,external_151,bulge_rich_hsb,20,3.983609757705355e+20,12.91,279.0,9.333385388114125e-11,192.8226260180999,8.080079342219497e-11,1.7413464730333623e-10,263.3789057901469,312.68886802722653,-15.621094209853084,33.68886802722653
UGC11455,external_151,bulge_rich_hsb,21,4.492746558651431e+20,14.560000000000002,287.0,7.691179669820238e-11,185.88846385280266,8.489869212022038e-11,1.6181048881842277e-10,269.6244641705709,312.97163773702727,-17.37553582942911,25.971637737027265
UGC11455,external_151,bulge_rich_hsb,22,5.1314818180201434e+20,16.63,291.0,6.602230650385378e-11,184.06310477884446,8.636163786040788e-11,1.5238394436426165e-10,279.63466163253116,319.42688873633534,-11.365338367468837,28.426888736335343
UGC11455,external_151,bulge_rich_hsb,23,5.483249062310159e+20,17.77,286.0,6.068756962467372e-11,182.41849117849173,8.639022961614356e-11,1.4707779924081727e-10,283.9831341424792,321.98576515133703,-2.016865857520827,35.985765151337034
UGC11455,external_151,bulge_rich_hsb,24,5.705417848177537e+20,18.49,288.0,5.731826212203369e-11,180.8382248689611,8.615399763136258e-11,1.4347225975339627e-10,286.10648219070305,322.9165963051888,-1.8935178092969522,34.91659630518882
UGC11455,external_151,bulge_rich_hsb,25,6.245411424938526e+20,20.239999999999995,289.0,4.9128973053116935e-11,175.16582132409093,8.44606903325602e-11,1.3358966338567712e-10,288.8463968898694,322.84094158098634,-0.15360311013057526,33.84094158098634
UGC11455,external_151,bulge_rich_hsb,26,6.979802689333473e+20,22.62,288.0,3.898792695320884e-11,164.96303749614458,7.975596102945234e-11,1.1874388798266117e-10,287.8904146864378,319.10219059377846,-0.10958531356220647,31.10219059377846
UGC11455,external_151,bulge_rich_hsb,27,7.680251500332013e+20,24.89,269.0,3.353067831791106e-11,160.4755565369027,7.552882779268861e-11,1.0905950611059968e-10,289.4139657016229,320.545494620626,20.413965701622885,51.545494620626016
UGC11455,external_151,bulge_rich_hsb,28,8.349843535515639e+20,27.06,267.0,2.8313837111481033e-11,153.75828750702925,7.055763068129842e-11,9.887146779277945e-11,287.32582309922685,318.5339606952903,20.325823099226852,51.53396069529032
UGC11455,external_151,bulge_rich_hsb,29,8.988578794884352e+20,29.13,272.0,2.333740333391874e-11,144.83441881504734,6.48536243719292e-11,8.819102770584794e-11,281.55141653627726,312.99371365616145,9.551416536277259,40.99371365616145
UGC11455,external_151,bulge_rich_hsb,30,9.658170830067979e+20,31.299999999999997,274.0,2.011383113474054e-11,139.3781966974979,6.050612034699734e-11,8.061995148173788e-11,279.0414420336909,311.266373048046,5.041442033690885,37.26637304804598
UGC11455,external_151,bulge_rich_hsb,31,1.0324677187670114e+21,33.46,259.0,1.7418644465522223e-11,134.1051382883272,5.6471758091954354e-11,7.389040255747658e-11,276.2054586124141,309.2593727648981,17.205458612414077,50.2593727648981
UGC11455,external_151,bulge_rich_hsb,32,1.0963412447038827e+21,35.53,272.0,1.4835757240854668e-11,127.5345151696718,5.223809336771926e-11,6.707385060857393e-11,271.1749045602971,304.9249003787031,-0.8250954397029204,32.924900378703114
UGC11455,external_151,bulge_rich_hsb,33,1.1633004482222456e+21,37.7,274.0,1.2546383827409715e-11,120.81065321400283,4.811373355622778e-11,6.06601173836375e-11,265.64250740722866,300.05053737592,-8.357492592771337,26.050537375919987
UGC11455,external_151,bulge_rich_hsb,34,1.230259651740608e+21,39.87,272.0,1.1082494842054608e-11,116.7662033501269,4.5248306045445985e-11,5.633080088750059e-11,263.2518024290166,298.34877601088016,-8.748197570983393,26.348776010880158
UGC11455,external_151,bulge_rich_hsb,35,1.2938246099193302e+21,41.93,266.0,9.692812210795837e-12,111.98570880989344,4.2338773767299646e-11,5.203158597809548e-11,259.46049108022873,295.08653887982854,-6.539508919771265,29.086538879828538
UGC11557,external_151,low_mass_dwarf,0,1.0182736018921513e+19,0.33000000000000007,4.0,4.024731972625044e-11,20.24420490514608,1.1608713191694352e-11,5.185603291794479e-11,22.979040323563037,38.89812591579897,18.979040323563037,34.89812591579897
UGC11557,external_151,low_mass_dwarf,1,3.0548208056764535e+19,0.99,17.0,3.828519212422716e-11,34.198596674484975,1.5713603617013983e-11,5.3998795741241145e-11,40.61485500550464,66.40840034507701,23.614855005504637,49.40840034507701
UGC11557,external_151,low_mass_dwarf,2,5.430792543424806e+19,1.76,33.3,3.5996043255200007e-11,44.21391673479482,1.9701671842184233e-11,5.5697715097384237e-11,54.99843050821301,86.98806826030548,21.698430508213015,53.688068260305485
UGC11557,external_151,low_mass_dwarf,3,7.467339747209108e+19,2.42,44.9,3.403391565317673e-11,50.41257889754588,2.3438163624491404e-11,5.747207927766813e-11,65.51057486733605,100.3771542769925,20.610574867336048,55.4771542769925
UGC11557,external_151,low_mass_dwarf,4,9.843311484957462e+19,3.1900000000000004,53.0,3.118252554187922e-11,55.40210391279009,2.7620115129466105e-11,5.880264067134532e-11,76.07974160485038,112.40361782072304,23.079741604850383,59.40361782072304
UGC11557,external_151,low_mass_dwarf,5,1.1879858688741764e+20,3.85,60.8,2.8172907048851367e-11,57.85241175538069,3.10423218740072e-11,5.921522892285857e-11,83.87303212743974,119.98006446046759,23.073032127439745,59.18006446046759
UGC11557,external_151,low_mass_dwarf,6,1.4255830426490117e+20,4.62,69.0,2.4661685473652203e-11,59.29357521214422,3.514450725439606e-11,5.980619272804826e-11,92.33563461551788,126.59229878473,23.335634615517876,57.592298784730005
UGC11557,external_151,low_mass_dwarf,7,1.629237763027442e+20,5.280000000000001,76.6,2.1652066980624343e-11,59.393909765591914,3.8767500115997344e-11,6.041956709662169e-11,99.21584567980376,130.49265367106983,22.61584567980377,53.89265367106984
UGC11557,external_151,low_mass_dwarf,8,1.8328924834058722e+20,5.94,85.0,1.917799318668871e-11,59.28844706913039,4.132463171355059e-11,6.05026249002393e-11,105.30660302467912,133.81681737677252,20.30660302467912,48.81681737677252
UGC11557,external_151,low_mass_dwarf,9,2.1723170173699224e+20,7.04,78.1,1.6355913311335966e-11,59.60723850409643,4.2422443739760736e-11,5.877835705109671e-11,112.9978872701356,139.4161157531126,34.89788727013561,61.3161157531126
UGC11557,external_151,low_mass_dwarf,10,2.715396271712403e+20,8.8,81.6,1.2135445670129588e-11,57.40430639615665,4.1518823489785035e-11,5.365426915991462e-11,120.70319069448244,143.65906959091657,39.10319069448245,62.05906959091658
UGC11557,external_151,low_mass_dwarf,11,3.258475526054884e+20,10.560000000000002,84.5,9.392707432217459e-12,55.32260595025726,3.8426445250937226e-11,4.781915268315469e-11,124.82689561738741,146.8389452084355,40.32689561738741,62.33894520843549
UGC11820,external_151,low_mass_dwarf,0,8.022761711877555e+18,0.26,16.0,9.564588123696572e-12,8.759817999745865,8.333863756716921e-12,1.7898451880413493e-11,11.983113720901766,23.153461699603525,-4.016886279098234,7.153461699603525
UGC11820,external_151,low_mass_dwarf,1,1.3576981358562015e+19,0.44,18.9,9.42334871981804e-12,11.311084382330403,9.922112772086816e-12,1.9345461491904855e-11,16.20657181665424,29.999656961724092,-2.693428183345759,11.099656961724094
UGC11820,external_151,low_mass_dwarf,2,1.882263324709734e+19,0.61,25.8,9.289955949488316e-12,13.22351820503562,1.1364130770952352e-11,2.0654086720440668e-11,19.71710677033013,35.187542860685824,-6.082893229669871,9.387542860685823
UGC11820,external_151,low_mass_dwarf,3,2.4376852893781803e+19,0.79,35.8,9.148716545609784e-12,14.933750948748184,1.2843194980960329e-11,2.1991911526570112e-11,23.15369499963805,39.87937089550755,-12.646305000361949,4.079370895507552
UGC11820,external_151,low_mass_dwarf,4,3.1165343573062808e+19,1.01,44.1,8.976090607536022e-12,16.725517861244303,1.9831545610094335e-11,2.8807636217630357e-11,29.96330890022425,44.86131411358639,-14.136691099775753,0.761314113586387
UGC11820,external_151,low_mass_dwarf,5,1.623066407864459e+20,5.26,59.65,4.877236593700386e-12,28.135527147082875,2.4732572411497177e-11,2.9609809005197565e-11,69.32437258253313,87.03811327216214,9.674372582533131,27.388113272162137
UGC11820,external_151,low_mass_dwarf,6,2.4407709669596715e+20,7.91,69.15,3.4495201236575595e-12,29.016354987776303,2.2526475895963475e-11,2.5975996019621034e-11,79.62503181949192,97.45344354811898,10.475031819491917,28.303443548118977
UGC11820,external_151,low_mass_dwarf,7,3.246132815728918e+20,10.52,76.95,2.5953361903649283e-12,29.02551631821985,2.01865463886458e-11,2.2781882579010727e-11,85.99593981334797,104.34936585086302,9.045939813347971,27.39936585086302
UGC11820,external_151,low_mass_dwarf,8,4.0545803420796564e+20,13.14,81.25,2.041295574970416e-12,28.769075255644275,1.822005091971614e-11,2.0261346494686555e-11,90.63733072052632,109.5768842649315,9.387330720526322,28.326884264931493
UGC11820,external_151,low_mass_dwarf,9,4.881541933919343e+20,15.82,84.45,1.651600615867466e-12,28.39429108895668,1.6572059694828002e-11,1.8223660310695467e-11,94.31837678637262,113.82698113131119,9.868376786372622,29.376981131311183
UGC11914,external_151,bulge_rich_hsb,0,8.639897228175829e+18,0.28,168.0,3.065053620288639e-10,51.46042001202682,3.131781804562301e-12,3.0963714383342623e-10,51.72265558482762,68.01755840536927,-116.27734441517238,-99.98244159463073
UGC11914,external_151,bulge_rich_hsb,1,1.1417007051518058e+19,0.37,187.0,3.04562521041721e-10,58.967723801766724,3.5205034164665077e-12,3.080830244581875e-10,59.30755485342603,78.01462501148258,-127.69244514657396,-108.98537498851742
UGC11914,external_151,bulge_rich_hsb,2,1.4502684633009424e+19,0.47,204.0,3.0240380883378445e-10,66.22436916526456,3.891988331879407e-12,3.0629579716566384e-10,66.64916616665091,87.70885017219834,-137.3508338333491,-116.29114982780166
UGC11914,external_151,bulge_rich_hsb,3,1.7279794456351658e+19,0.56,218.0,3.0046096784664155e-10,72.05486636269926,4.2299493443548916e-12,3.0469091719099646e-10,72.5602950778019,95.52346642828499,-145.4397049221981,-122.47653357171501
UGC11914,external_151,bulge_rich_hsb,4,2.0056904279693885e+19,0.65,232.0,2.985181268594986e-10,77.377965185022,4.572059026121346e-12,3.030901858856199e-10,77.96826820202244,102.68067757454752,-154.03173179797756,-129.31932242545247
UGC11914,external_151,bulge_rich_hsb,5,2.3142581861185253e+19,0.75,243.0,2.9635941465156203e-10,82.81619415251295,4.901747094649565e-12,3.012611617462116e-10,83.4982700258363,110.01773429400849,-159.5017299741637,-132.9822657059915
UGC11914,external_151,bulge_rich_hsb,6,2.591969168452748e+19,0.8399999999999999,253.0,2.9441657366441914e-10,87.35666440631027,5.202091419276551e-12,2.996186650836957e-10,88.12504423771423,116.1651013251722,-164.87495576228577,-136.8348986748278
UGC11914,external_151,bulge_rich_hsb,7,2.8696801507869716e+19,0.93,262.0,2.9247373267727624e-10,91.61364883523385,5.506608844233233e-12,2.9798034152150946e-10,92.47206450539528,121.94827722044265,-169.52793549460472,-140.05172277955734
UGC11914,external_151,bulge_rich_hsb,8,3.178247908936108e+19,1.03,269.0,2.903150204693397e-10,96.05691577077738,5.803186719196234e-12,2.9611820718853593e-10,97.01221947749023,128.006716333122,-171.98778052250975,-140.993283666878
UGC11914,external_151,bulge_rich_hsb,9,3.4559588912703316e+19,1.12,275.0,2.883721794821968e-10,99.82997534190329,6.073964425528577e-12,2.9444614390772536e-10,100.87585286074003,133.17074235796997,-174.12414713925997,-141.82925764203003
UGC11914,external_151,bulge_rich_hsb,10,3.733669873604554e+19,1.21,280.0,2.864293384950539e-10,103.41337399270289,6.3367730273398815e-12,2.9276611152239376e-10,104.55104067408955,138.09314509585064,-175.44895932591044,-141.90685490414936
UGC11914,external_151,bulge_rich_hsb,11,4.011380855938777e+19,1.3,284.0,2.84486497507911e-10,106.82619949601823,6.615713985665299e-12,2.9110221149357627e-10,108.0611788898665,142.7988209797983,-175.93882111013352,-141.2011790202017
UGC11914,external_151,bulge_rich_hsb,12,4.3508053899028275e+19,1.41,287.0,2.8211191407918075e-10,110.78871947682684,6.8956121880394575e-12,2.8900752626722023e-10,112.13453986198475,148.28577116813938,-174.86546013801524,-138.71422883186062
UGC11914,external_151,bulge_rich_hsb,13,4.628516372237051e+19,1.5,289.0,2.8016907309203786e-10,113.87568405067766,7.137149178247728e-12,2.8730622227028557e-10,115.31702188417778,152.5791472370928,-173.6829781158222,-136.4208527629072
UGC11914,external_151,bulge_rich_hsb,14,4.906227354571274e+19,1.59,290.0,2.7799345287536444e-10,116.78609004880818,7.403378862238611e-12,2.8539683173760306e-10,118.33096563364144,156.66627586743323,-171.66903436635857,-133.33372413256677
UGC11914,external_151,bulge_rich_hsb,15,5.183938336905496e+19,1.6799999999999997,291.0,2.7453575628681533e-10,119.29695854742342,7.847021611453465e-12,2.823827778982688e-10,120.98987180870577,160.34345827367022,-170.01012819129423,-130.65654172632978
UGC11914,external_151,bulge_rich_hsb,16,5.492506095054633e+19,1.78,292.0,2.7069387118842744e-10,121.93390576030818,8.328999715146026e-12,2.790228709035735e-10,123.7955903535146,164.24519440250612,-168.2044096464854,-127.75480559749388
UGC11914,external_151,bulge_rich_hsb,17,5.7702170773888565e+19,1.87,292.0,2.6723617459987833e-10,124.17772499012406,8.780803996727179e-12,2.760169785966055e-10,126.20134244719458,167.60160776460475,-165.79865755280542,-124.39839223539525
UGC11914,external_151,bulge_rich_hsb,18,6.04792805972308e+19,1.96,291.0,2.6377847801132923e-10,126.30571082559035,9.242570469605816e-12,2.7302104848093505e-10,128.49948093291513,170.81972219701834,-162.50051906708487,-120.18027780298166
UGC11914,external_151,bulge_rich_hsb,19,6.325639042057302e+19,2.05,291.0,2.603207814227801e-10,128.3236259784925,9.731246367533268e-12,2.700520277903134e-10,130.70010139158845,173.90691089059231,-160.29989860841155,-117.09308910940769
UGC11914,external_151,bulge_rich_hsb,20,6.665063576021353e+19,2.16,291.0,2.5609470781455344e-10,130.6479050374177,1.0310065601526927e-11,2.664047734160804e-10,133.251819941558,177.51183221602037,-157.748180058442,-113.48816778397963
UGC11914,external_151,bulge_rich_hsb,21,6.942774558355576e+19,2.25,290.0,2.5263701122600434e-10,132.43873353512916,1.0811869059267372e-11,2.634488802852717e-10,135.242973328445,180.33048934285483,-154.757026671555,-109.66951065714517
UGC11914,external_151,bulge_rich_hsb,22,7.220485540689799e+19,2.34,290.0,2.4917931463745523e-10,134.1340985125982,1.1328921065380677e-11,2.605082357028359e-10,137.14940572685458,183.03691810026254,-152.85059427314542,-106.96308189973746
UGC11914,external_151,bulge_rich_hsb,23,7.498196523024022e+19,2.43,290.0,2.457216180489061e-10,135.73757704063175,1.1823136089497225e-11,2.5754475413840336e-10,138.96478618713638,185.63570170978676,-151.03521381286362,-104.36429829021324
UGC11914,external_151,bulge_rich_hsb,24,7.590766850468762e+19,2.46,290.0,2.445690525193897e-10,136.2522167348017,1.2031801953813418e-11,2.5660085447320316e-10,139.56350740566637,186.47876747926847,-150.43649259433363,-103.52123252073153
UGC11914,external_151,bulge_rich_hsb,25,7.806764281173157e+19,2.5299999999999994,290.0,2.4187973295051823e-10,137.41535793126647,1.2477682712862208e-11,2.5435741566338045e-10,140.91516551643377,188.40199714282738,-149.08483448356623,-101.59800285717262
UGC11914,external_151,bulge_rich_hsb,26,8.084475263507382e+19,2.62,290.0,2.3842203636196907e-10,138.83504799737696,1.305273039716157e-11,2.514747667591306e-10,142.58476535943385,190.78660475893727,-147.41523464056615,-99.21339524106273
UGC11914,external_151,bulge_rich_hsb,27,8.362186245841605e+19,2.71,290.0,2.3496433977342e-10,140.17187914544579,1.3650403114125764e-11,2.4861474288754576e-10,144.18608752191324,193.0751532989123,-145.81391247808676,-96.92484670108769
UGC11914,external_151,bulge_rich_hsb,28,8.639897228175827e+19,2.8,290.0,2.315066431848709e-10,141.4282010335017,1.432649828097649e-11,2.458331414658474e-10,145.73856996500723,195.2706658632944,-144.26143003499277,-94.7293341367056
UGC11914,external_151,bulge_rich_hsb,29,9.226175968659189e+19,2.99,290.0,2.2420706149793388e-10,143.82537338021862,1.5777058909166012e-11,2.3998412040709987e-10,148.79972192715275,199.61213419931073,-141.20027807284725,-90.38786580068927
UGC11914,external_151,bulge_rich_hsb,30,1.0121022467291683e+20,3.28,291.0,2.1380182826775084e-10,147.1017711465754,1.779641227327252e-11,2.3159824054102335e-10,153.10163277708443,205.74947837159647,-137.89836722291557,-85.25052162840353
UGC11914,external_151,bulge_rich_hsb,31,1.1540434154777713e+20,3.74,292.0,1.9878205172552757e-10,151.46059484532827,2.0144008658623652e-11,2.1892606038415122e-10,158.94973370937703,214.4159525059554,-133.05026629062297,-77.5840474940446
UGC11914,external_151,bulge_rich_hsb,32,1.1818145137111936e+20,3.83,292.0,1.9584339979335347e-10,152.13499672669957,2.0704816466081454e-11,2.1654821625943493e-10,159.97494331728032,215.9075565275011,-132.02505668271968,-76.0924434724989
UGC11914,external_151,bulge_rich_hsb,33,1.2404423877595295e+20,4.02,292.0,1.8963957904765258e-10,153.37436951706835,2.183663725433814e-11,2.1147621630199073e-10,161.96421293112627,218.84699004491614,-130.03578706887373,-73.15300995508386
UGC11914,external_151,bulge_rich_hsb,34,1.2620421308299692e+20,4.09,292.0,1.873539608781838e-10,153.76884990339812,2.2276210888617394e-11,2.096301717668012e-10,162.653653098486,219.85952218047882,-129.346346901514,-72.14047781952118
UGC11914,external_151,bulge_rich_hsb,35,1.2712991635744432e+20,4.12,292.0,1.8637441023412577e-10,153.927785614659,2.2515272816677368e-11,2.0888968305080313e-10,162.9605103519919,220.28201051096357,-129.0394896480081,-71.71798948903643
UGC11914,external_151,bulge_rich_hsb,36,1.3268413600412878e+20,4.3,291.0,1.8049710636977754e-10,154.75497604251458,2.3719535995429546e-11,2.042166423652071e-10,164.60956457597374,222.67422196872965,-126.39043542402626,-68.32577803127035
UGC11914,external_151,bulge_rich_hsb,37,1.35461245827471e+20,4.39,291.0,1.7755845443760344e-10,155.08800548500844,2.437060200038982e-11,2.0192905643799326e-10,165.38912163094727,223.77954899363596,-125.61087836905273,-67.22045100636404
UGC11914,external_151,bulge_rich_hsb,38,1.3854692340896239e+20,4.49,291.0,1.7429328562407663e-10,155.39561928849653,2.5118190944897282e-11,1.994114765689739e-10,166.21626446009947,224.93751028771075,-124.78373553990053,-66.06248971228925
UGC11914,external_151,bulge_rich_hsb,39,1.4132403323230462e+20,4.58,290.0,1.7135463369190253e-10,155.61660562544031,2.5866726344965687e-11,1.9722136003686822e-10,166.9494475581476,225.91695590773068,-123.0505524418524,-64.08304409226932
UGC11914,external_151,bulge_rich_hsb,40,1.502724982186296e+20,4.87,289.0,1.6248723284842763e-10,156.26055935124958,2.782540260957473e-11,1.9031263545800235e-10,169.11166480419192,228.94884735015174,-119.88833519580808,-60.05115264984826
UGC11914,external_151,bulge_rich_hsb,41,1.5150676925122612e+20,4.91,288.0,1.6135123852386133e-10,156.3515425681314,2.8055319737350743e-11,1.8940655826121207e-10,169.40004639063818,229.3623202835131,-118.59995360936182,-58.6376797164869
UGC11914,external_151,bulge_rich_hsb,42,1.530496080419718e+20,4.96,288.0,1.5993124561815347e-10,156.4525949146345,2.835143514986991e-11,1.8828268076802339e-10,169.75450065502736,229.8648257756759,-118.24549934497264,-58.13517422432409
UGC11914,external_151,bulge_rich_hsb,43,1.5582671786531403e+20,5.05,287.0,1.5737525838787928e-10,156.59907403234845,2.8880207777267385e-11,1.8625546616514665e-10,170.36307691806007,230.7293149394323,-116.63692308193993,-56.2706850605677
UGC11914,external_151,bulge_rich_hsb,44,1.5860382768865627e+20,5.14,287.0,1.5481927115760506e-10,156.7001244593129,2.9424375436735943e-11,1.84243646594341e-10,170.94369709696392,231.54251163945327,-116.05630290303608,-55.45748836054673
UGC11914,external_151,bulge_rich_hsb,45,1.6168950527014765e+20,5.24,286.0,1.5197928534618927e-10,156.75922766757924,3.0042090195287195e-11,1.8202137554147647e-10,171.5544990954568,232.3860809843013,-114.4455009045432,-53.61391901569871
UGC11914,external_151,bulge_rich_hsb,46,1.6446661509348986e+20,5.33,286.0,1.4942329811591508e-10,156.76461353644194,3.0615750496865586e-11,1.8003904861278067e-10,172.07676458486864,233.09140965070978,-113.92323541513136,-52.90859034929022
UGC11914,external_151,bulge_rich_hsb,47,1.672437249168321e+20,5.42,285.0,1.4686731088564087e-10,156.72471451890726,3.120556819555373e-11,1.780728790811946e-10,172.57338034645903,233.7457317889119,-112.42661965354097,-51.25426821108809
UGC11914,external_151,bulge_rich_hsb,48,1.7002083474017432e+20,5.51,285.0,1.443113236553667e-10,156.63949601024933,3.1814032635864244e-11,1.7612535629123096e-10,173.04617908392459,234.34903497728533,-111.95382091607541,-50.65096502271467
UGC11914,external_151,bulge_rich_hsb,49,1.731065123216657e+20,5.61,284.0,1.4147133784395092e-10,156.49156490893182,3.250958122955249e-11,1.739809190735034e-10,173.5431649801632,234.95945581870734,-110.4568350198368,-49.04054418129266
UGC11914,external_151,bulge_rich_hsb,50,1.7619218990315707e+20,5.71,284.0,1.3863135203253513e-10,156.2874323285396,3.322750006717868e-11,1.718588520997138e-10,174.01203264628387,235.5066486504843,-109.98796735371613,-48.493351349515706
UGC11914,external_151,bulge_rich_hsb,51,1.7896929972649928e+20,5.8,283.0,1.3607536480226097e-10,156.05547971374978,3.389664155356904e-11,1.6997200635583e-10,174.41264561553723,235.94486380814251,-108.58735438446277,-47.055136191857486
UGC11914,external_151,bulge_rich_hsb,52,1.817464095498415e+20,5.889999999999999,283.0,1.3351937757198678e-10,155.7776218814443,3.458760726024711e-11,1.6810698483223388e-10,174.7937095936469,236.33143594728318,-108.2062904063531,-46.66856405271682
UGC11914,external_151,bulge_rich_hsb,53,1.8452351937318378e+20,5.98,283.0,1.3096339034171254e-10,155.45361267882078,3.530305058488468e-11,1.6626644092659723e-10,175.15726885695975,236.66607661266443,-107.84273114304025,-46.333923387335574
UGC11914,external_151,bulge_rich_hsb,54,1.8760919695467512e+20,6.08,283.0,1.2812340453029677e-10,155.03912098250544,3.612167487020765e-11,1.6424507940050442e-10,175.5388488343406,236.97657027937754,-107.4611511656594,-46.02342972062246
UGC11914,external_151,bulge_rich_hsb,55,1.897691712617191e+20,6.15,283.0,1.2613541446230573e-10,154.71461814988658,3.6710529272155757e-11,1.6284594373446147e-10,175.79288889435,237.1552184162381,-107.20711110565,-45.844781583761886
UGC11914,external_151,bulge_rich_hsb,56,1.9038630677801733e+20,6.169999999999999,283.0,1.2556741730002258e-10,154.61667708046704,3.6892195485062435e-11,1.62459612785085e-10,175.8695132157336,237.20037204915255,-107.1304867842664,-45.79962795084745
UGC11914,external_151,bulge_rich_hsb,57,1.9316341660135958e+20,6.26,283.0,1.2301143006974837e-10,154.14703407231622,3.7688322132582016e-11,1.6069975220233038e-10,176.18545110875075,237.37097174748845,-106.81454889124925,-45.629028252511546
UGC11914,external_151,bulge_rich_hsb,58,1.959405264247018e+20,6.35,283.0,1.2075073576032585e-10,153.8179532143381,3.8413459208070006e-11,1.5916419496839585e-10,176.5976108277554,237.67176152372556,-106.4023891722446,-45.328238476274436
UGC11914,external_151,bulge_rich_hsb,59,2.0766610123436904e+20,6.730000000000001,284.0,1.124348138865283e-10,152.8034667238516,4.0909658241618514e-11,1.5334447212814683e-10,178.4501293714707,239.2392693692229,-105.5498706285293,-44.76073063077709
UGC11914,external_151,bulge_rich_hsb,60,2.1075177881586038e+20,6.83,284.0,1.102464133934237e-10,152.4290908282692,4.1614262188328414e-11,1.5186067558175213e-10,178.89915458445452,239.52832310434192,-105.10084541554548,-44.47167689565808
UGC11914,external_151,bulge_rich_hsb,61,2.135288886392026e+20,6.92,285.0,1.0827685294962957e-10,152.05339876400254,4.229865313467761e-11,1.5057550608430717e-10,179.31040257181843,239.74387661947856,-105.68959742818157,-45.256123380521444
UGC11914,external_151,bulge_rich_hsb,62,2.2741443775591376e+20,7.37,288.0,9.84290507306588e-11,149.61345939039404,4.584899425235125e-11,1.4427804498301004e-10,181.1378217831209,240.17405280634682,-106.8621782168791,-47.82594719365318
UGC11914,external_151,bulge_rich_hsb,63,2.6536827200825757e+20,8.6,297.0,7.576709356781337e-11,141.7962717957655,5.546077669440712e-11,1.312278702622205e-10,186.61112820732117,239.4407203445919,-110.38887179267883,-57.55927965540809
UGC11914,external_151,bulge_rich_hsb,64,3.033221062606014e+20,9.83,305.0,5.7842470950933716e-11,132.45716334028472,6.392627341646663e-11,1.2176874436740034e-10,192.1852023914136,236.08660835024014,-112.81479760858639,-68.91339164975986
UGC12506,external_151,bulge_rich_hsb,0,2.530255616822921e+19,0.82,107.0,5.384328820866931e-11,36.91033492373116,3.720672452861779e-11,9.10500127372871e-11,47.99789642685596,66.75665329522336,-59.00210357314404,-40.24334670477664
UGC12506,external_151,bulge_rich_hsb,1,7.590766850468762e+19,2.46,159.0,5.1553716455870795e-11,62.556553764708774,4.497207312961046e-11,9.652578958548125e-11,85.59817543620856,114.15499070718381,-73.40182456379144,-44.84500929281619
UGC12506,external_151,bulge_rich_hsb,2,1.2651278084114604e+20,4.1,194.0,4.926414470307228e-11,78.94646250558849,5.00373162800249e-11,9.930146098309718e-11,112.08436095441768,145.42032752506245,-81.91563904558232,-48.57967247493755
UGC12506,external_151,bulge_rich_hsb,3,1.7711789317760447e+20,5.74,198.0,4.697457295027377e-11,91.21423898641142,5.429914093167175e-11,1.0127371388194552e-10,133.9305298915886,169.68338649483707,-64.0694701084114,-28.316613505162934
UGC12506,external_151,bulge_rich_hsb,4,2.277230055140629e+20,7.38,211.0,4.468500119747526e-11,100.87518413409992,5.821130112963953e-11,1.0289630232711478e-10,153.07467204673097,189.6186658651711,-57.92532795326903,-21.381334134828904
UGC12506,external_151,bulge_rich_hsb,5,2.783281178505213e+20,9.02,222.0,4.2395429444676744e-11,108.6270688309385,6.186492733949535e-11,1.0426035678417209e-10,170.3484337179607,206.45059378174255,-51.65156628203931,-15.549406218257445
UGC12506,external_151,bulge_rich_hsb,6,3.286246624288306e+20,10.65,230.0,3.977684584277928e-11,114.3313278920829,6.421763591992756e-11,1.0399448176270684e-10,184.86522513369223,220.22694199459374,-45.134774866307765,-9.773058005406256
UGC12506,external_151,bulge_rich_hsb,7,3.79229774765289e+20,12.29,239.0,3.6558706051611873e-11,117.74612461420196,6.450226068922438e-11,1.0106096674083626e-10,195.76855634828004,230.89474577222876,-43.23144365171996,-8.10525422777124
UGC12506,external_151,bulge_rich_hsb,8,4.298348871017474e+20,13.93,237.0,3.334056626044447e-11,119.71189804888434,6.432413622031395e-11,9.766470248075842e-11,204.88947353303084,239.4126650814633,-32.11052646696916,2.4126650814633024
UGC12506,external_151,bulge_rich_hsb,9,4.804399994382059e+20,15.57,240.0,3.012242646927706e-11,120.2997030585565,6.363294658840518e-11,9.375537305768224e-11,212.23532076250086,245.90031169161463,-27.764679237499138,5.9003116916146325
UGC12506,external_151,bulge_rich_hsb,10,5.310451117746643e+20,17.21,245.0,2.6904286678109652e-11,119.52987043494338,6.236802812983628e-11,8.927231480794593e-11,217.7329244638226,250.38941442479833,-27.2670755361774,5.389414424798332
UGC12506,external_151,bulge_rich_hsb,11,5.816502241111228e+20,18.85,249.0,2.3686146886942243e-11,117.37569017952111,6.046061128696235e-11,8.414675817390458e-11,221.23286543837932,252.82809109462679,-27.76713456162068,3.828091094626785
UGC12506,external_151,bulge_rich_hsb,12,6.322553364475811e+20,20.49,248.0,2.091764291673008e-11,115.00126677566442,5.820695476814665e-11,7.912459768487673e-11,223.66704972018394,254.60337982708234,-24.33295027981606,6.603379827082335
UGC12506,external_151,bulge_rich_hsb,13,6.828604487840395e+20,22.13,250.0,1.9536171333258998e-11,115.50099014359628,5.673193335858012e-11,7.626810469183912e-11,228.2114637737933,259.6192600699411,-21.788536226206702,9.619260069941106
UGC12506,external_151,bulge_rich_hsb,14,7.33465561120498e+20,23.77,255.0,1.8154699749787913e-11,115.39431112040297,5.512151213423851e-11,7.327621188402642e-11,231.83092517242375,263.6570038335318,-23.169074827576253,8.657003833531803
UGC12506,external_151,bulge_rich_hsb,15,7.840706734569564e+20,25.41,244.0,1.6773228166316827e-11,114.67953742674072,5.336872027056086e-11,7.014194843687769e-11,234.51278163137678,266.7112515083616,-9.487218368623218,22.711251508361613
UGC12506,external_151,bulge_rich_hsb,16,8.346757857934149e+20,27.050000000000004,244.0,1.5391756582845745e-11,113.3451654042983,5.146465143145884e-11,6.685640801430459e-11,236.22748547674303,268.7570909944177,-7.772514523256973,24.757090994417695
UGC12506,external_151,bulge_rich_hsb,17,8.849723303717241e+20,28.68,249.0,1.401870860659095e-11,111.38298444725271,4.941149945183775e-11,6.34302080584287e-11,236.92610460105692,269.7448196145413,-12.07389539894308,20.744819614541314
UGC12506,external_151,bulge_rich_hsb,18,9.355774427081825e+20,30.32,251.0,1.271642598167409e-11,109.07429257310146,4.730144531381729e-11,6.001787129549137e-11,236.96279569465045,270.0718465490179,-14.037204305349547,19.07184654901789
UGC12506,external_151,bulge_rich_hsb,19,9.86182555044641e+20,31.96,249.0,1.2028577685175679e-11,108.91452371065809,4.610511532136314e-11,5.8133693006538814e-11,239.43774536060354,273.11879989749633,-9.562254639396457,24.11879989749633
UGC12506,external_151,bulge_rich_hsb,20,1.0367876673810994e+21,33.6,244.0,1.1340729388677265e-11,108.43398161686669,4.4860258622059564e-11,5.620098801073683e-11,241.38867260947637,275.6006604355425,-2.611327390523627,31.600660435542522
UGC12506,external_151,bulge_rich_hsb,21,1.0873927797175579e+21,35.24,239.0,1.0652881092178853e-11,107.62836978615339,4.356367149069247e-11,5.421655258287133e-11,242.80586446746216,277.5069883097603,3.8058644674621576,38.50698830976029
UGC12506,external_151,bulge_rich_hsb,22,1.1379978920540163e+21,36.88,238.0,9.965032795680441e-12,106.49031090072694,4.2211547606793153e-11,5.217658040247359e-11,243.67363113927993,278.8204521645441,5.673631139279934,40.82045216454412
UGC12506,external_151,bulge_rich_hsb,23,1.1886030043904748e+21,38.52,241.0,9.277184499182027e-12,105.00899660511236,4.0799338530426533e-11,5.007652302960856e-11,243.9694770302661,279.51585859094445,2.9694770302660913,38.51585859094445
UGC12506,external_151,bulge_rich_hsb,24,1.239208116726933e+21,40.16,237.0,8.589336202683619e-12,103.16964252948652,3.932156422518165e-11,4.791090042786527e-11,243.66283403487395,279.558670687159,6.662834034873953,42.55867068715901
UGC12506,external_151,bulge_rich_hsb,25,1.2898132290633914e+21,41.8,228.0,8.215241639665893e-12,102.93749242522618,3.848995810661718e-11,4.670519974628307e-11,245.4403888906715,281.82533345131696,17.4403888906715,53.825333451316965
UGC12506,external_151,bulge_rich_hsb,26,1.3404183413998499e+21,43.44,233.0,7.84443762445604e-12,102.54183570517911,3.7643170923350304e-11,4.548760854780634e-11,246.92595004149769,283.7708908431814,13.925950041497686,50.770890843181405
UGC12506,external_151,bulge_rich_hsb,27,1.3910234537363083e+21,45.08,233.0,7.473633609246188e-12,101.96077498280103,3.677258053785426e-11,4.424621414710045e-11,248.0877296797566,285.36095184669944,15.087729679756592,52.360951846699436
UGC12506,external_151,bulge_rich_hsb,28,1.4413199983146175e+21,46.71,230.0,7.105090594129079e-12,101.19638908160374,3.588226666198062e-11,4.2987357256109694e-11,248.9147197092327,286.58092093681046,18.914719709232713,56.58092093681046
UGC12506,external_151,bulge_rich_hsb,29,1.491925110651076e+21,48.35,226.0,6.734286578919226e-12,100.23498016865231,3.495950817809048e-11,4.169379475700971e-11,249.40733621189847,287.43473242135445,23.407336211898468,61.434732421354454
UGC12506,external_151,bulge_rich_hsb,30,1.5425302229875344e+21,49.99,225.0,6.363482563709374e-12,99.0750431641385,3.400771181668273e-11,4.0371194380392107e-11,249.54716482031876,287.89946151053607,24.547164820318756,62.89946151053607
UGC12632,external_151,low_mass_dwarf,0,2.1908310828588704e+19,0.71,24.1,6.613941465510874e-12,12.037453444499949,1.1888366364313735e-11,1.850230782982461e-11,20.133412800169474,34.664599507030225,-3.9665871998305278,10.564599507030223
UGC12632,external_151,low_mass_dwarf,1,4.381662165717741e+19,1.42,33.6,6.335012642383547e-12,16.66069782886526,1.574573877006755e-11,2.2080751412451098e-11,31.104725212506786,48.46475321371963,-2.4952747874932157,14.86475321371963
UGC12632,external_151,low_mass_dwarf,2,6.603350024391526e+19,2.14,44.8,6.052155244282595e-12,19.991122899916046,1.8364259178424608e-11,2.4416414422707203e-11,40.15347192631507,58.77889734729504,-4.646528073684927,13.978897347295046
UGC12632,external_151,low_mass_dwarf,3,8.794181107250397e+19,2.85,54.4,5.6168388065352526e-12,22.225097910898658,2.0212120135840605e-11,2.5828958942375858e-11,47.65968346002604,66.50343513611698,-6.740316539973961,12.103435136116978
UGC12632,external_151,low_mass_dwarf,4,1.0954155414294353e+20,3.55,57.4,5.186630337536949e-12,23.835929768707096,2.142724120448145e-11,2.6613871542018398e-11,53.993748253602035,72.67457054697235,-3.406251746397963,15.274570546972349
UGC12632,external_151,low_mass_dwarf,5,1.3144986497153224e+20,4.26,61.4,4.7502760332672404e-12,24.98846019966986,2.2154994635528025e-11,2.6905270668795265e-11,59.47011179101368,77.78588811308897,-1.9298882089863199,16.385888113088974
UGC12632,external_151,low_mass_dwarf,6,1.5335817580012093e+20,4.97,63.8,4.461667281990836e-12,26.157850741091064,2.2437212832762145e-11,2.689888011475298e-11,64.22743327788108,82.64265390637425,0.42743327788107877,18.842653906374252
UGC12632,external_151,low_mass_dwarf,7,1.755750543868588e+20,5.6899999999999995,65.5,4.175456905291029e-12,27.07593162268766,2.2489918958879475e-11,2.6665375864170503e-11,68.42349609306564,86.89814731865489,2.923496093065637,21.398147318654893
UGC12632,external_151,low_mass_dwarf,8,1.974833652154475e+20,6.4,67.6,3.893221672712053e-12,27.728081748597212,2.2360336675657242e-11,2.6253558348369295e-11,72.00445160902258,90.48251567552269,4.404451609022587,22.882515675522697
UGC12632,external_151,low_mass_dwarf,9,2.193916760440362e+20,7.11,69.2,3.671819149986888e-12,28.382504425194966,2.2142537140198488e-11,2.5814356290185376e-11,75.25592928468612,93.91692200038217,6.0559292846861155,24.71692200038217
UGC12632,external_151,low_mass_dwarf,10,2.412999868726249e+20,7.82,70.3,3.4534802827784402e-12,28.86736473769829,2.1830546247040814e-11,2.5284026529819254e-11,78.10912411320771,96.92653300915873,7.809124113207716,26.626533009158734
UGC12632,external_151,low_mass_dwarf,11,2.6289972994306448e+20,8.52,71.4,3.238216610882787e-12,29.177495994314356,2.1443186679845063e-11,2.468140329072785e-11,80.55268002834055,99.48375879585501,9.15268002834054,28.083758795855005
UGC12632,external_151,low_mass_dwarf,12,2.8542517628795145e+20,9.25,73.2,3.0643595300883238e-12,29.57440378241164,2.1082645517717406e-11,2.414700504780573e-11,83.01905306973818,102.17534460355955,9.819053069738175,28.97534460355955
UGC12632,external_151,low_mass_dwarf,13,3.07024919358391e+20,9.95,73.0,2.901894546769597e-12,29.848851555939135,2.070202753357516e-11,2.3603922080344754e-11,85.12926801787734,104.47614854281815,12.129268017877337,31.47614854281815
UGC12632,external_151,low_mass_dwarf,14,3.289332301869797e+20,10.66,73.1,2.7371086351177447e-12,30.005432586815925,2.0269090800212414e-11,2.300619943533016e-11,86.99139896903037,106.50515929968445,13.891398969030377,33.405159299684456
UGC12732,external_151,low_mass_dwarf,0,2.962250478231712e+19,0.96,34.2,9.902903332924102e-12,17.127428334060205,1.5382141443675538e-11,2.5285044776599642e-11,27.367980557869544,44.90889806301694,-6.832019442130459,10.708898063016939
UGC12732,external_151,low_mass_dwarf,1,5.924500956463424e+19,1.92,49.5,9.06884043822804e-12,23.179377439934882,2.0693798137556107e-11,2.9762638575784146e-11,41.991520657045555,62.02426556458701,-7.508479342954445,12.524265564587012
UGC12732,external_151,low_mass_dwarf,2,8.886751434695138e+19,2.8800000000000003,59.9,8.23477754353198e-12,27.05187999924924,2.4536014758956733e-11,3.277079230248871e-11,53.965348651726316,74.02262076938827,-5.9346513482736825,14.12262076938827
UGC12732,external_151,low_mass_dwarf,3,1.1849001912926849e+20,3.84,65.3,7.1297079653512136e-12,29.065430208420505,2.5664981650608598e-11,3.2794689615959813e-11,62.33653342890909,82.24480472485091,-2.9634665710909047,16.94480472485091
UGC12732,external_151,low_mass_dwarf,4,1.4811252391158563e+20,4.8,69.8,5.998853285246659e-12,29.807806035553668,2.5646949512809457e-11,3.1645802798056115e-11,68.46268855097942,87.82453972554275,-1.337311449020575,18.024539725542752
UGC12732,external_151,low_mass_dwarf,5,1.7773502869390275e+20,5.760000000000001,73.8,4.867998605142106e-12,29.41451804410215,2.47190166922338e-11,2.95870152973759e-11,72.51654302878788,91.03547256360112,-1.283456971212118,17.23547256360112
UGC12732,external_151,low_mass_dwarf,6,2.0735753347621985e+20,6.719999999999999,76.2,4.308176694564662e-12,29.8886749984783,2.399712678211939e-11,2.830530347668405e-11,76.61147377006316,95.21625230831059,0.41147377006315367,19.016252308310584
UGC12732,external_151,low_mass_dwarf,7,2.3698003825853697e+20,7.68,79.3,3.868443220497211e-12,30.277777699071756,2.3238142729860392e-11,2.7106585950357603e-11,80.14811149100187,98.95277175281741,0.8481114910018732,19.652771752817415
UGC12732,external_151,low_mass_dwarf,8,2.6660254304085413e+20,8.64,80.3,3.4287097464297593e-12,30.23413199923451,2.2281940073280614e-11,2.5710649819710374e-11,82.79205653423318,101.69003626170897,2.4920565342331855,21.39003626170897
UGC12732,external_151,low_mass_dwarf,9,2.9622504782317126e+20,9.6,81.9,3.1471951044729587e-12,30.533228134793617,2.1621235486918463e-11,2.4768430591391422e-11,85.65646231569352,104.8176241736619,3.7564623156935113,22.917624173661892
UGC12732,external_151,low_mass_dwarf,10,3.270818236380849e+20,10.6,84.0,2.9120496274153053e-12,30.862250447101292,2.100892769272004e-11,2.3920977320135345e-11,88.45403826324232,107.93293455452161,4.4540382632423245,23.93293455452161
UGC12732,external_151,low_mass_dwarf,11,3.548529218715072e+20,11.5,85.6,2.700418698063417e-12,30.955637051823935,2.0404395199698828e-11,2.3104813897762244e-11,90.5472844480625,110.23395375685678,4.947284448062504,24.633953756856783
UGC12732,external_151,low_mass_dwarf,12,3.857096976864209e+20,12.5,87.9,2.5224091286455104e-12,31.19162808272964,1.9863522067681947e-11,2.2385931196327457e-11,92.92185294194515,112.90645656327676,5.021852941945141,25.006456563276757
UGC12732,external_151,low_mass_dwarf,13,4.134807959198432e+20,13.4,90.8,2.3903321457439623e-12,31.438136683572708,1.94499819535882e-11,2.184031409933216e-11,95.02920844104318,115.2784861261271,4.229208441043184,24.47848612612711
UGC12732,external_151,low_mass_dwarf,14,4.4433757173475685e+20,14.4,95.5,2.2435799425200194e-12,31.573831944383166,1.8951113331377364e-11,2.1194693273897383e-11,97.04431226499854,117.55372630924116,1.5443122649985384,22.053726309241156
UGC12732,external_151,low_mass_dwarf,15,4.751943475496706e+20,15.4,98.0,2.119046356432056e-12,31.732614937509286,1.8507977565309132e-11,2.0627023921741187e-11,99.004268465472,119.78060512949169,1.0042684654719949,21.78060512949169
UGCA281,external_151,low_mass_dwarf,0,2.7771098233422305e+18,0.09000000000000001,7.0,8.516679167673278e-12,4.863306835765105,2.8217286563723793e-12,1.1338407824045657e-11,5.611417267430538,13.204069008935045,-1.3885827325694624,6.204069008935045
UGCA281,external_151,low_mass_dwarf,1,7.714193953728418e+18,0.25,14.9,8.738786291488674e-12,8.210523270335864,3.0356229256104234e-12,1.1774409217099097e-11,9.530481435440185,22.159320749352176,-5.369518564559815,7.259320749352176
UGCA281,external_151,low_mass_dwarf,2,1.2651278084114604e+19,0.41,21.1,8.96089341530407e-12,10.647382517742248,3.213210175869391e-12,1.2174103591173461e-11,12.410397655061407,28.56968932413499,-8.689602344938594,7.46968932413499
UGCA281,external_151,low_mass_dwarf,3,1.7896929972649929e+19,0.58,26.0,9.38450749488309e-12,12.959701904894692,4.19479639609801e-12,1.35793038909811e-11,15.589350557807771,34.40497318721127,-10.410649442192229,8.404973187211269
UGCA281,external_151,low_mass_dwarf,4,2.2834014103036117e+19,0.74,27.5,9.80095924117083e-12,14.959787482988416,5.3865812177084515e-12,1.518754045887928e-11,18.622365935306963,39.31889137709349,-8.877634064693037,11.818891377093493
UGCA281,external_151,low_mass_dwarf,5,2.7771098233422303e+19,0.9,28.8,1.015740346341775e-11,16.795304384829656,6.721227011290403e-12,1.6878630474708153e-11,21.65036038865763,43.78148856289466,-7.149639611342369,14.981488562894658
UGCA281,external_151,low_mass_dwarf,6,3.3325317880106766e+19,1.08,29.5,1.0405188350432621e-11,18.621391177367787,8.143158500891022e-12,1.854834685132364e-11,24.862211385370326,48.27330645360782,-4.637788614629674,18.773306453607823
UGCA442,external_151,low_mass_dwarf,0,1.295984584226374e+19,0.41999999999999993,14.2,4.629160533937687e-12,7.745528187213814,7.315252368477943e-12,1.194441290241563e-11,12.441774386784731,24.258554631031807,-1.7582256132152683,10.058554631031807
UGCA442,external_151,low_mass_dwarf,1,3.8879537526791225e+19,1.26,28.6,4.8512710844085066e-12,13.733724046262823,1.0943554983750554e-11,1.579482606815906e-11,24.780951007702075,42.539305080891204,-3.819048992297926,13.939305080891202
UGCA442,external_151,low_mass_dwarf,2,6.510779696946784e+19,2.11,41.0,5.0186245304051875e-12,18.076271379673738,1.487515835225893e-11,1.9893782882664118e-11,35.989448132461966,55.54344497467104,-5.010551867538034,14.54344497467104
UGCA442,external_151,low_mass_dwarf,3,9.133605641214447e+19,2.96,49.0,4.903125125813118e-12,21.16204416135336,1.773294044059389e-11,2.263606556640701e-11,45.469648794798836,65.38362095459038,-3.530351205201164,16.383620954590384
UGCA442,external_151,low_mass_dwarf,4,1.1694718033852282e+20,3.79,54.8,4.604779159391344e-12,23.205946194292768,1.95277387299552e-11,2.4132517889346545e-11,53.12466396720113,72.77056838042418,-1.6753360327988673,17.970568380424183
UGCA442,external_151,low_mass_dwarf,5,1.4348400753934859e+20,4.65,56.4,4.220593243168544e-12,24.608690187072515,2.0573705693329344e-11,2.4794298936497887e-11,59.645497529464244,78.77854427550807,3.245497529464245,22.37854427550807
UGCA442,external_151,low_mass_dwarf,6,1.6909513146572692e+20,5.48,57.8,3.825319023271132e-12,25.433104866263935,2.0990866429180353e-11,2.4816185452451484e-11,64.7788247929842,83.34141740724122,6.978824792984199,25.541417407241227
UGCA442,external_151,low_mass_dwarf,7,1.9532339090840355e+20,6.33,56.5,3.420650411626965e-12,25.848269526434553,2.0928161149306815e-11,2.434881156093378e-11,68.96297875433835,86.98734388518292,12.462978754338351,30.487343885182923
UGCA444,calibration_24,low_mass_dwarf,0,3.70281309778964e+18,0.12,6.48,3.5469507402151803e-12,3.6240441026680994,3.0920129444814867e-12,6.638963684696667e-12,4.958108680479341,12.091075526596372,-1.5218913195206598,5.611075526596371
UGCA444,calibration_24,low_mass_dwarf,1,5.862787404833597e+18,0.19,8.6,3.5862530941722878e-12,4.585350528701029,3.3098048895704895e-12,6.896057983742777e-12,6.358468517661255,15.258223828831364,-2.241531482338744,6.658223828831364
UGCA444,calibration_24,low_mass_dwarf,2,8.022761711877555e+18,0.26,10.2,3.6255554481293952e-12,5.393233485910061,3.5146484983038077e-12,7.1402039464332025e-12,7.568629653804004,17.900014182218047,-2.631370346195995,7.700014182218048
UGCA444,calibration_24,low_mass_dwarf,3,1.0182736018921513e+19,0.33000000000000007,11.7,3.664857802086503e-12,6.10886892522108,3.707466519924723e-12,7.372324322011226e-12,8.664319501086906,20.22321166952716,-3.035680498913093,8.52321166952716
UGCA444,calibration_24,low_mass_dwarf,4,1.234271032596547e+19,0.4,12.7,3.704160156043611e-12,6.761610444785277,3.889140488506497e-12,7.593300644550108e-12,9.68100770961623,22.327331634530946,-3.0189922903837694,9.627331634530947
UGCA444,calibration_24,low_mass_dwarf,5,1.4502684633009424e+19,0.47,14.1,3.766654495257417e-12,7.390981143679479,4.2741922125473065e-12,8.040846707804723e-12,10.798789931546219,24.308599044622223,-3.3012100684537806,10.208599044622224
UGCA444,calibration_24,low_mass_dwarf,6,1.697122669820252e+19,0.55,16.0,3.853294851383129e-12,8.086726189122498,4.815753581041104e-12,8.669048432424234e-12,12.12948416893187,26.453418422732444,-3.870515831068129,10.453418422732444
UGCA444,calibration_24,low_mass_dwarf,7,1.9131201005246476e+19,0.62,18.1,3.929105162993126e-12,8.669976969056677,5.326911109968531e-12,9.256016272961656e-12,13.307092388116263,28.23032283442041,-4.792907611883738,10.130322834420408
UGCA444,calibration_24,low_mass_dwarf,8,2.129117531229043e+19,0.69,21.2,4.0049154746031234e-12,9.234140863159926,5.857559051706305e-12,9.862474526309428e-12,14.490813439991992,29.931098657395914,-6.709186560008007,8.731098657395915
UGCA444,calibration_24,low_mass_dwarf,9,2.345114961933439e+19,0.76,21.6,4.080725786213121e-12,9.782520685792585,6.408567063459758e-12,1.0489292849672879e-11,15.683940066791031,31.567714264153594,-5.91605993320897,9.967714264153592
UGCA444,calibration_24,low_mass_dwarf,10,2.5611123926378344e+19,0.83,23.3,4.156536097823118e-12,10.317633503173726,6.980921244293638e-12,1.1137457342116756e-11,16.889132606907452,33.14936310215372,-6.410867393092548,9.84936310215372
UGCA444,calibration_24,low_mass_dwarf,11,2.7771098233422303e+19,0.9,24.5,4.210519885901976e-12,10.813452795715245,7.49897224854981e-12,1.1709492134451787e-11,18.032899276859123,34.6361798334153,-6.467100723140877,10.136179833415298
UGCA444,calibration_24,low_mass_dwarf,12,2.993107254046626e+19,0.9700000000000001,24.4,4.255108779069604e-12,11.285387433930088,7.99533427259292e-12,1.2250443051662523e-11,19.148600461447877,36.05762218413683,-5.251399538552121,11.657622184136834
UGCA444,calibration_24,low_mass_dwarf,13,3.209104684751022e+19,1.04,25.3,4.299697672237232e-12,11.746565431218423,8.501524720546704e-12,1.2801222392783936e-11,20.26831585288295,37.43847423462197,-5.031684147117051,12.13847423462197
UGCA444,calibration_24,low_mass_dwarf,14,3.425102115455418e+19,1.11,25.4,4.344286565404861e-12,12.198206878600125,9.033213807851643e-12,1.3377500373256503e-11,21.405444360710312,38.7829853280001,-3.994555639289686,13.382985328000103
UGCA444,calibration_24,low_mass_dwarf,15,3.6719563219747267e+19,1.19,25.9,4.3952453004535785e-12,12.703994949475627,9.622040174865519e-12,1.4017285475319098e-11,22.687190222242698,40.279629715436805,-3.2128097777573004,14.379629715436806
UGCA444,calibration_24,low_mass_dwarf,16,3.8879537526791225e+19,1.26,26.7,4.4398341936212065e-12,13.138443596698453,1.0162966760780513e-11,1.460280095440172e-11,23.827508214308192,41.55762065211717,-2.872491785691807,14.857620652117173
UGCA444,calibration_24,low_mass_dwarf,17,4.1039511833835184e+19,1.33,27.1,4.449526416838924e-12,13.513193258398374,1.063159530684923e-11,1.5081121723688155e-11,24.87814047405491,42.72090489726271,-2.221859525945092,15.620904897262712
UGCA444,calibration_24,low_mass_dwarf,18,4.3199486140879135e+19,1.4,28.6,4.448374256566231e-12,13.862448630958976,1.1091055605814063e-11,1.5539429862380294e-11,25.909368671912112,43.82773652810387,-2.690631328087889,15.227736528103868
UGCA444,calibration_24,low_mass_dwarf,19,4.566802820607223e+19,1.48,28.9,4.4470575019688676e-12,14.250906898648218,1.1592963946444384e-11,1.6040021448413252e-11,27.065035598205668,45.059051577404155,-1.8349644017943305,16.159051577404156
UGCA444,calibration_24,low_mass_dwarf,20,4.782800251311619e+19,1.55,30.4,4.445905341696175e-12,14.582138795654133,1.2047510860898847e-11,1.649341620259502e-11,28.086422904805552,46.10918259704076,-2.3135770951944465,15.709182597040758
UGCA444,calibration_24,low_mass_dwarf,21,4.998797682016015e+19,1.62,30.8,4.444753181423482e-12,14.905845128818765,1.2506229982242121e-11,1.6950983163665603e-11,29.10919705976517,47.135645582132106,-1.690802940234832,16.335645582132106
UGCA444,calibration_24,low_mass_dwarf,22,5.21479511272041e+19,1.69,30.5,4.443601021150789e-12,15.222505998677274,1.2958540108315313e-11,1.7402141129466103e-11,30.12450837985753,48.13995449211847,-0.3754916201424692,17.63995449211847
UGCA444,calibration_24,low_mass_dwarf,23,5.399935767609893e+19,1.7500000000000002,33.0,4.424173112094604e-12,15.456471340541356,1.3310317482852226e-11,1.773449059494683e-11,30.945938357722266,48.930606834680646,-2.054061642277734,15.930606834680646
UGCA444,calibration_24,low_mass_dwarf,24,5.646789974129202e+19,1.83,32.1,4.392040495236489e-12,15.74831109499392,1.371592828517613e-11,1.8107968780412618e-11,31.976850464215293,49.94065035397744,-0.12314953578470877,17.840650353977438
UGCA444,calibration_24,low_mass_dwarf,25,5.862787404833597e+19,1.9,32.9,4.363924455485638e-12,15.99523720776485,1.4078469736860915e-11,1.8442394192346552e-11,32.8821891585499,50.800939866406935,-0.0178108414500997,17.900939866406937
UGCA444,calibration_24,low_mass_dwarf,26,6.078784835537993e+19,1.97,34.2,4.3358084157347865e-12,16.234668597592815,1.4439704847476774e-11,1.877551326321156e-11,33.783473075433335,51.64041609211401,-0.41652692456666784,17.440416092114006
UGCA444,calibration_24,low_mass_dwarf,27,6.294782266242389e+19,2.04,32.6,4.307692375983935e-12,16.466932190536046,1.4799647280363055e-11,1.910733965634699e-11,34.680908699721655,52.46004901539615,2.080908699721654,19.86004901539615
UGCA444,calibration_24,low_mass_dwarf,28,6.510779696946784e+19,2.11,33.7,4.279576336233085e-12,16.692327195894606,1.5166555465966025e-11,1.944613180219911e-11,35.58222591714986,53.260725608226245,1.88222591714986,19.560725608226242
UGCA444,calibration_24,low_mass_dwarf,29,6.757633903466094e+19,2.19,33.8,4.234427555696634e-12,16.915883427165912,1.5495392300603177e-11,1.972981985629981e-11,36.51395617708525,54.10994263708084,2.713956177085251,20.309942637080844
UGCA444,calibration_24,low_mass_dwarf,30,6.973631334170489e+19,2.26,34.9,4.19169609666192e-12,17.097176153681545,1.5768295934723187e-11,1.9959992031385107e-11,37.30866197813323,54.8215829677272,2.4086619781332317,19.921582967727204
UGCA444,calibration_24,low_mass_dwarf,31,7.1896287648748855e+19,2.33,36.1,4.1489646376272044e-12,17.271223321795492,1.6036609450778473e-11,2.018557408840568e-11,38.095509459976334,55.5144543242757,1.9955094599763328,19.414454324275695
UGCA444,calibration_24,low_mass_dwarf,32,7.405626195579281e+19,2.4,37.2,4.106233178592489e-12,17.438241881721137,1.630712136250698e-11,2.041335454109947e-11,38.881058772776946,56.18917908306125,1.681058772776943,18.989179083061245
UGCA444,calibration_24,low_mass_dwarf,33,7.65248040209859e+19,2.48,37.6,4.057397225409958e-12,17.620769776311956,1.6595652996416292e-11,2.065305022182625e-11,39.75513326176676,56.93880640186058,2.155133261766757,19.33880640186058
UGCA444,calibration_24,low_mass_dwarf,34,7.868477832802986e+19,2.55,35.6,4.0146657663752425e-12,17.773381385891824,1.684882453550626e-11,2.0863490301881504e-11,40.51714587125488,57.57652019039376,4.917145871254881,21.976520190393757
UGCA444,calibration_24,low_mass_dwarf,35,8.084475263507382e+19,2.62,38.3,3.965178486166827e-12,17.904297636826573,1.704105965749449e-11,2.1006238143661317e-11,41.209757661478086,58.171751662782,2.909757661478089,19.871751662782003
