galaxy,subset,class,radial_index,radius_m,radius_kpc,v_obs_kms,g_N,A_B,C_B,nu_B,S_Psi,alpha_B,S_rad,sin_alpha_B_S_rad
CamB,calibration_24,low_mass_dwarf,0,4.937084130386187e+18,0.16,1.99,6.148145659007936e-12,0.3806060721457841,0.28012478584109346,0.3961831726471053,0.029655982188291317,0.41141822051771276,0.4739769442938754,0.18954793316190774
CamB,calibration_24,low_mass_dwarf,1,1.2651278084114604e+19,0.41,4.84,5.70815781802067e-12,0.2619071153401308,0.2942375233484085,0.3571187055459792,0.050469789266831905,0.41143525176392504,0.48762000236900865,0.1950115348972437
CamB,calibration_24,low_mass_dwarf,2,1.758836221450079e+19,0.57,6.79,5.259267259707299e-12,0.24319642366247554,0.24304068907720322,0.3246677250979569,0.06470510153655752,0.4700030401045518,0.5589481608861955,0.2531414713091267
CamB,calibration_24,low_mass_dwarf,3,2.252544634488698e+19,0.73,8.87,4.792390281915354e-12,0.23064145329482216,0.18536857351271396,0.2914158173012732,0.07750656030522943,0.530723927262103,0.6492691350771667,0.3286326488631627
CamB,calibration_24,low_mass_dwarf,4,2.7771098233422303e+19,0.9,10.9,4.33280243325817e-12,0.21516304989336896,0.13473340724553234,0.2586389716608432,0.08857818006968045,0.5819647722721373,0.7415794951740933,0.4076212843947591
CamB,calibration_24,low_mass_dwarf,5,3.2708182363808494e+19,1.06,12.9,3.985163034012146e-12,0.19561530546424705,0.11185422778150515,0.23373526563784153,0.09806432504880813,0.6141603162083216,0.7927430547648806,0.45683601215212677
CamB,calibration_24,low_mass_dwarf,6,3.764526649419468e+19,1.22,14.7,3.6375236347661213e-12,0.17606756103512516,0.08897504831747799,0.20883155961483985,0.10868391740680546,0.6501905340945421,0.8433068557171696,0.510485749395789
CamB,calibration_24,low_mass_dwarf,7,4.535946044792309e+19,1.47,16.8,3.1656193582872613e-12,0.14997778181677424,0.0660806737019978,0.17689556472541515,0.12087368352208482,0.6873971726940785,0.8953402884710555,0.5681181317014683
CamB,calibration_24,low_mass_dwarf,8,5.5233628708695474e+19,1.79,20.1,2.6251629069548245e-12,0.11998285223792321,0.044639745664856345,0.14106903477016047,0.13150896137841364,0.716100099218377,0.940757792788794,0.6175582867875844
D512-2,calibration_24,low_mass_dwarf,0,2.962250478231712e+19,0.96,22.9,4.774453353303694e-12,0.20234868727448505,0.18935657567781358,0.2809063207881382,0.07681924463262092,0.508710033896106,0.6527779071943817,0.31793615218849697
D512-2,calibration_24,low_mass_dwarf,1,5.924500956463424e+19,1.92,33.5,4.014561614298211e-12,0.14807171171510208,0.07954566516786735,0.18496736016104845,0.12126804448980097,0.6815064794419214,0.8717381065018078,0.5491633694312705
D512-2,calibration_24,low_mass_dwarf,2,8.886751434695138e+19,2.8800000000000003,37.2,2.885246433146305e-12,0.09219221479040254,0.033012376841145094,0.11110904798427665,0.14584326002285708,0.7525340413131134,0.964618062556905,0.6593074741696099
D512-2,calibration_24,low_mass_dwarf,3,1.1818145137111936e+20,3.83,35.9,1.986341470006039e-12,0.0533816466248065,0.013628888202664337,0.06280202026192698,0.1590667731279533,0.7825058342250782,0.9915134213389425,0.6990751051782232
D564-8,external_151,low_mass_dwarf,0,1.5736955665605972e+19,0.51,8.54,2.437481633862661e-12,0.14992381820649223,0.1305033246899171,0.21819240663123549,0.03319696340025328,0.2995154923556596,0.7783625516929734,0.22966155616257153
D564-8,external_151,low_mass_dwarf,1,3.1473911331211944e+19,1.02,15.1,2.0054378990947623e-12,0.11100932796503396,0.06251953774940264,0.1472422623550105,0.05438093704663076,0.3904355502424871,0.9157046426493659,0.3485091502318846
D564-8,external_151,low_mass_dwarf,2,4.721086699681792e+19,1.53,19.8,1.5766737312670195e-12,0.07686202091256604,0.03168618413424777,0.09758492675231092,0.06791644400916531,0.4389385840485595,0.9700064879944478,0.4122322975031901
D564-8,external_151,low_mass_dwarf,3,6.294782266242389e+19,2.04,21.9,1.187405965229376e-12,0.05130970622921846,0.015973789915722583,0.0629247319466086,0.07652360239356248,0.46558626822921445,0.9900485620390679,0.44447907787223756
D564-8,external_151,low_mass_dwarf,4,7.8993346086179e+19,2.56,24.0,8.764152020439423e-13,0.03305888421808749,0.008000282512257291,0.03943734374030279,0.08183747079887957,0.47945959931507653,0.9968548244254869,0.45984890668731704
D564-8,external_151,low_mass_dwarf,5,9.473030175178496e+19,3.07,25.0,6.586829948144516e-13,0.021907689324672013,0.004295965557173433,0.0255225600481072,0.08521100758872935,0.4880555165381895,0.9989047604758744,0.4683957498610658
D631-7,external_151,low_mass_dwarf,0,1.3885549116711152e+19,0.45,8.41,1.3490406587924605e-11,0.3582144419851318,0.8394933213005755,0.5442181796907931,0.07025841689231575,0.40094028503283796,0.17957592267278452,0.07008565068868888
D631-7,external_151,low_mass_dwarf,1,2.7771098233422303e+19,0.9,17.8,1.2154924554819001e-11,0.36460266748380477,0.47113132901450394,0.4543811198924286,0.12177548601623908,0.6399710665635019,0.31839713188928476,0.19013792646219638
D631-7,external_151,low_mass_dwarf,2,4.165664735013346e+19,1.35,26.0,1.0492632052283392e-11,0.3360619252229549,0.27757101112213034,0.37935552374942527,0.16060666212698846,0.7939848919756985,0.4870965771302078,0.34737407965284184
D631-7,external_151,low_mass_dwarf,3,5.554219646684461e+19,1.8,30.9,8.59719832279852e-12,0.29119817686876903,0.16191234754363956,0.31088533903527193,0.18995855139507412,0.8887888701011285,0.6651758963537696,0.5163819538181991
D631-7,external_151,low_mass_dwarf,4,6.942774558355576e+19,2.25,34.7,6.870810144404378e-12,0.23469172244549663,0.09495389875684931,0.24707954982404,0.21162498602809324,0.9416460177840204,0.8099712872250324,0.654884309043615
D631-7,external_151,low_mass_dwarf,5,8.300472694211777e+19,2.69,38.8,5.461812726762933e-12,0.18093331229269202,0.056410034889917214,0.1911900824167277,0.22761116806190107,0.9715349467726498,0.9026489560712034,0.7453645833082715
D631-7,external_151,low_mass_dwarf,6,9.689027605882893e+19,3.14,42.5,4.309065443512687e-12,0.13447548364972395,0.0331003040941261,0.1430971738388912,0.23928602310440464,0.9888558731837119,0.9547764412877819,0.7976180056046586
D631-7,external_151,low_mass_dwarf,7,1.1077582517554007e+20,3.59,45.6,3.4060722455462483e-12,0.09839240878316213,0.019287234913856206,0.10503004320149117,0.247632971980961,0.9990662396448398,0.9801448229261867,0.824268574234272
D631-7,external_151,low_mass_dwarf,8,1.2466137429225123e+20,4.04,48.8,2.7044206364193227e-12,0.07167932851389454,0.011081801440731622,0.07629129925240184,0.2535820531941885,1.0052987625970393,0.9916164281914837,0.837243657256857
D631-7,external_151,low_mass_dwarf,9,1.3854692340896239e+20,4.49,51.8,2.1600380054275e-12,0.05239948153654349,0.006210417992111593,0.05528991147103936,0.2578350150461228,1.0092443377461953,0.996578015576529,0.8435332265689853
D631-7,external_151,low_mass_dwarf,10,1.5243247252567356e+20,4.940000000000001,54.8,1.7366326465068952e-12,0.03863340107456759,0.0033306017221934135,0.04023654572241912,0.26089971231111775,1.011833603260529,0.998661674430855,0.8466710020893159
D631-7,external_151,low_mass_dwarf,11,1.6631802164238467e+20,5.39,56.6,1.4057038926076185e-12,0.02881517362218527,0.0016434229138193191,0.029540275629205914,0.26313364303934794,1.0135925873510627,0.9995147639098738,0.8483252938309813
D631-7,external_151,low_mass_dwarf,12,1.8020357075909584e+20,5.84,58.4,1.1454066749129257e-12,0.021775810244112827,0.0006705761042232772,0.021945184587793813,0.2647844857195851,1.0148273206593663,0.9998528624887596,0.8492644529952507
D631-7,external_151,low_mass_dwarf,13,1.94089119875807e+20,6.29,58.5,9.391999199980958e-13,0.01668128845150274,0.000124493760735956,0.01652421533955659,0.266022658410252,1.0157209693437992,0.9999794288060745,0.8498432461028479
D631-7,external_151,low_mass_dwarf,14,2.0797466899251816e+20,6.74,57.7,7.746218651999046e-13,0.012936173178157442,0.0001778114865852724,0.012942957063187412,0.26698957580542393,1.0162676443498475,0.9999769864652728,0.8501291385632338
D631-7,external_151,low_mass_dwarf,15,2.218602181092293e+20,7.19,57.3,6.422888580308303e-13,0.010160398518648119,0.00031186275846240865,0.010363219838237521,0.2677619366017428,1.0167223950255344,0.9999676820212325,0.8503605783881524
DDO064,external_151,low_mass_dwarf,0,3.0856775814913674e+18,0.1,6.29,6.926730896047417e-12,0.4613452206802807,0.40602793286241334,0.4637125887330725,0.02782118225432122,0.420224618004032,0.34688465546004266,0.14151698543097296
DDO064,external_151,low_mass_dwarf,1,9.257032744474102e+18,0.3,13.9,6.771216583157368e-12,0.40121294140364444,0.40437038179924084,0.44472973930573223,0.05247134746252337,0.4715094005319001,0.3573527578819894,0.1623208801757995
DDO064,external_151,low_mass_dwarf,2,1.51198201493077e+19,0.49,15.6,6.6234779859118225e-12,0.34408727609084,0.40279570828922695,0.42669603234975906,0.07497482646118477,0.5150193281599548,0.3678210563382242,0.18117087559772532
DDO064,external_151,low_mass_dwarf,3,2.129117531229043e+19,0.69,18.4,6.432531065538359e-12,0.31141436400835193,0.38028079675503945,0.40827252440235295,0.09604324328696165,0.5715171145192963,0.3917601850127653,0.21190648745826052
DDO064,external_151,low_mass_dwarf,4,2.7462530475273167e+19,0.89,22.5,6.203166085166248e-12,0.3085144686840423,0.33515114182766714,0.39045548648529665,0.11531357059994314,0.6430371969674668,0.43315994984896483,0.25973518352993197
DDO064,external_151,low_mass_dwarf,5,3.3633885638255903e+19,1.09,26.5,5.973801104794138e-12,0.30561457335973263,0.29002148690029483,0.3726384485682403,0.132953624051482,0.7075544183967382,0.4806001959861241,0.31237916382029984
DDO064,external_151,low_mass_dwarf,6,3.980524080123864e+19,1.29,35.3,5.782043038179704e-12,0.2992018440648202,0.2566765838905626,0.3569255120942535,0.14880382378221996,0.7590018124760861,0.5218813876378117,0.35915750789137924
DDO064,external_151,low_mass_dwarf,7,4.566802820607223e+19,1.48,40.5,5.634256899698026e-12,0.28989796493522646,0.2357737320904619,0.34392200371117326,0.16353783794769752,0.799498819800228,0.5522183943767377,0.3959443577763108
DDO064,external_151,low_mass_dwarf,8,5.183938336905496e+19,1.6799999999999997,44.2,5.4786925434015235e-12,0.2801044079567067,0.2137707301956191,0.3302341001500362,0.17755803189389802,0.8368066679652046,0.5861857655013396,0.43524755968438866
DDO064,external_151,low_mass_dwarf,9,5.80107385320377e+19,1.88,46.3,5.322317373592316e-12,0.2706238738325087,0.19549541915869573,0.31770668083431214,0.1906098220251401,0.8690362989138134,0.616864327747424,0.47110370517804506
DDO064,external_151,low_mass_dwarf,10,6.418209369502044e+19,2.08,46.4,5.165096137508982e-12,0.2614699722519506,0.18110987249525348,0.30639020160075825,0.2025097232234839,0.896101959290098,0.643126974537546,0.5022165061599861
DDO064,external_151,low_mass_dwarf,11,7.004488109985404e+19,2.27,46.3,5.015735963229815e-12,0.25277376575042054,0.16744360316498338,0.2956395463288821,0.21083453727772333,0.9151339128910101,0.668883118456729,0.530186350132898
DDO064,external_151,low_mass_dwarf,12,7.31305586813454e+19,2.37,46.4,4.937125345188148e-12,0.2481968149601415,0.16025082983326228,0.2899813067121052,0.2301334317708318,0.9518971597096442,0.682734854047233,0.5560995452104834
DDO064,external_151,low_mass_dwarf,13,9.195319192844273e+19,2.9799999999999995,46.9,4.499150961210321e-12,0.22139567637305846,0.12957202364745804,0.2597749968617803,0.25806275189924854,1.0027196170505177,0.748169386422784,0.6306598724103067
DDO154,calibration_24,low_mass_dwarf,0,1.51198201493077e+19,0.49,13.8,6.76614493740483e-12,0.34901366609641726,0.22817904107359455,0.35972662066750194,0.0525817313815299,0.4959444561674748,0.5492028790114327,0.2613450721262396
DDO154,calibration_24,low_mass_dwarf,1,3.0548208056764535e+19,0.99,21.6,5.491960116729266e-12,0.24412793446744782,0.17979626144923938,0.2970984176885861,0.09163507253231856,0.5923367748191948,0.6518174619193707,0.36391048641799617
DDO154,calibration_24,low_mass_dwarf,2,4.566802820607223e+19,1.48,28.9,4.083340700967628e-12,0.227315610679304,0.1334615280587319,0.26428512037262925,0.12345179925655342,0.7068373329296149,0.7392518546054792,0.4800938613882216
DDO154,calibration_24,low_mass_dwarf,3,6.078784835537993e+19,1.97,34.3,3.311607029090547e-12,0.2062933393637833,0.10886472801406423,0.2393216149715012,0.1506657812636347,0.7860395337281683,0.7933128013355599,0.5613165271130836
DDO154,calibration_24,low_mass_dwarf,4,7.621623626283678e+19,2.4700000000000006,38.2,3.0055188105346104e-12,0.18165992001130418,0.10019674107947502,0.21978197749856532,0.1742106208243476,0.839800959631674,0.819528123307279,0.6101470905673289
DDO154,calibration_24,low_mass_dwarf,5,9.133605641214447e+19,2.96,42.0,2.8584448913353543e-12,0.1676789159340897,0.09127267094452192,0.20551679231474165,0.19507604427178918,0.8866648483460239,0.8420480637475335,0.6525605102392736
DDO154,calibration_24,low_mass_dwarf,6,1.067644443196013e+20,3.46,44.6,2.7351386156681858e-12,0.15530198406017393,0.08229823214197278,0.19193793357264008,0.21363258090222534,0.9253052313179844,0.863586550524993,0.6898367577222353
DDO154,calibration_24,low_mass_dwarf,7,1.21884264468909e+20,3.9499999999999997,46.3,2.6332550193350665e-12,0.14497688914719065,0.0744692634922827,0.1798389855427842,0.23009498022449307,0.9571785955602804,0.8818927218238253,0.7210091896468189
DDO154,calibration_24,low_mass_dwarf,8,1.3700408461821672e+20,4.44,47.4,2.5290527004524956e-12,0.13507295412391174,0.06718293360788885,0.16814547747571865,0.24502332377991737,0.9840709868638124,0.8985007992607426,0.7482338308577687
DDO154,calibration_24,low_mass_dwarf,9,1.5243247252567356e+20,4.940000000000001,48.2,2.4197892653478408e-12,0.12549991121856988,0.060434658082394344,0.15672644473889485,0.258425834183784,1.0066813376156047,0.9134780193155722,0.771945670108008
DDO154,calibration_24,low_mass_dwarf,10,1.6755229267498123e+20,5.43,47.4,2.3079766952770064e-12,0.11668963331292317,0.05462093670445531,0.14616442832748067,0.270383260107557,1.0256430726225476,0.9260662250609053,0.7918309171037698
DDO154,calibration_24,low_mass_dwarf,11,1.8267211282428894e+20,5.92,45.5,2.194481012393653e-12,0.1080920366192602,0.049101549634719105,0.13583672228486657,0.2811551956637942,1.0418890254157027,0.9374725183316002,0.8093752899224449
DDO161,calibration_24,low_mass_dwarf,0,1.8514065488948204e+19,0.6,16.0,9.296874912359513e-12,0.41180875567764325,0.3211389985561863,0.4187092649769739,0.016518576894961813,0.3690120941381012,0.4265049377395982,0.15383785902181374
DDO161,calibration_24,low_mass_dwarf,1,2.252544634488698e+19,0.73,16.6,9.184791827075826e-12,0.3986310794722757,0.31251098110636666,0.41092825165332786,0.031613860758438514,0.4213857427119378,0.43779081962042893,0.17906755087958906
DDO161,calibration_24,low_mass_dwarf,2,2.622825944267662e+19,0.85,18.6,9.081330517583192e-12,0.38646707066732106,0.3045466573065332,0.4037457778161161,0.04600069287916902,0.4698817927022946,0.4485120962571673,0.20307770716733228
DDO161,calibration_24,low_mass_dwarf,3,3.02396402986154e+19,0.98,20.0,8.969247432299506e-12,0.3732893944619535,0.2959186398567136,0.3959647644924701,0.058077798500968066,0.508160081929796,0.46046164462443584,0.22404711854135181
DDO161,calibration_24,low_mass_dwarf,4,3.301675012195763e+19,1.07,21.4,8.89165145018003e-12,0.3641663878582375,0.28994539700683847,0.39057790911456125,0.08709508719117126,0.6022344135949261,0.46894138614564423,0.2656483565421273
DDO161,calibration_24,low_mass_dwarf,5,4.751943475496705e+19,1.54,28.9,8.486427988000547e-12,0.3165240200388318,0.25875179545749066,0.3624465532521486,0.1293203227303463,0.7147833791486801,0.5160392842735111,0.33823992653332724
DDO161,calibration_24,low_mass_dwarf,6,6.2330687146125615e+19,2.02,32.9,8.019018264566326e-12,0.2842505269429711,0.23086241491748669,0.33954698506758424,0.16548116871245663,0.803847076843625,0.5605738219058308,0.4036305632555787
DDO161,calibration_24,low_mass_dwarf,7,7.683337177913505e+19,2.49,35.2,7.488185515349392e-12,0.27502539431658346,0.20897361536650388,0.325087808298484,0.19707205429337518,0.8783195599429326,0.5954692840194442,0.4583131151014069
DDO161,calibration_24,low_mass_dwarf,8,9.133605641214447e+19,2.96,37.6,6.957352766132458e-12,0.2658002616901959,0.1870848158155211,0.3106286315293838,0.22510129887319638,0.9373563168055775,0.6324554628005508,0.5097566158839892
DDO161,calibration_24,low_mass_dwarf,9,1.0583874104515389e+20,3.43,40.6,6.426520016915523e-12,0.25657512906380825,0.16519601626453834,0.29616945476028356,0.2500621213674936,0.9852022304028125,0.6714743601203543,0.5595959069640537
DDO161,calibration_24,low_mass_dwarf,10,1.2034142567816331e+20,3.9,42.7,6.077387507889743e-12,0.24748305960585848,0.15092578260672684,0.28469665301552693,0.2725857249008387,1.0221676061992195,0.6994569023982314,0.5968049365109452
DDO161,calibration_24,low_mass_dwarf,11,1.3484411031117275e+20,4.37,45.5,5.873941243650183e-12,0.23849767945832828,0.14276407282574027,0.27561831020138183,0.29356328295057177,1.0516588822926296,0.7176257881341601,0.6230767559296505
DDO161,calibration_24,low_mass_dwarf,12,1.4996393046048044e+20,4.86,48.9,5.661837691570642e-12,0.22912994270877557,0.13425505624556278,0.2661536549270604,0.3128971934731712,1.076862770979198,0.7367433681691387,0.6486839727507279
DDO161,calibration_24,low_mass_dwarf,13,1.64775182851639e+20,5.339999999999999,51.5,5.4540627834110914e-12,0.21995338426023409,0.12591969306498074,0.2568821558828271,0.33022442274781993,1.0980073812575153,0.7555922008421037,0.67270505661407
DDO161,calibration_24,low_mass_dwarf,14,1.792778674846484e+20,5.81,53.0,5.295203035916856e-12,0.21288998780609109,0.11967917518100121,0.24942456031529564,0.34606786714513776,1.1159123479284485,0.7701138786700513,0.6918025455442615
DDO161,calibration_24,low_mass_dwarf,15,1.9378055211765786e+20,6.28,55.0,5.1514125048635e-12,0.2064761776032564,0.11408797593937779,0.24251474001342763,0.36076986854078547,1.1315483544679381,0.7832815396627899,0.708925974745275
DDO161,calibration_24,low_mass_dwarf,16,2.082832367506673e+20,6.75,57.6,5.007621973810143e-12,0.20006236740042171,0.10849677669775439,0.2356049197115596,0.3744334181058155,1.1453966526259067,0.7964169243170739,0.7254353629822746
DDO161,calibration_24,low_mass_dwarf,17,2.227859213836767e+20,7.22,59.7,4.863831442756787e-12,0.19364855719758706,0.10290557745613096,0.22869509940969163,0.3871489271960538,1.1577462189643326,0.8094937343165954,0.7414159242193962
DDO161,calibration_24,low_mass_dwarf,18,2.3728860601668613e+20,7.6899999999999995,60.5,4.732936706960303e-12,0.18793033225230044,0.09839788233608038,0.22246872437887447,0.3990318633777871,1.1685989299661599,0.8204088087313806,0.7549426998275948
DDO161,calibration_24,low_mass_dwarf,19,2.5179129064969555e+20,8.16,61.8,4.603868042430167e-12,0.18231060361738502,0.09404361363944629,0.21633912661124488,0.4102697355848094,1.1784548842850722,0.8309422054694678,0.767804172138915
DDO161,calibration_24,low_mass_dwarf,20,2.6660254304085413e+20,8.64,62.9,4.472053236101517e-12,0.17657130628810966,0.0895967009279902,0.21007911186983594,0.42078737941446515,1.1873960848638456,0.8415921905899855,0.7804909566447115
DDO161,calibration_24,low_mass_dwarf,21,2.8110522767386352e+20,9.11,63.0,4.343112803879439e-12,0.17096330528754358,0.08526267990856239,0.20396095905662606,0.430543872370618,1.1954424220478383,0.8518594450065711,0.7925512339586448
DDO161,calibration_24,low_mass_dwarf,22,2.9560791230687294e+20,9.579999999999998,64.5,4.219013703708949e-12,0.16579807392065812,0.08169309750927245,0.19827490346992785,0.43971838063081237,1.2026318907548987,0.8606022987183913,0.802932945252694
DDO161,calibration_24,low_mass_dwarf,23,3.101105969398824e+20,10.05,65.6,4.094914603538458e-12,0.16063284255377264,0.0781235151099825,0.19258884788322958,0.4483511204877348,1.2092311698574405,0.8692196627604133,0.8130196683997059
DDO161,calibration_24,low_mass_dwarf,24,3.246132815728918e+20,10.52,67.5,3.970815503367968e-12,0.1554676111868872,0.07455393271069258,0.1869027922965314,0.4564783731735972,1.2153079592516414,0.8776985198631058,0.822821846307161
DDO161,calibration_24,low_mass_dwarf,25,3.391159662059013e+20,10.99,66.8,3.847556371215592e-12,0.15036429709207574,0.07107712502766377,0.18127590036001806,0.46413540352261323,1.2209003553103277,0.8858606640987888,0.8321849304049485
DDO161,calibration_24,low_mass_dwarf,26,3.536186508389107e+20,11.46,66.8,3.728898588792949e-12,0.14560016617683705,0.06810853778444673,0.1759731072462186,0.47144072314828017,1.2260206413880181,0.8929745767962206,0.8404241761211513
DDO161,calibration_24,low_mass_dwarf,27,3.6842990323006924e+20,11.94,66.6,3.607716172701738e-12,0.14073467077404006,0.06507678911052295,0.17055748874701912,0.4783336155565405,1.230776162306254,0.9000954069288746,0.8485630913517286
DDO161,calibration_24,low_mass_dwarf,28,3.8293258786307867e+20,12.41,66.8,3.489058390279095e-12,0.13597053985880134,0.0621082018673059,0.16525469563321965,0.4849105138919183,1.2352316549979767,0.9069170125561474,0.8563332739680687
DDO161,calibration_24,low_mass_dwarf,29,3.9805240801238634e+20,12.899999999999999,66.3,3.3680311840735497e-12,0.13114634764586391,0.05918268440101317,0.15986168856293978,0.49111687320081104,1.2393595771508399,0.913567023223729,0.8638468675130738
DDO161,calibration_24,low_mass_dwarf,30,4.1255509264539576e+20,13.37,66.1,3.2571015666787097e-12,0.12679364349226488,0.05670259368271546,0.15494946976093135,0.4968704298208673,1.2430644309137697,0.9192356199231396,0.870309187186279
DDO168,external_151,low_mass_dwarf,0,1.2651278084114604e+19,0.41,15.0,9.221693208564066e-12,0.46109479265635045,0.6302298700446042,0.5211041401969256,0.06184886496228813,0.4719906927102596,0.23341831612665212,0.10612602420798195
DDO168,external_151,low_mass_dwarf,1,2.530255616822921e+19,0.82,23.4,9.263101117898763e-12,0.39237633751739437,0.6073342382149559,0.49957945680440974,0.11496615395227262,0.5925616494106483,0.24788571529314612,0.13844114130400903
DDO168,external_151,low_mass_dwarf,2,3.826240201049295e+19,1.24,29.2,9.371981642494374e-12,0.39299998816253023,0.5165021209174763,0.4755720901790513,0.15971063817018363,0.7278426276014685,0.2893233939939135,0.19247541581840982
DDO168,external_151,low_mass_dwarf,3,5.060511233645842e+19,1.64,36.2,9.439928798610688e-12,0.38901704921912517,0.44460682207610813,0.45422265336931195,0.1984168472368355,0.8299802884853277,0.331180121144217,0.24438379520215753
DDO168,external_151,low_mass_dwarf,4,6.356495817872216e+19,2.06,44.0,9.463582632305161e-12,0.3787291241551583,0.3886093190375668,0.43382647151840814,0.2325904276984473,0.9067330840791656,0.3723160531407041,0.2931968345846755
DDO168,external_151,low_mass_dwarf,5,7.621623626283678e+19,2.4700000000000006,52.1,9.343776303158171e-12,0.3675027134572518,0.34362698320698815,0.415181902225598,0.26267362804244737,0.9659141470587461,0.4120861496091697,0.33896933469876306
DDO168,external_151,low_mass_dwarf,6,8.917608210510052e+19,2.89,52.9,9.148594891495464e-12,0.35540245082974475,0.30245652239164844,0.39672448115257186,0.28929537505502667,1.013755474393629,0.45456217640638663,0.38584294734373653
DDO168,external_151,low_mass_dwarf,7,1.0182736018921511e+20,3.3,54.8,8.862186545590894e-12,0.3418217573300635,0.271329920959583,0.37972877752267703,0.31275957509031216,1.0503989932737392,0.49253373239553216,0.42733294635001645
DDO168,external_151,low_mass_dwarf,8,1.1447863827332973e+20,3.71,55.0,8.560013844681746e-12,0.3279608248592565,0.24192470702669436,0.3629305518896465,0.33378200850343365,1.0812032355655874,0.5324760683414309,0.46992306274950424
DDO168,external_151,low_mass_dwarf,9,1.2712991635744432e+20,4.12,52.0,8.214575906426355e-12,0.31337708184892227,0.21825742142392673,0.3468032220411099,0.35270272850501283,1.1060098530667708,0.5691766581824536,0.5087968588182828
DDO170,calibration_24,low_mass_dwarf,0,5.7702170773888565e+19,1.87,27.7,4.948604569666679e-12,0.1956993619071251,0.143537828503415,0.25278392938560074,0.10412042010613794,0.6223362342364817,0.7337615471065702,0.4277352756350685
DDO170,calibration_24,low_mass_dwarf,1,1.0367876673810992e+20,3.3599999999999994,42.4,4.410008817851718e-12,0.16507635077811925,0.09596284652673878,0.20677472375544137,0.1746508503384176,0.8360354058068248,0.8344271903250027,0.6191375116990925
DDO170,calibration_24,low_mass_dwarf,2,1.4996393046048044e+20,4.86,52.5,3.989907739707066e-12,0.13669987047983714,0.07111274605903564,0.17195802150936346,0.22536717594241595,0.9471703177902385,0.8910400010959295,0.7233162200243388
DDO170,calibration_24,low_mass_dwarf,3,1.959405264247018e+20,6.35,55.6,3.5731308620199107e-12,0.11536708131229659,0.055387534229214365,0.14580950037408724,0.2637299992025415,1.014616823061183,0.9252745609679877,0.7858156224762871
DDO170,calibration_24,low_mass_dwarf,4,2.422256901470723e+20,7.85,58.6,3.1906083880612337e-12,0.0983161327979595,0.04463164295150339,0.12505408026711615,0.29372842317567927,1.0592256452658722,0.9471367997043784,0.825881183575323
DDO170,calibration_24,low_mass_dwarf,5,2.8820228611129367e+20,9.34,59.0,2.8496175512474117e-12,0.08450559832891341,0.03675871826689978,0.10814876523523344,0.31768981079195463,1.0906352356252886,0.9617658637509249,0.8530098826152969
DDO170,calibration_24,low_mass_dwarf,6,3.341788820755151e+20,10.830000000000002,60.0,2.543166919944163e-12,0.07300906425047209,0.030675092566430737,0.09393450142049031,0.3372839512611895,1.113917738730951,0.9719925259653371,0.8722990190324983
DDO170,calibration_24,low_mass_dwarf,7,3.8046404579788554e+20,12.33,62.2,2.262913296227333e-12,0.06310922280915296,0.025723112266643432,0.08157262350457581,0.35346133271136393,1.1316977010695106,0.9794482208197384,0.8865330871967303
ESO079-G014,external_151,bulge_rich_hsb,0,1.2651278084114604e+19,0.41,33.2,3.8012076706168854e-11,0.5073804475726413,0.4545901077185063,0.4889596740732485,0.07918968570255068,0.5940661471041258,0.31029281842652706,0.17368179457650362
ESO079-G014,external_151,bulge_rich_hsb,1,3.02396402986154e+19,0.98,50.4,3.740504522210223e-11,0.4674659053973486,0.4417845942464766,0.47364846729284704,0.1569111171941092,0.7738745610339852,0.323362351805807,0.22600169709970783
ESO079-G014,external_151,bulge_rich_hsb,2,5.492506095054633e+19,1.78,53.9,3.6553071209377153e-11,0.41144549532676233,0.42381194375941744,0.45215905426772224,0.2339545768299916,0.9056435429209353,0.34289977096813207,0.2698012547886796
ESO079-G014,external_151,bulge_rich_hsb,3,8.300472694211777e+19,2.69,67.6,3.558395076990237e-11,0.3477222788714704,0.4033680538303876,0.4277148469516428,0.29061363139892,0.9797878758596616,0.36693678601951946,0.3046966725795038
ESO079-G014,external_151,bulge_rich_hsb,4,1.0367876673810992e+20,3.3599999999999994,81.7,3.455919263246594e-11,0.32118959348518283,0.3749963446983048,0.409324085277294,0.34081622118398375,1.0443698404458155,0.3944850426514051,0.34107495845109526
ESO079-G014,external_151,bulge_rich_hsb,5,1.35461245827471e+20,4.39,102.0,3.2552454862511753e-11,0.3086532426687823,0.3129192063119554,0.3805064997122945,0.3944768065487042,1.114602970729025,0.4564797003651053,0.40979823914238483
ESO079-G014,external_151,bulge_rich_hsb,6,1.7434078335426226e+20,5.65,116.0,3.00976106002377e-11,0.29331751254386507,0.23698018265486773,0.34525391931239213,0.4303082645431843,1.16450504379857,0.549999530995997,0.5052256319026619
ESO079-G014,external_151,bulge_rich_hsb,7,1.9563195866655267e+20,6.34,132.0,2.879313573188051e-11,0.2820329333060989,0.2050758610018139,0.32678798635415596,0.4499007393677397,1.1866806020735512,0.5987438557480722,0.5551134915318915
ESO079-G014,external_151,bulge_rich_hsb,8,2.126031853647552e+20,6.89,137.0,2.7789072346617815e-11,0.2704492170378894,0.18832777540319995,0.31282128435410217,0.4776377519474635,1.2086128492717247,0.6292753890990838,0.5884514065116604
ESO079-G014,external_151,bulge_rich_hsb,9,2.5734551029638e+20,8.34,154.0,2.5141996149107065e-11,0.23991032869442774,0.14417373155230864,0.2759999790812332,0.5118414331588369,1.2380719678530725,0.7153487895615305,0.6761162179120973
ESO079-G014,external_151,bulge_rich_hsb,10,3.0980202918173324e+20,10.04,163.0,2.2112671046696384e-11,0.20592928297752053,0.10576083645305548,0.23638830037015363,0.5390076495436573,1.2597836791810635,0.799996004020833,0.7616155275317331
ESO079-G014,external_151,bulge_rich_hsb,11,3.5948143824374425e+20,11.649999999999999,170.0,1.929087694396083e-11,0.17490676069864014,0.07787459594844154,0.20113666384020734,0.5599095391529675,1.274786260734669,0.8645774593005192,0.8269752459232533
ESO079-G014,external_151,bulge_rich_hsb,12,4.1224652488724664e+20,13.36,175.0,1.66972576570795e-11,0.14654159547014048,0.05850492682413064,0.16932497283801975,0.5765122406657004,1.2852478503024423,0.9098655757110117,0.8730226619740267
ESO079-G014,external_151,bulge_rich_hsb,13,4.647030437725999e+20,15.06,177.0,1.4240710832971094e-11,0.11973829072393069,0.04225737887188972,0.13939908766870274,0.5889056514007173,1.2928778679315507,0.9443705311577828,0.9081337131844768
ESO079-G014,external_151,bulge_rich_hsb,14,5.14382452834611e+20,16.67,178.0,1.2431473822107026e-11,0.10102246721687833,0.0335714207104747,0.11818357030897658,0.5985941990170058,1.2978763041582841,0.9618382002874756,0.9262385744415269
ESO116-G012,external_151,bulge_rich_hsb,0,7.714193953728418e+18,0.25,20.9,3.5564206294760495e-11,0.6688579286007054,0.9267160763559589,0.6101635416683154,0.09844977320031112,0.5789945215273601,0.15027462012011628,0.082227659563895
ESO116-G012,external_151,bulge_rich_hsb,1,2.5611123926378344e+19,0.83,40.0,3.290549741728754e-11,0.5641550695512307,0.7814996542142555,0.5639539817897607,0.17185686106173137,0.7303119095160846,0.1849352343385483,0.12337067016220057
ESO116-G012,external_151,bulge_rich_hsb,2,4.258235062458086e+19,1.38,51.5,3.0384307964511465e-11,0.4648678756250047,0.6437944263212608,0.5201345715600967,0.22442988029462302,0.8338814151420928,0.22995920577799112,0.17029520418408156
ESO116-G012,external_151,bulge_rich_hsb,3,5.708503525759029e+19,1.85,67.9,2.7720872120100617e-11,0.413139369329764,0.5331847367471421,0.48315561717890565,0.2786450730317871,0.9367458112815608,0.2796332996428534,0.22528224649992817
ESO116-G012,external_151,bulge_rich_hsb,4,8.269615918396865e+19,2.68,80.2,2.1990395089118496e-11,0.3886106052131505,0.35210950538191144,0.41879408748203095,0.32104966595285866,1.0421592631375125,0.40410346214037934,0.34894143166108493
ESO116-G012,external_151,bulge_rich_hsb,5,9.843311484957462e+19,3.1900000000000004,83.3,1.846925860020177e-11,0.3735387140089663,0.24084641141050472,0.37924664152371035,0.34699141135396333,1.1028889249399259,0.5226293473147784,0.4664540325102549
ESO116-G012,external_151,bulge_rich_hsb,6,1.1355293499888232e+20,3.68,91.4,1.6423376918998785e-11,0.3423411592143948,0.19778057546448238,0.34796041512507053,0.3678236239680634,1.1315583056716962,0.5923475409868273,0.5361195177775167
ESO116-G012,external_151,bulge_rich_hsb,7,1.2743848411559346e+20,4.13,102.0,1.475354295824894e-11,0.3110770562332317,0.16820934506536372,0.3202771788080412,0.3970193885079006,1.161526282779522,0.6498839994991767,0.5962110845178643
ESO116-G012,external_151,bulge_rich_hsb,8,1.6138093751199852e+20,5.23,105.0,1.1178517061365247e-11,0.24299412473083562,0.10926413611226975,0.259555535753103,0.42373573757776734,1.1918071707830875,0.7790582208076539,0.7237755512531053
ESO116-G012,external_151,bulge_rich_hsb,9,1.866834936802277e+20,6.05,109.0,9.364890638121659e-12,0.20625307049874214,0.08773400043116944,0.22596356768915216,0.44146489995113075,1.2067871588817263,0.8345525607607139,0.7798701561168602
ESO116-G012,external_151,bulge_rich_hsb,10,2.101346432995621e+20,6.81,108.0,7.938433359555687e-12,0.17731139040353264,0.07190267277653078,0.1991860827329704,0.45557547266250403,1.2179523984223304,0.8747221859390057,0.8208338222745132
ESO116-G012,external_151,bulge_rich_hsb,11,2.3327722516074735e+20,7.56,109.0,6.943572687987261e-12,0.1570422896217329,0.06296924579837523,0.17982869663837267,0.46771600100693955,1.226386152874812,0.8982815007133385,0.8455297094918066
ESO116-G012,external_151,bulge_rich_hsb,12,2.5672837478008177e+20,8.32,110.0,6.016863059284618e-12,0.1382002753028789,0.05476506779722495,0.16166992704209968,0.4783132811275542,1.2335479395172502,0.9186628370553257,0.8669133860586621
ESO116-G012,external_151,bulge_rich_hsb,13,2.8048809215756527e+20,9.09,111.0,5.371294157226937e-12,0.12522571310795866,0.04950951262716208,0.14852064438181858,0.4877435763508959,1.2395560584851801,0.931504736094201,0.8808678738135808
ESO116-G012,external_151,bulge_rich_hsb,14,3.042478095350488e+20,9.860000000000001,112.0,4.746216673322692e-12,0.11264523114494109,0.04441137274332168,0.1357169570714767,0.49606763344469146,1.2447609894090452,0.943152640624005,0.8934670070086256
ESO444-G084,external_151,low_mass_dwarf,0,8.022761711877555e+18,0.26,18.3,8.915153482070781e-12,0.45661517453476014,0.5487189009750663,0.5000909039805678,0.07295740306598945,0.5236986839735236,0.26708736044103104,0.1335667888046816
ESO444-G084,external_151,low_mass_dwarf,1,2.3759717377483526e+19,0.77,35.3,7.877496823688516e-12,0.35549316143195736,0.4584292283565947,0.44739448200932463,0.13028020896870401,0.662255585827737,0.3277627785818141,0.2015404102508073
ESO444-G084,external_151,low_mass_dwarf,2,3.980524080123864e+19,1.29,47.8,7.013047602346465e-12,0.34379237081771497,0.32592826211373555,0.40049262212682357,0.17631527533930033,0.8131646797184837,0.4337795137142134,0.31512588840741984
ESO444-G084,external_151,low_mass_dwarf,3,5.585076422499375e+19,1.81,52.8,6.491919325158052e-12,0.3173685693064785,0.25779696000080715,0.36476126381401563,0.21384997380118484,0.9047165858313833,0.5153726781323738,0.40521180040559995
ESO444-G084,external_151,low_mass_dwarf,4,7.1587719890599715e+19,2.32,58.0,6.055522444803528e-12,0.2920454883985686,0.2107452413633575,0.33427328351276464,0.2611786312370897,0.9935447183078573,0.586694345508017,0.4916297221858367
ESO444-G084,external_151,low_mass_dwarf,5,1.0460447001255734e+20,3.39,63.1,5.216404790310073e-12,0.23999547177721536,0.1427291987239787,0.2766126917944936,0.3074706524768957,1.0693983787009016,0.7169450280015096,0.628697334602003
ESO444-G084,external_151,low_mass_dwarf,6,1.3700408461821672e+20,4.44,62.7,4.406924910077687e-12,0.1925467478764422,0.09830198677004645,0.225216884529809,0.3407831557488244,1.11444146772475,0.8187375140661007,0.7349518422445435
ESO563-G021,external_151,bulge_rich_hsb,0,1.3885549116711152e+19,0.45,18.9,1.5410171623758579e-10,0.7066169909830917,0.5282422424158528,0.5495223623657384,0.13112440254663987,0.7738555297127762,0.2562256918189235,0.1790756193666423
ESO563-G021,external_151,bulge_rich_hsb,1,4.1348079591984325e+19,1.34,58.3,1.4937330523604184e-10,0.6717205129716436,0.4952004619970449,0.5301487521892201,0.22869561385374276,0.9392114549168391,0.27583931164303754,0.22262791547011568
ESO563-G021,external_151,bulge_rich_hsb,2,6.881061006725748e+19,2.23,74.1,1.446448942344979e-10,0.6368240349601955,0.4621586815782371,0.5107751420127017,0.30399766448085414,1.0346688552535614,0.297566649129476,0.25581604008365433
ESO563-G021,external_151,bulge_rich_hsb,3,9.627314054253065e+19,3.1199999999999997,119.0,1.3991648323295395e-10,0.6019275569487474,0.42911690115942924,0.4914015318361833,0.36375763047037013,1.0966089834196462,0.32167921432552576,0.28618644453648323
ESO563-G021,external_151,bulge_rich_hsb,4,1.2373567101780381e+20,4.01,141.0,1.3518807223140998e-10,0.5670310789372993,0.39607512074062146,0.4720279216596649,0.4122345362669122,1.140343642865458,0.34848242655950257,0.31669279528575556
ESO563-G021,external_151,bulge_rich_hsb,5,1.51198201493077e+20,4.9,195.0,1.3045966122986603e-10,0.5321346009258512,0.36303334032181356,0.4526543114831465,0.45225565114737143,1.1732069490641415,0.37831697917647983,0.3488071415781752
ESO563-G021,external_151,bulge_rich_hsb,6,1.7866073196835016e+20,5.79,227.0,1.257312502283221e-10,0.49723812291440317,0.3299915599030057,0.4332807013066281,0.4859477521761793,1.199207076225848,0.4115582436947955,0.38346999893166744
ESO563-G021,external_151,bulge_rich_hsb,7,2.0643183020177247e+20,6.69,246.0,1.2094971101327762e-10,0.46194954964439944,0.296578523524436,0.4136894101168904,0.514463026483068,1.2205000103377148,0.4490519278794122,0.4217814826946592
ESO563-G021,external_151,bulge_rich_hsb,8,2.3389436067704563e+20,7.58,268.0,1.1622130001173367e-10,0.42705307163295136,0.26353674310562814,0.394315799940372,0.538716553717488,1.2383239001968942,0.49039631957737306,0.4635413737415047
ESO563-G021,external_151,bulge_rich_hsb,9,2.6135689115231882e+20,8.47,283.0,1.1149288901018973e-10,0.39215659362150324,0.2304949626868203,0.37494218976385363,0.5691810107522235,1.258194721232317,0.5364165525730143,0.5104200393038725
ESO563-G021,external_151,bulge_rich_hsb,10,3.1566481658656686e+20,10.23,291.0,1.0089443509035677e-10,0.3416339469621152,0.17980920292945152,0.3404403427211721,0.6015496930775518,1.2806102837149451,0.6202923429424173,0.5943583291649
ESO563-G021,external_151,bulge_rich_hsb,11,3.7213271632785886e+20,12.06,310.0,8.811672361539419e-11,0.31514072193305087,0.14775041611351586,0.30993290035155957,0.6245143903877373,1.2954318372179414,0.6859053280129269,0.6600646388333544
ESO563-G021,external_151,bulge_rich_hsb,12,4.147150669524397e+20,13.439999999999998,310.0,7.84810723391929e-11,0.29516222437014983,0.12357493753100701,0.2869272880728354,0.6430273250422754,1.3065960424916407,0.7382415377610373,0.7126257709569968
ESO563-G021,external_151,bulge_rich_hsb,13,4.684058568703895e+20,15.18,310.0,6.633177290398257e-11,0.26997194483431813,0.09309281236175668,0.2579202117214005,0.6594275610384892,1.3177156143202464,0.8063832142168442,0.7806963967100843
ESO563-G021,external_151,bulge_rich_hsb,14,5.19319536964997e+20,16.83,314.0,5.481088550852451e-11,0.24608461079171914,0.06418734883919178,0.23041350138814332,0.6728164971900565,1.3272594093760093,0.8711588184392285,0.8454519378587982
ESO563-G021,external_151,bulge_rich_hsb,15,5.727017591247977e+20,18.56,317.0,4.273140963328664e-11,0.22103910297735774,0.03388040829735092,0.2015731323720615,0.6839747413956365,1.3361462916382514,0.9360720803130687,0.9104197444502212
ESO563-G021,external_151,bulge_rich_hsb,16,6.263925490427476e+20,20.300000000000004,319.0,3.681565831050141e-11,0.19572176555948373,0.024099875336303093,0.17838799705680453,0.6930000685420525,1.3397721152131374,0.9587807822291551,0.9333082655832181
ESO563-G021,external_151,bulge_rich_hsb,17,6.769976613792059e+20,21.939999999999998,318.0,3.3022896810140586e-11,0.17182310471193143,0.020802792606405048,0.15820061144921915,0.7005833918539426,1.3415873724943044,0.9681384239878865,0.942818148903587
ESO563-G021,external_151,bulge_rich_hsb,18,7.306884512971557e+20,23.68,317.0,2.8998869364635803e-11,0.1464672084468454,0.01730466824663516,0.13678228769482972,0.7070074918033967,1.3430087658126062,0.9768775801240064,0.9516432672421066
ESO563-G021,external_151,bulge_rich_hsb,19,7.840706734569564e+20,25.41,317.0,2.4997968513645408e-11,0.12125703572351272,0.013826648049852456,0.11548705775512069,0.7120877665614104,1.3440241486684257,0.9842829801809505,0.9590825723512542
ESO563-G021,external_151,bulge_rich_hsb,20,8.349843535515639e+20,27.06,312.0,2.1182080418770192e-11,0.09721265133420706,0.010509461156967229,0.09517657833285491,0.7161558550767889,1.3447591776698362,0.9900965145338632,0.9649106257924795
ESO563-G021,external_151,bulge_rich_hsb,21,8.886751434695137e+20,28.8,312.0,1.7648850570879275e-11,0.07545710571607155,0.007614165647381235,0.07664274433714414,0.719423629762191,1.3452784827109476,0.9941981523636934,0.9690235062475375
ESO563-G021,external_151,bulge_rich_hsb,22,9.420573656293144e+20,30.53,311.0,1.6057777779187442e-11,0.06792474163425756,0.007096049666084815,0.06951042878621308,0.7222484756600789,1.3458566850287772,0.9950917155365864,0.9700229387407779
ESO563-G021,external_151,bulge_rich_hsb,23,9.92971045723922e+20,32.18,310.0,1.4540280607920666e-11,0.06074069496663152,0.006601892805310773,0.06270793129544068,0.7247485093112721,1.3463486688552413,0.995877157792797,0.9708977596575068
ESO563-G021,external_151,bulge_rich_hsb,24,1.0463532678837225e+21,33.91,313.0,1.2949207816228837e-11,0.053208330884817565,0.006083776824014354,0.05557561574450963,0.7269844045087918,1.346749369201207,0.9966302968607881,0.9717208123930384
ESO563-G021,external_151,bulge_rich_hsb,25,1.1000440578016724e+21,35.65,320.0,1.1348938071983872e-11,0.04563242712623009,0.005562665952652637,0.048402072936058735,0.7288583969073811,1.3470413187764634,0.9973147841660498,0.9724528407582594
ESO563-G021,external_151,bulge_rich_hsb,26,1.1509577378962798e+21,37.3,321.0,9.831440900717099e-12,0.03844838045860407,0.0050685090918785956,0.041599575445286356,0.7304439158911288,1.3472615788911844,0.9978959580630626,0.9730682742878177
ESO563-G021,external_151,bulge_rich_hsb,27,1.2043399600560805e+21,39.029999999999994,320.0,8.800025965881391e-12,0.03404234922702702,0.0048231628734607904,0.0373911903609963,0.7318864756060353,1.3475218746475324,0.9981998085223021,0.9734221298799137
ESO563-G021,external_151,bulge_rich_hsb,28,1.2577221822158812e+21,40.76,315.0,8.089312631356744e-12,0.03142780530487191,0.004734122330733923,0.03485830963774141,0.7331868533246825,1.3477938324614787,0.9983524837683061,0.9736310981321541
ESO563-G021,external_151,bulge_rich_hsb,29,1.3086358623104886e+21,42.41,312.0,7.411464653341907e-12,0.028934165147903167,0.004649199269751652,0.03244255634677577,0.7343575764997132,1.3480323892932091,0.9984939525074245,0.9738217155638683
F561-1,external_151,low_mass_dwarf,0,4.967940906201101e+19,1.61,23.4,1.03372110448238e-11,0.23240323348657563,0.19720877867066128,0.29955902541252755,0.1302407856036253,0.7026584410828762,0.6286316461109622,0.40625238174831085
F561-1,external_151,low_mass_dwarf,1,9.966738588217116e+19,3.23,40.6,9.014413155269373e-12,0.18582175380052102,0.128755698242802,0.23819762199824823,0.21163386713276977,0.9112089009624037,0.7652906928210879,0.604767235712166
F561-1,external_151,low_mass_dwarf,2,1.4934679494418216e+20,4.84,45.5,7.752490366734551e-12,0.14960011265433049,0.08267397338605842,0.18768504980721915,0.26561683680640535,1.0150438276093623,0.8656759325541244,0.7353948862999737
F561-1,external_151,low_mass_dwarf,3,1.9902620400619317e+20,6.449999999999999,49.2,6.5736959244512915e-12,0.1179339752568609,0.0560149125976003,0.1477065718617782,0.30316829890370195,1.0716485226949648,0.9235847180859221,0.8108988925677547
F561-1,external_151,low_mass_dwarf,4,2.487056130682042e+20,8.06,50.4,5.516748382820579e-12,0.09312385513875578,0.03961407396851043,0.11694758331283005,0.3302009871928062,1.1062045948478452,0.9557235251801283,0.8544211970777
F561-1,external_151,low_mass_dwarf,5,2.9807645437206607e+20,9.66,50.4,4.639919891395516e-12,0.0741932246816852,0.029417831932358297,0.0937801100016974,0.3503478148963306,1.1289670552554836,0.9731525931318804,0.8797017139671774
F563-1,external_151,low_mass_dwarf,0,3.301675012195763e+19,1.07,22.1,6.3584420505113245e-12,0.1966411354582713,0.09530208361745646,0.22368336824370905,0.0467159222505593,0.410678803268727,0.8242834493427175,0.3290801492946497
F563-1,external_151,low_mass_dwarf,1,5.492506095054633e+19,1.78,42.7,6.150837963418015e-12,0.17659514032158308,0.08798411667387293,0.20627747154307305,0.0860879198963345,0.5672322257437843,0.8463878708650469,0.45476402774523145
F563-1,external_151,low_mass_dwarf,2,7.683337177913505e+19,2.49,60.6,5.943233876324705e-12,0.15654914518489482,0.08066614973028939,0.18887157484243705,0.11416120439029298,0.6616184726244524,0.8677878163776701,0.5331641736676683
F563-1,external_151,low_mass_dwarf,3,9.164462417029361e+19,2.97,76.8,5.80288181744472e-12,0.14299692312065487,0.07571879179659911,0.17710420805890847,0.12579919540791937,0.6954838129976217,0.8817555518706235,0.5649910059374408
F563-1,external_151,low_mass_dwarf,4,9.380459847733756e+19,3.04,81.6,5.782413808858056e-12,0.14102055740295322,0.07499730209793595,0.17538813373631057,0.13032516407525407,0.7094543464561174,0.8837541839894452,0.575695036670738
F563-1,external_151,low_mass_dwarf,5,9.843311484957462e+19,3.1900000000000004,87.0,5.738553790458061e-12,0.13678548800787824,0.07345125274365774,0.1717108316164579,0.20219530405528807,0.8990048680767795,0.8880018682281198,0.6950461111738727
F563-1,external_151,low_mass_dwarf,6,2.1445459191365003e+20,6.95,90.0,4.234402075771004e-12,0.08744466046440913,0.04228283783596418,0.11424925132217353,0.25840678333789163,1.0040705189109191,0.9539182819371811,0.8047858631062238
F563-1,external_151,low_mass_dwarf,7,2.647511364919593e+20,8.58,97.8,3.656193361667982e-12,0.07489843102627305,0.03265939910654681,0.09701451861110579,0.2769465978625019,1.0343185409578413,0.9692887087475113,0.8331174617322195
F563-1,external_151,low_mass_dwarf,8,2.8573374404610058e+20,9.26,93.7,3.5043810709256062e-12,0.07123325736490096,0.03084418165901377,0.0924529663443298,0.28658544372580796,1.0484731496203525,0.97227427586688,0.842633652903352
F563-1,external_151,low_mass_dwarf,9,3.0517351280949625e+20,9.89,103.0,3.3637314486201693e-12,0.06783758176686505,0.02916243608262286,0.08822682233246382,0.2922214877823594,1.0564251459108431,0.9749162903690126,0.8487643311102996
F563-1,external_151,low_mass_dwarf,10,3.110363002143298e+20,10.08,97.4,3.3213133085598e-12,0.06681348912618756,0.02865524297228275,0.08695227096380582,0.30508807092043294,1.0739953452043827,0.9756893490131912,0.8577399807615118
F563-1,external_151,low_mass_dwarf,11,3.653442256485779e+20,11.84,106.5,2.9283873795795323e-12,0.05732715729675392,0.02395703310807958,0.07514590039097388,0.3292963701994292,1.1042394530008435,0.9823156385177623,0.8773280465376913
F563-1,external_151,low_mass_dwarf,12,4.492746558651431e+20,14.560000000000002,112.0,2.5264412515503673e-12,0.048946423654131,0.02005498606984432,0.06449203117236703,0.3449891614066282,1.1221293676917783,0.987231281055886,0.8895211795781558
F563-1,external_151,low_mass_dwarf,13,4.7612005082411794e+20,15.43,111.5,2.4015667452247404e-12,0.046378667641301254,0.01886726042873476,0.061220788544906,0.358366957646463,1.136490824092936,0.9885812092507138,0.8968037932859475
F563-1,external_151,low_mass_dwarf,14,5.532619903614021e+20,17.93,111.0,2.1301764615670365e-12,0.04096493229527604,0.016453628691688375,0.054274304030979444,0.3705088289518929,1.1488075470413905,0.9911489482502405,0.9042015856067905
F563-1,external_151,low_mass_dwarf,15,5.86895875999658e+20,19.02,112.5,2.022593065622737e-12,0.038845933167577104,0.015524060628638835,0.0515470721105003,0.3772738789719163,1.1554060304551037,0.9920613281034204,0.9076953288394674
F563-1,external_151,low_mass_dwarf,16,6.202211938797649e+20,20.1,106.0,1.9190970301422653e-12,0.0368073873299991,0.01463143640710327,0.048920488078534885,0.3835324100647112,1.1613494491801106,0.9928930994569782,0.9108217098494953
F563-V1,external_151,low_mass_dwarf,0,4.042237631753691e+19,1.31,12.0,2.8975371800925433e-12,0.12283820188801356,0.09596757646089407,0.17944594458662871,0.06811173850635692,0.4515494327271383,0.8530895187457799,0.37225430759435285
F563-V1,external_151,low_mass_dwarf,1,8.115332039322295e+19,2.63,21.7,3.221357813668778e-12,0.10881730263159303,0.07114757699724848,0.15241040672677605,0.1187081876831853,0.6539964543410135,0.9021718159582964,0.5488480218615611
F563-V1,external_151,low_mass_dwarf,2,1.2126712895261073e+20,3.93,28.6,3.3253423026225133e-12,0.09408147944299745,0.05401539109802982,0.12888960131965074,0.15725554216904794,0.7775572347601992,0.9349112696356238,0.6558783325092875
F563-V1,external_151,low_mass_dwarf,3,1.6168950527014765e+20,5.24,29.5,3.2107440672343505e-12,0.07998323838543966,0.040996329185724725,0.10783704787722577,0.18711718379847458,0.8573383630607386,0.9576624781568033,0.7240917876827511
F563-V1,external_151,low_mass_dwarf,4,2.0211188158768454e+20,6.55,28.6,2.9853117176436895e-12,0.06698788215620141,0.03136928711104586,0.08948927157855342,0.210423280746156,0.9110233662427782,0.9726943808081249,0.768556385376163
F563-V1,external_151,low_mass_dwarf,5,2.428428256633706e+20,7.87,27.3,2.7117121698750902e-12,0.055512162957001364,0.024122099439657672,0.07372679839837228,0.22871107312102382,0.9485646027651202,0.9825263083996169,0.7983809533693459
F563-V2,external_151,low_mass_dwarf,0,8.639897228175829e+18,0.28,11.9,1.04742575629476e-11,0.3584000586512537,0.23055979177340144,0.3693454360958037,0.06300466713911777,0.5392787481889406,0.5400845140833606,0.27734270581944637
F563-V2,external_151,low_mass_dwarf,1,2.6845394958974894e+19,0.87,34.8,1.0146488148987785e-11,0.3116638868026166,0.21731387310384143,0.34324166779513937,0.11483277039236914,0.6880263380211553,0.5727666320490532,0.36371469520294525
F563-V2,external_151,low_mass_dwarf,2,4.505089268977396e+19,1.46,58.5,9.818718735027971e-12,0.26492771495397954,0.20406795443428144,0.317137899494475,0.15787102399696887,0.7887446584385849,0.607099362550164,0.43071826668361085
F563-V2,external_151,low_mass_dwarf,3,6.325639042057302e+19,2.05,81.5,9.452057332580113e-12,0.22486938388818356,0.18854305094675491,0.2921714081576002,0.18539271842234312,0.8441966023155335,0.6447998334512182,0.48194765977038234
F563-V2,external_151,low_mass_dwarf,4,7.251342316504713e+19,2.35,91.8,9.183655208557268e-12,0.21857416285526268,0.17584611525626026,0.2818733715296924,0.25674832090860933,0.9815602317207438,0.6685996445007719,0.5558506399989109
F563-V2,external_151,low_mass_dwarf,5,1.4687825287898907e+20,4.76,114.0,7.253461479151636e-12,0.16777216386262556,0.09457451947155898,0.20707053232642353,0.3427412468051602,1.113475625682567,0.8362350963546176,0.7503025321857273
F563-V2,external_151,low_mass_dwarf,6,2.4253425790522147e+20,7.86,116.0,5.486018672063934e-12,0.11504083634890047,0.053254257139773116,0.14400965883589076,0.37850027536415976,1.1550978076656668,0.9287713424702954,0.849672030836382
F563-V2,external_151,low_mass_dwarf,7,2.684539495897489e+20,8.7,117.0,5.127836751160707e-12,0.10578343241982972,0.04786153414178017,0.1329966151162893,0.3963597329823415,1.1715931325354287,0.9401551565035189,0.8662316895107633
F563-V2,external_151,low_mass_dwarf,8,3.141219777958212e+20,10.18,118.0,4.542058731866434e-12,0.09088281187057452,0.03943131706555346,0.11521123191003142,0.40761029813365474,1.181885401161135,0.9565448319820922,0.8851125172025102
F563-V2,external_151,low_mass_dwarf,9,3.2307044278214617e+20,10.47,118.0,4.4444995527535486e-12,0.08849909809342042,0.03818666537680559,0.11234152090222882,0.4111172128345714,1.184868073905004,0.9588651816771964,0.8883400910200632
F565-V2,external_151,low_mass_dwarf,0,3.8879537526791225e+19,1.26,21.7,3.7602668059171184e-12,0.17085978534622354,0.1330209006167513,0.23303589344108108,0.08247133381564448,0.5312025577577526,0.7633666778886178,0.38669907844498624
F565-V2,external_151,low_mass_dwarf,1,7.745050729543331e+19,2.51,40.3,3.7070292055500315e-12,0.14878231330164607,0.09301001105566561,0.19469215068991352,0.14205774545332256,0.7415508623332487,0.8466804097465005,0.5718753501583835
F565-V2,external_151,low_mass_dwarf,2,1.1663861258037368e+20,3.78,57.7,3.572765218849239e-12,0.12534388187513204,0.0690183327847465,0.16270480757640435,0.1862234058065592,0.8603820192784765,0.8990411447534501,0.6815556758996059
F565-V2,external_151,low_mass_dwarf,3,1.5520958234901578e+20,5.03,68.5,3.3119505031044376e-12,0.10594297252139753,0.052793957755984985,0.1369704842986703,0.21989617728378766,0.9346073618390227,0.9325642814745024,0.7501228705744369
F565-V2,external_151,low_mass_dwarf,4,1.94089119875807e+20,6.29,73.5,3.011534919016034e-12,0.08937075675486225,0.041433011605674905,0.11565539897079306,0.24623219889157866,0.9841542782969345,0.9542717601897794,0.7947215528729008
F565-V2,external_151,low_mass_dwarf,5,2.3266008964444907e+20,7.54,78.5,2.716187215936999e-12,0.07567234861231158,0.03323031557870401,0.09819444377176421,0.26723529452736455,1.0191639010926836,0.9684007695667353,0.8247580175040826
F565-V2,external_151,low_mass_dwarf,6,2.715396271712403e+20,8.8,83.1,2.4360476403620313e-12,0.06419777854613355,0.026990386600494003,0.08355681401768478,0.28427314560090683,1.0450074475633515,0.9779450821468206,0.845852353801962
F567-2,external_151,low_mass_dwarf,0,5.924500956463424e+19,1.92,26.9,6.197192820107211e-12,0.1588616554711439,0.09423458188492799,0.2002266103780941,0.10555076922236109,0.6266166952686542,0.8412673898040548,0.49332558089486184
F567-2,external_151,low_mass_dwarf,1,1.1818145137111936e+20,3.83,46.8,5.25592981784126e-12,0.1120833010688915,0.06574639681603708,0.14997959726051252,0.17124585934507058,0.8188559032171399,0.910244286943612,0.664810408693984
F567-2,external_151,low_mass_dwarf,2,1.774264609357536e+20,5.75,47.6,4.291245094123429e-12,0.08555335910322505,0.040192030656996565,0.11140163959780502,0.21422589586101612,0.9217117402815055,0.9571442663826004,0.7624969779113889
F567-2,external_151,low_mass_dwarf,3,2.3667147050038785e+20,7.67,48.1,3.5505760974990293e-12,0.06384850119505679,0.027134398261826675,0.08338661482327697,0.24358911065002037,0.978173102765671,0.9778741728938876,0.8111254673634107
F567-2,external_151,low_mass_dwarf,4,2.959164800650221e+20,9.590000000000002,52.2,2.9789326731289744e-12,0.05063800046046465,0.020409702937834947,0.0662359511031266,0.26539419051547164,1.015032577971197,0.9866617530450049,0.8381669294593816
F568-1,external_151,ordinary_disk,0,1.3576981358562015e+19,0.44,15.7,9.6867217435368e-12,0.2586653570746247,0.14783759971401053,0.2884034788882237,0.07262545762082387,0.5440727822760056,0.7010809641551659,0.3628970190588289
F568-1,external_151,ordinary_disk,1,4.073094407568605e+19,1.3200000000000003,44.5,9.573431036906226e-12,0.22733522036215062,0.14429838782980564,0.269766335979786,0.1316167077157674,0.7265844125824977,0.7198032769848639,0.4781801028941521
F568-1,external_151,ordinary_disk,2,6.788490679281008e+19,2.2,69.4,9.460140330275653e-12,0.19600508364967656,0.14075917594560072,0.2511291930713483,0.18016440632634237,0.8416853739396423,0.738832155188543,0.5509966297690413
F568-1,external_151,ordinary_disk,3,9.50388695099341e+19,3.08,90.0,9.312491820516018e-12,0.1722767432582915,0.1329740632194443,0.23357395732921346,0.22068691944967178,0.9227450438833001,0.763013511119577,0.6083213904980755
F568-1,external_151,ordinary_disk,4,1.2219283222705814e+20,3.96,105.0,9.099688597259534e-12,0.16296413426572234,0.1171372001571501,0.2180704054850816,0.2550633860009246,0.9876167396880942,0.7965324918351866,0.6648783635103377
F568-1,external_151,ordinary_disk,5,1.4934679494418216e+20,4.84,113.0,8.88688537400305e-12,0.15365152527315315,0.10130033709485592,0.20256685364094978,0.2813319447810795,1.0318496294966781,0.8297371793942939,0.7121217237123588
F568-1,external_151,ordinary_disk,6,1.706379702564726e+20,5.53,117.0,8.720028301222399e-12,0.1463495932221614,0.08888279673919341,0.1904106595813464,0.31927363271339587,1.0849430475029518,0.8552547092255991,0.7562819155548056
F568-1,external_151,ordinary_disk,7,2.3080868309555426e+20,7.48,124.0,8.143928980515556e-12,0.1253643729145265,0.06896339765573742,0.162297543727441,0.35070515149755593,1.1237293135392314,0.8993405042374524,0.8109523982541602
F568-1,external_151,ordinary_disk,8,2.5827121357082742e+20,8.37,127.0,7.877260117967257e-12,0.1158727782927014,0.06010365745857566,0.14962631360950754,0.36739362879735415,1.1422232991756776,0.9174893673787841,0.8345113419599364
F568-1,external_151,ordinary_disk,9,2.8511660852980233e+20,9.24,130.0,7.5530457531746e-12,0.10835620523166008,0.05447008577890167,0.13977618869490868,0.38222663416127356,1.1570868043058584,0.9292503967606071,0.8508549916774819
F568-1,external_151,ordinary_disk,10,3.125791390050755e+20,10.13,133.0,7.2213781845936054e-12,0.10066683738760632,0.04870700670429265,0.12969962412710068,0.41126557515077816,1.1831265073654857,0.9405808685619396,0.8707826720962992
F568-1,external_151,ordinary_disk,11,4.082351440313079e+20,13.23,142.0,6.090557989734414e-12,0.07768669374202597,0.03359847580912857,0.10002097141708927,0.4426593444300727,1.209308014222748,0.9674870913766802,0.9049598452749504
F568-3,external_151,ordinary_disk,0,1.974833652154475e+19,0.64,12.4,8.756965812090033e-12,0.22338439703308427,0.12235609600834955,0.25604520615644827,0.040918207507355475,0.3957361310734362,0.7614482304580025,0.29352879829555295
F568-3,external_151,ordinary_disk,1,3.641099546159813e+19,1.18,21.9,8.663802799958344e-12,0.20459229090542302,0.12021256467432816,0.2439607183790921,0.0794655237777164,0.5464741217862812,0.7732328820417378,0.40183218614123345
F568-3,external_151,ordinary_disk,2,5.554219646684461e+19,1.8,32.3,8.556837860103442e-12,0.18301616905514526,0.11775147314267397,0.2300859361162017,0.10434327933701952,0.6265489663081065,0.7868256560474765,0.4613573675835921
F568-3,external_151,ordinary_disk,3,6.263925490427475e+19,2.03,37.9,8.517157317899205e-12,0.17501212385262288,0.11683848757447966,0.22493883947029075,0.13081989323913457,0.7099880473369986,0.7918815429945364,0.5161679543697589
F568-3,external_151,ordinary_disk,4,8.578183676546e+19,2.78,53.1,8.382852325140484e-12,0.14968269388137972,0.11344585025475351,0.2082783411762927,0.15374685299029342,0.7665122978524163,0.8088761964422144,0.5610584918166113
F568-3,external_151,ordinary_disk,5,9.257032744474101e+19,3.0,62.4,8.311916987241781e-12,0.14720146766267883,0.10978270371909515,0.2041843296083049,0.17271380235287886,0.8175253512048696,0.8168872969912672,0.5958827967495753
F568-3,external_151,ordinary_disk,6,1.1231866396628577e+20,3.6400000000000006,68.0,8.105559640627374e-12,0.139983355026458,0.09912627743354357,0.19227447777415851,0.19618845473307475,0.8753723490433253,0.8399165063285229,0.644872878867078
F568-3,external_151,ordinary_disk,7,1.2928989066448829e+20,4.19,78.0,7.928221295880617e-12,0.13378028947970577,0.08996841109439771,0.182039448854189,0.21323961815286863,0.9138226889457709,0.859270410901859,0.6804082263026936
F568-3,external_151,ordinary_disk,8,1.4194116874860288e+20,4.6,82.3,7.796023620705762e-12,0.1291561860721268,0.08314163800521623,0.17440970002293898,0.22875104892055842,0.9459209260741092,0.8733570439959121,0.7083240174279937
F568-3,external_151,ordinary_disk,9,1.5860382768865627e+20,5.14,85.7,7.621909609499855e-12,0.12306590353531552,0.0741502783267821,0.16436076253787799,0.24048586362137525,0.969577221156515,0.8913657265306439,0.7350617540176975
F568-3,external_151,ordinary_disk,10,1.6631802164238467e+20,5.39,85.5,7.541301270978603e-12,0.12024632828679177,0.06998761180898852,0.15970847666516458,0.2567600500065281,0.9984684050594678,0.8994616417992672,0.7561256597397559
F568-3,external_151,ordinary_disk,11,1.9470625539210527e+20,6.3100000000000005,89.5,7.224371768214802e-12,0.11036183954537,0.06097075934573919,0.14588764103150798,0.3001930904827009,1.0640916764119883,0.9183168186401777,0.802928915208795
F568-3,external_151,ordinary_disk,12,2.807966599157144e+20,9.1,95.2,6.221974553533257e-12,0.08279400911899451,0.039066440960732376,0.10841064555019564,0.3304444318904169,1.1046975985730303,0.9593686456290372,0.8570311914032864
F568-3,external_151,ordinary_disk,13,3.1381341003767205e+20,10.17,97.5,5.808720950866227e-12,0.07413498686839015,0.03324856163608372,0.09676043912097615,0.3492428707246786,1.1263360089860415,0.9688312885341747,0.8747023962753055
F568-3,external_151,ordinary_disk,14,3.699727420208149e+20,11.99,101.0,5.1418966573370175e-12,0.06145032579843104,0.02550778770496091,0.07988194161582866,0.36873505459126543,1.1471123415552782,0.9800307790815347,0.8933770104507577
F568-3,external_151,ordinary_disk,15,4.326119969250897e+20,14.02,107.0,4.4472443381658804e-12,0.049638630483844565,0.019190850951687773,0.06437301313919834,0.38399035171531526,1.1621368268459968,0.9877970232630049,0.9064562199793019
F568-3,external_151,ordinary_disk,16,4.918570064897239e+20,15.94,117.0,3.884380630623839e-12,0.041211862997793045,0.015256302219259547,0.05340826702847949,0.3961286049605395,1.1732726685816273,0.9919177287417198,0.9145704658695154
F568-3,external_151,ordinary_disk,17,5.548048291521478e+20,17.98,120.0,3.369287690175468e-12,0.03408966599474343,0.012156696375249588,0.04416922366207403,0.4061000528305882,1.1819854054744834,0.9946591593304073,0.920418276936635
F568-V1,external_151,ordinary_disk,0,1.2034142567816331e+19,0.38999999999999996,17.4,1.1419315109613643e-11,0.3457683558764326,0.20738367976779007,0.35380451797470064,0.0793985658614138,0.5978213676261731,0.5767901394762285,0.32464231087717754
F568-V1,external_151,ordinary_disk,1,3.641099546159813e+19,1.18,46.3,1.0845245930868565e-11,0.28990476914992824,0.18525669398041528,0.3175088458657064,0.13990727637901967,0.761248300099577,0.6296410880227261,0.43434261750580766
F568-V1,external_151,ordinary_disk,2,6.017071283908166e+19,1.95,69.1,1.028571014905374e-11,0.23545545044181634,0.16368988504841708,0.2821320515316234,0.18736824913658517,0.8629070622978053,0.6840779879741729,0.5197186977514572
F568-V1,external_151,ordinary_disk,3,8.454756573286346e+19,2.74,85.2,9.581099654301238e-12,0.19323684417338163,0.1400758065280005,0.2490441430924366,0.22557391129731866,0.9355950311421539,0.7413719546818429,0.5967690423642286
F568-V1,external_151,ordinary_disk,4,1.0892441862664525e+20,3.5299999999999994,93.2,8.654264895981517e-12,0.17424648338633342,0.11393020697222388,0.22141690366611705,0.25626783847299545,0.9939180401814264,0.798555740636314,0.6693249421515833
F568-V1,external_151,ordinary_disk,5,1.3268413600412878e+20,4.3,100.0,7.750894308758495e-12,0.1557368912268054,0.0884465213292517,0.19448908802274228,0.281289210195419,1.0374411941128217,0.8532286103955156,0.734720349155354
F568-V1,external_151,ordinary_disk,6,1.570609888979106e+20,5.09,108.0,6.9008625472768645e-12,0.1375072936898335,0.06627143300890184,0.16899529482796224,0.3018296795342822,1.070081578159546,0.8992841309466324,0.7888877133746132
F568-V1,external_151,ordinary_disk,7,1.8112927403354325e+20,5.87,112.0,6.293475488066636e-12,0.12180535882832659,0.05636487149048335,0.15026554203062767,0.31632612790445147,1.0889070915808072,0.9219164603126425,0.816929472009262
F568-V1,external_151,ordinary_disk,8,1.974833652154475e+20,6.4,113.0,5.880763768346865e-12,0.11113609539678984,0.04963348994591693,0.13753891512987465,0.3315513223449709,1.1073728954389408,0.9360969980512646,0.8373644361074397
F568-V1,external_151,ordinary_disk,9,2.2957441206295773e+20,7.44,113.0,5.092101058814077e-12,0.09099373527795149,0.03708183173209367,0.11348189189848165,0.34541754348124015,1.1238015412835891,0.9596181510175464,0.865335858647007
F568-V1,external_151,ordinary_disk,10,2.5333412944044127e+20,8.21,112.0,4.660647235208169e-12,0.08179106432404255,0.03251721258305835,0.10226185497837119,0.35579632509517656,1.1348664889095084,0.9678174519930759,0.8773050414204011
F568-V1,external_151,ordinary_disk,11,2.7771098233422302e+20,9.0,111.0,4.2179868187813285e-12,0.07234936295574637,0.027834031897684453,0.09075038852786828,0.36445232655661425,1.1438067746735998,0.9753628303029657,0.8877914359650655
F568-V1,external_151,ordinary_disk,12,2.999278609209609e+20,9.72,111.0,3.814549477227752e-12,0.06374426803780554,0.02356581658949558,0.08025892543373901,0.37810701775172084,1.1572540312180333,0.9814374154556191,0.8987052639295195
F568-V1,external_151,ordinary_disk,13,3.638013868578322e+20,11.790000000000001,113.0,3.00958833827917e-12,0.048612689656225644,0.017343532970052707,0.06180151805820451,0.40596954726878437,1.1821377440533078,0.9893951026388744,0.9156042536380028
F568-V1,external_151,ordinary_disk,14,5.44004957616928e+20,17.63,118.0,1.6811309929630765e-12,0.02654542101743924,0.009293098208114284,0.03459185844410456,0.4271806702348517,1.1991622871353926,0.996795645518143,0.9287495973278906
F571-8,external_151,bulge_rich_hsb,0,6.788490679281008e+18,0.22,12.4,9.573995176330177e-11,0.7667205272655376,1.55162845515868,0.6961477156627255,0.10737628970303838,0.5051218653603771,0.08473408631053683,0.04100401828452432
F571-8,external_151,bulge_rich_hsb,1,2.4068285135632663e+19,0.7799999999999999,37.5,9.211542667424803e-11,0.7337522947319969,1.4338986756126486,0.6763444795829641,0.19101727572337934,0.6576611683407474,0.0934745899560464,0.05713798058929981
F571-8,external_151,bulge_rich_hsb,2,4.1039511833835184e+19,1.33,56.5,8.855562524749881e-11,0.7013727806365552,1.3182712135585104,0.6568948727189127,0.2822332131249015,0.8016284680910583,0.10352335517163859,0.07438046480006884
F571-8,external_151,bulge_rich_hsb,3,7.1896287648748855e+19,2.33,69.1,8.20832590170457e-11,0.6425009368266611,1.1080394643691682,0.6215319511479102,0.373254147844527,0.9392774452049637,0.1267938267202227,0.10233932140751291
F571-8,external_151,bulge_rich_hsb,4,1.0614730880330303e+20,3.44,85.5,7.489893250124274e-11,0.5771531901976786,0.8746822227689987,0.5822791082040972,0.4205604864500454,1.0269753129145338,0.1641202898652423,0.14044395286216063
F571-8,external_151,bulge_rich_hsb,5,1.1663861258037368e+20,3.78,87.1,7.269832798288868e-11,0.5571367633023147,0.8032034280446224,0.5702557148699564,0.4573536261685545,1.0708621919295516,0.17920140308933893,0.1572696847957068
F571-8,external_151,bulge_rich_hsb,6,1.4718682063713819e+20,4.77,105.0,6.456776204030413e-11,0.5212409727391181,0.6496149561081441,0.5343414412238644,0.49486571488428394,1.1292997400599303,0.22365551016587407,0.20220989784995785
F571-8,external_151,bulge_rich_hsb,7,1.678608604331304e+20,5.44,112.0,5.827896083067244e-11,0.5071648536917344,0.5705623046217043,0.5096228119883752,0.5203908759267327,1.1624048236476199,0.25590398247006463,0.23485864315643307
F571-8,external_151,bulge_rich_hsb,8,1.8853490022912256e+20,6.110000000000001,116.0,5.1990159621040755e-11,0.4930887346443507,0.4915096531352645,0.48490418275288605,0.5491836542165004,1.1957101302600701,0.2955649707649675,0.27501612563874656
F571-8,external_151,bulge_rich_hsb,9,2.227859213836767e+20,7.22,124.0,4.1571399408068874e-11,0.46976859711808827,0.36054182753832714,0.44395242387021006,0.5899540590876982,1.243658385611473,0.38452159352475784,0.3641288360259543
F571-8,external_151,bulge_rich_hsb,10,2.8789371835314455e+20,9.33,135.0,2.6773657463418593e-11,0.39657725716953435,0.19063682933887377,0.36310036139573154,0.6235096806041918,1.2906084055412677,0.5909456432695969,0.5679008245432612
F571-8,external_151,bulge_rich_hsb,11,3.425102115455418e+20,11.100000000000001,140.0,1.9272983236507e-11,0.30686351452361627,0.12566682207833033,0.2923266273993173,0.6594748654946575,1.3126749783488343,0.7313375905628504,0.7071092810523797
F571-8,external_151,bulge_rich_hsb,12,4.798228639219076e+20,15.55,144.0,7.54717693934048e-12,0.14077534117446516,0.038693052175589784,0.14855103320243762,0.6815915484746332,1.3300243459105463,0.9456453199966163,0.918367408669095
F571-V1,external_151,ordinary_disk,0,6.017071283908166e+19,1.95,32.0,7.675004637554647e-12,0.204688723603225,0.16704239917911098,0.27043627991673763,0.13871397249008144,0.7264515786422082,0.6888270359417483,0.45753355444519317
F571-V1,external_151,ordinary_disk,1,1.1972429016186505e+20,3.8800000000000003,57.6,6.468663589344701e-12,0.16355474777021073,0.0960921444773987,0.2056122322965484,0.22126772168382353,0.936925896035335,0.835019234857174,0.6728094151795284
F571-V1,external_151,ordinary_disk,2,1.7989500300094672e+20,5.830000000000001,70.9,5.4347032884624446e-12,0.12480927673229232,0.06216051210136708,0.15718212109141413,0.2746874494584363,1.031040610298912,0.9109913933291756,0.7814796193020862
F571-V1,external_151,ordinary_disk,3,2.4006571584002838e+20,7.78,77.0,4.508872667220444e-12,0.09674854030865827,0.04322815206228588,0.1226017983776023,0.31143570139608445,1.082807992442628,0.9496689765039722,0.8388215381528407
F571-V1,external_151,ordinary_disk,4,2.999278609209609e+20,9.72,82.5,3.764893276857204e-12,0.07651182113041718,0.03205361703719864,0.09783968300045856,0.33812799099853885,1.115001993523506,0.9695924583959556,0.8706083789729901
F571-V1,external_151,ordinary_disk,5,3.5979000600189344e+20,11.660000000000002,84.3,3.1746473345593048e-12,0.06169273422481385,0.024774584371839752,0.07954449100709263,0.3582999334724348,1.1368665306897863,0.9806740361950782,0.8897856744415725
F571-V1,external_151,ordinary_disk,6,4.193435833246768e+20,13.590000000000002,83.9,2.7021119725712588e-12,0.05054143157561449,0.01966303937470896,0.06558607827132346,0.3739902850323565,1.1526110288258913,0.9872679785094676,0.9021925300649702
F574-1,external_151,ordinary_disk,0,1.4502684633009424e+19,0.47,15.3,1.029971255123015e-11,0.27662972438365513,0.15604853329498347,0.3008341592485453,0.08025515015929972,0.5804562645569403,0.6805279812732384,0.3732053068861405
F574-1,external_151,ordinary_disk,1,4.3508053899028275e+19,1.41,41.0,9.995466956023437e-12,0.2347648512000572,0.1465810950687322,0.2739206294836879,0.14288879390166848,0.7610656287287304,0.7135131536801185,0.49210535563414803
F574-1,external_151,ordinary_disk,2,7.251342316504713e+19,2.35,60.7,9.691221360816724e-12,0.19289997801645922,0.13711365684248095,0.24700709971883048,0.19247716261852338,0.8699685032100316,0.7470042512665372,0.5709417934096925
F574-1,external_151,ordinary_disk,3,1.0151879243106597e+20,3.29,74.9,9.249349637376842e-12,0.16673977924554534,0.12136754965942764,0.22286893737786162,0.2323371394423692,0.9477789262258994,0.7870975393224499,0.6392188645366012
F574-1,external_151,ordinary_disk,4,1.3021559393893568e+20,4.22,83.0,8.7087692890324e-12,0.15265804362349006,0.10107129401038577,0.2010729169047264,0.2652337901011856,1.0076607518745462,0.8310983719734079,0.7027646281877031
F574-1,external_151,ordinary_disk,5,1.5952953096310368e+20,5.17,86.8,8.156563556852591e-12,0.13827347497730458,0.08033855974523545,0.17880816480851297,0.29234449231226756,1.0520482032925396,0.874391933618816,0.7593573960618923
F574-1,external_151,ordinary_disk,6,1.8853490022912256e+20,6.110000000000001,89.4,7.642875257116003e-12,0.1247144947797775,0.06642783363452709,0.1599836293497461,0.3148436130031862,1.083776461403375,0.9039354699732454,0.7988362189036923
F574-1,external_151,ordinary_disk,7,2.1754026949514137e+20,7.05,92.5,7.147847145272588e-12,0.1115401736502321,0.056284988433329006,0.14298824091393755,0.3337752935209069,1.1074556353894356,0.9255138024627665,0.8279317054930767
F574-1,external_151,ordinary_disk,8,2.4654563876116025e+20,7.99,94.7,6.652819033429171e-12,0.09836585252068666,0.04614214323213091,0.12599285247812897,0.34952807878571657,1.1261359586147026,0.945058278608521,0.8531577973602688
F574-1,external_151,ordinary_disk,9,2.7524244026902993e+20,8.92,96.3,6.181554956770799e-12,0.0879650469871797,0.03919359415193458,0.11256143891496477,0.36305498662472013,1.1408608291803155,0.9577471884058937,0.8705851423158598
F574-1,external_151,ordinary_disk,10,3.0455637729319793e+20,9.87,97.8,5.708181247410801e-12,0.07848302685677586,0.033434615257863655,0.10030893389031398,0.3745834932138989,1.1526926472941974,0.9675503859925737,0.8842061207428238
F574-1,external_151,ordinary_disk,11,3.3294461104291847e+20,10.79,98.8,5.249756181504277e-12,0.06930043894101635,0.027857498855184456,0.08844335007696799,0.3847176321095343,1.16275230393726,0.9759543344042206,0.8958272525515957
F574-1,external_151,ordinary_disk,12,3.641099546159813e+20,11.799999999999999,99.5,4.81535971094308e-12,0.061587517339488695,0.02381651938390845,0.07855462884779299,0.3929116568170051,1.1704262497234939,0.9816346191080426,0.9040038280355076
F574-1,external_151,ordinary_disk,13,3.887953752679122e+20,12.6,99.7,4.487640559664693e-12,0.05604064862258579,0.02111013984848685,0.07146714460584368,0.39934481290362817,1.1762144677647417,0.9851374148876911,0.9094368824911595
F574-2,external_151,low_mass_dwarf,0,6.6959203518362665e+19,2.17,12.6,4.938191365429507e-12,0.12248441907031832,0.08777076220014392,0.17370780057594098,0.10333310137224778,0.598934037254425,0.8677055654863637,0.4891797510488571
F574-2,external_151,low_mass_dwarf,1,1.3330127152042707e+20,4.32,23.0,4.553086982216739e-12,0.09871578415819471,0.0556441440186189,0.13370606942227853,0.16968161672207954,0.8135438973676888,0.9307523960534166,0.6764020892896906
F574-2,external_151,low_mass_dwarf,2,2.0026047503878973e+20,6.49,30.0,4.116220385223848e-12,0.07693991005258424,0.0379894157923879,0.10306916707874653,0.21458519486790598,0.9204584159454553,0.9623200000706593,0.7658905238142114
F574-2,external_151,low_mass_dwarf,3,2.6691111079900325e+20,8.65,36.0,3.5932299389429075e-12,0.06051127382673202,0.026907321948277656,0.08038202988394773,0.24644078935762148,0.9824324815022384,0.9788292433496179,0.8142389682473867
F574-2,external_151,low_mass_dwarf,4,3.341788820755151e+20,10.830000000000002,40.0,3.0938223136190348e-12,0.047873066951266495,0.01983273068831847,0.06340509470159594,0.2699061517645629,1.021844802023964,0.9875812042063126,0.8424779500472487
F579-V1,external_151,ordinary_disk,0,1.295984584226374e+19,0.41999999999999993,35.7,1.9845058426969948e-11,0.40598567719449624,0.2532746285368669,0.39428266704490195,0.11327555785095986,0.7138480909679117,0.5003457488334928,0.32759996967351207
F579-V1,external_151,ordinary_disk,1,4.535946044792309e+19,1.47,83.3,1.8619908446088104e-11,0.34110903742537524,0.21945989575260208,0.35167106864998365,0.1799519192103006,0.8615156911387367,0.5644051267222676,0.42828787288420184
F579-V1,external_151,ordinary_disk,2,6.510779696946784e+19,2.11,94.2,1.787315036250298e-11,0.3015651808041967,0.19884901100790736,0.3256982848664144,0.22377314948944674,0.9407821902690964,0.6069258180523315,0.4904077016846961
F579-V1,external_151,ordinary_disk,3,8.763324331435481e+19,2.84,97.6,1.70213794234137e-11,0.25646046934566497,0.17533972059598996,0.2960730783632807,0.27009917235759245,1.0113622761714758,0.6582699037586134,0.5579203431154084
F579-V1,external_151,ordinary_disk,4,1.2034142567816331e+20,3.9,101.0,1.5583506416159288e-11,0.20444777544286102,0.14293342960577893,0.2566772885858474,0.308097986545624,1.0628205738244907,0.7315943741074404,0.63921661841896
F579-V1,external_151,ordinary_disk,5,1.462611173626908e+20,4.74,105.0,1.409521430031569e-11,0.18662214860550194,0.12025549879169144,0.2317417925341123,0.33743727236256227,1.1018688552059925,0.7820551205406123,0.6976350142884694
F579-V1,external_151,ordinary_disk,6,1.755750543868588e+20,5.6899999999999995,106.0,1.2412026788349716e-11,0.16646221349182203,0.09460783894242583,0.20354093390417388,0.3585252986204372,1.129553695073124,0.8385282401362164,0.7582154131318081
F579-V1,external_151,ordinary_disk,7,1.9501482315025442e+20,6.32,108.0,1.1295807701467017e-11,0.1530929933638027,0.07759939083186021,0.18483931186537259,0.3776518687575396,1.1517140042408909,0.8745584288706905,0.7988765460378839
F579-V1,external_151,ordinary_disk,8,2.2741443775591376e+20,7.37,110.0,9.623211701357285e-12,0.13198121111857947,0.05370341294772383,0.1563103385520748,0.3948186542337199,1.1720375887652832,0.9225568962687037,0.8501764536753189
F579-V1,external_151,ordinary_disk,9,2.5333412944044127e+20,8.21,112.0,8.8070071496614e-12,0.11834429882176956,0.04695863524419959,0.14082569143453075,0.40873493633748204,1.184049242850248,0.9379720730454829,0.8686942860558216
F579-V1,external_151,ordinary_disk,10,2.8264806646460924e+20,9.16,113.0,7.883918668576769e-12,0.1029216003908536,0.039330612841404336,0.12331329290873691,0.42578748294729896,1.1980102851649976,0.9537435577942311,0.8882368764617413
F579-V1,external_151,ordinary_disk,11,3.3479601759181334e+20,10.85,114.0,6.298906086839454e-12,0.07668998877400243,0.026486664828424298,0.09347884443487683,0.4399338748407054,1.2094857950705071,0.9758387895448051,0.9128331272702749
F579-V1,external_151,ordinary_disk,12,3.767612327000959e+20,12.209999999999999,114.0,5.505750207216253e-12,0.06575376802055055,0.022281408066259535,0.0806114185466136,0.456257877879668,1.2211121968082423,0.982355559026329,0.9229043604715238
F579-V1,external_151,ordinary_disk,13,4.6778872135409127e+20,15.16,114.0,3.994665346400871e-12,0.04550479582010995,0.01474733614109433,0.05676834897398672,0.4711182732645718,1.2311865359201242,0.9916976862252933,0.9350565986306139
F583-1,external_151,low_mass_dwarf,0,8.022761711877555e+18,0.26,14.6,4.347302182888161e-12,0.19744367420380723,0.08975087710531815,0.2221765475157162,0.012189749825257577,0.24337545743300684,0.8337464546198422,0.20091620065084462
F583-1,external_151,low_mass_dwarf,1,1.3576981358562015e+19,0.44,10.0,4.2932859108251316e-12,0.19016491352744963,0.08730969417123166,0.21572254656777723,0.028479401785803635,0.32059522627851333,0.8415052641173478,0.2651848285291165
F583-1,external_151,low_mass_dwarf,2,2.3759717377483526e+19,0.77,10.7,4.19425607870958e-12,0.17682051895412731,0.08283419212540641,0.20389021149655578,0.04165898055708952,0.37543338387153513,0.8555119022743508,0.31369547838604533
F583-1,external_151,low_mass_dwarf,3,2.7462530475273167e+19,0.89,17.4,4.1582452306675605e-12,0.17196801183655558,0.08120673683601541,0.1995875441979298,0.05421862464811237,0.43108122790747494,0.8605270406924953,0.35957411334589495
F583-1,external_151,low_mass_dwarf,4,3.764526649419468e+19,1.22,23.5,4.0592153985520085e-12,0.1586236172632333,0.07673123479019017,0.18775520912670834,0.07101653357487703,0.4974944766557819,0.8740747664655528,0.4171305336297162
F583-1,external_151,low_mass_dwarf,5,4.782800251311619e+19,1.55,31.0,3.9601855664364566e-12,0.145279222689911,0.07225573274436492,0.1759228740554869,0.08440656235899667,0.546136127765442,0.887221416005679,0.4608133009505718
F583-1,external_151,low_mass_dwarf,6,5.554219646684461e+19,1.8,32.3,3.885162966348917e-12,0.13516983286163653,0.06886520089146701,0.16695898385001612,0.098440239112723,0.5965256993448764,0.8968797770755637,0.5038415938923938
F583-1,external_151,low_mass_dwarf,7,6.819347455095921e+19,2.21,40.9,3.762125902205353e-12,0.11859043354326641,0.06330472865271444,0.152258203913044,0.10807397605611085,0.6249235929603982,0.9120869964366815,0.5336030968297037
F583-1,external_151,low_mass_dwarf,8,7.127915213245058e+19,2.31,43.8,3.732116862170337e-12,0.11454667761195662,0.06194851591155527,0.1486726478308557,0.11405535050122306,0.6449563980093792,0.9156666451571125,0.5504654527754974
F583-1,external_151,low_mass_dwarf,9,7.837621056988073e+19,2.54,44.8,3.6630960700898e-12,0.10524603896994411,0.05882922660688919,0.14042586884182257,0.1272887650401907,0.6872346458129664,0.923692426865076,0.5859923069957866
F583-1,external_151,low_mass_dwarf,10,9.565600502623239e+19,3.1,51.7,3.433771643390414e-12,0.09466625029445258,0.05243104363335526,0.1278621324486968,0.14045888473188248,0.727663343113401,0.9371724724646815,0.6233383394250859
F583-1,external_151,low_mass_dwarf,11,1.0583874104515389e+20,3.43,55.7,3.28838294899066e-12,0.09045024317542147,0.04886087797419389,0.12171582213928839,0.15087532423904274,0.7594039954296196,0.9438668960335609,0.6498422747788838
F583-1,external_151,low_mass_dwarf,12,1.1910715464556677e+20,3.86,59.4,3.098937074469768e-12,0.08495665814153244,0.04420884393346845,0.11370699355430168,0.1591422804886743,0.7832875799822873,0.9521374343256847,0.6718403605665186
F583-1,external_151,low_mass_dwarf,13,1.2620421308299692e+20,4.09,62.0,2.997605560191151e-12,0.08201822893735924,0.04172054665587112,0.10942320152047158,0.16518611165808095,0.8002512079044731,0.9563411539563493,0.6862045072587973
F583-1,external_151,low_mass_dwarf,14,1.3484411031117275e+20,4.37,63.0,2.8742454558519656e-12,0.07844101077575708,0.03869131518749176,0.10420815034885234,0.17262637619349522,0.8204566170499462,0.9612431529436102,0.7031082898913448
F583-1,external_151,low_mass_dwarf,15,1.4687825287898907e+20,4.76,66.6,2.702422453379529e-12,0.07345845690781122,0.03447202849939196,0.09694432907409695,0.18303954456439522,0.8475181629370933,0.9676620158906324,0.7253982720622494
F583-1,external_151,low_mass_dwarf,16,1.6662658940053383e+20,5.4,71.3,2.435930883778943e-12,0.06566252849160464,0.028073930667195907,0.08568496673077365,0.19263114097822143,0.8711502073528314,0.9765099189916551,0.7470985565129405
F583-1,external_151,low_mass_dwarf,17,1.8082070627539413e+20,5.86,72.3,2.3316667270560964e-12,0.06220564907286822,0.02644118584381788,0.08131900469033958,0.19815425917811327,0.883733266460535,0.9789508828386883,0.7568388289961862
F583-1,external_151,low_mass_dwarf,18,1.8760919695467512e+20,6.08,73.4,2.2818012607973438e-12,0.06055235891608123,0.025660307884811,0.07923093588839285,0.20260930506113906,0.893816787226362,0.9800742072524176,0.763936887288366
F583-1,external_151,low_mass_dwarf,19,1.984090684898949e+20,6.43,72.4,2.2024698372038733e-12,0.0579221245757383,0.024418002040936415,0.07590900824893215,0.20918212168547243,0.9082438929518122,0.9818018479930533,0.7740768467339308
F583-1,external_151,low_mass_dwarf,20,2.1507172742994828e+20,6.97,77.1,2.0800727836596618e-12,0.05386404873635206,0.022501301596101343,0.07078374846233562,0.21949541748925194,0.9299270502004441,0.9843224359896613,0.7890095627078012
F583-1,external_151,low_mass_dwarf,21,2.456199354867128e+20,7.959999999999999,80.3,1.855678185495274e-12,0.04642424303081062,0.018987350780570372,0.06138743885357534,0.23819186989216662,0.9664276641120793,0.9884784451458042,0.8133803760976946
F583-1,external_151,low_mass_dwarf,22,3.175162231354617e+20,10.29,84.7,1.5233000941656365e-12,0.0371691143778108,0.014889352973633037,0.049459638156944326,0.2701404357054475,1.0215183021756258,0.9926896151782084,0.8466666277472892
F583-1,external_151,low_mass_dwarf,23,4.7797145737301275e+20,15.49,86.9,1.0705095071496108e-12,0.025329725019168334,0.009872762533450761,0.033999307126188094,0.28644949709191575,1.0459262259135278,0.9966545586897579,0.8624939332009719
F583-1,external_151,low_mass_dwarf,24,5.0173117475049636e+20,16.26,85.8,1.0212620982867282e-12,0.024064653607168772,0.009342981262889028,0.03232525504066149,0.2903386863526124,1.051588396761888,0.99698895127466,0.865598241192064
F583-4,external_151,ordinary_disk,0,6.788490679281008e+18,0.22,10.7,8.803288717661009e-12,0.37253255530460855,0.24553948427337324,0.38021771996855186,0.05957974404951288,0.5301364074741673,0.5171741568190302,0.26150964499929846
F583-4,external_151,ordinary_disk,1,2.345114961933439e+19,0.76,24.7,8.406096104271365e-12,0.30233658784572537,0.2257554950818794,0.34228449007096484,0.10787262441096564,0.6591121891943512,0.5641029547328639,0.34546525024010516
F583-4,external_151,ordinary_disk,2,4.042237631753691e+19,1.31,38.9,8.001548072115247e-12,0.2308406950635295,0.2056051357201727,0.3036487929530521,0.14980224531475622,0.7528860540167062,0.6156431806469462,0.420944554551896
F583-4,external_151,ordinary_disk,3,5.986214508093252e+19,1.9400000000000002,42.7,7.207260078583857e-12,0.20545628961171744,0.15774808699273093,0.2641282426448608,0.22030716105400183,0.9221718732141425,0.7058870450239594,0.5625323324644741
F583-4,external_151,ordinary_disk,4,1.209585611944616e+20,3.92,55.0,4.984809136179494e-12,0.12746404851900903,0.05879355269555519,0.15676339817448898,0.2542015107638356,1.0010184917540481,0.915611082894299,0.7709636147035038
F583-4,external_151,ordinary_disk,5,1.3422697479487445e+20,4.35,57.2,4.5951534085696956e-12,0.11431230228778917,0.049991252684814136,0.14061266108839152,0.2670097209740667,1.0217812432201312,0.934322691994454,0.7970136123679125
F583-4,external_151,ordinary_disk,6,1.5428387907456834e+20,4.999999999999999,59.8,4.020579327864916e-12,0.09552003408341755,0.0382655590371036,0.11753452597896193,0.2737667902196411,1.0323280099408307,0.9569604699151119,0.8215459397471445
F583-4,external_151,ordinary_disk,7,1.5582671786531403e+20,5.05,62.5,3.9763813216568555e-12,0.0940744749907736,0.037363582602664334,0.11575928481669812,0.28150171892693815,1.0438814101383007,0.9585413460688126,0.8285272656988918
F583-4,external_151,ordinary_disk,8,1.7989500300094672e+20,5.830000000000001,61.8,3.3948872851229644e-12,0.07628219131326239,0.027820301724726625,0.09402129020573698,0.28920630647947515,1.0547075070327656,0.974509742220778,0.8475856221191147
F583-4,external_151,ordinary_disk,9,1.8791776471282424e+20,6.09,64.4,3.2191214460819687e-12,0.07114742718635682,0.025396582205897585,0.08777157975470301,0.29537815877159146,1.063168884086813,0.9781950718423004,0.8548449459014985
F583-4,external_151,ordinary_disk,10,2.0797466899251816e+20,6.74,67.2,2.7980028456804205e-12,0.059006331371565475,0.019773472626572947,0.0729941941004465,0.3020245569775636,1.0718021658187344,0.9857718744752069,0.8655711331062604
F583-4,external_151,ordinary_disk,11,2.2494589569072067e+20,7.29,69.9,2.5251343280981527e-12,0.051907260226959684,0.017005263033301847,0.0643535939197838,0.30730497436434845,1.0784004771697098,0.9891749658215461,0.8716637282995022
IC2574,external_151,low_mass_dwarf,0,2.622825944267662e+19,0.85,10.3,3.737850337177101e-12,0.1845199887895756,0.10197111348965875,0.2214849784060307,0.019434326987303973,0.2667489464240125,0.8157600277637653,0.21503170172569286
IC2574,external_151,low_mass_dwarf,1,3.517672442900158e+19,1.14,12.9,3.697335810265528e-12,0.17135305765179187,0.09917291151971938,0.21176551216102735,0.03701942727965515,0.34375626975984525,0.826436702518818,0.2785306329452083
IC2574,external_151,low_mass_dwarf,2,4.381662165717741e+19,1.42,16.4,3.6582183360060775e-12,0.1586401586222076,0.09647119927288136,0.2023811999244724,0.05324575923982368,0.41119155503755445,0.8366523536695278,0.3344114891250161
IC2574,external_151,low_mass_dwarf,3,5.2765086643502375e+19,1.71,18.6,3.6177038090945047e-12,0.14547322748442387,0.09367299730294198,0.19266173367946907,0.06819276515759932,0.4693320032986612,0.8471187648287885,0.3831438711076932
IC2574,external_151,low_mass_dwarf,4,6.14049838716782e+19,1.9899999999999998,19.8,3.56346333317153e-12,0.1371446126273492,0.08959367108720216,0.18465414071984734,0.08208219215661208,0.5239845442062925,0.8580461908998434,0.4293097242371084
IC2574,external_151,low_mass_dwarf,5,7.035344885800316e+19,2.28,26.1,3.4937110030438084e-12,0.13245396422308414,0.0841320821107193,0.1775963317435816,0.09483118699557908,0.574268326146455,0.870007414434714,0.47260597586315584
IC2574,external_151,low_mass_dwarf,6,7.868477832802986e+19,2.55,27.7,3.428769178442137e-12,0.12808680881221665,0.07904715444295939,0.1710252682139549,0.10677815701369041,0.6190258854016792,0.8809093319125729,0.5111406578473147
IC2574,external_151,low_mass_dwarf,7,8.763324331435481e+19,2.84,29.7,3.3590168483144157e-12,0.12339616040795158,0.07358556546647652,0.16396745923768916,0.11833315973817998,0.6601046782240183,0.8923341855786683,0.5471789153336796
IC2574,external_151,low_mass_dwarf,8,9.658170830067979e+19,3.13,33.0,3.289264518186694e-12,0.1187055120036865,0.06812397648999365,0.1569096502614234,0.12893063247992956,0.6959448744263484,0.9034296140196132,0.5791985438944967
IC2574,external_151,low_mass_dwarf,9,1.0522160552885563e+20,3.41,34.8,3.2219174408219975e-12,0.1141766100961202,0.06285071816787224,0.15009521400847717,0.13883217341149717,0.7279093931696791,0.9137961952805946,0.607958031897292
IC2574,external_151,low_mass_dwarf,10,1.1417007051518058e+20,3.7,35.0,3.1526197538306223e-12,0.10953569191149941,0.057569586433829714,0.14316614857672397,0.1480691088743732,0.756401834831461,0.9238556683242123,0.6340503780134987
IC2574,external_151,low_mass_dwarf,11,1.228099677433564e+20,3.9799999999999995,39.0,3.0916376803747743e-12,0.10570301307895287,0.05482272950587287,0.13815412194695348,0.15664515550328273,0.78099484104462,0.9295927729817282,0.6544205925888208
IC2574,external_151,low_mass_dwarf,12,1.3144986497153224e+20,4.26,35.9,3.0306556069189258e-12,0.10187033424640633,0.05207587257791603,0.13314209531718296,0.164891548263353,0.803659481099059,0.9351607177579327,0.6732230114079465
IC2574,external_151,low_mass_dwarf,13,1.403983299578572e+20,4.55,40.0,2.9674956022682257e-12,0.09790077402698313,0.049230913616817876,0.1279510677363492,0.17280098118255166,0.8245165632608226,0.9407413127609842,0.6907107640343196
IC2574,external_151,low_mass_dwarf,14,1.4934679494418216e+20,4.84,38.7,2.9043355976175256e-12,0.09393121380755994,0.04638595465571972,0.12276004015551546,0.18012267081889638,0.8430910300912521,0.9461244417916795,0.7064736818766085
IC2574,external_151,low_mass_dwarf,15,1.57986692172358e+20,5.12,41.8,2.843353524161677e-12,0.09009853497501338,0.04363909772776288,0.11774801352574495,0.1870246752879507,0.8600006034373103,0.9511271216295442,0.7208049899584192
IC2574,external_151,low_mass_dwarf,16,1.6693515715868295e+20,5.409999999999999,42.9,2.780193519510977e-12,0.0861289747555902,0.040794138766664725,0.1125569859449112,0.1934016650087854,0.8751063979672474,0.9560991280666828,0.7339128757769897
IC2574,external_151,low_mass_dwarf,17,1.7526648662870963e+20,5.68,44.4,2.7203662109620534e-12,0.08305651649306257,0.03875998630426051,0.10854028447296225,0.19945704626942357,0.8889866643941018,0.959628248249785,0.745087560800417
IC2574,external_151,low_mass_dwarf,18,1.8421495161503462e+20,5.97,46.1,2.655351717414485e-12,0.08021675854308469,0.03702899425190783,0.10482884451687795,0.20542395573588423,0.9022070528913293,0.9626333951850858,0.7553754668052391
IC2574,external_151,low_mass_dwarf,19,1.9316341660135958e+20,6.26,49.0,2.590337223866917e-12,0.07737700059310681,0.03529800219955515,0.10111740456079366,0.21099882180194582,0.9141956820929146,0.9655376221069826,0.7647751851502498
IC2574,external_151,low_mass_dwarf,20,2.018033138295354e+20,6.54,51.9,2.527564609407196e-12,0.07463516533105921,0.03362669952831809,0.0975339452928502,0.21630250175933238,0.925298141397434,0.968244066805311,0.7734335150072751
IC2574,external_151,low_mass_dwarf,21,2.1075177881586038e+20,6.83,53.1,2.4625501158596275e-12,0.07179540738108135,0.031895707475965415,0.09382250533676591,0.22124973368875847,0.9353819750797686,0.9709441545495336,0.7814409479337319
IC2574,external_151,low_mass_dwarf,22,2.1908310828588705e+20,7.1,54.0,2.402019380487754e-12,0.06915149480696402,0.03028409418584396,0.0903670267569633,0.22595606385118783,0.944758767222107,0.9733621579454504,0.7887694850820908
IC2574,external_151,low_mass_dwarf,23,2.28031573272212e+20,7.39,55.9,2.3377864798071584e-12,0.06639017158419416,0.028619482769332703,0.08676100881804126,0.2305798983120671,0.9537518283390796,0.9757710658396479,0.7958312213685641
IC2574,external_151,low_mass_dwarf,24,2.3698003825853697e+20,7.68,58.8,2.280327383973659e-12,0.06430861599722708,0.02753017019678042,0.08406864836119218,0.23493194023177386,0.961985399636866,0.9773792970468452,0.8017722093532048
IC2574,external_151,low_mass_dwarf,25,2.456199354867128e+20,7.959999999999999,57.3,2.2248496362723492e-12,0.062298838189120916,0.026478420126729938,0.0814691279200965,0.2391026943784644,0.9697123863593458,0.9788837756932732,0.8073080535783062
IC2574,external_151,low_mass_dwarf,26,2.545684004730378e+20,8.25,54.0,2.1673905404388496e-12,0.06021728260215382,0.02538910755417765,0.0787767674632474,0.24302295992555173,0.9768207131298311,0.9803914665336,0.8124722139205734
IC2574,external_151,low_mass_dwarf,27,2.6289972994306448e+20,8.52,63.8,2.1138941408697294e-12,0.0582792825729086,0.02437491998662897,0.07627008703790514,0.24678018543164143,0.9835132394521214,0.981748536126889,0.8172557783023263
IC2574,external_151,low_mass_dwarf,28,2.7184819492938947e+20,8.81,60.5,2.0564350450362297e-12,0.0561977269859415,0.023285607414076682,0.07357772658105605,0.2504971628727677,0.990007127090293,0.9831555753184532,0.8219474466423012
IC2574,external_151,low_mass_dwarf,29,2.807966599157144e+20,9.1,61.0,1.9989759492027305e-12,0.054116171398974414,0.022196294841524404,0.07088536612420697,0.2539827356197259,0.9959872048894077,0.9845097968284133,0.8262952262748054
IC2574,external_151,low_mass_dwarf,30,2.8943655714389026e+20,9.38,66.0,1.9492194024509835e-12,0.05243680470766122,0.021365711415983365,0.06871495431485954,0.257330778189628,1.0016360322437161,0.985530987089561,0.8301657821104189
IC2574,external_151,low_mass_dwarf,31,2.983850221302152e+20,9.67,65.2,1.9009777970362246e-12,0.05088757814219392,0.02063272288180741,0.06671393554249376,0.2606089726053348,1.0070717898003527,0.9864219984096674,0.8337937278251327
IC2574,external_151,low_mass_dwarf,32,3.073334871165402e+20,9.96,67.1,1.8527361916214652e-12,0.049338351576726606,0.019899734347631454,0.06471291677012797,0.2636530536985262,1.0120364286498058,0.9872860281704281,0.8371328400174235
IC2574,external_151,low_mass_dwarf,33,3.1566481658656686e+20,10.23,67.5,1.8078215934766897e-12,0.04789596822267084,0.019217296746846944,0.06284989929240811,0.266481269819954,1.0165854891915724,0.9880660867683076,0.8401684218198201
IC4202,calibration_24,bulge_rich_hsb,0,2.3759717377483526e+19,0.77,35.1,6.623579242918612e-11,0.5749943376749007,0.46393923465513087,0.5048136207329915,0.11326351608189318,0.708535843643922,0.299219475662977,0.19470890879790198
IC4202,calibration_24,bulge_rich_hsb,1,4.906227354571274e+19,1.59,77.9,6.389433749877132e-11,0.5310080102018191,0.4302261596253638,0.481727919891201,0.19736999647566428,0.8757589528371668,0.32546579130551373,0.24996741603121192
IC4202,calibration_24,bulge_rich_hsb,2,7.282199092319626e+19,2.36,115.0,6.169565421045499e-11,0.48970377586734,0.3985687599022899,0.4600498837348855,0.262107326569328,0.9748899051238236,0.3529060789395955,0.29207922296663336
IC4202,calibration_24,bulge_rich_hsb,3,9.658170830067979e+19,3.13,156.0,5.949697092213867e-11,0.4483995415328609,0.366911360179216,0.43837184757856995,0.31635535329329834,1.0433258344054626,0.3833714756154377,0.3312647974944581
IC4202,calibration_24,bulge_rich_hsb,4,1.21884264468909e+20,3.9499999999999997,192.0,5.7155515991723867e-11,0.4044132140597792,0.333198285149449,0.4152861467367794,0.3611298767668406,1.092447765979678,0.41951124668365,0.37242375767205543
IC4202,calibration_24,bulge_rich_hsb,5,1.4595254960454168e+20,4.73,204.0,5.492827837498784e-11,0.3625725610975795,0.3011297503650364,0.3933265776433688,0.39734475745481473,1.1283955717153027,0.4577867215837893,0.4137139827369315
IC4202,calibration_24,bulge_rich_hsb,6,1.697122669820252e+20,5.5,209.0,5.268649367773326e-11,0.3224011909356946,0.26971715672455276,0.3717776535741526,0.4278052792031776,1.1567376382098602,0.49931391358335525,0.45711961216014885
IC4202,calibration_24,bulge_rich_hsb,7,1.934719843595087e+20,6.27,220.0,4.9419426834981766e-11,0.3091780212629842,0.2441279296925335,0.3533000053850455,0.45467838367130786,1.1820215578005777,0.5369116018221655,0.4968441354928164
IC4202,calibration_24,bulge_rich_hsb,8,2.184659727695888e+20,7.08,231.0,4.598264223416525e-11,0.2952679336851979,0.21720939216534432,0.3338624793679329,0.4779922834094532,1.2034612080471447,0.5796494372832008,0.5409796878957092
IC4202,calibration_24,bulge_rich_hsb,9,2.4253425790522147e+20,7.86,235.0,4.2673145951897496e-11,0.28187303453621854,0.19128783750953257,0.31514486172182443,0.4981186708860723,1.221489605957222,0.6238950074603888,0.5862181195922759
IC4202,calibration_24,bulge_rich_hsb,10,2.672196785571524e+20,8.66,245.0,3.927879079059724e-11,0.26813467643470124,0.16470162760613588,0.2959473051617132,0.5157624482176736,1.2373696385640083,0.6723005323731398,0.6352745197361404
IC4202,calibration_24,bulge_rich_hsb,11,2.9159653145093417e+20,9.45,246.0,3.5926865068813244e-11,0.2545680478094529,0.13844774532653173,0.2769897180586034,0.5310939803661189,1.2512957289981932,0.7228117855545027,0.6862320121773602
IC4202,calibration_24,bulge_rich_hsb,12,3.15973384344716e+20,10.24,239.0,3.257493934702924e-11,0.2410014191842046,0.1121938630469275,0.25803213095549354,0.5444451846405232,1.2637492961752912,0.7754966535657519,0.7392268652336661
IC4202,calibration_24,bulge_rich_hsb,13,3.4004166948034865e+20,11.02,240.0,2.943608267362363e-11,0.22745695934868115,0.08823305037003354,0.2397662005197046,0.5560415834932935,1.2744243417320664,0.8253868986298334,0.78940197049912
IC4202,calibration_24,bulge_rich_hsb,14,3.638013868578322e+20,11.790000000000001,240.0,2.776887268183614e-11,0.2128315613738904,0.08102704930097743,0.22552341247087299,0.5657678125297742,1.279645880046054,0.8454979587421105,0.8099145587905334
IC4202,calibration_24,bulge_rich_hsb,15,3.847839944119735e+20,12.47,246.0,2.6296531390387454e-11,0.19991562550004924,0.07466330809713566,0.2129453658822944,0.5751621393901718,1.28452492250846,0.8628186845843862,0.8277049083468877
IC4202,calibration_24,bulge_rich_hsb,16,4.116293893709484e+20,13.34,241.0,2.4412800620445747e-11,0.18339082519087008,0.06652146273339692,0.19685286509984828,0.5839657025784352,1.2892300633329468,0.8842128527733487,0.8493938008299039
IC4202,calibration_24,bulge_rich_hsb,17,4.3538910674843186e+20,14.11,250.0,2.2745590628658267e-11,0.16876542721607937,0.05931546166434082,0.1826100770510167,0.5899732420976682,1.29256795015624,0.9022697414394104,0.8675716303643045
IC4202,calibration_24,bulge_rich_hsb,18,4.502003591395905e+20,14.59,242.0,2.170629089351801e-11,0.159648296011015,0.05482340904986426,0.1737314559296671,0.5938566216330792,1.2946909853512776,0.9130372997221897,0.8784555168279892
IC4202,calibration_24,bulge_rich_hsb,19,4.6223450170740684e+20,14.980000000000002,244.0,2.0861859858716557e-11,0.15224062690690016,0.05117361630060206,0.16651757626857053,0.59871366927126,1.2971173152926276,0.921478032049551,0.8871834469601358
IC4202,calibration_24,bulge_rich_hsb,20,4.859942190848903e+20,15.75,248.0,1.9194649866929073e-11,0.13761522893210948,0.04396761523154596,0.15227478821973894,0.6044563941309408,1.300265366291001,0.9372496433580775,0.9031610646657504
IC4202,calibration_24,bulge_rich_hsb,21,5.0975393646237385e+20,16.52,249.0,1.7635804789762136e-11,0.12406385491806221,0.037452700202137555,0.13898978449244812,0.6089343645700657,1.3027763063717552,0.9505202616260723,0.9165839599828595
IC4202,calibration_24,bulge_rich_hsb,22,5.276508664350238e+20,17.1,246.0,1.6935252617173715e-11,0.11855068475640415,0.0355659697292185,0.13316919511214614,0.6131614654895545,1.3045739742463807,0.9547788880857102,0.921143588449614
IC4202,calibration_24,bulge_rich_hsb,23,5.517191515706564e+20,17.88,241.0,1.5993130729899638e-11,0.11113642143555372,0.03302864254149978,0.12534150594553317,0.6175955081824299,1.3064699136475908,0.9602471157190128,0.9268964856133973
IC4202,calibration_24,bulge_rich_hsb,24,5.754788689481399e+20,18.65,247.0,1.5063087328359845e-11,0.1038172127726629,0.030523845189521042,0.11761417176823577,0.6221575907300574,1.308397272558852,0.9653438025214865,0.9323005161818877
IC4202,calibration_24,bulge_rich_hsb,25,6.054099414886062e+20,19.62,234.0,1.3891474212134385e-11,0.09459691095057961,0.027368451122742617,0.1078797378046273,0.6271519821482462,1.3105087290601731,0.9713217134789097,0.938603715198613
IC4202,calibration_24,bulge_rich_hsb,26,6.412038014339061e+20,20.78,249.0,1.249036986695755e-11,0.08357057062726353,0.023594990176904508,0.0962385590440234,0.6322618991986947,1.3126780947714252,0.9777967023523053,0.9454042852504089
IC4202,calibration_24,bulge_rich_hsb,27,6.828604487840395e+20,22.13,236.0,1.0994879827336196e-11,0.0719765789533205,0.01972813768449412,0.08396588491877839,0.6361103393598051,1.3143380972796874,0.9837050194266637,0.9515323912517961
IC4202,calibration_24,bulge_rich_hsb,28,7.097058437430144e+20,23.0,245.0,1.0406349920418894e-11,0.06794428401110734,0.018693353635819327,0.07959859493108455,0.6384531021039057,1.3152175152702912,0.9853385109397483,0.9533318892200286
IC4202,calibration_24,bulge_rich_hsb,29,7.276027737156644e+20,23.580000000000002,243.0,1.001399664914069e-11,0.06525608738296523,0.018003497603369466,0.07668706827262198,0.6415656282723932,1.316381721368555,0.9863816650612881,0.9546308214348913
IC4202,calibration_24,bulge_rich_hsb,30,7.723450986472892e+20,25.03,238.0,9.033113470945182e-12,0.05853559581260996,0.01627885752224481,0.06940825162646558,0.6447292802651589,1.317553992592055,0.9888273677329575,0.9572888808522726
IC4202,calibration_24,bulge_rich_hsb,31,7.99190493606264e+20,25.9,247.0,8.444583564027878e-12,0.0545033008703968,0.015244073473570017,0.06504096163877174,0.6469195110891703,1.318361897575877,0.9901824479875816,0.95880085685014
KK98-251,calibration_24,low_mass_dwarf,0,7.714193953728418e+18,0.25,4.25,3.541010140599924e-12,0.3475253830805907,0.3423844745048409,0.40789111790366,0.019740396965380106,0.33410632947900254,0.41726546685013594,0.13683179784815014
KK98-251,calibration_24,low_mass_dwarf,1,1.2651278084114604e+19,0.41,6.84,3.6235672121583692e-12,0.31249830069090395,0.3503372522483241,0.39841091001591245,0.03828381466373323,0.38182481968748366,0.4174002763821927,0.15552939378398606
KK98-251,calibration_24,low_mass_dwarf,2,1.758836221450079e+19,0.57,9.56,3.743362029974351e-12,0.29319855306529413,0.34312059293760516,0.38867486634232457,0.056244681158081324,0.43899490605354036,0.42851813817944195,0.18213301698531822
KK98-251,calibration_24,low_mass_dwarf,3,2.2834014103036117e+19,0.74,12.3,3.913956242348575e-12,0.2909854548410082,0.31780891453711024,0.3780327504953354,0.07308168425044263,0.5055660672609466,0.4542518878736553,0.2199954477572619
KK98-251,calibration_24,low_mass_dwarf,4,2.7771098233422303e+19,0.9,15.1,4.0745155010537264e-12,0.2889025388652096,0.29398615839546793,0.3680166414628751,0.0889053430800257,0.5661177907940563,0.48032631760131655,0.25762760981338584
KK98-251,calibration_24,low_mass_dwarf,5,3.301675012195763e+19,1.07,17.5,4.213929234336551e-12,0.28513898615455907,0.2720136488987322,0.3576194697428116,0.10421577807434634,0.6212131512226496,0.506900495031564,0.295027285730296
KK98-251,calibration_24,low_mass_dwarf,6,3.826240201049295e+19,1.24,19.7,4.320479223589881e-12,0.2797412783297453,0.253560571922668,0.3474804653544693,0.11819049654581704,0.6679114799445829,0.5316113505281593,0.32925221759830386
KK98-251,calibration_24,low_mass_dwarf,7,4.3199486140879135e+19,1.4,21.8,4.420761566416545e-12,0.2746610827299206,0.23619297006284296,0.3379378729889706,0.13136945915082093,0.7101556187870297,0.5561161517852857,0.3625609141998365
KK98-251,calibration_24,low_mass_dwarf,8,4.8445138029414466e+19,1.57,24.4,4.477003652636269e-12,0.26877453507207166,0.21960770170781718,0.32795449276913174,0.14341673331703678,0.7469593453968179,0.5813232498095546,0.3949572937779366
KK98-251,calibration_24,low_mass_dwarf,9,5.3073654401651515e+19,1.72,27.3,4.486371400017908e-12,0.2631893407609833,0.2064683078468853,0.31927016216107096,0.1548282512882482,0.7794325469542704,0.6027031109377985,0.4236254890866164
KK98-251,calibration_24,low_mass_dwarf,10,5.831930629018684e+19,1.89,30.3,4.496988180383767e-12,0.25685945387508324,0.1915769948044958,0.3094279208052687,0.16626576355930398,0.8110982447694453,0.6278280862373036,0.45520297155662487
KK98-251,calibration_24,low_mass_dwarf,11,6.356495817872216e+19,2.06,32.6,4.478576398428528e-12,0.2500422431183246,0.17828566382695277,0.2997269618044477,0.18419392633828116,0.8551175169926102,0.6517331982235942,0.4918291726584816
KK98-251,calibration_24,low_mass_dwarf,12,7.590766850468762e+19,2.46,33.3,4.3678015925316546e-12,0.23286936456434257,0.15072978338663517,0.27722947030077516,0.2044582773963339,0.9031829923837383,0.7052845802488573,0.5538610514699269
KK98-251,calibration_24,low_mass_dwarf,13,8.609040452360915e+19,2.79,34.6,4.215386807314959e-12,0.21806811827898032,0.132527049705926,0.2593649805122802,0.22107200043601757,0.9380922797463487,0.7441978115420166,0.6001445433301262
KK98-251,calibration_24,low_mass_dwarf,14,9.658170830067979e+19,3.13,34.2,4.0403667199339515e-12,0.2028799506786404,0.11569946126296626,0.24141896901951604,0.23614191697923215,0.9676148506252973,0.7816649868317598,0.6437285096622657
NGC0024,external_151,bulge_rich_hsb,0,6.47992292113187e+18,0.20999999999999996,17.4,4.7203182973949e-11,0.727686158355613,1.4969814136653836,0.6862221880052255,0.022761893149472447,0.33321490249692315,0.08871053253183636,0.02901568781404766
NGC0024,external_151,bulge_rich_hsb,1,9.874168260772375e+18,0.32,31.0,4.6439158059908726e-11,0.7017935160786661,1.4479306886341188,0.677399723017082,0.04423717020069915,0.3762889387359935,0.09252167238094613,0.03399908622732197
NGC0024,external_151,bulge_rich_hsb,2,1.3268413600412879e+19,0.43,36.1,4.5675133145868453e-11,0.6759008738017193,1.3988799636028537,0.6685772580289384,0.06452690031227752,0.41714240171679606,0.09659415478396415,0.03913507837856834
NGC0024,external_151,bulge_rich_hsb,3,1.6662658940053383e+19,0.54,46.0,4.491110823182818e-11,0.6500082315247723,1.3498292385715887,0.6597547930407949,0.08286635125603437,0.45416989694826887,0.10095337235966072,0.04428991152350607
NGC0024,external_151,bulge_rich_hsb,4,1.974833652154475e+19,0.64,58.0,4.421654012815521e-11,0.626469465818457,1.3052376703613477,0.6517343703243007,0.09947557345431798,0.48788232738378856,0.10518916548652626,0.049308088448891466
NGC0024,external_151,bulge_rich_hsb,5,2.2834014103036117e+19,0.74,63.4,4.3521972024482236e-11,0.6029307001121416,1.2606461021511068,0.6437139476078066,0.11607689821918271,0.5216748876158193,0.1097098145949849,0.05467201443477495
NGC0024,external_151,bulge_rich_hsb,6,2.622825944267662e+19,0.85,71.9,4.2757947110441963e-11,0.5770380578351947,1.211595377119842,0.6348914826196631,0.13259944206157784,0.5554677323811215,0.11504413977753729,0.060667465082261875
NGC0024,external_151,bulge_rich_hsb,7,2.962250478231712e+19,0.96,76.4,4.19939221964017e-11,0.5511454155582478,1.162544652088577,0.6260690176315196,0.1482984630765033,0.5877591838841941,0.12079728309402767,0.06698180868285357
NGC0024,external_151,bulge_rich_hsb,8,3.301675012195763e+19,1.07,78.1,4.1229897282361425e-11,0.5252527732813008,1.1134939270573119,0.617246552643376,0.16256236754251993,0.6174204533158348,0.1270163386718953,0.07353405062766599
NGC0024,external_151,bulge_rich_hsb,9,3.6102427703448994e+19,1.17,80.5,4.053532917868845e-11,0.5017140075749855,1.068902358847071,0.609226129926882,0.17618004819455432,0.6456992312024756,0.13311976532682984,0.08010575687896813
NGC0024,external_151,bulge_rich_hsb,10,3.94966730430895e+19,1.28,82.8,3.961184292718255e-11,0.48522131816194136,1.0181968647516313,0.5996403141048618,0.18915779565227958,0.6764337708342331,0.140735675630365,0.08810278878276173
NGC0024,external_151,bulge_rich_hsb,11,4.258235062458086e+19,1.38,85.6,3.850995510280933e-11,0.4856933016188561,0.9693784407796399,0.5896700278453133,0.20094665318873123,0.7096015375246065,0.14889518015627148,0.09700990610509375
NGC0024,external_151,bulge_rich_hsb,12,4.566802820607223e+19,1.48,88.0,3.7408067278436115e-11,0.4861652850757708,0.9205600168076483,0.5796997415857649,0.2127614184156095,0.7425751514349243,0.15781622646125376,0.10671333472026648
NGC0024,external_151,bulge_rich_hsb,13,4.906227354571274e+19,1.59,92.0,3.6195990671625576e-11,0.48668446687837696,0.8668597504384576,0.5687324267002615,0.2245459856815048,0.7765086465632135,0.16863086507789202,0.11817534458466426
NGC0024,external_151,bulge_rich_hsb,14,5.245651888535324e+19,1.7,92.4,3.498391406481504e-11,0.48720364868098315,0.8131594840692671,0.5577651118147582,0.2352626478807423,0.808460199619816,0.1806515046576125,0.13065161692911414
NGC0024,external_151,bulge_rich_hsb,15,5.554219646684461e+19,1.8,95.1,3.388202624044182e-11,0.48767563213789783,0.7643410600972756,0.5477948255552098,0.24550329544797733,0.8380614831541311,0.1927888942476206,0.14330920690465138
NGC0024,external_151,bulge_rich_hsb,16,5.893644180648511e+19,1.91,96.5,3.266994963363128e-11,0.488194813940504,0.710640793728085,0.5368275106697065,0.25573534736470716,0.8687687312548394,0.20768797398734082,0.1585769132458386
NGC0024,external_151,bulge_rich_hsb,17,6.2330687146125615e+19,2.02,101.0,3.1457873026820744e-11,0.4887139957431102,0.6569405273588944,0.5258601957842031,0.26549281171165173,0.8985196047727104,0.22448761437106005,0.1756404167147185
NGC0024,external_151,bulge_rich_hsb,18,6.572493248576612e+19,2.13,99.9,3.02457964200102e-11,0.4892331775457164,0.6032402609897038,0.5148928808986998,0.2743839964586986,0.9268196610296013,0.24354358891837372,0.1947653577949145
NGC0024,external_151,bulge_rich_hsb,19,6.881061006725748e+19,2.23,103.0,2.914390859563698e-11,0.4897051610026311,0.5544218370177123,0.5049225946391513,0.28289642326690995,0.9529065263808918,0.2631993746316481,0.21453453243700754
NGC0024,external_151,bulge_rich_hsb,20,7.220485540689799e+19,2.34,104.0,2.7931831988826443e-11,0.4902243428052373,0.5007215706485217,0.49395527975364795,0.2910328825872206,0.9797742373346934,0.2879072642340717,0.2390700140510405
NGC0024,external_151,bulge_rich_hsb,21,7.529053298838936e+19,2.44,107.0,2.6829944164453225e-11,0.490696326262152,0.4519031466765302,0.4839849934940995,0.298460688482177,1.004046932705243,0.3137605905276813,0.2647043277923455
NGC0024,external_151,bulge_rich_hsb,22,7.837621056988073e+19,2.54,107.0,2.597036902981914e-11,0.48591484770125504,0.42126687884529873,0.47486014445078556,0.3059518161549378,1.021464651328591,0.3332857279766587,0.28425061742497076
NGC0024,external_151,bulge_rich_hsb,23,8.177045590952123e+19,2.65,106.0,2.5215502863136828e-11,0.47652147525857436,0.4018738195008271,0.4654880523419,0.31348007490109203,1.0343059081631318,0.3483501733989446,0.29940969029477466
NGC0024,external_151,bulge_rich_hsb,24,8.516470124916172e+19,2.76,107.0,2.4460636696454514e-11,0.4671281028158936,0.38248076015635546,0.4561159602330145,0.4342813986841309,1.14801998327848,0.36435768693556714,0.33227720940836963
NGC0024,external_151,bulge_rich_hsb,25,2.1815740501143965e+20,7.069999999999999,104.0,6.9231824223953405e-12,0.17329513576313832,0.06297304937041204,0.19056888799948535,0.4835071076472141,1.2379066727567054,0.8928515307076602,0.8438357877447569
NGC0024,external_151,bulge_rich_hsb,26,2.6197402666861707e+20,8.49,106.0,4.92803777157432e-12,0.13035727858084414,0.04671741860932973,0.15027576496792416,0.5004947172610513,1.2483922955565623,0.9344004551172372,0.8862568246645869
NGC0024,external_151,bulge_rich_hsb,27,3.057906483257945e+20,9.91,109.0,3.648856520996827e-12,0.10246062535018913,0.03684749038372093,0.12226580283390479,0.5132450297815172,1.2557914663569543,0.9568902933849455,0.9098063850304152
NGC0024,external_151,bulge_rich_hsb,28,3.477558634340771e+20,11.27,110.0,2.839016747890082e-12,0.08387435170223814,0.03021963452659586,0.10239081584389642,0.5232170144157837,1.261430246109808,0.9699865497525879,0.9239381465320472
NGC0055,external_151,low_mass_dwarf,0,3.795383425234381e+19,1.23,28.7,1.0110664511210012e-11,0.32465898425522044,0.3140981257777524,0.3894100677880697,0.06829164085612022,0.5096269859716788,0.4498163058025862,0.2194436346221985
NGC0055,external_151,low_mass_dwarf,1,5.677646749944116e+19,1.84,37.6,1.036005814642943e-11,0.29499841457095277,0.31296758336282415,0.3780137275459669,0.12666240518824884,0.6768730180105882,0.4580725238883821,0.28691761800216264
NGC0055,external_151,low_mass_dwarf,2,7.590766850468762e+19,2.46,43.1,1.0773430465081635e-11,0.2911727795728214,0.28868316181559,0.36664374325516014,0.1766906365468361,0.8091185025185758,0.4858050790653351,0.3515669833249719
NGC0055,external_151,low_mass_dwarf,3,9.473030175178496e+19,3.07,50.1,1.118013548827171e-11,0.28740884836498237,0.2647904244868596,0.35545714580775356,0.2196745971456657,0.9035342519246661,0.5151408962352558,0.40465293026802335
NGC0055,external_151,low_mass_dwarf,4,1.1355293499888232e+20,3.68,58.1,1.1520153821868012e-11,0.2826451884629004,0.24291894670691544,0.34436378390442346,0.2575357989900866,0.9736293360773299,0.5445066455056621,0.45026993567240203
NGC0055,external_151,low_mass_dwarf,5,1.3268413600412878e+20,4.3,64.6,1.1720450467848891e-11,0.2756252448956636,0.22509280402499188,0.33329170353405435,0.2908378682213762,1.0257677602079531,0.5713581666943022,0.4885754994593846
NGC0055,external_151,low_mass_dwarf,6,1.5150676925122612e+20,4.91,68.5,1.1917516522765562e-11,0.26871852622467257,0.2075541797734219,0.32239820510514283,0.3200972619147226,1.066748252961371,0.5991069890198125,0.5245988247395044
NGC0055,external_151,low_mass_dwarf,7,1.7032940249832345e+20,5.52,72.3,1.1979869893460224e-11,0.2614099039217285,0.19171099490326865,0.31164599735001713,0.34637934432896944,1.0996994598968923,0.6259939053533516,0.557805012726581
NGC0055,external_151,low_mass_dwarf,8,1.8946060350356993e+20,6.14,74.2,1.1893212766178723e-11,0.25353385861215905,0.1774963364007664,0.30087488264003676,0.36989464487421975,1.1264021414859804,0.6518726796302187,0.5885571189949312
NGC0055,external_151,low_mass_dwarf,9,2.082832367506673e+20,6.75,78.9,1.1807953334498535e-11,0.24578484629145364,0.16351094658378834,0.29027749558666893,0.3910318131221798,1.1488661937765527,0.678133690021511,0.6186615065062832
NGC0055,external_151,low_mass_dwarf,10,2.2741443775591376e+20,7.37,82.4,1.161654528167652e-11,0.23743568742208299,0.15130546995423144,0.27971710219716,0.4101003522997356,1.1674701090868236,0.7026284676016167,0.6462499886866336
NGC0055,external_151,low_mass_dwarf,11,2.4623707100301112e+20,7.98,84.3,1.1370772272484493e-11,0.22896170632748658,0.14039882114726637,0.2694426109352361,0.4272359993841639,1.1830721370977684,0.725534478881945,0.6716794334850197
NGC0055,external_151,low_mass_dwarf,12,2.6505970425010844e+20,8.59,85.4,1.1124999263292468e-11,0.22048772523289017,0.12949217234030136,0.25916811967331216,0.44292856110281176,1.1968161046079193,0.7487258026056571,0.6969743652507745
NGC0055,external_151,low_mass_dwarf,13,2.8419090525535493e+20,9.21,85.3,1.0810447244220045e-11,0.21179801994366,0.12029109631828896,0.24908938759343313,0.4572212716256797,1.2084351135601812,0.7694483721018315,0.7194822575784533
NGC0055,external_151,low_mass_dwarf,14,3.0301353850245225e+20,9.82,86.8,1.0484898519559577e-11,0.20322940878693682,0.11170610185957774,0.2392636039654727,0.47017259821834345,1.2185330523628057,0.7890965509894718,0.7406414742041109
NGC0055,external_151,low_mass_dwarf,15,3.218361717495496e+20,10.43,85.4,1.0159349794899107e-11,0.19466079763021363,0.1031211074008665,0.22943782033751228,0.4821194825247704,1.2276327229714823,0.8086697018580805,0.7615201570912419
NGC0055,external_151,low_mass_dwarf,16,3.409673727547961e+20,11.05,85.4,9.798786556028315e-12,0.18625596149196033,0.096117496227864,0.2199966467608172,0.49307949761600667,1.2354079449266562,0.8254535069321322,0.7794613427821341
NGC0055,external_151,low_mass_dwarf,17,3.5979000600189344e+20,11.660000000000002,86.2,9.442664413408107e-12,0.17800077746506798,0.0893066018840239,0.2107330222587971,0.5031516426692669,1.2423970954449883,0.8416102182989481,0.7966344412595616
NGC0055,external_151,low_mass_dwarf,18,3.7892120700713986e+20,12.28,86.1,9.080543203880737e-12,0.16968231935291092,0.08256236879786762,0.2014020509854345,0.5124107167712794,1.2487184043393622,0.8574253390312483,0.813336291746663
NGC0055,external_151,low_mass_dwarf,19,3.977438402542372e+20,12.89,87.4,8.723180243734484e-12,0.16198247631206683,0.07712574827107034,0.19278978981179076,0.5208879792257699,1.2541588841063105,0.8705564647895464,0.8272791857671076
NGC0055,external_151,low_mass_dwarf,20,4.165664735013346e+20,13.5,86.5,8.36581728358823e-12,0.15428263327122274,0.07168912774427307,0.18417752863814701,0.5287157307709603,1.2591355028415243,0.8833647077913696,0.8408091500794947
NGC0100,external_151,bulge_rich_hsb,0,7.097058437430145e+18,0.23,6.81,1.9662890963786674e-11,0.5389947873524475,0.4475346562181063,0.49098838911252407,0.06515099729339723,0.5710161513500285,0.31275966878483685,0.16904261917139338
NGC0100,external_151,bulge_rich_hsb,1,2.129117531229043e+19,0.69,20.0,1.865614103540592e-11,0.4848325146250013,0.3948027667080017,0.4533686061980186,0.11819932718502509,0.7079990635810534,0.35843427013181006,0.23309519429853728
NGC0100,external_151,bulge_rich_hsb,2,3.548529218715072e+19,1.15,33.0,1.764939110702517e-11,0.4306702418975551,0.3420708771978971,0.4157488232835131,0.1609134295224463,0.8051456192073253,0.41285538414655315,0.2976404784859103
NGC0100,external_151,bulge_rich_hsb,3,4.906227354571274e+19,1.59,42.7,1.6686412914660972e-11,0.3788628505930413,0.29163167853605787,0.3797646831044209,0.19646738410642728,0.87849700497999,0.47449266915623,0.3652551441884401
NGC0100,external_151,bulge_rich_hsb,4,6.325639042057302e+19,2.05,49.9,1.5679662986280218e-11,0.32470057786559514,0.23889978902595332,0.3421449001899154,0.22664606529783396,0.9366810432750098,0.5502416140672212,0.4432725397578315
NGC0100,external_151,bulge_rich_hsb,5,7.745050729543331e+19,2.51,55.5,1.4672913057899464e-11,0.27053830513814886,0.18616789951584872,0.3045251172754099,0.25166149054794396,0.9831192151560126,0.6381914107443617,0.5311225487537479
NGC0100,external_151,bulge_rich_hsb,6,9.164462417029361e+19,2.97,61.9,1.3534630105723558e-11,0.23123609046090113,0.14684897246673265,0.2729897092644415,0.2725267290543204,1.019803318931649,0.7138357005354712,0.6081916354995122
NGC0100,external_151,bulge_rich_hsb,7,1.0553017328700475e+20,3.42,67.9,1.2230371848649876e-11,0.2143350963050474,0.12783336592954464,0.2509620909105024,0.2907075073179924,1.048329238493765,0.7571092818883931,0.6561038570760477
NGC0100,external_151,bulge_rich_hsb,8,1.1972429016186505e+20,3.8800000000000003,73.1,1.0897130074752333e-11,0.1970585245012858,0.10839519035819686,0.22844496992647584,0.3066540063339113,1.0724665059834955,0.80152394708893,0.7040442590437576
NGC0100,external_151,bulge_rich_hsb,9,1.3391840703672533e+20,4.34,76.1,9.56388830085479e-12,0.1797819526975242,0.08895701478684913,0.20592784894244925,0.3202796586269451,1.0927022730005644,0.845174747786806,0.750408208564921
NGC0100,external_151,bulge_rich_hsb,10,1.4780395615343647e+20,4.789999999999999,77.8,8.25963004378111e-12,0.1628809585416705,0.06994140824966112,0.18390023058851024,0.33187630657178124,1.1097993997529039,0.8860359232734478,0.7935421622695189
NGC0100,external_151,bulge_rich_hsb,11,1.6168950527014765e+20,5.24,79.0,6.955371786707425e-12,0.14597996438581673,0.05092580171247307,0.16187261223457114,0.34186949806492367,1.124656524942085,0.9238430656764354,0.8334167913658558
NGC0100,external_151,bulge_rich_hsb,12,1.7588362214500794e+20,5.7,78.5,5.8705322273193515e-12,0.13063234224581238,0.03629982146887473,0.14286715638959827,0.3505372612321699,1.1364382908896329,0.9506963883637221,0.8624150884798588
NGC0100,external_151,bulge_rich_hsb,13,1.900777390198682e+20,6.16,79.8,5.4119575344795864e-12,0.1201479352189941,0.03380621641641009,0.1327152146085589,0.3629067391547275,1.1479816905504652,0.9570605293091156,0.8727795086191092
NGC0100,external_151,bulge_rich_hsb,14,2.209345148347819e+20,7.16,83.4,4.415056028306183e-12,0.09735574603025866,0.028385335867573913,0.11064577595412545,0.3721926330198955,1.1552257604516463,0.9695491985267909,0.8870271091853498
NGC0100,external_151,bulge_rich_hsb,15,2.320429541281508e+20,7.52,84.6,4.056171486083759e-12,0.08915055792231394,0.0264338188699929,0.10270077803852942,0.37727227083867054,1.159424221006864,0.9735697829534947,0.8923478014993677
NGC0100,external_151,bulge_rich_hsb,16,2.4623707100301112e+20,7.98,86.1,3.597596793243992e-12,0.07866615089549561,0.023940213817528252,0.09254883625749,0.3823251332649049,1.1633776000917433,0.9783238753698336,0.8982448239221236
NGC0100,external_151,bulge_rich_hsb,17,2.6043118787787135e+20,8.44,87.5,3.188598954880227e-12,0.06948699325450855,0.02176454343903711,0.0836050997631386,0.38681971476277377,1.1668573595455936,0.9821289187335365,0.9030871308474329
NGC0100,external_151,bulge_rich_hsb,18,2.746253047527317e+20,8.9,89.0,2.995334062478854e-12,0.0659876089310741,0.020972361072539532,0.07991885063016688,0.39100967352353505,1.170382846310665,0.9835154258832617,0.9057192557585523
NGC0100,external_151,bulge_rich_hsb,19,2.8851085386944283e+20,9.35,90.4,2.806270580781859e-12,0.06256429817988823,0.02019740006183538,0.07631273734791195,0.39413744191433137,1.1729253127482675,0.9848207714560067,0.9078944239447939
NGC0100,external_151,bulge_rich_hsb,20,2.968421833394695e+20,9.62,91.2,2.6928324917636622e-12,0.06051031172917672,0.01973242345541289,0.074149069378559,0.3963965957698759,1.1747731626174267,0.985579582656816,0.9092980482878458
NGC0247,calibration_24,ordinary_disk,0,3.3325317880106766e+19,1.08,34.6,1.1796500360428489e-11,0.28722255541479047,0.20738428964976585,0.3290618294631167,0.05106690261293539,0.4569543180080195,0.5943810057738621,0.2622509811386338
NGC0247,calibration_24,ordinary_disk,1,4.967940906201101e+19,1.61,47.0,1.1620426537913318e-11,0.25404034336827197,0.20220399884418988,0.31182645940427306,0.09526215733419736,0.6017777094187753,0.6132991828967556,0.3471940566896428
NGC0247,calibration_24,ordinary_disk,2,6.634206800206439e+19,2.15,59.1,1.144103056780352e-11,0.2202320518491777,0.19692596670265963,0.29426589368394185,0.13403349855220342,0.7079016980655243,0.6331173736110056,0.4116789153047578
NGC0247,calibration_24,ordinary_disk,3,8.331329470026691e+19,2.7,64.4,1.1116019156049502e-11,0.21003791239968553,0.1776228291059992,0.2784234634886885,0.16718181314401237,0.800248452219111,0.6691005723026707,0.4800991763404919
NGC0247,calibration_24,ordinary_disk,4,9.935881812402202e+19,3.22,67.4,1.080178464522285e-11,0.2015839465828962,0.15869224143163135,0.2635449821018965,0.19630251829012332,0.8721377627014536,0.7051065171338504,0.5399040620824928
NGC0247,calibration_24,ordinary_disk,5,1.1633004482222454e+20,3.77,69.8,1.0469421220310044e-11,0.1926422519689844,0.13866950446835766,0.24780812678894332,0.22234846997735885,0.9299751817922595,0.7442501273750083,0.5965947003612121
NGC0247,calibration_24,ordinary_disk,6,1.3299270376227791e+20,4.31,71.3,1.014310076675929e-11,0.1838631336207801,0.1190108172680526,0.2323573961180439,0.24507787108730664,0.9760764730641777,0.783373409452675,0.6488724963780844
NGC0247,calibration_24,ordinary_disk,7,1.4965536270233128e+20,4.85,73.2,9.814235533378413e-12,0.1741065981681325,0.10793478765887138,0.21942254838511283,0.26517219141340725,1.0102754448278304,0.8085164192994042,0.6847958710532639
NGC0247,calibration_24,ordinary_disk,8,1.6600945388423555e+20,5.38,75.1,9.491238597497375e-12,0.16444554900405342,0.09781192201882768,0.20694651567178796,0.28316775942463746,1.0384092559509028,0.8316572912550585,0.7165541503651176
NGC0247,calibration_24,ordinary_disk,9,1.8267211282428894e+20,5.92,78.5,9.16214737980726e-12,0.1546022158934823,0.08749805891387753,0.19423508611481544,0.29942124392845776,1.0623135895650972,0.8547359718714962,0.7465983631457974
NGC0247,calibration_24,ordinary_disk,10,1.9933477176434233e+20,6.46,81.4,8.833056162117146e-12,0.14475888278291116,0.07718419580892737,0.18152365655784297,0.3138267430457201,1.0824784159514411,0.8771102151685379,0.7745964191734825
NGC0247,calibration_24,ordinary_disk,11,2.1568886294624656e+20,6.99,83.5,8.490728678784284e-12,0.1367324765300326,0.07054645448161725,0.17137532356270874,0.32689357006885894,1.09898463457647,0.8921408695340997,0.7946712097698466
NGC0247,calibration_24,ordinary_disk,12,2.3235152188629995e+20,7.53,87.1,8.138892477583401e-12,0.1288125201967572,0.06433330788372214,0.1614027451345113,0.3388618348652849,1.11333183431952,0.9059319039851589,0.8127796822744492
NGC0247,calibration_24,ordinary_disk,13,2.4901418082635334e+20,8.07,90.7,7.787056276382517e-12,0.1208925638634818,0.05812016128582703,0.15143016670631387,0.349808775916571,1.1259737451171725,0.9191079684421134,0.8296668352096338
NGC0247,calibration_24,ordinary_disk,14,2.6598540752455582e+20,8.62,93.1,7.428704589974211e-12,0.1128259416721828,0.051791956417600545,0.14127291089981653,0.359520791276802,1.1368924291745417,0.931820549867141,0.8454700500005247
NGC0247,calibration_24,ordinary_disk,15,2.8203093094831096e+20,9.14,95.9,7.121334480516342e-12,0.10658492905649837,0.047785606897874935,0.13355778120020267,0.36843932865208084,1.1461364868386101,0.9400074142826285,0.8565149549190674
NGC0247,calibration_24,ordinary_disk,16,2.9900215764651344e+20,9.69,98.4,6.803012246636761e-12,0.10028274382283019,0.04397450507864101,0.12580482239743826,0.37676674034872837,1.1544506327478958,0.9475780420598345,0.8666292185419511
NGC0247,calibration_24,ordinary_disk,17,3.1566481658656686e+20,10.23,101.0,6.490477689736808e-12,0.09409514377522867,0.040232696019756764,0.11819282648199679,0.3842544219638737,1.1617493461057795,0.9546064030180405,0.8758516503263364
NGC0247,calibration_24,ordinary_disk,18,3.320189077684711e+20,10.76,103.0,6.1837308098164835e-12,0.08802212891369386,0.03656017972122224,0.11072179345387834,0.3911074015105349,1.1682902808071312,0.9610947992223775,0.8842862196772542
NGC0247,calibration_24,ordinary_disk,19,3.486815667085245e+20,11.3,104.0,5.912490622950701e-12,0.08303061871926766,0.03388715477436062,0.10458983963451415,0.39750078831125585,1.1740944009933534,0.9657706534915961,0.8907692067705925
NGC0247,calibration_24,ordinary_disk,20,3.653442256485779e+20,11.84,105.0,5.653702276895223e-12,0.07839977561902972,0.03153640934435507,0.09890417543181329,0.4034243232879354,1.179314102779544,0.9697526152795274,0.8963855153571784
NGC0247,calibration_24,ordinary_disk,21,3.820068845886313e+20,12.38,105.0,5.394913930839743e-12,0.07376893251879175,0.029185663914349503,0.0932185112291124,0.40885143389657064,1.1840166528436074,0.9735141444825964,0.9015992844253569
NGC0247,calibration_24,ordinary_disk,22,3.983609757705355e+20,12.91,105.0,5.14091796156307e-12,0.06922384577226193,0.026878450807121826,0.08763813710423933,0.41400369530901066,1.1884073443981336,0.9769863312013906,0.9064243374430921
NGC0247,calibration_24,ordinary_disk,23,4.159493379850363e+20,13.48,106.0,4.9062209771374955e-12,0.06526323613895428,0.025018323300091704,0.08275692880886297,0.41878721576666483,1.192356982109112,0.9797155806483127,0.9103932412106557
NGC0247,calibration_24,ordinary_disk,24,4.3230342916694055e+20,14.01,108.0,4.701015747926048e-12,0.06189452861716175,0.02349901563800196,0.07859749786970906,0.4230971730016794,1.1958356377404726,0.9818653029794492,0.9136472848143449
NGC0247,calibration_24,ordinary_disk,25,4.486575203488447e+20,14.539999999999997,107.0,4.4958105187146e-12,0.05852582109536924,0.02197970797591222,0.07443806693055516,0.42712051948970586,1.1990420397256227,0.9839021121509991,0.9166932682013464
NGC0289,calibration_24,bulge_rich_hsb,0,4.628516372237051e+19,1.5,164.0,2.1716624312110045e-10,0.7607926401174738,1.098964307725355,0.644601462143415,0.16866277152780054,0.7013462752506271,0.12370205623629847,0.0798183548544886
NGC0289,calibration_24,bulge_rich_hsb,1,7.775907505358245e+19,2.52,194.0,2.0885757387117913e-10,0.7335911959626218,1.0229851675858326,0.6287320694696239,0.28212883144200535,0.8758112198547388,0.13455625567574261,0.1033477135627715
NGC0289,calibration_24,bulge_rich_hsb,2,1.067644443196013e+20,3.46,175.0,2.01200564954585e-10,0.7085231984081504,0.952965175692547,0.6141073350447576,0.36043059298217645,0.9734737855279645,0.14593791210533685,0.12066795437631499
NGC0289,calibration_24,bulge_rich_hsb,3,1.3330127152042707e+20,4.32,185.0,1.9419521637131798e-10,0.6855886474540595,0.8889043320454983,0.6007272588688161,0.4273071018999351,1.0442380327390828,0.15773142766929077,0.1363654209221278
NGC0289,calibration_24,bulge_rich_hsb,4,1.6755229267498123e+20,5.43,175.0,1.8515342924640362e-10,0.6559870758737794,0.8062211501289591,0.5834576256649846,0.4822874609350809,1.100104935733227,0.17531683494624847,0.1562519975946461
NGC0289,calibration_24,bulge_rich_hsb,5,1.9686622969914923e+20,6.380000000000001,167.0,1.7741496278814357e-10,0.6306523974942604,0.7354562647048939,0.5686773089590027,0.5281533467295435,1.1423429626192627,0.19296179960801715,0.17551986861192956
NGC0289,calibration_24,bulge_rich_hsb,6,2.335857929188965e+20,7.57,176.0,1.6772151532990203e-10,0.5989173793135997,0.6468139345421174,0.5501630175062464,0.5963724591743981,1.1952625156684078,0.21936891223372304,0.20408152467626353
NGC0289,calibration_24,bulge_rich_hsb,7,3.270818236380849e+20,10.6,185.0,1.3586693182631663e-10,0.5572542609062034,0.4960998412646012,0.5088476219391058,0.6608529562628582,1.2513077340503083,0.28373686314244034,0.26937868989731883
NGC0289,calibration_24,bulge_rich_hsb,8,4.187264478083785e+20,13.57,183.0,1.0186918625041606e-10,0.5315529557998387,0.3773700385311464,0.4706034164387987,0.7047636613253707,1.2891337388142168,0.3602414100820068,0.34604596931275433
NGC0289,calibration_24,bulge_rich_hsb,9,5.1345674956016353e+20,16.64,172.0,6.672673543626964e-11,0.5049862868851788,0.25464259934201966,0.4310715272516126,0.7365281775388244,1.3213112813274124,0.47671446665397027,0.4619552413817922
NGC0289,calibration_24,bulge_rich_hsb,10,6.081870513119485e+20,19.71,161.0,5.105243936908874e-11,0.42670689781580645,0.1958591801332854,0.3756773398740043,0.758777860583938,1.3350976531446228,0.5761037163515906,0.560175268230659
NGC0289,calibration_24,bulge_rich_hsb,11,6.99831675482242e+20,22.68,156.0,3.7303257395966735e-11,0.34721989412963167,0.14363668497052565,0.3209349732500774,0.7750092731922138,1.3458184987225736,0.68447189967991,0.6672225599741233
NGC0289,calibration_24,bulge_rich_hsb,12,7.94561977234027e+20,25.75,159.0,2.4407170392591675e-11,0.27008966780835547,0.0950109582000635,0.26663297273186876,0.7869210490173233,1.3548469854118792,0.7978741172212522,0.7793422257756069
NGC0289,calibration_24,bulge_rich_hsb,13,8.862066014043206e+20,28.72,173.0,1.9004407415410178e-11,0.2225232215820273,0.07675114487037057,0.22637310623650508,0.7960868031180676,1.358646080342986,0.8519745719590041,0.8328736547034715
NGC0289,calibration_24,bulge_rich_hsb,14,9.809369031561056e+20,31.79,177.0,1.3419733226875759e-11,0.17335521150969477,0.05787652301105835,0.18475768868069142,0.8030140247856628,1.3619485513161105,0.9033984099350756,0.8837679762906392
NGC0289,calibration_24,bulge_rich_hsb,15,1.0728900950845484e+21,34.77,179.0,9.220277901805505e-12,0.13524580065747238,0.043939594108925215,0.15155405656168608,0.8083544703154558,1.36437836620189,0.9375654209927136,0.9176621729586358
NGC0289,calibration_24,bulge_rich_hsb,16,1.1676203968363334e+21,37.84,181.0,7.169793767246292e-12,0.11390342922287237,0.03775035557278285,0.13074680632923272,0.8127272919360989,1.365763686666221,0.9529641807183075,0.9330037165581326
NGC0289,calibration_24,bulge_rich_hsb,17,1.259265021006627e+21,40.81,182.0,5.186100646842105e-12,0.09325624904021379,0.031762720897752623,0.11061731669067035,0.8162740022087397,1.3669392376882379,0.9660575024476715,0.9460533537503368
NGC0289,calibration_24,bulge_rich_hsb,18,1.3539953227584118e+21,43.879999999999995,182.0,3.8762204892840946e-12,0.07889118626201058,0.027624745563051983,0.09613670078994567,0.8192490766794384,1.3678723404670765,0.9741295363437897,0.9541418425310216
NGC0289,calibration_24,bulge_rich_hsb,19,1.4456399469287055e+21,46.85,180.0,3.1538854600170173e-12,0.07012739450475983,0.025130715454752466,0.08678240498210568,0.8218531182859276,1.3686216651234242,0.978656443207216,0.958723386191383
NGC0289,calibration_24,bulge_rich_hsb,20,1.5403702486804904e+21,49.919999999999995,177.0,2.4072293859934736e-12,0.061068525583965264,0.022552711268732428,0.07711314971945626,0.8241416585666969,1.3692995890983652,0.982906174524447,0.9630201389685688
NGC0289,calibration_24,bulge_rich_hsb,21,1.6351005504322756e+21,52.99,175.0,2.0206766711170142e-12,0.05552978952439508,0.020832875679161214,0.07089873453021556,0.8261614431481518,1.3698864315528292,0.9854447395434465,0.965622916613125
NGC0289,calibration_24,bulge_rich_hsb,22,1.726745174602569e+21,55.96,172.0,1.7390854200467078e-12,0.05107441816257012,0.019389189756554747,0.06577294486746216,0.8279941545821502,1.3704175156595362,0.9874077459263252,0.9676509505675069
NGC0289,calibration_24,bulge_rich_hsb,23,1.821475476354354e+21,59.03,168.0,1.4500278041397825e-12,0.04649021237194473,0.01790213057165307,0.06049633300928663,0.8296460477566703,1.3709086215573543,0.989285902568697,0.9695881134227529
NGC0289,calibration_24,bulge_rich_hsb,24,1.9131201005246475e+21,62.0,158.0,1.3204630463056785e-12,0.04363281262326992,0.016853498785513097,0.0570126737011111,0.8311740371710876,1.371353006355908,0.9904828168245378,0.970848496879415
NGC0289,calibration_24,bulge_rich_hsb,25,2.0078504022764324e+21,65.07,158.0,1.1865358387128505e-12,0.04067920412884848,0.015769559531826318,0.05341171946673436,0.8325831664614713,1.3717719502908428,0.9916475579909583,0.9720723735590745
NGC0289,calibration_24,bulge_rich_hsb,26,2.0998035942048753e+21,68.05,166.0,1.0681778293206137e-12,0.03796200757825007,0.014761604910695409,0.05007873007592299,0.833883162442595,1.3721595121095396,0.9926618226423543,0.9731426072198294
NGC0289,calibration_24,bulge_rich_hsb,27,2.1945338959566605e+21,71.12,165.0,9.907961458020265e-13,0.03573603676281964,0.013892366417304531,0.0472664870790634,0.8351096163463022,1.3725218439304459,0.9934764031875447,0.9740121399555669
NGC0300,external_151,ordinary_disk,0,2.8079665991571444e+19,0.9100000000000001,33.1,2.146445109275269e-11,0.5121792447291549,0.6615703542317992,0.5321462807976886,0.06880717259585474,0.507984582859756,0.22121338913484598,0.1076020222030433
NGC0300,external_151,ordinary_disk,1,4.19652151082826e+19,1.36,46.7,2.0279470653367497e-11,0.43985153745559386,0.5667052684524108,0.49765903909192377,0.12569218055964795,0.651207723404427,0.26176228887850295,0.15866653427088448
NGC0300,external_151,ordinary_disk,2,5.615933198314289e+19,1.8200000000000003,53.9,1.866330539741189e-11,0.3968318059839624,0.475070301351717,0.4627105237440338,0.1726824483022663,0.7709067941184939,0.312675852853344,0.21786814101722327
NGC0300,external_151,ordinary_disk,3,7.004488109985404e+19,2.27,58.8,1.676118776674083e-11,0.37926605102442007,0.38966112850119833,0.42876373983314037,0.2115193339302052,0.8703535699627513,0.3744300761565938,0.28627309100814036
NGC0300,external_151,ordinary_disk,4,8.39304302165652e+19,2.72,65.6,1.4859070136069773e-11,0.36170029606487775,0.3042519556506796,0.39481695592224686,0.2441903279875426,0.95077717870998,0.4542897493757991,0.36973158573552606
NGC0300,external_151,ordinary_disk,5,9.781597933327634e+19,3.17,70.8,1.3014603622641255e-11,0.3431523939090206,0.22337647637873012,0.3613263945198858,0.2720994467703744,1.0163813634733998,0.5533672437912854,0.4704775763286548
NGC0300,external_151,ordinary_disk,6,1.1201009620813662e+20,3.63,82.1,1.1766539144128674e-11,0.3133337065016534,0.19082823541135904,0.332135589942955,0.29599542892159864,1.0527553785566919,0.612066841921001,0.5317581193888368
NGC0300,external_151,ordinary_disk,7,1.2589564532484778e+20,4.08,84.1,1.0545606502105498e-11,0.28416325142922894,0.15898756489980032,0.3035793680742183,0.3165044698723786,1.082759692347606,0.674466446276202,0.5957259743590968
NGC0300,external_151,ordinary_disk,8,1.4008976219970807e+20,4.54,83.4,9.297542023592917e-12,0.2543445640218617,0.12643932393242918,0.27438856349728746,0.33403971955695305,1.108159460301521,0.7424262988656748,0.6643815196623052
NGC0300,external_151,ordinary_disk,9,1.539753113164192e+20,4.99,81.5,8.329536478210021e-12,0.23027685825847397,0.10617264160947021,0.250728115581381,0.3492942193341649,1.1268911709680973,0.7897617413445914,0.7132191458569088
NGC0300,external_151,ordinary_disk,10,1.681694281912795e+20,5.45,80.8,7.479744674814909e-12,0.20849323567713537,0.0918494279281534,0.22924646124918352,0.36264271128335634,1.141372869924723,0.8260629036942112,0.7510613009900544
NGC0300,external_151,ordinary_disk,11,1.8205497730799065e+20,5.8999999999999995,82.8,6.648426606276213e-12,0.1871831701084346,0.07783758845730002,0.2082317994024686,0.3743015957311091,1.1537713380625956,0.8605240199672035,0.7867753815735797
NGC0300,external_151,ordinary_disk,12,1.9624909418285095e+20,6.36,88.2,5.861776973943808e-12,0.16699411160805605,0.06513813666214222,0.1882374675190026,0.3844798970184178,1.1642301275885665,0.8907778297224597,0.8181653251459152
NGC0300,external_151,ordinary_disk,13,2.101346432995621e+20,6.81,88.5,5.325913975753838e-12,0.1531453359314581,0.05872420955683372,0.17418229013925035,0.39350877571128096,1.1722351884331548,0.9072046055047767,0.8360982346444086
NGC0300,external_151,ordinary_disk,14,2.2402019241627324e+20,7.26,88.4,4.790050977563869e-12,0.13929656025486012,0.05231028245152523,0.1601271127594981,0.40157851732086686,1.1792443984312238,0.9227110085696866,0.8528783212136773
NGC0300,external_151,ordinary_disk,15,2.379057415329844e+20,7.71,88.2,4.254187979373898e-12,0.1254477845782621,0.04589635534621672,0.1460719353797458,0.40883365408604466,1.185446010079357,0.9371705015210724,0.868444800160949
NGC0300,external_151,ordinary_disk,16,2.5209985840784468e+20,8.17,89.5,3.852975040075791e-12,0.11522476852192015,0.04169411454939563,0.1354414026306152,0.4154053569434483,1.1907424953268289,0.94654743144006,0.8790062243049125
NGC0300,external_151,ordinary_disk,17,2.6598540752455582e+20,8.62,89.7,3.510964721980392e-12,0.10657885341670524,0.038394115596932885,0.12632913752766908,0.4213393275250434,1.1953561198896767,0.9537407549885372,0.887309178808065
NGC0300,external_151,ordinary_disk,18,2.79870956641267e+20,9.07,93.7,3.1689544038849917e-12,0.09793293831149032,0.035094116644470125,0.11721687242472299,0.4267979588969466,1.199530296226589,0.9604891032402985,0.8950498111016779
NGC0300,external_151,ordinary_disk,19,2.9406507351612726e+20,9.53,97.0,2.8552570146213253e-12,0.09000117607657071,0.03211867380503002,0.10879028528072339,0.4316644198771687,1.2031823907045063,0.9662377244648869,0.9016809938531076
NGC0300,external_151,ordinary_disk,20,3.073334871165402e+20,9.96,96.2,2.6434717075105754e-12,0.08464221895971383,0.030239722651819942,0.1029276961175329,0.43634456343203776,1.206611868412853,0.969814476097982,0.906208764531377
NGC0300,external_151,ordinary_disk,21,3.2245330726584785e+20,10.45,94.8,2.4021349621983267e-12,0.0785355003846909,0.0280985922679294,0.09624707125715307,0.44088393235503337,1.2098840945188754,0.9736680510053628,0.9109395631406654
NGC0300,external_151,ordinary_disk,22,3.372645596570064e+20,10.93,92.5,2.165723456586328e-12,0.07255340871936232,0.0260011584224856,0.08970278567963812,0.4446227628898655,1.2125400774569752,0.9772078356353866,0.9151645963885154
NGC0300,external_151,ordinary_disk,23,3.4929870222482276e+20,11.32,92.8,2.032356253606585e-12,0.06905357997638022,0.024791361743743176,0.08574831872038903,0.4481503218788947,1.2150304841895683,0.979184327347229,0.9178678188324456
NGC0300,external_151,ordinary_disk,24,3.641099546159813e+20,11.799999999999999,93.5,1.874606196845236e-12,0.06489426763312987,0.023356217049995097,0.08102968516396612,0.4517811915390801,1.2175605580272693,0.9814260515464753,0.9208310985222209
NGC0801,external_151,bulge_rich_hsb,0,3.6102427703448994e+19,1.17,123.0,3.974660241825463e-10,0.7740790407372976,0.7184138320111646,0.5964592957784381,0.0669716219027877,0.6001104356567731,0.18921310888488208,0.10685500325696586
NGC0801,external_151,bulge_rich_hsb,1,4.8136570271265325e+19,1.5599999999999998,142.0,3.936134018336603e-10,0.7608943667287781,0.7066535842401553,0.5917824218562137,0.12580361492570338,0.7262136011941,0.1929812080447092,0.12814788476823122
NGC0801,external_151,bulge_rich_hsb,2,6.04792805972308e+19,1.96,205.0,3.8966199429634136e-10,0.7473716241559375,0.6945917916545048,0.5869856280898296,0.19991407604076664,0.8545634803695034,0.19696073859324234,0.14856441095585785
NGC0801,external_151,bulge_rich_hsb,3,8.423899797471432e+19,2.73,228.0,3.8205553478700237e-10,0.7213403447032194,0.6713728409271276,0.5777518000895402,0.2800164950918644,0.9627680875438019,0.2049655497751968,0.16823080026088136
NGC0801,external_151,bulge_rich_hsb,4,1.0861585086849612e+20,3.52,238.0,3.7425150490079743e-10,0.6946329281218592,0.6475508005704678,0.5682781324009315,0.5187808488697925,1.1623943325339747,0.21368025452806227,0.19610647062429515
NGC0801,external_151,bulge_rich_hsb,5,3.267732558799358e+20,10.59,229.0,2.8645000254506567e-10,0.5673962537832314,0.43499144177039706,0.49943372314851303,0.6842274506208798,1.2728411963180932,0.3152094266565309,0.30132091842010955
NGC0801,external_151,bulge_rich_hsb,6,5.4462209313322625e+20,17.65,225.0,1.8666374674217215e-10,0.5545918445246112,0.255127657209211,0.4453437927997633,0.7578775581539617,1.3295728152130444,0.4681220175836799,0.45456820741182247
NGC0801,external_151,bulge_rich_hsb,7,7.593852528050255e+20,24.61,220.0,1.2033131591579428e-10,0.4475834021331312,0.1504128257264949,0.3719006074089756,0.7973487152143214,1.354347361925495,0.6412779540984855,0.6263145255347741
NGC0801,external_151,bulge_rich_hsb,8,9.77234090058316e+20,31.67,222.0,7.457368896360342e-11,0.31474578717656215,0.08102399187225531,0.2820815021607109,0.819804609625339,1.367105309020706,0.8139652384631882,0.7971378188297217
NGC0801,external_151,bulge_rich_hsb,9,1.1953914950697558e+21,38.74,219.0,4.544302819486941e-11,0.19717844530115938,0.04041545707352356,0.1916159179879799,0.8324189050049796,1.3730161061179142,0.9281238184493636,0.9100301977052557
NGC0801,external_151,bulge_rich_hsb,10,1.413240332323046e+21,45.8,214.0,2.7719262952843338e-11,0.11842396361464533,0.020225460864020946,0.12163164046698528,0.839543876482003,1.3754366836513137,0.9759900972094566,0.957424734817359
NGC0801,external_151,bulge_rich_hsb,11,1.6310891695763366e+21,52.86,216.0,1.7224950528383948e-11,0.07268113838931803,0.011296074193056314,0.07724682944315238,0.8437334662567224,1.376346103787993,0.9913496228074301,0.9726666970504024
NGC0801,external_151,bulge_rich_hsb,12,1.8458523292481358e+21,59.82,216.0,1.0856913368858537e-11,0.0461900469003327,0.007173591824954872,0.05053882439157794,0.8463396953527483,1.3767190368626436,0.996387647424958,0.9776815078075133
NGC0891,external_151,bulge_rich_hsb,0,2.838823374972058e+19,0.92,234.0,4.984465626499838e-10,0.8164278682889605,1.5747273055495188,0.6983777521941852,0.2317712376130844,0.7086589991589973,0.08335038432364385,0.054245782171255114
NGC0891,external_151,bulge_rich_hsb,1,7.1587719890599715e+19,2.32,192.0,4.371364847223427e-10,0.6937234915385129,1.2274785978982579,0.65067027908306,0.34836252993962274,0.8959766131549997,0.11127383774109395,0.08688479335381927
NGC0891,external_151,bulge_rich_hsb,2,9.99759536403203e+19,3.24,212.0,3.9382365259611764e-10,0.6378670216889127,1.0082921606941015,0.6217769484358109,0.41591050569862376,1.0008130366430232,0.1375642932364806,0.11581675304769236
NGC0891,external_151,bulge_rich_hsb,3,1.2867275514819e+20,4.17,223.0,3.3421756782863325e-10,0.7110761374561843,0.8338531612492901,0.6054296047757209,0.4697225736682898,1.0915984390250393,0.1653331474059325,0.1467108543204797
NGC0891,external_151,bulge_rich_hsb,4,1.573695566560597e+20,5.1,222.0,2.7461148306114887e-10,0.7842852532234557,0.6594141618044786,0.5890822611156311,0.5133472078501318,1.165192880623622,0.20472958698537608,0.18811874153946953
NGC0891,external_151,bulge_rich_hsb,5,1.8606635816392943e+20,6.03,224.0,2.150053982936644e-10,0.8574943689907272,0.4849751623596672,0.5727349174555413,0.5493891372301533,1.2274596876184425,0.26471679131334475,0.24926704410785316
NGC0891,external_151,bulge_rich_hsb,6,2.1476315967179915e+20,6.96,224.0,1.811732209723329e-10,0.8419210266049446,0.39211181791549704,0.5499152106681313,0.5793047878544251,1.2589032948914833,0.31682841781095855,0.3015428337653722
NGC0891,external_151,bulge_rich_hsb,7,2.4345996117966884e+20,7.889999999999999,226.0,1.5238161909520265e-10,0.8089845940716144,0.31520213685356413,0.5258297107636443,0.6041628685735935,1.2824432471375813,0.37630391877948094,0.3607676531674953
NGC0891,external_151,bulge_rich_hsb,8,2.715396271712403e+20,8.8,226.0,1.242091914519891e-10,0.776756471915345,0.23994642742737157,0.5022621785990387,0.625310277356991,1.3035438734779161,0.4534818018755962,0.43738324995096883
NGC0891,external_151,bulge_rich_hsb,9,3.0023642867911007e+20,9.730000000000002,227.0,1.0217453069330625e-10,0.7234135092671609,0.18228295782295606,0.47230507094737256,0.6432335286932698,1.3183195677214365,0.5373652483380833,0.5203289915666609
NGC0891,external_151,bulge_rich_hsb,10,3.283160946706815e+20,10.64,227.0,8.746248365726552e-11,0.6505339062998855,0.14536727932540944,0.43704081482623014,0.6584345324017944,1.3268239064053153,0.611503228635341,0.5933942078987651
NGC0891,external_151,bulge_rich_hsb,11,3.573214639367003e+20,11.58,224.0,7.226542408157509e-11,0.5752516790589636,0.10723460043783375,0.40061400081098403,0.6714736640124364,1.3347888820577598,0.6994979170799814,0.6801073251697958
NGC0891,external_151,bulge_rich_hsb,12,3.8632683320271916e+20,12.52,220.0,5.827656264315447e-11,0.5013820713579463,0.07320287448421851,0.36390852631676274,0.682484143656618,1.3414125534548789,0.7896452231498478,0.768961805733481
NGC0891,external_151,bulge_rich_hsb,13,4.153322024687381e+20,13.460000000000003,218.0,5.037160603257071e-11,0.4346257363674323,0.0598215754630872,0.3257998516510898,0.691733696834174,1.3436375712797337,0.8368910939865196,0.8153915324860926
NGC0891,external_151,bulge_rich_hsb,14,4.4433757173475685e+20,14.4,217.0,4.2466649421986985e-11,0.3678694013769187,0.04644027644195596,0.287691176985417,0.6994244418996888,1.3454304043118792,0.8821418151471385,0.8598345677007745
NGC0891,external_151,bulge_rich_hsb,15,4.730343732426266e+20,15.33,216.0,3.4645788094494563e-11,0.30182324016289963,0.033201331665730326,0.2499879137523577,0.7058022892357277,1.34686965890776,0.9233616170253718,0.9003080593006849
NGC0891,external_151,bulge_rich_hsb,16,5.020397425086454e+20,16.27,210.0,2.993912148515645e-11,0.2603664885075668,0.028100730818754596,0.22211051150227268,0.7109886632413028,1.3474465054442257,0.9412520569311427,0.9178722453499456
NGC0891,external_151,bulge_rich_hsb,17,5.279594341931729e+20,17.11,208.0,2.6172806116276626e-11,0.22679775051608186,0.02468102501491336,0.19860519730970333,0.7152254489189372,1.3477767523067292,0.9532726723013298,0.9296639600967276
NGC1003,calibration_24,bulge_rich_hsb,0,3.8570969768642085e+19,1.2499999999999998,47.0,3.506696442182366e-11,0.5630913130164295,0.691566070662075,0.5202454189911933,0.11757493275626996,0.6434505431970952,0.21749339376498183,0.1304872379456632
NGC1003,calibration_24,bulge_rich_hsb,1,6.418209369502044e+19,2.08,59.5,3.2781903893951015e-11,0.4942660815417963,0.5785145963118892,0.46428759447404455,0.20091648439513582,0.822367294657619,0.2712988961563748,0.19879665308355063
NGC1003,calibration_24,bulge_rich_hsb,2,8.948464986324964e+19,2.9,71.6,3.052437421581178e-11,0.42627006972348414,0.4668251879177297,0.409003960613729,0.2622937637551036,0.9380037371776241,0.3437213359501101,0.27716970847546485
NGC1003,calibration_24,bulge_rich_hsb,3,1.1509577378962799e+20,3.73,77.6,2.823931368793913e-11,0.357444838248851,0.35377371356754395,0.35304613609658037,0.3084237799144481,1.0207814960941,0.4446451421880397,0.3790674404800779
NGC1003,calibration_24,bulge_rich_hsb,4,1.4070689771600632e+20,4.56,83.4,2.5954253160066484e-11,0.28861960677421794,0.24072223921735814,0.2970883115794318,0.34299562182672555,1.0844271129889813,0.5830367885492984,0.5154253827841426
NGC1003,calibration_24,bulge_rich_hsb,5,1.6631802164238467e+20,5.39,89.7,2.3669192632193837e-11,0.21979437529958484,0.12767076486717233,0.24113048706228313,0.3686135657791995,1.1365419100303944,0.7646118448522641,0.6936436217207783
NGC1003,calibration_24,bulge_rich_hsb,6,1.9192914556876302e+20,6.22,93.8,2.118735509014466e-11,0.18906310564897114,0.08299323721426921,0.21297983862328057,0.38951207523868264,1.1657829086577551,0.8497917727311189,0.7810411624914112
NGC1003,calibration_24,bulge_rich_hsb,7,2.1723170173699224e+20,7.04,99.0,1.8634736457672213e-11,0.178193214013449,0.0738381442175132,0.19939614896731328,0.4078614665359984,1.1825342506313405,0.8716644764815129,0.8067850959198924
NGC1003,calibration_24,bulge_rich_hsb,8,2.428428256633706e+20,7.87,103.0,1.6050988329681813e-11,0.16719076272383518,0.06457140374518698,0.18564680455944396,0.42407600578213994,1.196692244033043,0.8929570043819467,0.8311959888358782
NGC1003,calibration_24,bulge_rich_hsb,9,2.684539495897489e+20,8.7,100.0,1.3467240201691413e-11,0.15618831143422135,0.05530466327286078,0.17189746015157467,0.43840111333321663,1.2087791385887943,0.9131858740443862,0.8539971075717633
NGC1003,calibration_24,bulge_rich_hsb,10,2.9437364127427638e+20,9.54,98.3,1.0852362578183055e-11,0.1450533004905158,0.04592627532496438,0.15798246099180335,0.45073170849192123,1.2190019120213256,0.9323527195505273,0.8752516162956241
NGC1003,calibration_24,bulge_rich_hsb,11,3.1905906192620736e+20,10.34,98.4,8.362002936746518e-12,0.13444852816317712,0.036994477279348736,0.14473008083964012,0.46175622046148423,1.227925185571268,0.9491789317211922,0.8939303513080323
NGC1003,calibration_24,bulge_rich_hsb,12,3.459044568851823e+20,11.21,94.5,5.6537368266842874e-12,0.12291583825719635,0.02728114690474174,0.13031811742416266,0.47114235980564645,1.2356741981224229,0.9656682932908184,0.9119483114172773
NGC1003,calibration_24,bulge_rich_hsb,13,3.696641742626658e+20,11.98,94.9,4.941896314944409e-12,0.11625554426545942,0.026219227919657678,0.1246014433176975,0.4798156432834381,1.2407048697753307,0.9683639971330265,0.9160846429602176
NGC1003,calibration_24,bulge_rich_hsb,14,3.9650956922164065e+20,12.85,95.3,4.547431145046994e-12,0.10959285524515093,0.026851886764558366,0.11985415927739697,0.4883786998403103,1.245035463403313,0.9688203546113744,0.9178676718251157
NGC1003,calibration_24,bulge_rich_hsb,15,4.2335496418061556e+20,13.72,96.9,4.152965975149578e-12,0.10293016622484244,0.02748454560945906,0.11510687523709642,0.4958904170927639,1.2486383620929686,0.9693335796981654,0.9194656174250699
NGC1003,calibration_24,bulge_rich_hsb,16,4.471146815580991e+20,14.49,97.2,3.803841629378302e-12,0.09703330352870732,0.028044485046899898,0.11090525602901433,0.5029222062727544,1.2519799942963756,0.9698353959433754,0.9209625732011562
NGC1003,calibration_24,bulge_rich_hsb,17,4.7396007651707394e+20,15.36,100.0,3.4093764594808874e-12,0.09037061450839884,0.028677143891800587,0.1061579719887138,0.5094716659287676,1.2548878786735103,0.9704563258886056,0.9224328427826481
NGC1003,calibration_24,bulge_rich_hsb,18,4.977197938945575e+20,16.13,104.0,3.060252113709611e-12,0.08447375181226373,0.02923708332924143,0.10195635278063171,0.515601456208659,1.257600623215986,0.971053795437284,0.9238157490852668
NGC1003,calibration_24,bulge_rich_hsb,19,5.245651888535324e+20,17.0,104.0,2.6657869438121954e-12,0.07781106279195522,0.02986974217414212,0.09720906874033117,0.5213392106517937,1.2599622766715193,0.9717832073594526,0.9252141942778812
NGC1003,calibration_24,bulge_rich_hsb,20,5.486334739891651e+20,17.78,105.0,2.5552163137326865e-12,0.07586470222160632,0.02936927297630258,0.0951883495549079,0.5268274830062775,1.2628925360367145,0.9728041640014808,0.9270541023301978
NGC1003,calibration_24,bulge_rich_hsb,21,5.754788689481399e+20,18.65,109.0,2.43886698223729e-12,0.0738093857744076,0.028780402477226835,0.09299865436254973,0.5323518836052487,1.2658066091826976,0.9739323244022419,0.9289853868300864
NGC1003,calibration_24,bulge_rich_hsb,22,6.023242639071149e+20,19.52,110.0,2.322517650741892e-12,0.07175406932720885,0.028191531978151083,0.09080895917019155,0.53732341069713,1.268385057407442,0.975038586328728,0.9307924407033201
NGC1003,calibration_24,bulge_rich_hsb,23,6.260839812845983e+20,20.29,107.0,2.2195418056252764e-12,0.06993499614980307,0.027670347743336918,0.08887095308040328,0.5420875474007809,1.2708202406431532,0.9759992971654149,0.9324146390882596
NGC1003,calibration_24,bulge_rich_hsb,24,6.529293762435733e+20,21.16,106.0,2.1031924741298786e-12,0.06787967970260432,0.027081477244261166,0.0866812578880451,0.5466407247013577,1.2731128041460384,0.9770638509936894,0.9340911086135993
NGC1003,calibration_24,bulge_rich_hsb,25,6.766890936210568e+20,21.93,106.0,2.000216629013263e-12,0.06606060652519855,0.026560293009447,0.08474325179825683,0.551005411993373,1.275281912935619,0.9779874047430323,0.93559405182777
NGC1003,calibration_24,bulge_rich_hsb,26,7.035344885800318e+20,22.8,108.0,1.8912072032014482e-12,0.06407667801694861,0.025969242788202677,0.08260478339078914,0.5554318506065282,1.2774583127088481,0.9789986801319921,0.9371797981576245
NGC1003,calibration_24,bulge_rich_hsb,27,7.303798835390066e+20,23.67,109.0,1.8344072255555952e-12,0.06260053871729282,0.02536268799558071,0.08083069598298896,0.5594376248119747,1.279448256816329,0.9799110040100191,0.9386151254101658
NGC1003,calibration_24,bulge_rich_hsb,28,7.541396009164902e+20,24.440000000000005,110.0,1.7841359809724835e-12,0.06129407060150552,0.024825852144639428,0.07926052666803937,0.56329610101135,1.281339079872231,0.9807026154286574,0.9399043429778654
NGC1003,calibration_24,bulge_rich_hsb,29,7.80984995875465e+20,25.31,110.0,1.7273360033266307e-12,0.059817931301849744,0.024219297352017465,0.07748643926023921,0.5670034342339301,1.2831420788484595,0.9815790291695777,0.9412479213310649
NGC1003,calibration_24,bulge_rich_hsb,30,8.047447132529485e+20,26.08,110.0,1.6770647587435188e-12,0.058511463186062436,0.02368246150107618,0.07591626994528962,0.5705751010023246,1.284856971881185,0.9823386885153033,0.9424529112451476
NGC1003,calibration_24,bulge_rich_hsb,31,8.315901082119234e+20,26.95,113.0,1.6202647810976658e-12,0.057035323886406655,0.023075906708454212,0.07414218253748943,0.5740276392860876,1.2865042083623741,0.983178812501231,0.9437144459700775
NGC1003,calibration_24,bulge_rich_hsb,32,8.556583933475561e+20,27.73,114.0,1.5693406632082799e-12,0.0557118886522325,0.022532098963344863,0.07255162141325479,0.5773527877890261,1.2880720203982519,0.9839155360795929,0.9448531008367154
NGC1003,calibration_24,bulge_rich_hsb,33,8.825037883065311e+20,28.6,112.0,1.517467029680383e-12,0.05430230108078826,0.02194637612331934,0.0708424992833056,0.5807228881641183,1.2896494942043693,0.984690658516173,0.9460296085440761
NGC1003,calibration_24,bulge_rich_hsb,34,9.093491832655058e+20,29.47,113.0,1.4789796166693704e-12,0.05307355270536615,0.021417259379939994,0.06930990553108067,0.5837833034157368,1.2910718844474056,0.9853728473389377,0.9470729357722806
NGC1003,calibration_24,bulge_rich_hsb,35,9.331089006429894e+20,30.24,115.0,1.4449160442343355e-12,0.05198603977539484,0.020948960653041023,0.06795347198026089,0.5865616293959697,1.2923512946251774,0.9859642603119622,0.9479888612572592
NGC1090,external_151,bulge_rich_hsb,0,1.0799871535219784e+19,0.35,20.9,1.282657307101604e-10,0.7508221751701752,0.834590402247939,0.6097203671925023,0.1193003137383658,0.6743924373652962,0.16423954385381714,0.10255492784159148
NGC1090,external_151,bulge_rich_hsb,1,3.301675012195763e+19,1.07,61.7,1.2305073892833814e-10,0.7039694833037013,0.766407746179499,0.5856870747555195,0.19898330216716464,0.821259314073923,0.1821908080885494,0.13336446961055592
NGC1090,external_151,bulge_rich_hsb,2,4.937084130386188e+19,1.6,81.3,1.1921192553338567e-10,0.6694806962353248,0.716217735462453,0.5679959011560738,0.32381590365508345,0.9895462359891671,0.19731309365194444,0.16490972906213913
NGC1090,external_151,bulge_rich_hsb,3,1.1417007051518058e+20,3.7,124.0,1.0400153283640412e-10,0.5328270116247761,0.5173516552628366,0.4978987982148737,0.42758398413708565,1.1153968448056422,0.27965084229110404,0.2511503383437409
NGC1090,external_151,bulge_rich_hsb,4,1.570609888979106e+20,5.09,156.0,9.393370147983064e-11,0.4423752870492224,0.38572124979737615,0.45150119198236516,0.48709792048940653,1.1801515938565619,0.36475902020026674,0.3372794426064044
NGC1090,external_151,bulge_rich_hsb,5,2.0396328813657938e+20,6.61,166.0,7.902489883976919e-11,0.4100026733047049,0.297092009836161,0.40757888502415296,0.5334447940036064,1.2259150866639743,0.45230770305959955,0.4256738399464102
NGC1090,external_151,bulge_rich_hsb,6,2.5209985840784468e+20,8.17,165.0,6.344257072871271e-11,0.3815763271988642,0.21011902930371418,0.36299213986267015,0.5620524899062382,1.2589505343394807,0.5673065026934205,0.5399446707140702
NGC1090,external_151,bulge_rich_hsb,7,2.8110522767386352e+20,9.11,174.0,5.405321917461457e-11,0.3644476314684217,0.15771223334185516,0.3361257677781869,0.5828932848694158,1.2795367157315134,0.6535471625947702,0.6260216689324519
NGC1090,external_151,bulge_rich_hsb,8,3.199847652006547e+20,10.37,164.0,4.1467492623376635e-11,0.3414878903829349,0.08746482598872501,0.30011339668622006,0.599670891838341,1.3014631182637744,0.7920831854768008,0.7635274273059699
NGC1090,external_151,bulge_rich_hsb,9,3.480644311922262e+20,11.28,176.0,3.779812091516623e-11,0.3091370652150246,0.07696327168594427,0.2749458916402191,0.6206098178486517,1.3098349032651584,0.8253498933062077,0.7974055005511518
NGC1090,external_151,bulge_rich_hsb,10,4.202692865991242e+20,13.62,174.0,2.8510799814173426e-11,0.2255180678533673,0.05105934492884551,0.2102524570472326,0.6373892122599198,1.3168683485206185,0.9030539709118415,0.8740958766361875
NGC1090,external_151,bulge_rich_hsb,11,4.640859082563016e+20,15.04,168.0,2.2874904103314543e-11,0.17477491560825906,0.03533986800787105,0.17099404802071946,0.6466839746818986,1.3208057418289822,0.9430145093795329,0.9137006685301562
NGC1090,external_151,bulge_rich_hsb,12,5.0512542009013685e+20,16.37,166.0,1.9334801224171806e-11,0.14416530355223994,0.027317331614356025,0.14568904332941007,0.6536970285638598,1.3233355905718394,0.9617249260454415,0.9324284009158337
NGC1090,external_151,bulge_rich_hsb,13,5.427706865843315e+20,17.59,167.0,1.714192685702512e-11,0.12634757918398964,0.02402218836272876,0.12943047132265098,0.6594202220929584,1.3250559546535239,0.9698455320510548,0.940708925496
NGC1090,external_151,bulge_rich_hsb,14,5.80107385320377e+20,18.8,167.0,1.4967026869937013e-11,0.10867590173679059,0.020754054482016473,0.11330516629955381,0.6644939041888567,1.3265429915361404,0.9770248541659305,0.9480249614861787
NGC1090,external_151,bulge_rich_hsb,15,6.211468971542122e+20,20.130000000000003,165.0,1.2576434322145948e-11,0.08925166123697671,0.017161808150324448,0.09558065747251313,0.6686740041822934,1.327691602931063,0.9838613590199399,0.9549312045316998
NGC1090,external_151,bulge_rich_hsb,16,6.58792163648407e+20,21.35,165.0,1.0933219862590232e-11,0.07658634876250264,0.01503902572430874,0.08384152253434494,0.6721029650880224,1.3286281331347993,0.9875480577524689,0.9587317083756471
NGC1090,external_151,bulge_rich_hsb,17,6.964374301426015e+20,22.57,165.0,9.875293248459981e-12,0.06940741798406613,0.014164594382676676,0.07691476621044521,0.6753119508028295,1.329510412599985,0.9892227498719447,0.960566457235093
NGC1090,external_151,bulge_rich_hsb,18,7.371683742182876e+20,23.89,165.0,8.730651338089544e-12,0.06164005025657744,0.013218488340910831,0.06942024297475041,0.6781547994373741,1.3302483563908067,0.9909071322199003,0.9623765129550055
NGC1090,external_151,bulge_rich_hsb,19,7.748136407124823e+20,25.110000000000003,163.0,7.67272472395929e-12,0.05446111947814092,0.012344056999278761,0.06249348665085065,0.6805733950143622,1.3308577891461064,0.9923448222015584,0.9639167060535024
NGC1090,external_151,bulge_rich_hsb,20,8.124589072066769e+20,26.33,162.0,6.77125788814924e-12,0.04850007081935489,0.011612498977081758,0.05668964604609962,0.6828241550882641,1.3314444329604775,0.9934599690098657,0.9651382407201212
NGC1090,external_151,bulge_rich_hsb,21,8.53189851282363e+20,27.65,162.0,6.168590553266536e-12,0.044951430434307035,0.011161304199288619,0.053084887814089085,0.6849032256675331,1.3320418603755153,0.9941099326349911,0.9659103024144953
NGC1090,external_151,bulge_rich_hsb,22,8.908351177765577e+20,28.87,162.0,5.611579834662824e-12,0.04167162644206584,0.010744290844055569,0.04975321732692783,0.6867519149687025,1.332567815102239,0.9946827934469739,0.9665905023945772
NGC1090,external_151,bulge_rich_hsb,23,9.284803842707524e+20,30.09,160.0,5.054569116059113e-12,0.03839182244982464,0.010327277488822516,0.04642154683976657,0.6884573528842494,1.3330447534131948,0.9952287916073208,0.9672329818670966
NGC1705,calibration_24,low_mass_dwarf,0,6.788490679281008e+18,0.22,50.2,7.917913004169306e-11,0.8110030057094499,2.0635728944869207,0.7418140079149284,0.0915003999071459,0.41779288483071975,0.06132007605041173,0.024880263304485617
NGC1705,calibration_24,low_mass_dwarf,1,2.0365472037843026e+19,0.6600000000000001,62.2,5.679768996673679e-11,0.7087632728553217,1.4329477835793707,0.6702304673411862,0.1615992838284414,0.6038785524033059,0.09430356819314813,0.05354927458345448
NGC1705,calibration_24,low_mass_dwarf,2,3.425102115455418e+19,1.11,72.4,3.604159580666448e-11,0.7809528423722695,0.5422113319884319,0.565677637394616,0.21285983601000477,0.9277221728381281,0.24587131338633983,0.1967600183470098
NGC1705,calibration_24,low_mass_dwarf,3,4.782800251311619e+19,1.55,73.2,2.416016305314816e-11,0.6641901652561405,0.2898326403090096,0.4856574431887153,0.2521176370598336,1.03590238257295,0.41535245852774944,0.3573371469210798
NGC1705,calibration_24,low_mass_dwarf,4,6.171355162982734e+19,2.0,72.9,1.6847556255542845e-11,0.5117666855200814,0.19082313858789102,0.41088846697795584,0.2827236537823463,1.076208635464221,0.5605160388005036,0.49334631606322593
NGC1705,calibration_24,low_mass_dwarf,5,7.55991007465385e+19,2.45,72.6,1.2488565251108659e-11,0.3890178957848599,0.14693537525589861,0.34802297401446347,0.30649504226317215,1.0953906232885566,0.6616518472649178,0.5882793581947608
NGC1705,calibration_24,low_mass_dwarf,6,8.917608210510052e+19,2.89,71.5,9.82060896438719e-12,0.3087284514701519,0.12040684912566262,0.29980599929722973,0.3257447776663229,1.111112608437802,0.7347608988298963,0.6584874752635751
NGC1705,calibration_24,low_mass_dwarf,7,1.0306163122181166e+20,3.34,71.1,7.983445602784813e-12,0.2527816941027815,0.09959522129163559,0.2603322184799638,0.3416135624602574,1.1252503848303346,0.7941055456986436,0.7165814093994607
NGC1705,calibration_24,low_mass_dwarf,8,1.1663861258037368e+20,3.78,71.4,6.694442748923246e-12,0.21283368145068643,0.08280735932904641,0.2280533645112948,0.35476693724415936,1.1376336180535278,0.8411525691447771,0.7634660435426945
NGC1705,calibration_24,low_mass_dwarf,9,1.3021559393893568e+20,4.22,71.5,5.707533854049735e-12,0.1813359383475972,0.06868885581330429,0.19994575146508614,0.36587420987518976,1.1482128067762314,0.8792442060263936,0.8018992358981603
NGC1705,calibration_24,low_mass_dwarf,10,1.4379257529749771e+20,4.66,71.5,4.918110842021519e-12,0.15531043888183543,0.05683634515384785,0.17498424311624577,0.37539105745426377,1.1571710862242321,0.9095418364652667,0.8328399411997285
NGC1705,calibration_24,low_mass_dwarf,11,1.5767812441420887e+20,5.11,71.3,4.252840178393967e-12,0.13276480238353358,0.046724031022542814,0.15217148815451517,0.38352719843054944,1.164651460869067,0.9336190738829748,0.857669812273058
NGC1705,calibration_24,low_mass_dwarf,12,1.7156367353092e+20,5.56,71.8,3.697624065378644e-12,0.11358415197638845,0.038409393522172354,0.13191883168303115,0.39033524258614644,1.1707271563500186,0.951774333850667,0.8766165746839156
NGC1705,calibration_24,low_mass_dwarf,13,1.8514065488948203e+20,6.0,71.5,3.2327547895035315e-12,0.09739427479587578,0.031663945162250615,0.11428250134312716,0.39604839994334506,1.1756738888092115,0.9650773737698941,0.8907176239024583
NGC2366,external_151,low_mass_dwarf,0,3.70281309778964e+18,0.12,4.2,1.0868701192367556e-11,0.5150940131989754,0.41039004925021444,0.4786095302332031,0.03423075668465524,0.47227908759602794,0.3373630350580611,0.15347220331584532
NGC2366,external_151,low_mass_dwarf,1,1.1108439293368922e+19,0.36000000000000004,9.41,1.0403410291224808e-11,0.46828376823889434,0.38259879872100805,0.454788993089564,0.06404053614910353,0.5525447304881728,0.36496120941875365,0.19155170803767166
NGC2366,external_151,low_mass_dwarf,2,1.8205497730799065e+19,0.59,15.3,9.957506510963006e-12,0.42342395015214995,0.3559655169638519,0.43196097832690994,0.09069855345465556,0.6197944431842946,0.39406815051799116,0.22890151934452518
NGC2366,external_151,low_mass_dwarf,3,2.5611123926378344e+19,0.83,18.4,9.492215609820256e-12,0.3766137051920689,0.32817426643464553,0.40814044118327086,0.11502127287165609,0.6766670455348358,0.42745785831059663,0.2676732225544364
NGC2366,external_151,low_mass_dwarf,4,3.301675012195763e+19,1.07,23.4,9.026924708677508e-12,0.32980346023198776,0.30038301590543914,0.3843199040396318,0.1367641476649845,0.7242713656004932,0.4641595235637933,0.30754740499295696
NGC2366,external_151,low_mass_dwarf,5,4.042237631753691e+19,1.31,28.1,8.50113388660523e-12,0.305345776328518,0.27578883577442975,0.36707934920946406,0.15615384830975143,0.7720871142489389,0.49692802485249754,0.3466729330439269
NGC2366,external_151,low_mass_dwarf,6,4.751943475496705e+19,1.54,33.1,7.947130247624717e-12,0.30042499708838,0.2548680054229777,0.356008294580467,0.17451890649096327,0.8209926382066863,0.5242872834698411,0.3836853187138804
NGC2366,external_151,low_mass_dwarf,7,5.5233628708695474e+19,1.79,37.5,7.344952379167635e-12,0.2950763240012734,0.232127972432269,0.34397453954894847,0.19151952614189685,0.8644706332251939,0.556030923586395,0.42300151956898285
NGC2366,external_151,low_mass_dwarf,8,6.2330687146125615e+19,2.02,40.5,6.7909487401871224e-12,0.2901555447611354,0.21120714208081698,0.3329034849199514,0.20699633709415025,0.9018526551766087,0.5871590880192692,0.46061291355195505
NGC2366,external_151,low_mass_dwarf,9,6.973631334170489e+19,2.26,42.3,6.212857986468326e-12,0.28502081859751316,0.18937671040973658,0.32135108008969365,0.22138420930744687,0.9355245309373793,0.6216724576297141,0.5003906536121515
NGC2366,external_151,low_mass_dwarf,10,7.683337177913505e+19,2.49,45.2,5.87918795091424e-12,0.27850745112719144,0.1766675915831224,0.3126319371692102,0.2351716080900205,0.9624610818808007,0.644197357486327,0.5286287159324575
NGC2366,external_151,low_mass_dwarf,11,8.454756573286346e+19,2.74,47.4,5.709217067475615e-12,0.27003475271376465,0.1700356738539905,0.3052116984273468,0.2481687345974558,0.9838423083777861,0.6583413833119388,0.5481557650568313
NGC2366,external_151,low_mass_dwarf,12,9.164462417029361e+19,2.97,48.1,5.552843854712079e-12,0.262239870173412,0.16393430954318913,0.29838507878483256,0.26020324191332134,1.0026822020710013,0.671521535160077,0.5660370227288885
NGC2366,external_151,low_mass_dwarf,13,9.905025036587288e+19,3.21,48.8,5.389671806610999e-12,0.25410607969652227,0.1575676685232225,0.2912616495926437,0.27158457852104184,1.0197496471805654,0.6854318765484907,0.5839721727101819
NGC2366,external_151,low_mass_dwarf,14,1.0614730880330303e+20,3.44,50.7,5.233298593847464e-12,0.24631119715616961,0.15146630421242113,0.2844350299501295,0.2825921153105826,1.0355622560763875,0.6988983548805358,0.6011569075536871
NGC2366,external_151,low_mass_dwarf,15,1.1386150275703144e+20,3.69,52.1,5.108331072696134e-12,0.23962372774448365,0.14567731123820052,0.2780298554180991,0.293034924109844,1.0501202272301993,0.7117303897793463,0.6174140428364562
NGC2366,external_151,low_mass_dwarf,16,1.209585611944616e+20,3.92,53.0,5.022771010780585e-12,0.23463791733059658,0.14090229577755797,0.27280044743618087,0.3027854466314014,1.0632274358310996,0.7223439286153261,0.6312771190253639
NGC2366,external_151,low_mass_dwarf,17,1.2836418739004088e+20,4.16,53.7,4.933490946173056e-12,0.22943533255088833,0.1359196709490614,0.26734367388983143,0.3122786039673962,1.0755740096920787,0.7334751844807427,0.6453577352365091
NGC2366,external_151,low_mass_dwarf,18,1.3576981358562016e+20,4.4,51.2,4.844210881565528e-12,0.2242327477711801,0.13093704612056484,0.26188690034348194,0.32133064137591344,1.0869766563973662,0.7446532196441731,0.6591853576228915
NGC2366,external_151,low_mass_dwarf,19,1.4317543978119943e+20,4.64,51.6,4.7549308169579985e-12,0.21903016299147188,0.1259544212920683,0.2564301267971325,0.32978844519238926,1.097342232753586,0.755866421651224,0.6727201031231175
NGC2366,external_151,low_mass_dwarf,20,1.502724982186296e+20,4.87,51.5,4.676262288018368e-12,0.2144286130806618,0.12171133920152713,0.25149126076510464,0.33788106659737,1.106844057202273,0.7656420392302098,0.6847067092091386
NGC2366,external_151,low_mass_dwarf,21,1.5767812441420887e+20,5.11,50.4,4.598397273626457e-12,0.2098625126584732,0.11760980224597385,0.24651573732077628,0.3457889511014527,1.1158311674252777,0.7752378661140411,0.6963778320545359
NGC2366,external_151,low_mass_dwarf,22,1.6508375060978814e+20,5.35,48.5,4.520532259234546e-12,0.2052964122362846,0.11350826529042057,0.24154021387644795,0.35335613467741456,1.1242203229050551,0.7848257970847666,0.7078588269935095
NGC2366,external_151,low_mass_dwarf,23,1.724893768053674e+20,5.59,50.0,4.442667244842635e-12,0.20073031181409595,0.10940672833486731,0.23656469043211958,0.36045040479094925,1.1319230411927859,0.794396209535367,0.7191120759180548
NGC2366,external_151,low_mass_dwarf,24,1.7958643524279756e+20,5.82,49.0,4.368046606050387e-12,0.1963544655761652,0.10547608875246207,0.23179648046463824,0.3672523017309296,1.139129223956211,0.8035421026466671,0.7298328001806074
NGC2366,external_151,low_mass_dwarf,25,1.8699206143837684e+20,6.06,49.4,4.289440764377286e-12,0.1919722061364466,0.10180782327495863,0.22699430459226516,0.3739118201774817,1.1459438011061254,0.812283044984897,0.7400707003260172
NGC2403,calibration_24,bulge_rich_hsb,0,4.937084130386187e+18,0.16,24.5,1.064165773638433e-10,0.8235302360705905,2.0035858032820317,0.7332320099177749,0.02212460272528507,0.30823158580168364,0.06373107543575703,0.019334353835603512
NGC2403,calibration_24,bulge_rich_hsb,1,8.022761711877555e+18,0.26,35.3,1.0502346979798426e-10,0.811511502449073,1.947338297177105,0.7252788694389968,0.04306672759739142,0.3482172587862195,0.06612167775472616,0.022562211130388088
NGC2403,calibration_24,bulge_rich_hsb,2,1.1108439293368922e+19,0.36000000000000004,43.2,1.0363036223212522e-10,0.7994927688275556,1.891090791072178,0.7173257289602186,0.0629152185470673,0.3866182790215741,0.06865641751569278,0.025887483249245516
NGC2403,calibration_24,bulge_rich_hsb,3,1.419411687486029e+19,0.46,52.0,1.0223725466626617e-10,0.7874740352060381,1.8348432849672511,0.7093725884814404,0.08175017782106986,0.4235271429290248,0.07134766671565305,0.0293223574137032
NGC2403,calibration_24,bulge_rich_hsb,4,1.7279794456351658e+19,0.56,60.9,1.0084414710040713e-10,0.7754553015845207,1.7785957788623241,0.7014194480026622,0.09964401402841243,0.4590365808778962,0.07420920797376017,0.03288095923186335
NGC2403,calibration_24,bulge_rich_hsb,5,2.0365472037843026e+19,0.6600000000000001,65.8,9.945103953454809e-11,0.7634365679630032,1.7223482727573973,0.693466307523884,0.11666234290186746,0.4932379571777835,0.07725643863530776,0.03657940731113314
NGC2403,calibration_24,bulge_rich_hsb,6,2.345114961933439e+19,0.76,71.7,9.805793196868906e-11,0.7514178343414858,1.6661007666524703,0.6855131670451059,0.13286476436904215,0.5262200981189863,0.08050661115483011,0.04043592769697922
NGC2403,calibration_24,bulge_rich_hsb,7,2.6536827200825758e+19,0.86,74.6,9.666482440283002e-11,0.7393991007199683,1.6098532605475435,0.6775600265663277,0.14830553530429424,0.5580684692632165,0.08397911749172428,0.04447103323157974
NGC2403,calibration_24,bulge_rich_hsb,8,2.962250478231712e+19,0.96,74.6,9.527171683697097e-11,0.7273803670984509,1.5536057544426165,0.6696068860875495,0.16303415394144657,0.5888646313176313,0.08769582719287856,0.048707774342799756
NGC2403,calibration_24,bulge_rich_hsb,9,3.2708182363808494e+19,1.06,76.6,9.387860927111193e-11,0.7153616334769334,1.4973582483376897,0.6616537456087713,0.1770958691895711,0.618685913588554,0.0916814913434831,0.053172070113240856
NGC2403,calibration_24,bulge_rich_hsb,10,3.5793859945299857e+19,1.16,78.5,9.248550170525289e-11,0.7033428998554159,1.441110742232763,0.6537006051299932,0.19119243037909078,0.6486367409412734,0.09596422782872295,0.057972045235754
NGC2403,calibration_24,bulge_rich_hsb,11,3.9188105284940366e+19,1.27,83.4,9.095308338280794e-11,0.6901222928717468,1.3792384855173432,0.6449521506033371,0.20400492303251602,0.6774927260160338,0.10105676806307276,0.06334657221586176
NGC2403,calibration_24,bulge_rich_hsb,12,4.19652151082826e+19,1.36,86.4,8.96992865735348e-11,0.679305432612381,1.328615730022909,0.6377943241724368,0.2162821786897933,0.703914161990342,0.10555386751065195,0.06831514502549625
NGC2403,calibration_24,bulge_rich_hsb,13,4.535946044792309e+19,1.47,87.4,8.816686825108987e-11,0.6660848256287119,1.2667434733074894,0.6290458696457808,0.2286035631900358,0.7322388750413512,0.11150264026989483,0.07454356419631926
NGC2403,calibration_24,bulge_rich_hsb,14,4.8445138029414466e+19,1.57,90.3,8.677376068523082e-11,0.6540660920071943,1.2104959672025624,0.6210927291670026,0.239841555823798,0.7581300308328607,0.11739428215220893,0.08071617852450351
NGC2403,calibration_24,bulge_rich_hsb,15,5.153081561090583e+19,1.67,93.3,8.538065311937178e-11,0.642047358385677,1.1542484610976356,0.6131395886882245,0.2506190225873369,0.7834244572301686,0.12380598004777499,0.08737109141331235
NGC2403,calibration_24,bulge_rich_hsb,16,5.46164931923972e+19,1.77,93.3,8.398754555351274e-11,0.6300286247641594,1.0980009549927086,0.6051864482094462,0.2609611450553608,0.8081700010135869,0.13080525184498024,0.09457536006740187
NGC2403,calibration_24,bulge_rich_hsb,17,5.7702170773888565e+19,1.87,95.2,8.25944379876537e-11,0.6180098911426419,1.0417534488877818,0.5972333077306681,0.2708912569819577,0.8324110502649287,0.13847157822462125,0.1024075396864411
NGC2403,calibration_24,bulge_rich_hsb,18,6.078784835537993e+19,1.97,97.2,8.120133042179466e-11,0.6059911575211245,0.9855059427828547,0.5892801672518899,0.2809014485557201,0.8567988261451513,0.14689915564191247,0.11101905416633645
NGC2403,calibration_24,bulge_rich_hsb,19,6.418209369502044e+19,2.08,99.1,7.96689120993497e-11,0.5927705505374553,0.923633686067435,0.5805317127252339,0.2904978394382229,0.8818544346082334,0.1571836103005679,0.12133303227067553
NGC2403,calibration_24,bulge_rich_hsb,20,6.7267771276511805e+19,2.18,98.2,7.827580453349067e-11,0.5807518169159378,0.8673861799625082,0.5725785722464558,0.29928164777482913,0.9047797429659238,0.16760336261059536,0.13178469484520444
NGC2403,calibration_24,bulge_rich_hsb,21,7.035344885800316e+19,2.28,98.2,7.688269696763163e-11,0.5687330832944204,0.8111386738575814,0.5646254317676775,0.30731531181303895,0.9268523732822884,0.1792148341639964,0.14332423466856128
NGC2403,calibration_24,bulge_rich_hsb,22,7.31305586813454e+19,2.37,98.2,7.56289001583585e-11,0.5579162230350547,0.7605159183631471,0.5574676053367772,0.3150684327102232,0.9473866897602046,0.19085317536277585,0.15495228278298906
NGC2403,calibration_24,bulge_rich_hsb,23,7.621623626283678e+19,2.4700000000000006,97.2,7.423579259249944e-11,0.5458974894135371,0.7042684122582199,0.549514464857999,0.32293181273794025,0.969365257114946,0.20533641428170232,0.16930536167031388
NGC2403,calibration_24,bulge_rich_hsb,24,7.930191384432814e+19,2.57,98.2,7.284268502664041e-11,0.5338787557920197,0.6480209061532933,0.5415613243792209,0.33088100956114386,0.991478868385286,0.22175748744003193,0.18557476056439842
NGC2403,calibration_24,bulge_rich_hsb,25,8.269615918396865e+19,2.68,98.2,7.087168206775858e-11,0.5324174098973763,0.62484853007301,0.5348282183441577,0.3385502852008736,1.0059041329128617,0.23031570756621253,0.19453531405458416
NGC2403,calibration_24,bulge_rich_hsb,26,8.578183676546e+19,2.78,98.2,6.907279737763706e-11,0.5312783075983828,0.6044060316423236,0.5287396719422469,0.3456122321171123,1.0187630797758853,0.23833729408072693,0.2029346744043383
NGC2403,calibration_24,bulge_rich_hsb,27,8.886751434695138e+19,2.8800000000000003,99.1,6.727391268751555e-11,0.5301392052993892,0.5839635332116371,0.5226511255403362,0.352446208264442,1.0311907849938284,0.2467861058346695,0.21172061844039383
NGC2403,calibration_24,bulge_rich_hsb,28,9.195319192844273e+19,2.9799999999999995,100.0,6.547502799739403e-11,0.5290001030003957,0.5635210347809507,0.5165625791384254,0.35906175172406163,1.0432165319206352,0.25569308377742894,0.22092599320088274
NGC2403,calibration_24,bulge_rich_hsb,29,9.50388695099341e+19,3.08,102.0,6.367614330727252e-11,0.5278610007014021,0.5430785363502643,0.5104740327365147,0.36578480160627347,1.0551669805298327,0.2650920267130021,0.230625444011623
NGC2403,calibration_24,bulge_rich_hsb,30,9.843311484957462e+19,3.1900000000000004,101.0,6.169737014813884e-11,0.5266079881725092,0.5205917880765091,0.5037766316944128,0.3722827842600989,1.067279094342227,0.27604332283023825,0.2417838306236344
NGC2403,calibration_24,bulge_rich_hsb,31,1.0151879243106597e+20,3.29,101.0,5.989848545801734e-11,0.5254688858735156,0.5001492896458226,0.4976880852925021,0.3782761305297478,1.0782200741661083,0.2866000088555803,0.2525282777758756
NGC2403,calibration_24,bulge_rich_hsb,32,1.0460447001255734e+20,3.39,103.0,5.809960076789582e-11,0.5243297835745221,0.47970679121513615,0.49159953889059127,0.3840848504937687,1.0888562844257934,0.29777534656262467,0.2638579552979899
NGC2403,calibration_24,bulge_rich_hsb,33,1.0769014759404872e+20,3.49,107.0,5.63007160777743e-11,0.5231906812755285,0.4592642927844497,0.4855109924886805,0.38971606969953093,1.0992068641649104,0.30961874350654256,0.27582302677454923
NGC2403,calibration_24,bulge_rich_hsb,34,1.1077582517554007e+20,3.59,110.0,5.45018313876528e-11,0.522051578976535,0.4388217943537633,0.47942244608676976,0.39517653279904674,1.1092894888171287,0.3221846510775211,0.2884785056377906
NGC2403,calibration_24,bulge_rich_hsb,35,1.1386150275703144e+20,3.69,112.0,5.2702946697531274e-11,0.5209124766775414,0.41837929592307677,0.47333389968485895,0.4004726282512493,1.1191205021932342,0.33553319669190423,0.30188489171814825
NGC2403,calibration_24,bulge_rich_hsb,36,1.1694718033852282e+20,3.79,114.0,5.090406200740976e-11,0.5197733743785478,0.3979367974923903,0.4672453532829482,0.4058649897074355,1.1289149418932307,0.34973091061975126,0.31613880423615676
NGC2403,calibration_24,bulge_rich_hsb,37,1.2034142567816331e+20,3.9,118.0,4.8925288848276096e-11,0.5185203618496549,0.37545004921863523,0.4605479522408463,0.41083942996167994,1.1388241692112087,0.36641747045651635,0.3327590386227367
NGC2403,calibration_24,bulge_rich_hsb,38,1.2311853550150556e+20,3.99,118.0,4.730629262716672e-11,0.5174951697805606,0.35705180063101727,0.45506826047912663,0.4244106342021109,1.1538557773337952,0.38097713820513646,0.34833966033121133
NGC2403,calibration_24,bulge_rich_hsb,39,1.379297878926641e+20,4.47,118.0,3.867164611458346e-11,0.5120274787453916,0.25892780816372235,0.425843237749955,0.4449798572152645,1.1940438119013919,0.475595627966512,0.44223939341877716
NGC2403,calibration_24,bulge_rich_hsb,40,1.5335817580012093e+20,4.97,121.0,2.967722266397589e-11,0.5063319672504237,0.1567153160102901,0.39540050574040114,0.46315652192572715,1.2322596653074405,0.6174161416704605,0.5823726266710588
NGC2403,calibration_24,bulge_rich_hsb,41,1.6878656370757776e+20,5.47,124.0,2.474331425096889e-11,0.4716657341384903,0.11478702794521974,0.3665678275719811,0.47882200676360326,1.2490670029834,0.7038425437153815,0.6677283909177325
NGC2403,calibration_24,bulge_rich_hsb,42,1.8390638385688547e+20,5.959999999999999,125.0,2.202882240805197e-11,0.4225619072479344,0.1051827269365508,0.3391527068863307,0.4925230434060924,1.2545760969124797,0.7370662929702987,0.700520794779123
NGC2403,calibration_24,bulge_rich_hsb,43,1.9933477176434233e+20,6.46,126.0,1.9258932772422462e-11,0.3724559614412447,0.09538241978484778,0.3111780939417894,0.5045930630264557,1.2591262447041116,0.7711234645823736,0.7339728713346669
NGC2403,calibration_24,bulge_rich_hsb,44,2.1476315967179915e+20,6.96,126.0,1.6489043136792954e-11,0.32235001563455506,0.08558211263314477,0.2832034809972482,0.5149867590209767,1.2627808936206384,0.8049122039752663,0.7670307041098502
NGC2403,calibration_24,bulge_rich_hsb,45,2.2988297982110686e+20,7.45,126.0,1.3774551293876036e-11,0.2732461887439992,0.07597781162447584,0.2557883603115978,0.5240064403482655,1.265759805429115,0.8372808343821422,0.7986285892293732
NGC2403,calibration_24,bulge_rich_hsb,46,2.4531136772856368e+20,7.95,126.0,1.1809613984370751e-11,0.2389622273084442,0.0695738107181727,0.23541575804685008,0.532095799177368,1.2686500860417103,0.8592632385207152,0.8203386411365526
NGC2403,calibration_24,bulge_rich_hsb,47,2.607397556360205e+20,8.45,127.0,1.0757833310041811e-11,0.22262709282978946,0.0670226585861697,0.22366705345609164,0.5394576043640735,1.2716108857813806,0.8696350864394801,0.8310031920331388
NGC2403,calibration_24,bulge_rich_hsb,48,2.758595757853282e+20,8.94,128.0,9.727088249199447e-12,0.2066186610407078,0.06452252949680676,0.21215332295714837,0.5462295184454775,1.2742588484844035,0.8795951333221179,0.8412043289009059
NGC2403,calibration_24,bulge_rich_hsb,49,2.9128796369278504e+20,9.44,128.0,8.675307574870507e-12,0.19028352656205308,0.061971377364803765,0.20040461836638995,0.5525079311293142,1.276627129579984,0.8895265787875815,0.8513155053826742
NGC2403,calibration_24,bulge_rich_hsb,50,3.067163516002419e+20,9.94,127.0,7.623526900541566e-12,0.17394839208339835,0.059420225232800765,0.1886559137756315,0.5582047518263676,1.2786972120689328,0.8991998991301595,0.8611111566410997
NGC2403,calibration_24,bulge_rich_hsb,51,3.218361717495496e+20,10.43,127.0,6.760392960284049e-12,0.16061819959773474,0.05720330080823295,0.17880465783572264,0.5634718075086771,1.2806953079289896,0.9072087262139057,0.869300995122629
NGC2403,calibration_24,bulge_rich_hsb,52,3.372645596570064e+20,10.93,128.0,6.297380796230736e-12,0.15369093113258148,0.05564696326855965,0.1728957368230373,0.5684964081183147,1.2828830791213526,0.9122329485606238,0.8746840722290703
NGC2403,calibration_24,bulge_rich_hsb,53,3.5269294756446326e+20,11.43,130.0,5.834368632177422e-12,0.14676366266742819,0.05409062572888634,0.16698681581035196,0.5731937600895642,1.2848972374238894,0.9171583897399371,0.8799295358295859
NGC2403,calibration_24,bulge_rich_hsb,54,3.678127677137709e+20,11.919999999999998,130.0,5.380616711405174e-12,0.13997493957157797,0.05256541494000651,0.16119607321792034,0.5776322143548109,1.2867765420271486,0.9218855195710483,0.8849518230836604
NGC2403,calibration_24,bulge_rich_hsb,55,3.832411556212278e+20,12.42,132.0,4.91760454735186e-12,0.1330476711064247,0.0510090774003332,0.15528715220523498,0.5818634285957494,1.288543260345656,0.9266032526031245,0.8899378879617493
NGC2403,calibration_24,bulge_rich_hsb,56,3.9866954352868465e+20,12.92,133.0,4.481704192869656e-12,0.1264521130782986,0.049473162106547466,0.1495939718632275,0.585860113013719,1.2902101182005026,0.9310910082842712,0.8946790846746243
NGC2403,calibration_24,bulge_rich_hsb,57,4.1409793143614145e+20,13.42,133.0,4.243032706605464e-12,0.1222696316800958,0.04808581146066218,0.1454702289353768,0.5896362342871142,1.2919040086507558,0.9346226415137558,0.8985097224985275
NGC2403,calibration_24,bulge_rich_hsb,58,4.292177515854492e+20,13.91,133.0,4.0091346500665555e-12,0.11817079990985704,0.046726207827694585,0.14142896086608311,0.5932420139874254,1.2935083606035012,0.9380120459586683,0.9021812886208267
NGC2403,calibration_24,bulge_rich_hsb,59,4.44646139492906e+20,14.409999999999998,133.0,3.770463163802364e-12,0.11398831851165425,0.0453388571818093,0.1373052179382324,0.5967170042365011,1.2950443144584391,0.9413956570333709,0.905830405846476
NGC2403,calibration_24,bulge_rich_hsb,60,4.6007452740036284e+20,14.91,134.0,3.5317916775381714e-12,0.10980583711345145,0.04395150653592401,0.1331814750103817,0.5999984943584004,1.2964862083301598,0.9447016394765471,0.909381421584402
NGC2403,calibration_24,bulge_rich_hsb,61,4.751943475496706e+20,15.4,134.0,3.2978936209992625e-12,0.10570700534321269,0.04259190290295642,0.12914020694108796,0.6031298134331265,1.2978533901647866,0.9478643592561891,0.9127760796632713
NGC2403,calibration_24,bulge_rich_hsb,62,4.9062273545712737e+20,15.9,133.0,3.1496676767674807e-12,0.10251030156208694,0.04134261200658034,0.125710774792214,0.6061613295717554,1.2992044496776967,0.9505955367164068,0.9157515255158717
NGC2403,calibration_24,bulge_rich_hsb,63,5.0605112336458416e+20,16.4,134.0,3.007520724461583e-12,0.09937985349727702,0.04010260033042559,0.12232800839960184,0.6090382922563351,1.3004844096590906,0.9532373114575697,0.918623025884172
NGC2403,calibration_24,bulge_rich_hsb,64,5.211709435138919e+20,16.89,134.0,2.8682167112018024e-12,0.09631201439376326,0.03888738888779394,0.11901289733484192,0.611797234571037,1.301705640214371,0.9557661776808253,0.9213710588192111
NGC2403,calibration_24,bulge_rich_hsb,65,5.3659933142134876e+20,17.39,136.0,2.726069758895904e-12,0.09318156632895332,0.03764737721163918,0.11563013094222976,0.6144672359386508,1.3028848118319454,0.9582842465795303,0.9240982789641274
NGC2403,calibration_24,bulge_rich_hsb,66,5.520277193288056e+20,17.89,136.0,2.5839228065900055e-12,0.09005111826414336,0.03640736553548443,0.1122473645496176,0.6169988254922297,1.3040010407496738,0.9607381774306227,0.9267479753183073
NGC2403,calibration_24,bulge_rich_hsb,67,5.671475394781132e+20,18.38,135.0,2.4798600805482396e-12,0.08741380743189475,0.035313470567605004,0.10928045199023402,0.6194317625384141,1.3050685262657749,0.9628431878917246,0.9290489591131372
NGC2403,calibration_24,bulge_rich_hsb,68,5.825759273855701e+20,18.88,133.0,2.3845024078820768e-12,0.08485496469899045,0.03423452878730771,0.10635998304826272,0.6217936552074906,1.306103270660011,0.9648674034354484,0.9312638186164705
NGC2403,calibration_24,bulge_rich_hsb,69,5.980043152930269e+20,19.38,134.0,2.289144735215914e-12,0.08229612196608618,0.033155587007010434,0.10343951410629143,0.624040186394124,1.307086798484648,0.9668412342063144,0.9334172269191225
NGC2403,calibration_24,bulge_rich_hsb,70,6.131241354423346e+20,19.869999999999997,136.0,2.1956942160030747e-12,0.07978845608783997,0.032098224062319096,0.10057745454315956,0.6261991142802021,1.3080289903775113,0.9687260579906137,0.9354743910234103
NGC2403,calibration_24,bulge_rich_hsb,71,6.285525233497915e+20,20.37,135.0,2.100336543336912e-12,0.07722961335493568,0.031019282282021807,0.09765698560118827,0.6282925779250527,1.3089429192826474,0.9705981591165422,0.9375122572176857
NGC2403,calibration_24,bulge_rich_hsb,72,6.439809112572483e+20,20.87,134.0,2.0199793070529244e-12,0.0749047232519389,0.030031682409832793,0.09495137849052697,0.6303056801765384,1.3098144036775676,0.9722750930530898,0.939351018342654
NGC2683,external_151,bulge_rich_hsb,0,8.917608210510052e+19,2.89,189.0,2.515072887148098e-10,0.6443993733078206,1.154329533881855,0.6401277163808128,0.36259676657409334,0.9184255284431466,0.11920111482343587,0.09472278298385461
NGC2683,external_151,bulge_rich_hsb,1,1.7804359645205188e+20,5.77,212.0,1.271362867488209e-10,0.7530482019366265,0.4511030384352702,0.5423910470493712,0.5126021238315582,1.2085141685423095,0.290129013671046,0.27129686752554777
NGC2683,external_151,bulge_rich_hsb,2,2.672196785571524e+20,8.66,206.0,6.498060380305812e-11,0.5834772700243102,0.15479495755560338,0.4198687587513723,0.5877115910830929,1.2968704647208422,0.6060842371386609,0.5834871871312604
NGC2683,external_151,bulge_rich_hsb,3,3.5608719290410376e+20,11.54,200.0,3.3448363227105723e-11,0.3379020775810877,0.043260948778417255,0.27415963877069804,0.6254048081717923,1.3210653384927697,0.8939713656999484,0.8662394274081698
NGC2683,external_151,bulge_rich_hsb,4,4.452632750092043e+20,14.43,172.0,1.83930677917745e-11,0.17704103457013115,0.015404689320821072,0.16088825865168715,0.6444790844246295,1.3247878724364568,0.975815071016735,0.9464354501495955
NGC2683,external_151,bulge_rich_hsb,5,5.3413078935615563e+20,17.31,190.0,1.071463568923223e-11,0.09937200735684329,0.009045732806413118,0.09750299324404514,0.6551216277488945,1.3254626519124932,0.9912572495896829,0.9615753755842464
NGC2683,external_151,bulge_rich_hsb,6,6.233068714612561e+20,20.2,169.0,6.422288138281174e-12,0.06031014250111912,0.0071993853945104234,0.06312844199096865,0.661678800208451,1.3259102217305305,0.9954757024656543,0.9657756297503967
NGC2683,external_151,bulge_rich_hsb,7,7.121743858082075e+20,23.08,150.0,3.9636716708055585e-12,0.03954140893381111,0.006287168322495636,0.043794248364719054,0.6682388698238799,1.3272027166952975,0.9972541423838268,0.9678127011739485
NGC2683,external_151,bulge_rich_hsb,8,8.902179822602595e+20,28.85,160.0,1.6950691168054814e-12,0.02046517857540693,0.0047180167376083834,0.024559530945437093,0.6718116571283514,1.3277039452218844,0.9988426183038536,0.9694749117729422
NGC2683,external_151,bulge_rich_hsb,9,9.793940643653599e+20,31.74,155.0,1.1606630973124684e-12,0.015503795249315222,0.003986314679649687,0.019113857717349383,0.6736341780993372,1.328217883792042,0.9992386415922614,0.9699827767153024
NGC2683,external_151,bulge_rich_hsb,10,1.0682615787123113e+21,34.62,151.0,8.134884907547041e-13,0.011959835564836084,0.003328169379792789,0.015056081118150235,0.6750531441008184,1.3286558641046593,0.9994991590857449,0.9703407266460974
NGC2841,external_151,bulge_rich_hsb,0,1.0614730880330303e+20,3.44,285.0,1.5111480059245425e-10,0.6349649095012393,0.6612407366688773,0.5372924648276916,0.051873043457817285,0.5177485897428838,0.21964521509047089,0.10870792195746957
NGC2841,external_151,bulge_rich_hsb,1,1.1633004482222454e+20,3.77,297.0,1.4835026079708993e-10,0.6194637492823644,0.6298371439949328,0.5273482673949225,0.09978877071162214,0.6418571118270561,0.23140460018132974,0.13853822985042655
NGC2841,external_151,bulge_rich_hsb,2,1.2743848411559346e+20,4.13,303.0,1.4533439920214703e-10,0.6025533926799554,0.5955786792597209,0.51650005201372,0.14283147984279224,0.7409002169099048,0.24532868496929444,0.16558518966551997
NGC2841,external_151,bulge_rich_hsb,3,1.379297878926641e+20,4.47,306.0,1.4248608547358983e-10,0.5865825003332359,0.5632234625653538,0.5062545152648064,0.17963080213748148,0.8167251712355481,0.25964960424309685,0.18926061024593335
NGC2841,external_151,bulge_rich_hsb,4,1.4811252391158563e+20,4.8,307.0,1.397215456782255e-10,0.571081340114361,0.5318198698914094,0.4963103178320374,0.21228913205991293,0.8778287370137532,0.27476476185218857,0.21139126981526213
NGC2841,external_151,bulge_rich_hsb,5,1.5829525993050712e+20,5.13,304.0,1.3695700588286117e-10,0.5555801798954861,0.5004162772174651,0.48636612039926835,0.24272685573458336,0.9300172445633287,0.2912178679777079,0.2334490523552808
NGC2841,external_151,bulge_rich_hsb,6,1.6909513146572692e+20,5.48,308.0,1.3402491822111112e-10,0.5391395554209218,0.46710943650267545,0.4758192443342103,0.27109205456499524,0.9753776403919054,0.3103087748552615,0.25690890109633197
NGC2841,external_151,bulge_rich_hsb,7,1.7989500300094672e+20,5.830000000000001,313.0,1.310928305593611e-10,0.5226989309463576,0.43380259578788594,0.4652723682691522,0.2961357445304398,1.0132588571991803,0.3313053458317375,0.28113266402092474
NGC2841,external_151,bulge_rich_hsb,8,1.900777390198682e+20,6.16,314.0,1.2832829076399675e-10,0.5071977707274826,0.4023990031139415,0.4553281708363832,0.31903226194866036,1.045833278244662,0.35307791893666157,0.3055333155019615
NGC2841,external_151,bulge_rich_hsb,9,2.0087761055508798e+20,6.509999999999999,315.0,1.2539620310224672e-10,0.49075714625291844,0.3690921623991521,0.4447812947713252,0.3406017304855713,1.0755000366759706,0.37855086883189076,0.3330596250635631
NGC2841,external_151,bulge_rich_hsb,10,2.1167748209030778e+20,6.86,317.0,1.2246411544049667e-10,0.4743165217783542,0.3357853216843625,0.4342344187062671,0.35955775961396197,1.1011013767929507,0.4068190290101613,0.36276313167630025
NGC2841,external_151,bulge_rich_hsb,11,2.2155165035108014e+20,7.18,320.0,1.197833495783252e-10,0.459285093687324,0.30533335303084064,0.42459156058964265,0.37655899938068965,1.1231607860670902,0.4354604789219147,0.3925558828812619
NGC2841,external_151,bulge_rich_hsb,12,2.3173438637000167e+20,7.51,316.0,1.1701880978296086e-10,0.44378393346844913,0.2739297603568962,0.4146473631568736,0.3927850226934963,1.1438794727723307,0.4681993109447754,0.42617687817983807
NGC2841,external_151,bulge_rich_hsb,13,2.422256901470723e+20,7.85,318.0,1.1381855760760405e-10,0.43275396125698795,0.2527671074236727,0.40596188561674973,0.4085313069702702,1.1609958326156347,0.4935497695552211,0.452684011233714
NGC2841,external_151,bulge_rich_hsb,14,2.5333412944044127e+20,8.21,321.0,1.1005741459590898e-10,0.4263067296468908,0.24221054241794088,0.3984173250306311,0.42361933313128086,1.1744174218300643,0.5089035826700972,0.46944578060198333
NGC2841,external_151,bulge_rich_hsb,15,2.6444256873381016e+20,8.57,323.0,1.0629627158421393e-10,0.41985949803679373,0.2316539774122091,0.39087276444451247,0.437119242656509,1.1861533347141608,0.5248042688084548,0.48645810728365446
NGC2841,external_151,bulge_rich_hsb,16,2.746253047527317e+20,8.9,321.0,1.028485571568268e-10,0.41394953572753806,0.22197712615695497,0.3839569172405704,0.44941952433936677,1.1964604624816633,0.5398703628146881,0.5024847026261784
NGC2841,external_151,bulge_rich_hsb,17,2.8511660852980233e+20,9.24,323.0,9.929636653467036e-11,0.40786048365133526,0.21200703698487494,0.3768314989092362,0.4614860856336477,1.2063209352437658,0.5558923969280563,0.519376320801726
NGC2841,external_151,bulge_rich_hsb,18,2.9622504782317126e+20,9.6,323.0,9.55352235229753e-11,0.4014132520412382,0.20145047197914315,0.36928693832311754,0.47265032650563066,1.215426731061744,0.5734174188890245,0.537589126987452
NGC2841,external_151,bulge_rich_hsb,19,3.0640778384209274e+20,9.93,322.0,9.208750909558818e-11,0.3955032897319825,0.191773620723889,0.3623710911191755,0.4828656232284858,1.2235203972323514,0.5899941145027461,0.5547734152894905
NGC2841,external_151,bulge_rich_hsb,20,3.1689908761916336e+20,10.269999999999998,321.0,8.853531847343175e-11,0.38941423765577976,0.181803531551809,0.35524567278784125,0.4925030478843431,1.2311273820004178,0.6075890870638819,0.572874494601139
NGC2841,external_151,bulge_rich_hsb,21,3.270818236380849e+20,10.6,323.0,8.508760404604461e-11,0.38350427534652404,0.17212668029655484,0.34832982558389913,0.5014767977897633,1.238119028284325,0.625168574650778,0.5908914532302967
NGC2841,external_151,bulge_rich_hsb,22,3.372645596570064e+20,10.93,322.0,8.163988961865749e-11,0.3775943130372684,0.16244982904130073,0.3414139783799571,0.5100961158974884,1.2447608253839013,0.6432413500971649,0.6093551215667976
NGC2841,external_151,bulge_rich_hsb,23,3.477558634340771e+20,11.27,321.0,7.808769899650103e-11,0.37150526096106556,0.15247973986922064,0.3342885600486228,0.5266027220648358,1.2553187489511133,0.6623734591885854,0.6296842089095933
NGC2841,external_151,bulge_rich_hsb,24,3.798469102815873e+20,12.31,323.0,6.722217474049311e-11,0.35287992519856287,0.12198299651932881,0.31249316279983563,0.5576954581817384,1.2762998326832204,0.7240141245710829,0.6928441655126137
NGC2841,external_151,bulge_rich_hsb,25,4.4279473294401117e+20,14.35,319.0,4.5909031007554475e-11,0.31634561274134604,0.06216246148684865,0.26974065281183013,0.5886631793322185,1.3014946621068955,0.8564008987464742,0.8255335806308294
NGC2841,external_151,bulge_rich_hsb,26,5.0605112336458416e+20,16.4,308.0,3.2511826562731804e-11,0.2734473714397285,0.031310020549678366,0.23138300709609672,0.6121826163187645,1.3151923937921697,0.9324478225108677,0.9021533199739287
NGC2841,external_151,bulge_rich_hsb,27,5.7023321705960466e+20,18.48,299.0,2.6821609016486436e-11,0.22382702175981603,0.028839197874166125,0.19700108339785097,0.6303520261607715,1.3194012733570757,0.9462407222075299,0.9164969104584653
NGC2841,external_151,bulge_rich_hsb,28,6.347238785127742e+20,20.57,299.0,2.110403465511489e-11,0.17396811270644247,0.026356496243483154,0.16245386198951756,0.643656946040808,1.3217689837732378,0.9589408879633827,0.9293600572467052
NGC2841,external_151,bulge_rich_hsb,29,6.945860235937068e+20,22.51,298.0,1.5796812520636038e-11,0.1276875942549856,0.02405197894036116,0.13038610623249988,0.6536380011535151,1.3231064866811926,0.9695931338530737,0.9400024879349511
NGC2841,external_151,bulge_rich_hsb,30,7.587681172887272e+20,24.59,296.0,1.2923369610751544e-11,0.10604059598622106,0.022991718315979334,0.11403492560841726,0.6622213530343694,1.325091145912563,0.9744512629551987,0.9451846304494133
NGC2841,external_151,bulge_rich_hsb,31,8.232587787418968e+20,26.68,293.0,1.1003897823569814e-11,0.09390059302916938,0.02241100035423995,0.1038001255065359,0.6696901125454296,1.3270996622993516,0.9772662018156787,0.9483905588650294
NGC2841,external_151,bulge_rich_hsb,32,8.877494401950663e+20,28.77,289.0,9.084426036388082e-12,0.0817605900721177,0.021830282392500563,0.09356532540465455,0.6759025035929181,1.3286550476586099,0.9799832782884178,0.951393991638
NGC2841,external_151,bulge_rich_hsb,33,9.473030175178496e+20,30.7,289.0,7.311899457794427e-12,0.0705499653318738,0.021294021308214908,0.08411405066942441,0.6812912142157955,1.3299594302200317,0.9824039044379914,0.9540504527929311
NGC2841,external_151,bulge_rich_hsb,34,1.0117936789710192e+21,32.79,288.0,6.5349223775864875e-12,0.06589399448776981,0.020648941733545572,0.07959266283044071,0.6864211353102068,1.3315515311588222,0.9838307005527407,0.9558084591849995
NGC2841,external_151,bulge_rich_hsb,35,1.0762843404241889e+21,34.88,285.0,5.7689838935811905e-12,0.06131033313267979,0.020003240307543572,0.07512647704230625,0.6911029070174651,1.3329829488865719,0.9851947594168168,0.9574668648386948
NGC2841,external_151,bulge_rich_hsb,36,1.1404664341192093e+21,36.96,283.0,5.006710187011327e-12,0.05674860317163328,0.019360628362048764,0.07068166056416288,0.6952299543335159,1.3342207045031804,0.9865003215615626,0.9590225997829654
NGC2841,external_151,bulge_rich_hsb,37,1.2003285792001418e+21,38.9,275.0,4.392342371641891e-12,0.05295314142430174,0.01874780695746768,0.0668962349056796,0.6990450119115983,1.3353817557574934,0.9876137659262217,0.960373134210668
NGC2841,external_151,bulge_rich_hsb,38,1.2648192406533114e+21,40.99,272.0,4.030187737332891e-12,0.050289056023115064,0.01804583359320449,0.06393577072304674,0.7027338344534172,1.3365726113200587,0.988593858337528,0.9616001060027258
NGC2841,external_151,bulge_rich_hsb,39,1.329309902106481e+21,43.08,271.0,3.668033103023893e-12,0.0476249706219284,0.017343860228941303,0.06097530654041388,0.706160457388209,1.3376708148887726,0.9895351982764526,0.9627673745621317
NGC2841,external_151,bulge_rich_hsb,40,1.3934919958015013e+21,45.16,274.0,3.3076112660082384e-12,0.044973632040843106,0.016645245588909036,0.05802900725817639,0.7092354455329403,1.3386505785795877,0.9904333343298208,0.9638649319315762
NGC2841,external_151,bulge_rich_hsb,41,1.453354140882434e+21,47.1,277.0,3.0500282495523554e-12,0.04285149834331489,0.016015396348786966,0.05558530088335704,0.7121282960835501,1.3395793947653658,0.9911763437595794,0.9647993977340772
NGC2841,external_151,bulge_rich_hsb,42,1.5178448023356034e+21,49.19,281.0,2.8488848761910664e-12,0.040906105344548,0.015357975351989916,0.05324832120164115,0.714939539717549,1.3404920557772388,0.991888470936387,0.9656996227582203
NGC2841,external_151,bulge_rich_hsb,43,1.582026896030624e+21,51.27,286.0,2.648703911314758e-12,0.03897002044625367,0.01470369991020146,0.050922523240890395,0.7175771061098816,1.3413455104177918,0.9925681509287487,0.9665543786102354
NGC2841,external_151,bulge_rich_hsb,44,1.6465175574837935e+21,53.36,282.0,2.447560537953469e-12,0.037024627447486774,0.01404627891340441,0.04858554355917451,0.7199662534356941,1.3421185662691726,0.9932217966243999,0.9673652383565199
NGC2841,external_151,bulge_rich_hsb,45,1.706379702564726e+21,55.3,283.0,2.3140535234963103e-12,0.03550589146220533,0.013493564971137472,0.04670207133252117,0.7222194287425713,1.342845164488149,0.9937376893305534,0.9680311263152344
NGC2841,external_151,bulge_rich_hsb,46,1.7705617962597464e+21,57.379999999999995,288.0,2.185727416924642e-12,0.03395749088423929,0.012916983917111595,0.0447622641590545,0.7244239384024587,1.3435570801683818,0.9942513041204596,0.9686911645721807
NGC2841,external_151,bulge_rich_hsb,47,1.835052457712916e+21,59.470000000000006,287.0,2.0567843579175326e-12,0.032401646072725346,0.012337630838787516,0.04281313098956155,0.7265049037765094,1.3442287280118954,0.9947456282021419,0.9693230815359466
NGC2841,external_151,bulge_rich_hsb,48,1.8995431191660858e+21,61.56000000000001,289.0,1.9299376557116595e-12,0.03086104395831557,0.011762945807678572,0.04088086918773085,0.7284581770092642,1.344858999916962,0.9952142193473638,0.9699204073825395
NGC2841,external_151,bulge_rich_hsb,49,1.963725212861106e+21,63.64,294.0,1.837948400361415e-12,0.029576850130155225,0.011267277572048366,0.03923349905374326,0.7303022789661737,1.345449849943308,0.9955989079954997,0.9704269292868968
NGC2903,external_151,bulge_rich_hsb,0,9.874168260772375e+18,0.32,44.0,8.169109596711933e-10,0.8774596581492282,1.6624963690194734,0.71550862829664,0.0659884100093197,0.44611236217345296,0.07754760377354875,0.03345881659238697
NGC2903,external_151,bulge_rich_hsb,1,1.974833652154475e+19,0.64,64.0,7.93292651013301e-10,0.8342050921343748,1.5976397822506905,0.7051350155795781,0.12301991121647077,0.5442998976647568,0.08152937678819168,0.04221748374910062
NGC2903,external_151,bulge_rich_hsb,2,2.962250478231712e+19,0.96,128.0,7.696743423554086e-10,0.7909505261195213,1.5327831954819078,0.6947614028625164,0.17278711396755392,0.6250803708507567,0.08584290758793654,0.05023204602026322
NGC2903,external_151,bulge_rich_hsb,3,3.94966730430895e+19,1.28,148.0,7.460560336975162e-10,0.7476959601046678,1.4679266087131249,0.6843877901454547,0.21658106530453577,0.6924806484506589,0.0905279642430695,0.057797435011679776
NGC2903,external_151,bulge_rich_hsb,4,4.937084130386188e+19,1.6,157.0,7.224377250396237e-10,0.7044413940898142,1.4030700219443422,0.6740141774283929,0.2554036564652177,0.7495925510516319,0.09563071975258222,0.06515708983161196
NGC2903,external_151,bulge_rich_hsb,5,5.924500956463424e+19,1.92,189.0,6.988194163817314e-10,0.6611868280749609,1.3382134351755592,0.6636405647113311,0.29004427306233677,0.7987398799507553,0.10120507720954772,0.0725111695611672
NGC2903,external_151,bulge_rich_hsb,6,6.911917782540663e+19,2.24,195.0,6.75201107723839e-10,0.6179322620601072,1.2733568484067765,0.6532669519942694,0.3211332901105513,0.8416629471709403,0.10731433619703677,0.08002988570486494
NGC2903,external_151,bulge_rich_hsb,7,7.8993346086179e+19,2.56,201.0,6.427296031766351e-10,0.6282280167417692,1.194927254898103,0.6452384517308375,0.3492782478433602,0.892526421779753,0.11480884744074601,0.0893969912639378
NGC2903,external_151,bulge_rich_hsb,8,8.886751434695138e+19,2.8800000000000003,214.0,6.061081630563165e-10,0.6636254842499227,1.1101353144801054,0.6383092229300447,0.3749151723904575,0.9439099612830272,0.12366907191257129,0.10015438352942327
NGC2903,external_151,bulge_rich_hsb,9,9.874168260772376e+19,3.2,215.0,5.694867229359978e-10,0.6990229517580764,1.0253433740621078,0.6313799941292518,0.39836103695510483,0.9904783798119409,0.13380051236265234,0.11189581173085753
NGC2903,external_151,bulge_rich_hsb,10,1.0861585086849612e+20,3.52,215.0,5.328652828156792e-10,0.7344204192662298,0.9405514336441105,0.6244507653284589,0.41988148965950933,1.0330192093331896,0.1454909313990629,0.12495480281607356
NGC2903,external_151,bulge_rich_hsb,11,1.1849001912926849e+20,3.84,216.0,4.962438426953606e-10,0.7698178867743833,0.855759493226113,0.6175215365276661,0.4582106919704056,1.085515191867584,0.15912166947635398,0.1407500936113115
NGC2903,external_151,bulge_rich_hsb,12,1.4811252391158563e+20,4.8,214.0,3.91985319843575e-10,0.8673608200745057,0.6175458562369137,0.5974249188359487,0.5056133083537252,1.177729298309535,0.2132481327817767,0.19698554502802396
NGC2903,external_151,bulge_rich_hsb,13,1.7773502869390275e+20,5.760000000000001,210.0,3.2861614352926847e-10,0.9018135072676886,0.49722109270855835,0.5823690376219959,0.5444648882492543,1.2259791110063272,0.25669580136678266,0.24158598158559086
NGC2903,external_151,bulge_rich_hsb,14,2.0735753347621985e+20,6.719999999999999,205.0,2.65246967214962e-10,0.9362661944608717,0.37689632918020316,0.5673131564080429,0.5768579969440835,1.267351274054087,0.3186557863609108,0.3040972763742434
NGC2903,external_151,bulge_rich_hsb,15,2.3698003825853697e+20,7.68,203.0,2.1862350335290214e-10,0.9395970619160561,0.28931587434043365,0.5505638910258368,0.6041741650635748,1.2955105477527846,0.38567320684366746,0.3711516679841599
NGC2903,external_151,bulge_rich_hsb,16,2.6660254304085413e+20,8.64,201.0,1.7984959220283296e-10,0.9283395763690535,0.2170843141984387,0.533020851814762,0.6274575379838101,1.3170506293308661,0.463584367611072,0.4487398984843997
NGC2903,external_151,bulge_rich_hsb,17,2.9622504782317126e+20,9.6,201.0,1.4490194376973271e-10,0.8988032957700893,0.15301282446363718,0.5115271733760104,0.6473639494518297,1.3342441847003064,0.560946193665494,0.5453248320257958
NGC2903,external_151,bulge_rich_hsb,18,3.258475526054884e+20,10.560000000000002,199.0,1.2199576918121097e-10,0.8117425719193639,0.11462155630441448,0.4776006008972169,0.664120949409709,1.3424650816918715,0.6462314322020949,0.6294588041051281
NGC2903,external_151,bulge_rich_hsb,19,3.554700573878055e+20,11.520000000000001,197.0,9.908959459268928e-11,0.7246818480686388,0.07623028814519187,0.4436740284184235,0.6783210476133722,1.3499894610945637,0.7472646432161656,0.729121842068904
NGC2903,external_151,bulge_rich_hsb,20,3.850925621701226e+20,12.479999999999999,196.0,8.363716245640644e-11,0.6276054988169602,0.054717254435087584,0.40155638093840845,0.6901761629537116,1.3531238775319467,0.8198598745842686,0.8005134328257553
NGC2903,external_151,bulge_rich_hsb,21,4.147150669524397e+20,13.439999999999998,193.0,7.003167535253673e-11,0.5280474016783197,0.03738643811060552,0.35740908655543585,0.7000162716213201,1.3548120547162905,0.8821278478766434,0.8616324268993316
NGC2903,external_151,bulge_rich_hsb,22,4.4433757173475685e+20,14.4,190.0,5.83466192482013e-11,0.4390756419516976,0.024016168450919133,0.3149622034505089,0.7081837389431291,1.3557486289782432,0.9296774729407318,0.9082634836658297
NGC2903,external_151,bulge_rich_hsb,23,4.7396007651707394e+20,15.36,188.0,5.005055902539705e-11,0.36878565412863823,0.017635098787931125,0.2755160461303686,0.7149721092217058,1.3557331548179323,0.9536638328563828,0.9316941977709714
NGC2903,external_151,bulge_rich_hsb,24,5.035825812993911e+20,16.32,187.0,4.175449880259278e-11,0.2984956663055786,0.0112540291249431,0.23606988881022822,0.720542246470094,1.3553877483826247,0.9741201846915126,0.9516074328984615
NGC2903,external_151,bulge_rich_hsb,25,5.3320508608170826e+20,17.28,188.0,3.628082530226366e-11,0.2539242291206773,0.008996678590754606,0.2067896721825288,0.7252456406604118,1.3551141736406829,0.9817355925632427,0.9589893986408204
NGC2903,external_151,bulge_rich_hsb,26,5.628275908640253e+20,18.24,186.0,3.104596913999016e-11,0.21152897698977413,0.007088258136695313,0.17836965053649756,0.7291772688920275,1.3546541020181655,0.9875145559628723,0.9645371326696539
NGC2903,external_151,bulge_rich_hsb,27,5.924500956463425e+20,19.2,185.0,2.668663527978011e-11,0.17744459597827297,0.00588678759393993,0.15454217757429128,0.7324938278792074,1.3542549661203014,0.9909844498592733,0.9678413839697158
NGC2903,external_151,bulge_rich_hsb,28,6.220726004286596e+20,20.16,185.0,2.326720036149118e-11,0.15228217955083612,0.005444248573613763,0.13564494069913263,0.7353386149541634,1.353975372114346,0.9926692884395751,0.9694272063348914
NGC2903,external_151,bulge_rich_hsb,29,6.516951052109768e+20,21.120000000000005,181.0,1.9895251083773527e-11,0.12753196581942705,0.005017163632126271,0.11701853829912473,0.737744592006114,1.3535890162925788,0.9941632560447652,0.970803492038279
NGC2903,external_151,bulge_rich_hsb,30,6.813176099932938e+20,22.08,178.0,1.7591728718909863e-11,0.11205631274864455,0.004937795464508981,0.10448591159001051,0.7398562200123062,1.3534759086743169,0.9948671811518388,0.9714666209034798
NGC2903,external_151,bulge_rich_hsb,31,7.10940114775611e+20,23.040000000000003,177.0,1.528820635404618e-11,0.09658065967786193,0.00485842729689169,0.09195328488089617,0.7416866341074452,1.3532844980060816,0.9955523861484233,0.9720946039520422
NGC2903,external_151,bulge_rich_hsb,32,7.405626195579281e+20,24.0,182.0,1.3413585014343735e-11,0.08440930822142169,0.004797229002053564,0.08181303256647245,0.7432936779019973,1.3531800653201493,0.9960905849841758,0.9725976675843842
NGC2903,external_151,bulge_rich_hsb,33,7.701851243402452e+20,24.959999999999997,180.0,1.1821533761806332e-11,0.07441490841678343,0.004748001446928768,0.07324893279443308,0.7447156264300002,1.3531225185220714,0.9965341932032346,0.9730184301892427
NGC2915,calibration_24,low_mass_dwarf,0,1.049130377707065e+19,0.34,13.5,6.187976846776212e-11,0.8270206165317449,1.1953508719906383,0.6523750994796015,0.062291624407971945,0.50050668039818,0.11365998114356646,0.05454203003250156
NGC2915,calibration_24,low_mass_dwarf,1,2.0674039795992162e+19,0.67,31.3,5.5456689852912666e-11,0.7327730553934081,0.9299626897864404,0.6010385131820467,0.11318570429654815,0.6315959546906289,0.15175810419496855,0.08960308111657483
NGC2915,calibration_24,low_mass_dwarf,2,3.085677581491367e+19,1.0,35.3,4.903361123806321e-11,0.6385254942550715,0.6645745075822425,0.549701926884492,0.15572956315677447,0.7570899668741202,0.21490684693824536,0.14760000699004183
NGC2915,calibration_24,low_mass_dwarf,3,4.1348079591984325e+19,1.34,50.5,4.184086642165562e-11,0.578490072597182,0.4432261084484277,0.5029132899415365,0.19173419404767747,0.8752120651487342,0.3096892790833314,0.2377420855492817
NGC2915,calibration_24,low_mass_dwarf,4,5.183938336905496e+19,1.6799999999999997,61.0,3.361105454487627e-11,0.5853073416668259,0.31580778120114184,0.4671325554238501,0.22209519918972653,0.9694775246803259,0.404001071711778,0.3331353429898356
NGC2915,calibration_24,low_mass_dwarf,5,6.2022119387976475e+19,2.01,66.5,2.5623295958590434e-11,0.5919241028226566,0.1921370518140701,0.43240419545080155,0.24785728883577307,1.050165481980419,0.546206719858318,0.4738373624314593
NGC2915,calibration_24,low_mass_dwarf,6,7.220485540689799e+19,2.34,74.4,1.7635537372304593e-11,0.5985408639784875,0.06846632242699835,0.397675835477753,0.27008855070824855,1.122064141669477,0.7859941997481695,0.708179071753513
NGC2915,calibration_24,low_mass_dwarf,7,8.23875914258195e+19,2.6699999999999995,83.0,1.3800523076827768e-11,0.5295740843249241,0.03533724846664399,0.3550652418625533,0.28913272768607506,1.141946533466707,0.8885174595772068,0.8080574374962659
NGC2915,calibration_24,low_mass_dwarf,8,9.287889520289014e+19,3.01,86.4,1.1642152532814025e-11,0.4258858655506412,0.040293637936553446,0.30776043656704655,0.3050828422391238,1.1387955877910134,0.88967348123829,0.8079390728973213
NGC2915,calibration_24,low_mass_dwarf,9,1.033701989799608e+20,3.35,83.6,9.483781988800278e-12,0.322197646776358,0.04525002740646292,0.2604556312715398,0.3178456085692123,1.1323571253261293,0.8945694089839037,0.8099568893955473
NGC2915,calibration_24,low_mass_dwarf,10,1.1355293499888232e+20,3.68,79.8,7.48519648658405e-12,0.2272070077917363,0.04969251540400635,0.21678386948161962,0.3281162864679541,1.1248845517109962,0.9027508425411781,0.8144778876774775
NGC2915,calibration_24,low_mass_dwarf,11,1.2404423877595295e+20,4.02,82.8,6.700871310639872e-12,0.20410259456645202,0.04939654551895875,0.20146368626681488,0.3373876954399324,1.130687720963068,0.9094910012177044,0.8228214185744739
NGC2915,calibration_24,low_mass_dwarf,12,1.3422697479487445e+20,4.35,83.5,5.939614522223462e-12,0.18167772290661724,0.0491092806305302,0.18659409667597499,0.34562618871090073,1.1354176039151656,0.9160570914112931,0.8305984730024679
NGC2915,calibration_24,low_mass_dwarf,13,1.4440971081379598e+20,4.68,80.4,5.1783577338070514e-12,0.1592528512467824,0.048822015742101654,0.17172450708513504,0.35314006077874394,1.1393318770869731,0.9226459487251479,0.8380894046409085
NGC2915,calibration_24,low_mass_dwarf,14,1.5490101459086662e+20,5.02,80.3,4.571700369120168e-12,0.14221172470221208,0.047997670974713566,0.15972258898512515,0.35997553304592705,1.1435913401081328,0.928795626863539,0.8453223091981115
NGC2915,calibration_24,low_mass_dwarf,15,1.6508375060978814e+20,5.35,82.1,4.214494570821158e-12,0.13357594049367852,0.046508779337736464,0.15239937651018975,0.3663642666590095,1.1489357008343999,0.9338122385498548,0.8519436781314474
NGC2915,calibration_24,low_mass_dwarf,16,1.755750543868588e+20,5.6899999999999995,82.4,3.846464354391875e-12,0.12467846585458336,0.04497476977236613,0.14485424850571088,0.37240762048629894,1.1538203755295697,0.9388367878999176,0.858395234237895
NGC2915,calibration_24,low_mass_dwarf,17,1.8606635816392943e+20,6.03,80.9,3.478434137962593e-12,0.11578099121548821,0.04344076020699579,0.13730912050123198,0.37794875335416833,1.158149580978388,0.9437094972112471,0.8644969701322688
NGC2915,calibration_24,low_mass_dwarf,18,1.9624909418285095e+20,6.36,79.0,3.2424119703786106e-12,0.10993655778626149,0.04181511485932691,0.13168513368694076,0.38309447228569293,1.1625422447758789,0.9478095406784448,0.8699141584469076
NGC2915,calibration_24,low_mass_dwarf,19,2.0643183020177247e+20,6.69,81.4,3.0353306219510136e-12,0.10475874886423346,0.04015681027883307,0.12646695236189281,0.3879567783459314,1.166718547290916,0.9516693809140316,0.8750270474784763
NGC2915,calibration_24,low_mass_dwarf,20,2.1661456622069396e+20,7.02,79.7,2.828249273523417e-12,0.09958093994220545,0.038498505698339236,0.12124877103684492,0.3926160507390396,1.1706498562450296,0.955402786731659,0.879929736412297
NGC2915,calibration_24,low_mass_dwarf,21,2.2710586999776464e+20,7.36,77.5,2.624794028507728e-12,0.0944300222650017,0.036810005805887294,0.11600371627055187,0.3970729156347033,1.1743613154702044,0.9590477272673915,0.8846672559894063
NGC2915,calibration_24,low_mass_dwarf,22,2.375971737748353e+20,7.7,79.9,2.4820726246233005e-12,0.090406487201663,0.03524453008264454,0.11156375966005967,0.40123622615648846,1.1778881253503364,0.962167457387937,0.8888498022428348
NGC2915,calibration_24,low_mass_dwarf,23,2.4777990979375677e+20,8.03,81.5,2.3435489090884154e-12,0.0865012914048931,0.03372509776302658,0.1072543900086996,0.40518486990972286,1.1811875132144525,0.9650910657907074,0.8927649347655219
NGC2915,calibration_24,low_mass_dwarf,24,2.5827121357082742e+20,8.37,82.2,2.2008275052039877e-12,0.08247775634155441,0.03215962203978383,0.10281443339820741,0.40892147008846497,1.1842683976610515,0.9679935514966951,0.896578397811948
NGC2915,calibration_24,low_mass_dwarf,25,2.684539495897489e+20,8.7,82.0,2.0813128774737327e-12,0.07892914640254449,0.030742499953498877,0.09880781314769954,0.41241585727268687,1.1871295877278258,0.9705195072968966,0.8999611155524072
NGC2915,calibration_24,low_mass_dwarf,26,2.7863668560867043e+20,9.03,84.7,1.9799215236327795e-12,0.07572050559996318,0.0294229204952153,0.09508983432848274,0.41579003898655315,1.1898746146296992,0.9727832689636999,0.9030564592744639
NGC2915,calibration_24,low_mass_dwarf,27,2.8912798938574107e+20,9.37,86.1,1.8754577045239183e-12,0.07241463325790971,0.028063353780620102,0.0912591894844412,0.4189920512517266,1.1924528230176237,0.9750291246344889,0.9060729096714617
NGC2915,calibration_24,low_mass_dwarf,28,2.9931072540466256e+20,9.7,85.3,1.7740663506829653e-12,0.06920599245532841,0.02674377432233653,0.08754121066522441,0.4220307991454927,1.1948756199644828,0.97712375089436,0.908891197360941
NGC2915,calibration_24,low_mass_dwarf,29,3.0980202918173324e+20,10.04,86.5,1.6897265295059657e-12,0.06633306601564659,0.025554810661512155,0.08412679798422507,0.4249641461509598,1.1971933496753184,0.9789540120516184,0.9114242026986582
NGC2955,calibration_24,bulge_rich_hsb,0,2.3142581861185253e+19,0.75,169.0,1.0936750883170329e-10,0.5905280574586005,0.5888301929464709,0.5406687568063053,0.1177506117695454,0.6846275467753021,0.23902739463019226,0.15115722727221848
NGC2955,calibration_24,bulge_rich_hsb,1,4.782800251311619e+19,1.55,203.0,1.0917899064930878e-10,0.5703349160249518,0.5837383637885617,0.5348898325001755,0.20721744055198585,0.8529653391601235,0.24257966063659261,0.18271929007810647
NGC2955,calibration_24,bulge_rich_hsb,2,7.097058437430144e+19,2.3,232.0,1.0900225485331392e-10,0.5514038459309062,0.5789647739530219,0.5294720909631787,0.2778377238642847,0.9522287810424201,0.2459748131460684,0.20039812222266032
NGC2955,calibration_24,bulge_rich_hsb,3,9.442173399363584e+19,3.06,256.0,1.0882316258003913e-10,0.5322203615689399,0.5741275362530083,0.5239821128723553,0.33776387378028944,1.0192889944330206,0.2494807311155803,0.21249164278147584
NGC2955,calibration_24,bulge_rich_hsb,4,1.1879858688741764e+20,3.85,248.0,1.0863700087492455e-10,0.5122796344032118,0.569099354959573,0.5182754251200521,0.38799583242346625,1.066073879137227,0.2531964724560808,0.22162508087314586
NGC2955,calibration_24,bulge_rich_hsb,5,1.4224973650675204e+20,4.61,253.0,1.0845790860164975e-10,0.4930961500412455,0.5642621172595593,0.5127854470292287,0.42969207980292873,1.0997169882675462,0.25684135339954955,0.22886592385009172
NGC2955,calibration_24,bulge_rich_hsb,6,1.653923183679373e+20,5.36,269.0,1.0828117280565491e-10,0.47416507994719986,0.5594885274240194,0.507367705492232,0.4657090781056448,1.1256046810958495,0.26050729443511667,0.23511516739888297
NGC2955,calibration_24,bulge_rich_hsb,7,1.8884346798727168e+20,6.12,268.0,1.0810208053238012e-10,0.4549815955852336,0.5546512897240058,0.5018777274014086,0.49790590547477875,1.1465991824088464,0.2642935720145744,0.24086909353816352
NGC2955,calibration_24,bulge_rich_hsb,8,2.1322032088105347e+20,6.91,260.0,1.0789572810271595e-10,0.4361389109208714,0.5488243686216071,0.4961868938797899,0.5259655141596563,1.163689888232987,0.26858655288988925,0.24663507663032627
NGC2955,calibration_24,bulge_rich_hsb,9,2.3636290274223872e+20,7.66,245.0,1.0737181033580759e-10,0.4360888155454357,0.5303163503636471,0.49104176777285796,0.550349300401288,1.1822349522310325,0.277463721091861,0.25678020223071024
NGC2955,calibration_24,bulge_rich_hsb,10,2.598140523615731e+20,8.42,247.0,1.068409069986738e-10,0.43603805223166087,0.5115615585289143,0.4858280399845002,0.5678282767136861,1.1960550940240113,0.2869185654747106,0.2670070970521801
NGC2955,calibration_24,bulge_rich_hsb,11,2.7339103372013512e+20,8.86,267.0,1.0653354190875423e-10,0.4360086629447386,0.500703521150911,0.4828095660017668,0.5785466617260239,1.204090729677752,0.2926163104488451,0.2731613027700654
NGC2955,calibration_24,bulge_rich_hsb,12,2.8419090525535493e+20,9.21,255.0,1.0628904695086366e-10,0.4359852851028686,0.49206644596386295,0.48040850715186517,0.6028618911588369,1.218067034348206,0.2972714287395563,0.27896942181111245
NGC2955,calibration_24,bulge_rich_hsb,13,3.338703143173659e+20,10.819999999999999,253.0,1.0516437014456706e-10,0.43587774703026666,0.45233590010344205,0.4693636364423179,0.6280026976693039,1.2381592873480467,0.32019465481868076,0.3026430378114908
NGC2955,calibration_24,bulge_rich_hsb,14,3.567043284204021e+20,11.56,271.0,1.0464743794788415e-10,0.4358283195931701,0.43407465542225476,0.46428711201681166,0.6430318180386113,1.2484726610753496,0.3316361651767075,0.3145575356131422
NGC2955,calibration_24,bulge_rich_hsb,15,3.8262402010492954e+20,12.4,276.0,1.0406065004894679e-10,0.4357722127726821,0.4133456749733395,0.4585245707770479,0.6651048520604769,1.2617293644806267,0.3453883680513786,0.32902310266188217
NGC2955,calibration_24,bulge_rich_hsb,16,4.3724051329732674e+20,14.17,275.0,1.0248576427842912e-10,0.4338207579477722,0.3738428206938511,0.4466085232077286,0.6964823544037845,1.2813239888365389,0.3745860027804617,0.359001212878694
NGC2955,calibration_24,bulge_rich_hsb,17,5.208623757557427e+20,16.88,275.0,9.849500649920714e-11,0.4222772906071903,0.33285067940497715,0.42942101702952434,0.7258145045495111,1.2987109234272685,0.41163599919844557,0.396492963941516
NGC2955,calibration_24,bulge_rich_hsb,18,6.013985606326674e+20,19.49,276.0,9.465150915464279e-11,0.41115978147105803,0.29337116325591406,0.412867736171549,0.7490845826244207,1.3130139619491006,0.4522359921609149,0.437293080368052
NGC2955,calibration_24,bulge_rich_hsb,19,6.847118553329344e+20,22.19,267.0,8.959299025764376e-11,0.39683761721793265,0.2600851396991834,0.3959554557073669,0.7679702534101548,1.3241408059980382,0.49265420553985817,0.4777437494650303
NGC2955,calibration_24,bulge_rich_hsb,20,7.652480402098591e+20,24.8,257.0,8.397353062780918e-11,0.3810914070044204,0.23300035525550977,0.3797496657727012,0.7836194305742031,1.3328109156778922,0.530555185001942,0.5156014215767045
NGC2955,calibration_24,bulge_rich_hsb,21,8.488699026682751e+20,27.51,254.0,7.813607834026394e-11,0.3646791397122475,0.2050023410986659,0.3629091489561722,0.7967214974248387,1.3407349982023993,0.5734036187702902,0.558295816255166
NGC2955,calibration_24,bulge_rich_hsb,22,9.294060875451998e+20,30.12,248.0,7.235886796347105e-11,0.34524965972084365,0.1852250197988536,0.3458924815548816,0.8128047243683316,1.347613071014306,0.6095035930655104,0.5943865785048431
NGC2955,calibration_24,bulge_rich_hsb,23,1.0932555671223914e+21,35.43,227.0,6.085436418732383e-11,0.30531246344305324,0.14698955433710229,0.3110395352740629,0.8291080824579943,1.3568853989484388,0.6862496576775385,0.6706087690671099
NGC2976,external_151,bulge_rich_hsb,0,3.394245339640504e+18,0.11,6.8,5.3385976959886607e-11,0.7010222182566591,2.6452143082588218,0.7698424247521101,0.014052622264517204,0.21220008482375952,0.04680775341304074,0.009858234521127779
NGC2976,external_151,bulge_rich_hsb,1,5.245651888535325e+18,0.17,9.5,5.3167541092854725e-11,0.6650830192972902,2.6594222089104593,0.7686623805630298,0.028814963740953506,0.2251093652495848,0.04663748825742111,0.010410092239207322
NGC2976,external_151,bulge_rich_hsb,2,7.40562619557928e+18,0.24,14.0,5.2912699247984194e-11,0.6231539538446933,2.6759980930040363,0.7672856623424362,0.04419916860107971,0.2371158475333581,0.04644131857563116,0.010909072924880178
NGC2976,external_151,bulge_rich_hsb,3,9.565600502623238e+18,0.31,19.8,5.265785740311367e-11,0.5812248883920963,2.692573977097613,0.7659089441218425,0.05907725570331075,0.2481735945335598,0.046247768432186975,0.011360020681553206
NGC2976,external_151,bulge_rich_hsb,4,1.1725574809667195e+19,0.38,26.1,5.240301555824314e-11,0.5392958229394993,2.70914986119119,0.7645322259012489,0.07347372801622845,0.25834363892423706,0.04605679300491888,0.01176656687342054
NGC2976,external_151,bulge_rich_hsb,5,1.3885549116711152e+19,0.45,28.7,5.214817371337261e-11,0.4973667574869023,2.725725745284767,0.7631555076806553,0.08741153170009919,0.2676827030558375,0.045868348534263005,0.012132057974581565
NGC2976,external_151,bulge_rich_hsb,6,1.604552342375511e+19,0.52,28.7,5.1884029503490944e-11,0.4572756363921771,2.736520498322408,0.7614680568730147,0.10090675228263471,0.27709645408240263,0.04579230645865859,0.012527127392840337
NGC2976,external_151,bulge_rich_hsb,7,1.8205497730799065e+19,0.59,31.7,5.137414781789846e-11,0.4657368787512328,2.5945970392990683,0.7515720868908835,0.11384083684712208,0.309327105375372,0.048779852204191246,0.01484945272106378
NGC2976,external_151,bulge_rich_hsb,8,2.0365472037843026e+19,0.6600000000000001,35.5,5.086426613230598e-11,0.4741981211102885,2.4526735802757282,0.7416761169087523,0.1262449103381038,0.34265654057933426,0.05210804619672731,0.017507802163346967
NGC2976,external_151,bulge_rich_hsb,9,2.252544634488698e+19,0.73,39.4,5.03543844467135e-11,0.4826593634693442,2.310750121252389,0.7317801469266212,0.1381477814424847,0.377181025395682,0.05583594308803562,0.020564440212312737
NGC2976,external_151,bulge_rich_hsb,10,2.468542065193094e+19,0.8,42.9,4.984450276112102e-11,0.4911206058283999,2.168826662229049,0.72188417694449,0.14957615273868724,0.41299721703152287,0.06003692330825847,0.024096200020280713
NGC2976,external_151,bulge_rich_hsb,11,2.6845394958974894e+19,0.87,46.0,4.9334621075528535e-11,0.49958184818745555,2.02690320320571,0.7119882069623589,0.16055480833396946,0.45020081927394734,0.06480330477969537,0.028198921703055255
NGC2976,external_151,bulge_rich_hsb,12,2.900536926601885e+19,0.94,49.1,4.882473938993606e-11,0.5080430905465112,1.8849797441823704,0.7020922369802277,0.17110678175265287,0.4888847989604497,0.07025285747934255,0.032993665599628824
NGC2976,external_151,bulge_rich_hsb,13,3.1165343573062808e+19,1.01,49.2,4.831485770434357e-11,0.516504332905567,1.7430562851590305,0.6921962669980966,0.18125350645713612,0.5291370965675833,0.07653820434148866,0.03863561561100069
NGC2976,external_151,bulge_rich_hsb,14,3.3325317880106766e+19,1.08,51.4,4.769948732374019e-11,0.521810811180173,1.6424370488260949,0.6830833392781186,0.19033572659152168,0.5619401285949699,0.08183832554234745,0.043605831608697423
NGC2976,external_151,bulge_rich_hsb,15,3.517672442900158e+19,1.14,57.2,4.7122126011054785e-11,0.5248668731599677,1.575730779091034,0.6756426732459215,0.19912295260844465,0.5886610257955576,0.08586410956476867,0.047675867927156446
NGC2976,external_151,bulge_rich_hsb,16,3.733669873604554e+19,1.21,63.8,4.6448537812921797e-11,0.5284322788030617,1.4979067977334626,0.6669618962083582,0.2089022761358435,0.619620097719397,0.09098793955540628,0.05283905530153739
NGC2976,external_151,bulge_rich_hsb,17,3.980524080123864e+19,1.29,67.8,4.567872272934125e-11,0.5325070281094546,1.4089651047533809,0.6570410081654288,0.21768547248473602,0.6519213490347717,0.09748984579159982,0.05914853644314375
NGC2976,external_151,bulge_rich_hsb,18,4.165664735013346e+19,1.35,69.8,4.510136141665583e-11,0.5355630900892493,1.3422588350183198,0.6496003421332317,0.2255789556681335,0.678693121554421,0.10288787768701893,0.06459057058420624
NGC2976,external_151,bulge_rich_hsb,19,4.381662165717741e+19,1.42,71.7,4.442777321852286e-11,0.5391284957323431,1.2644348536607488,0.6409195650956685,0.23379334308147298,0.7088666425460111,0.10984170271207096,0.07150407692672046
NGC2976,external_151,bulge_rich_hsb,20,4.597659596422137e+19,1.4899999999999998,74.1,4.3754185020389876e-11,0.542693901375437,1.1866108723031774,0.6322387880581053,0.24172750294506337,0.7391232689668694,0.11761642046532196,0.07923115068281382
NGC2976,external_151,bulge_rich_hsb,21,4.8136570271265325e+19,1.5599999999999998,76.7,4.306119704344469e-11,0.5460438017862184,1.111893760288524,0.6236569039717428,0.24939460607190198,0.7686743453619389,0.12603343953124793,0.0876162952189216
NGC2976,external_151,bulge_rich_hsb,22,5.029654457830928e+19,1.63,79.9,4.221031642227801e-11,0.5476397290562348,1.0624631126481743,0.615879898627098,0.258908809131132,0.7946758975369823,0.13256451673769562,0.09460289145983593
NGC2976,external_151,bulge_rich_hsb,23,5.369078991794979e+19,1.74,83.6,4.0873218303301785e-11,0.5501476147662605,0.9847863806419105,0.6036588902283705,0.2739428546225159,0.8353777586445794,0.1439936531548234,0.10677849378509784
NGC2976,external_151,bulge_rich_hsb,24,5.955357732278338e+19,1.93,83.9,3.856368518870649e-11,0.5544794173563049,0.8506174799038186,0.5825498757214774,0.29060815551974917,0.8928492536216559,0.1679184688492493,0.13078530531128066
NGC2976,external_151,bulge_rich_hsb,25,6.4799229211318714e+19,2.1,88.7,3.6511441067217844e-11,0.5567208466208766,0.7384970650988947,0.5640077522727743,0.30519080011976785,0.9414887076615395,0.19360406897107157,0.15651634947714496
NGC2976,external_151,bulge_rich_hsb,26,7.004488109985404e+19,2.27,85.3,3.452480554038154e-11,0.5514003256932483,0.6630457808847356,0.5470613501055124,0.3187736989771031,0.9770976610030495,0.2161102777559884,0.17912888334985463
NGC2998,external_151,bulge_rich_hsb,0,1.0182736018921513e+19,0.33000000000000007,90.0,1.465496101277631e-10,0.7220412888724305,0.7069004429154742,0.5866548469156538,0.1067241570672216,0.6736203361095238,0.1942854542963798,0.12119907616125405
NGC2998,external_151,bulge_rich_hsb,1,3.0548208056764535e+19,0.99,125.0,1.4326108947824086e-10,0.6954969564078461,0.6759227928427622,0.5737326101059258,0.20981674473909723,0.8619562472598963,0.20500249206279092,0.15562096717248944
NGC2998,external_151,bulge_rich_hsb,2,6.109641611352907e+19,1.98,148.0,1.3832830850395752e-10,0.6556804577109697,0.6294563177336945,0.5543492548913337,0.2890906101080907,0.9724465363680891,0.22274758937904257,0.18404881963359698
NGC2998,external_151,bulge_rich_hsb,3,8.14618881513721e+19,2.6400000000000006,180.0,1.3503978785443528e-10,0.6291361252463855,0.5984786676609826,0.5414270180816056,0.3525325705249447,1.043369565628362,0.23583096858143315,0.20378273574212977
NGC2998,external_151,bulge_rich_hsb,4,1.1201009620813662e+20,3.63,201.0,1.301070068801519e-10,0.5893196265495091,0.5520121925519148,0.5220436628670135,0.48537611191938634,1.1535845418272033,0.2576161198506651,0.23551840506526178
NGC2998,external_151,bulge_rich_hsb,5,2.3420292843519476e+20,7.59,206.0,1.0997330176678993e-10,0.43478832694937936,0.36859297953944886,0.4449514433973476,0.6081630389615645,1.2474295806058269,0.37877930134178134,0.3591475392876481
NGC2998,external_151,bulge_rich_hsb,6,3.857096976864209e+20,12.5,214.0,7.402493513648669e-11,0.3723733705522029,0.20793062778816418,0.3614032527801304,0.6777868192312725,1.305117085185765,0.570949609190302,0.550917487358243
NGC2998,external_151,bulge_rich_hsb,7,5.39376441244691e+20,17.48,212.0,4.747637154417441e-11,0.28572041763129374,0.10249380735770959,0.2743625392368374,0.7163232701906382,1.3347531470143774,0.7805154542064845,0.7588724749309131
NGC2998,external_151,bulge_rich_hsb,8,6.93043184802961e+20,22.46,213.0,3.0035551066878293e-11,0.18049985515328162,0.049352153329464125,0.18668798377358892,0.737671662364935,1.3468215737225053,0.9156381044411815,0.8927676015294547
NGC2998,external_151,bulge_rich_hsb,9,8.467099283612311e+20,27.44,214.0,2.0734758528533585e-11,0.12284551539131201,0.030665846922389228,0.13137345640215634,0.7507395008553189,1.3516371244145582,0.9612733875947872,0.9382802965700978
NGC2998,external_151,bulge_rich_hsb,10,9.972909943380098e+20,32.32,213.0,1.4019544224999653e-11,0.08259671307754303,0.01911898505053551,0.09190265157358565,0.7591332468939643,1.354473966768386,0.9827325496375899,0.9598284128757598
NGC2998,external_151,bulge_rich_hsb,11,1.1509577378962798e+21,37.3,213.0,9.325816478720742e-12,0.056098759844659785,0.013308795138465624,0.06489126926655642,0.764782774540227,1.3560017061580716,0.9914377000401091,0.9686546508205849
NGC2998,external_151,bulge_rich_hsb,12,1.3046244814545502e+21,42.28,203.0,6.8186085265357845e-12,0.04331255104212259,0.011061264353676745,0.05148063494197867,0.7690796727901544,1.3570435633164448,0.9943378335702834,0.9717084236392223
NGC3109,external_151,low_mass_dwarf,0,8.022761711877555e+18,0.26,6.1,3.1457996262945918e-12,0.2851710812585714,0.1813704780150718,0.3174315072317175,0.024834323338043147,0.3521965986744768,0.6346276819032748,0.21892142116038768
NGC3109,external_151,low_mass_dwarf,1,1.604552342375511e+19,0.52,11.2,3.136575126145664e-12,0.26221640689143233,0.17751834932556348,0.3044991323479139,0.04709832783315223,0.4333429726069927,0.6491222622351582,0.2725710564244593
NGC3109,external_151,low_mass_dwarf,2,2.3759717377483526e+19,0.77,14.9,3.1277054144640026e-12,0.2401446046153371,0.17381437943180547,0.29206415649810274,0.06751840343298016,0.5026189141874619,0.6632841381439434,0.3195186977533941
NGC3109,external_151,low_mass_dwarf,3,3.178247908936108e+19,1.03,19.1,3.1184115039296838e-12,0.21775317048217577,0.16968922852750515,0.2792323706546742,0.08659897674594144,0.5624577095931786,0.6785055685634032,0.36182456020886783
NGC3109,external_151,low_mass_dwarf,4,3.980524080123864e+19,1.29,24.3,3.1071182357088502e-12,0.21158580260090887,0.1576997060215126,0.2692980398522929,0.10427534767522001,0.6261213613229386,0.7019109159565964,0.41132421005814024
NGC3109,external_151,low_mass_dwarf,5,4.782800251311619e+19,1.55,29.8,3.095824967488017e-12,0.205418434719642,0.14571018351552004,0.2593637090499115,0.1206647127774605,0.6815364775543616,0.7257318868834379,0.4572016573877105
NGC3109,external_151,low_mass_dwarf,6,5.585076422499375e+19,1.81,34.3,3.0845316992671836e-12,0.19925106683837512,0.13372066100952748,0.24942937824753017,0.13558290431011694,0.7290990405744157,0.749884547768716,0.49957158035631616
NGC3109,external_151,low_mass_dwarf,7,6.356495817872216e+19,2.06,38.2,3.0728022483371562e-12,0.1932905520753202,0.12251149808964834,0.23998453421077942,0.14946608460053784,0.7707447516829006,0.7727923623313794,0.5383810314964445
NGC3109,external_151,low_mass_dwarf,8,7.1587719890599715e+19,2.32,42.5,3.04853582307956e-12,0.18667084541399798,0.11527919334522789,0.23165068243143067,0.1627012554880588,0.8062888432024954,0.7892379275726953,0.5696114455837938
NGC3109,external_151,low_mass_dwarf,9,7.961048160247728e+19,2.58,42.3,3.024269397821964e-12,0.18005113875267578,0.10804688860080745,0.22331683065208188,0.17507609787700093,0.8377164128914714,0.8056155351985417,0.5986665756793802
NGC3109,external_151,low_mass_dwarf,10,8.763324331435481e+19,2.84,47.3,3.0000029725643677e-12,0.1734314320913536,0.10081458385638703,0.21498297887273313,0.18664841100429697,0.8656333703709602,0.8218721917145592,0.6258605562195413
NGC3109,external_151,low_mass_dwarf,11,9.565600502623239e+19,3.1,49.3,2.971811252325436e-12,0.1669417415974309,0.09388138953933187,0.20683587192841912,0.19727422271425152,0.8900295895542942,0.8373944236938989,0.6507311435557807
NGC3109,external_151,low_mass_dwarf,12,1.033701989799608e+20,3.35,50.6,2.9213474358040354e-12,0.1614752801954933,0.08899463125702937,0.20011328926961372,0.20729372529407233,0.9115149501163355,0.8488315228874531,0.6709441309784091
NGC3109,external_151,low_mass_dwarf,13,1.1139296069183835e+20,3.61,53.0,2.8688650666217784e-12,0.15579016033747817,0.08391240264343477,0.1931218033044561,0.21691158190231982,0.9312738597805723,0.8605458400477523,0.6904854999695382
NGC3109,external_151,low_mass_dwarf,14,1.194157224037159e+20,3.87,54.7,2.8163826974395215e-12,0.15010504047946305,0.07883017402984016,0.18613031733929847,0.2259629362773946,0.9491412901598432,0.8720472511072206,0.708900908507341
NGC3109,external_151,low_mass_dwarf,15,1.2743848411559346e+20,4.13,55.2,2.762122222566079e-12,0.14454179955068983,0.07399163508807151,0.17931383604859297,0.23432494816347157,0.965001251394636,0.8828640369594458,0.7257580540173116
NGC3109,external_151,low_mass_dwarf,16,1.3515267806932188e+20,4.38,57.5,2.7017566326458946e-12,0.13975404782581002,0.07046191644745375,0.1735658054868551,0.24224861360233807,0.9791966415498966,0.8910291068704329,0.739598366020163
NGC3109,external_151,low_mass_dwarf,17,1.4317543978119943e+20,4.64,59.1,2.6389764191289027e-12,0.13477478603193505,0.06679100906121128,0.16758785370264767,0.24989080065652167,0.9924390642474353,0.8993342617900281,0.7530681385580158
NGC3109,external_151,low_mass_dwarf,18,1.51198201493077e+20,4.9,61.2,2.5761962056119104e-12,0.12979552423806007,0.0631201016749688,0.16160990191844027,0.2571157944192378,1.0045745126940397,0.9074341534244745,0.7658143457077042
NGC3109,external_151,low_mass_dwarf,19,1.5922096320495455e+20,5.16,62.7,2.513042753892723e-12,0.12495105735520687,0.05963327317998768,0.15579822277823865,0.2639504177998968,1.0156872834118182,0.9149904516024977,0.7775982079777619
NGC3109,external_151,low_mass_dwarf,20,1.672437249168321e+20,5.42,64.4,2.4484526313158766e-12,0.12062544389969948,0.05685500232200462,0.1506265613550434,0.27031594261485703,1.025604423210968,0.9211167286146626,0.7875803996440865
NGC3109,external_151,low_mass_dwarf,21,1.749579188705605e+20,5.67,66.6,2.3863467442227557e-12,0.11646620019248086,0.054183588035482455,0.14565380998658645,0.2763674770670287,1.0347882021906507,0.9268523832287863,0.7968652375226447
NGC3109,external_151,low_mass_dwarf,22,1.8298068058243806e+20,5.93,66.3,2.3217566216459095e-12,0.11214058673697347,0.05140531717749939,0.1404821485633912,0.2822214884701164,1.0434599477892073,0.9326485133650532,0.8059487326736708
NGC3109,external_151,low_mass_dwarf,23,1.9100344229431565e+20,6.19,66.2,2.2576434091391296e-12,0.10795062970148507,0.04877117944108912,0.1354673970207256,0.28777752136245527,1.0514779312489277,0.9380255458561507,0.8143540570750358
NGC3109,external_151,low_mass_dwarf,24,1.9902620400619317e+20,6.449999999999999,67.3,2.1950423108135524e-12,0.10419079148578395,0.04659403716522882,0.13095015154977357,0.2930671325303195,1.0588616676165004,0.9424937777033305,0.8216645847005202
NGC3198,external_151,bulge_rich_hsb,0,9.874168260772375e+18,0.32,24.4,8.579757751097355e-11,0.6951703310456527,0.7243197933394241,0.5818805027315889,0.054334050331794066,0.534678398653976,0.19176648102102195,0.0977173621609432
NGC3198,external_151,bulge_rich_hsb,1,1.974833652154475e+19,0.64,43.3,8.423174083142217e-11,0.6747534347436018,0.6952668580414085,0.5687898507370123,0.10202691754398224,0.6493138865167535,0.20183234201837813,0.12203591928795557
NGC3198,external_151,bulge_rich_hsb,2,2.962250478231712e+19,0.96,45.5,8.266590415187081e-11,0.6543365384415509,0.6662139227433931,0.5556991987424358,0.14419449842847776,0.7393781344833598,0.2126688795062082,0.14330236337700789
NGC3198,external_151,bulge_rich_hsb,3,3.94966730430895e+19,1.28,58.5,8.110006747231943e-11,0.6339196421395,0.6371609874453776,0.5426085467478592,0.18227501892344664,0.8122612401237717,0.22435156916838206,0.16284433972532922
NGC3198,external_151,bulge_rich_hsb,4,4.967940906201101e+19,1.61,68.8,7.948529839653207e-11,0.6128647178280101,0.6072001479192991,0.5291088118784522,0.21628034207524882,0.8714185777197301,0.23737466534819882,0.18164927830365085
NGC3198,external_151,bulge_rich_hsb,5,5.955357732278338e+19,1.93,76.9,7.791946171698071e-11,0.5924478215259592,0.5781472126212837,0.5160181598838756,0.24592203969810048,0.9189419101917256,0.25104531453155804,0.19957102407582125
NGC3198,external_151,bulge_rich_hsb,6,6.911917782540663e+19,2.24,82.0,7.64025574336653e-11,0.5726689532333473,0.5500021815513312,0.5033365907641294,0.27316238866595505,0.9595086149922979,0.26536727072191735,0.21731181886500175
NGC3198,external_151,bulge_rich_hsb,7,7.930191384432814e+19,2.57,86.9,7.478778835787796e-11,0.5516140289218574,0.5200413420252527,0.48983685589472237,0.2982191129155404,0.9948904176718028,0.28190024315065115,0.23642953469440753
NGC3198,external_151,bulge_rich_hsb,8,8.917608210510052e+19,2.89,97.6,7.322195167832658e-11,0.5311971326198065,0.49098840672723715,0.47674620390014577,0.320661824274675,1.025036926425578,0.2993323161607756,0.2558493155577784
NGC3198,external_151,bulge_rich_hsb,9,9.905025036587288e+19,3.21,100.0,7.16561149987752e-11,0.5107802363177556,0.4619354714292217,0.4636555519055693,0.3414633570185493,1.0518476996049986,0.31828994682484846,0.27638424452179305
NGC3198,external_151,bulge_rich_hsb,10,1.092329863847944e+20,3.54,107.0,7.004134592298784e-11,0.4897253120062657,0.4319746319031432,0.45015581703616214,0.3601914423793355,1.075516255641109,0.33960943643479824,0.29880048336392856
NGC3198,external_151,bulge_rich_hsb,11,1.1879858688741764e+20,3.85,113.0,6.852444163967245e-11,0.4699464437136538,0.4038296008331907,0.4374742479164161,0.3771370116025679,1.0962470254645282,0.3614478940175564,0.3215074510483482
NGC3198,external_151,bulge_rich_hsb,12,1.2867275514819e+20,4.17,117.0,6.695860496012109e-11,0.44952954741160295,0.37477666553517525,0.4243835959218395,0.3932217869046531,1.1156300248300985,0.3860272510952682,0.34672501847709314
NGC3198,external_151,bulge_rich_hsb,13,1.3885549116711151e+20,4.5,119.0,6.534383588433373e-11,0.428474623100113,0.3448158260090968,0.41088386105243246,0.4080226838044114,1.1334849900729054,0.4137715451929676,0.37483299442744034
NGC3198,external_151,bulge_rich_hsb,14,1.487296594278839e+20,4.82,127.0,6.377799920478235e-11,0.40805772679806207,0.31576289071108127,0.39779320905785587,0.4216799749250421,1.1497550332800546,0.44324603796983303,0.4045346342014912
NGC3198,external_151,bulge_rich_hsb,15,1.5891239544680543e+20,5.15,132.0,6.2163230128995e-11,0.38700280248657204,0.2858020511850028,0.3842934741884487,0.4340985724779909,1.1648628820090257,0.4765720443238112,0.4378430368592882
NGC3198,external_151,bulge_rich_hsb,16,1.6847799594942864e+20,5.46,134.0,6.064632584567961e-11,0.3672239341939603,0.2576570201150504,0.3716119050687028,0.4454341750209224,1.1785132712384694,0.5108598168645329,0.47205422004469094
NGC3198,external_151,bulge_rich_hsb,17,1.7835216421020103e+20,5.78,137.0,5.908048916612824e-11,0.34680703789190936,0.22860408481703476,0.35852125307412613,0.4561118845187222,1.1916290706562327,0.5495730772317311,0.5105386576001111
NGC3198,external_151,bulge_rich_hsb,18,1.882263324709734e+20,6.1000000000000005,140.0,5.747370505868764e-11,0.32760795837964773,0.2013857146262401,0.3457894890968408,0.46618004359565646,1.203738878498256,0.5894938170481209,0.5502260893317243
NGC3198,external_151,bulge_rich_hsb,19,1.984090684898949e+20,6.43,142.0,5.541168625996948e-11,0.31985468083550234,0.19146297708114207,0.3362097212331992,0.47547551378927644,1.2115566517929393,0.6083771804446726,0.5695410556952919
NGC3198,external_151,bulge_rich_hsb,20,2.0797466899251816e+20,6.74,144.0,5.347463829753726e-11,0.31257129890009294,0.18214161756908023,0.32721054536129335,0.48408217466624387,1.2186526298325517,0.6265716845117066,0.58812241761116
NGC3198,external_151,bulge_rich_hsb,21,2.178488372532905e+20,7.059999999999999,146.0,5.1475104916962076e-11,0.30505296916031566,0.17251956904050034,0.3179210734935196,0.5005140462108086,1.2301759967670742,0.645796226389673,0.6086936910829488
NGC3198,external_151,bulge_rich_hsb,22,2.480884775519059e+20,8.04,147.0,4.535153393895056e-11,0.28202808433224746,0.14305204542172426,0.2894720658984625,0.5216425257094391,1.2475277710681087,0.7071657116878362,0.6705360630981742
NGC3198,external_151,bulge_rich_hsb,23,2.7894525336681955e+20,9.04,148.0,3.910299212465309e-11,0.25853330389544316,0.11298314376991196,0.26044246631166956,0.5393511529859091,1.2624701691488478,0.772644618557715,0.7362089047215234
NGC3198,external_151,bulge_rich_hsb,24,3.0980202918173324e+20,10.04,152.0,3.2854450310355625e-11,0.2350385234586389,0.08291424211809964,0.23141286672487663,0.5540208973356415,1.2754350926305493,0.8390147041969188,0.8026828963802562
NGC3198,external_151,bulge_rich_hsb,25,3.406588049966469e+20,11.04,155.0,2.6605908496058154e-11,0.21154374302183465,0.05284534046628733,0.2023832671380837,0.5661640445891506,1.2869107875808299,0.9033830666809654,0.8672246134195917
NGC3198,external_151,bulge_rich_hsb,26,3.7182414856970974e+20,12.05,156.0,2.0294881263617707e-11,0.18781401478066231,0.022475749797956857,0.17306337155542276,0.5807810580042191,1.2992588667720906,0.9625590607052442,0.9272905776655517
NGC3198,external_151,bulge_rich_hsb,27,4.335377001995371e+20,14.05,157.0,1.622976855117628e-11,0.14826837950326283,0.016535993331688693,0.13910167969171905,0.5954139698916233,1.3040977047801556,0.9775153440805137,0.9429564855185776
NGC3198,external_151,bulge_rich_hsb,28,4.958683873456627e+20,16.07,153.0,1.2523309573316381e-11,0.1086798028082452,0.01310344487996617,0.1059415337430162,0.606043310670025,1.306594322951061,0.9863080806155278,0.9520843700043776
NGC3198,external_151,bulge_rich_hsb,29,5.5943334552438486e+20,18.13,153.0,8.743455368172122e-12,0.06830729390144498,0.009602925171773889,0.07212475124087366,0.6127990493769813,1.307476384782085,0.9931215548101988,0.9588898082272315
NGC3198,external_151,bulge_rich_hsb,30,6.186783550890191e+20,20.05,154.0,7.350743657034629e-12,0.05731703109478101,0.009031316594195923,0.062033203704331935,0.6184408270751212,1.3091433006153637,0.9944287971703519,0.9605821174349445
NGC3198,external_151,bulge_rich_hsb,31,6.825518810258904e+20,22.12,153.0,5.948251168976179e-12,0.04670644048733111,0.008540142431621125,0.052149285688945585,0.6230465898043314,1.3103886725093725,0.9955661235404891,0.9620007091018606
NGC3198,external_151,bulge_rich_hsb,32,7.414883228323756e+20,24.030000000000005,150.0,4.6541638973860126e-12,0.03691599214905607,0.008086933421709115,0.043029342012912766,0.626763991897674,1.3113201899244085,0.9965323124600378,0.963172915509394
NGC3198,external_151,bulge_rich_hsb,33,8.053618487692469e+20,26.100000000000005,149.0,3.9521656010754176e-12,0.03237920992065267,0.007792475193092313,0.03859480288561334,0.6301586685093269,1.3124221727413174,0.997001527436886,0.9639077307722752
NGC3198,external_151,bulge_rich_hsb,34,8.68926806947969e+20,28.16,148.0,3.3489449060365025e-12,0.028691415097516042,0.007526226279829484,0.03492372866190953,0.6330688777814077,1.313376474994519,0.9973784517348436,0.964514898190371
NGC3198,external_151,bulge_rich_hsb,35,9.281718165126032e+20,30.08,146.0,2.7867197922138248e-12,0.02525424710701977,0.007278071952904904,0.03150214491942831,0.6356549530780303,1.3142117217961293,0.9977124958982803,0.9650497549899144
NGC3198,external_151,bulge_rich_hsb,36,9.917367746913253e+20,32.14,147.0,2.445900201577128e-12,0.023167462699086434,0.006980681227002817,0.029258188996942623,0.638024379644674,1.3150572668620417,0.9979617420739308,0.96550464009489
NGC3198,external_151,bulge_rich_hsb,37,1.0509817842559597e+21,34.06,148.0,2.1649660792162712e-12,0.02144655961555078,0.006699143232074357,0.02736645979831889,0.6402128827685862,1.31584857124384,0.9981700365660865,0.9659056602292675
NGC3198,external_151,bulge_rich_hsb,38,1.1145467424346817e+21,36.12,148.0,1.863547177099936e-12,0.019600174015507323,0.006397076425015699,0.025336792012295516,0.6422906558774744,1.3165908778636155,0.998381808838133,0.9662972240587588
NGC3198,external_151,bulge_rich_hsb,39,1.178420268371553e+21,38.19,149.0,1.6740427023610196e-12,0.018290355742931034,0.006095016087066488,0.02380105679060069,0.644151011123801,1.3172814020485242,0.9985514231785951,0.9666345561825389
NGC3198,external_151,bulge_rich_hsb,40,1.2373567101780382e+21,40.1,150.0,1.5168289494833763e-12,0.017166671081377684,0.005816532596918929,0.022462421287891776,0.6458890730825043,1.3179289257025446,0.9986951707475884,0.9669356986882713
NGC3198,external_151,bulge_rich_hsb,41,1.3012302361149097e+21,42.17,150.0,1.3464454581447785e-12,0.01594885576754761,0.005514720646863721,0.02101164877972033,0.6474995804678416,1.3185259417428021,0.9988426073763742,0.9672274636518808
NGC3198,external_151,bulge_rich_hsb,42,1.3601666779213946e+21,44.08,149.0,1.239019365486286e-12,0.015059728509807973,0.005256706854304511,0.019909683235834752,0.6489516081265037,1.3190716605051769,0.998954500529813,0.9674717418379438
NGC3521,external_151,bulge_rich_hsb,0,1.5736955665605972e+19,0.51,143.0,6.934872690165352e-10,0.8572175817242726,2.1007730986151123,0.741922180787145,0.03957709508760931,0.33937567610912867,0.06029144309629696,0.02007092752844525
NGC3521,external_151,bulge_rich_hsb,1,2.129117531229043e+19,0.69,160.0,6.820406283771812e-10,0.8445391587385117,2.0365123326134844,0.7353527594862186,0.07485921382417787,0.40275642685949015,0.06259565541330338,0.02453472374538136
NGC3521,external_151,bulge_rich_hsb,2,2.6536827200825758e+19,0.86,178.0,6.712299122177913e-10,0.832565092585293,1.975821609167503,0.7291483060353436,0.10647682025114481,0.45920613564833473,0.06490695350790636,0.02876913888288123
NGC3521,external_151,bulge_rich_hsb,3,3.178247908936108e+19,1.03,188.0,6.604191960584015e-10,0.8205910264320743,1.9151308857215212,0.7229438525844687,0.13576169497383997,0.5111899730043006,0.06736129178414318,0.032954184228403995
NGC3521,external_151,bulge_rich_hsb,4,3.702813097789641e+19,1.2,187.0,6.496084798990117e-10,0.8086169602788555,1.8544401622755395,0.7167393991335937,0.16373397308787088,0.560359756377395,0.06997164543581139,0.03718929763306845
NGC3521,external_151,bulge_rich_hsb,5,4.258235062458086e+19,1.38,195.0,6.381618392596578e-10,0.7959385372930945,1.7901793962739119,0.7101699778326673,0.18971945458200187,0.6061725226968732,0.07292181954136505,0.04154546293673939
NGC3521,external_151,bulge_rich_hsb,6,4.782800251311619e+19,1.55,199.0,6.273511231002679e-10,0.7839644711398759,1.7294886728279302,0.7039655243817924,0.2125872211637193,0.6463955768369538,0.07590130520157061,0.04571634722847357
NGC3521,external_151,bulge_rich_hsb,7,5.2765086643502375e+19,1.71,203.0,6.171763314208422e-10,0.7726947618191994,1.6723679919375947,0.6981260387809689,0.2346566984677393,0.6844172893872464,0.07889399196856518,0.04987848914092708
NGC3521,external_151,bulge_rich_hsb,8,5.831930629018684e+19,1.89,206.0,6.057296907814882e-10,0.7600163388334384,1.6081072259359668,0.6915566174800425,0.25592293019945017,0.7217455041831177,0.08250163478526905,0.054508495711031155
NGC3521,external_151,bulge_rich_hsb,9,6.356495817872216e+19,2.06,211.0,5.949189746220984e-10,0.7480422726802197,1.5474165024899853,0.6853521640291675,0.27530875096887014,0.755588431179914,0.08616787968856057,0.05908678751118252
NGC3521,external_151,bulge_rich_hsb,10,6.881061006725748e+19,2.23,219.0,5.841082584627086e-10,0.736068206527001,1.4867257790440036,0.6791477105782926,0.2940702416452821,0.7881579885118896,0.09011392489073874,0.06389578099807676
NGC3521,external_151,bulge_rich_hsb,11,7.436482971394195e+19,2.41,216.0,5.726616178233546e-10,0.72338978354124,1.422465013042376,0.6725782892773662,0.3117168031936228,0.8195197389613144,0.09463252951209887,0.06915916552545386
NGC3521,external_151,bulge_rich_hsb,12,7.961048160247728e+19,2.58,214.0,5.618509016639647e-10,0.7114157173880212,1.361774289596394,0.6663738358264912,0.3278874203267668,0.8481991211086092,0.09926043463292859,0.07445432272250496
NGC3521,external_151,bulge_rich_hsb,13,8.48561334910126e+19,2.75,213.0,5.51040185504575e-10,0.6994416512348025,1.3010835661504125,0.6601693823756163,0.3431752686762374,0.8755578050010785,0.10428229680174007,0.08007847312012865
NGC3521,external_151,bulge_rich_hsb,14,9.010178537954792e+19,2.92,210.0,5.402294693451851e-10,0.6874675850815839,1.2403928427044308,0.6539649289247413,0.357648847464186,0.9017400490266836,0.10974859243076347,0.08608760310744336
NGC3521,external_151,bulge_rich_hsb,15,9.534743726808325e+19,3.09,214.0,5.294187531857953e-10,0.6754935189283651,1.1797021192584491,0.6477604754738664,0.37136971956329845,0.9268725570332111,0.1157187212777428,0.09254562288208652
NGC3521,external_151,bulge_rich_hsb,16,1.0059308915661857e+20,3.26,213.0,5.172359773890915e-10,0.6723435304430269,1.1270404131459157,0.6426949568875028,0.3844160079131478,0.9507029365086903,0.12130869914976711,0.09872395383442349
NGC3521,external_151,bulge_rich_hsb,17,1.0583874104515389e+20,3.43,212.0,5.018951965593964e-10,0.6895035058461574,1.092858718003343,0.6402508710264818,0.39724425880865666,0.9728991001717279,0.12504630681844936,0.10335341162783361
NGC3521,external_151,bulge_rich_hsb,18,1.1139296069183835e+20,3.61,215.0,4.856520168573664e-10,0.7076728915671191,1.0566663349112075,0.6376630154089301,0.40950004143728075,0.9945035688708087,0.12923285390055078,0.10836026887943254
NGC3521,external_151,bulge_rich_hsb,19,1.1663861258037368e+20,3.78,217.0,4.703112360276712e-10,0.7248328669702497,1.0224846397686351,0.6352189295479092,0.42089467409152337,1.0141665326183906,0.13342199699072618,0.11328067940466795
NGC3521,external_151,bulge_rich_hsb,20,1.21884264468909e+20,3.9499999999999997,219.0,4.549704551979762e-10,0.7419928423733803,0.9883029446260626,0.6327748436868881,0.43181649010277273,1.0329027700197335,0.1378600619739397,0.11839281173767043
NGC3521,external_151,bulge_rich_hsb,21,1.2712991635744432e+20,4.12,220.0,4.3962967436828114e-10,0.7591528177765108,0.9541212494834901,0.6303307578258671,0.4422940906621159,1.0507930083709611,0.14256956573625973,0.12372436850645509
NGC3521,external_151,bulge_rich_hsb,22,1.3237556824597964e+20,4.29,218.0,4.242888935385861e-10,0.7763127931796413,0.9199395543409177,0.627886671964846,0.4523538141769935,1.067909140149785,0.1475758195644976,0.12930515317995792
NGC3521,external_151,bulge_rich_hsb,23,1.3762122013451497e+20,4.46,220.0,4.08948112708891e-10,0.7934727685827719,0.8857578591983452,0.6254425861038251,0.46229909110453793,1.0845093735514566,0.1529073763931777,0.13518147078512027
NGC3521,external_151,bulge_rich_hsb,24,1.4317543978119943e+20,4.64,220.0,3.927049330068609e-10,0.8116421543037337,0.8495654761062096,0.6228547304862734,0.4718506202620941,1.100976412696572,0.15894312342961983,0.14172160933103348
NGC3521,external_151,bulge_rich_hsb,25,1.4842109166973475e+20,4.81,216.0,3.7736415217716585e-10,0.8288021297068642,0.8153837809636371,0.6204106446252524,0.480775263330738,1.116094977981693,0.1650511522699234,0.1482806734218041
NGC3521,external_151,bulge_rich_hsb,26,1.536667435582701e+20,4.98,220.0,3.620233713474707e-10,0.8459621051099948,0.7812020858210644,0.6179665587642313,0.48936987479117494,1.1306611202593497,0.17159817965543903,0.1552438547249769
NGC3521,external_151,bulge_rich_hsb,27,1.5891239544680543e+20,5.15,218.0,3.466825905177756e-10,0.8631220805131254,0.7470203906784919,0.6155224729032104,0.4976522382487386,1.1447161371921544,0.17863272569600377,0.16266167688471161
NGC3521,external_151,bulge_rich_hsb,28,1.6415804733534074e+20,5.32,213.0,3.3134180968808054e-10,0.8802820559162559,0.7128386955359195,0.6130783870421893,0.5056388808619859,1.158297274630383,0.18621072430744642,0.17059170663585985
NGC3521,external_151,bulge_rich_hsb,29,1.6940369922387608e+20,5.490000000000001,215.0,3.160010288583855e-10,0.8974420313193865,0.678657000393347,0.6106343011811683,0.5135682028396771,1.1715586744786137,0.1943969952569861,0.1791091487050194
NGC3521,external_151,bulge_rich_hsb,30,1.749579188705605e+20,5.67,216.0,2.9975784915635544e-10,0.9156114170403482,0.6424646173012116,0.6080464455636166,0.5212151433223068,1.1849061062033772,0.20381196573429042,0.1888243950118838
NGC3521,external_151,bulge_rich_hsb,31,1.8020357075909584e+20,5.84,208.0,2.844170683266603e-10,0.9327713924434788,0.608282922158639,0.6056023597025957,0.5283883274135703,1.1972335258842906,0.21350296376046954,0.19877831922234285
NGC3521,external_151,bulge_rich_hsb,32,1.8544922264763115e+20,6.01,212.0,2.690762874969653e-10,0.9499313678466093,0.5741012270160666,0.6031582738415746,0.5355229125429775,1.2093011863560936,0.2240776322742602,0.20959528837916688
NGC3521,external_151,bulge_rich_hsb,33,1.9100344229431565e+20,6.19,213.0,2.5283310779493516e-10,0.9681007535675712,0.5379088439239308,0.600570418224023,0.5422214978473864,1.221430535502182,0.2363774832834012,0.22209791779043467
NGC3521,external_151,bulge_rich_hsb,34,1.959405264247018e+20,6.35,216.0,2.3839472583757517e-10,0.9842513186528704,0.5057378367309217,0.5982701021195326,0.5507635215331628,1.2331566751308194,0.2484053449797456,0.23438017658872817
NGC3521,external_151,bulge_rich_hsb,35,2.0488899141102676e+20,6.64,210.0,2.236469850526244e-10,0.9833441349749728,0.4724321327436353,0.5920012747562532,0.592103058489961,1.256914547180375,0.26337939346595435,0.2505112629761472
NGC3521,external_151,bulge_rich_hsb,36,2.721567626875386e+20,8.82,210.0,1.3859200268682286e-10,0.9083334379432831,0.27856161599054646,0.5401332060699917,0.6454866935530179,1.3094987936481854,0.3992647480047094,0.385711943371782
NGC3521,external_151,bulge_rich_hsb,37,3.4158450827109433e+20,11.07,210.0,8.121018022996005e-11,0.7321074229825388,0.14487730059882706,0.458700256352952,0.6814509362667706,1.3376294458690916,0.6007620489086645,0.5845051491294473
NGC3521,external_151,bulge_rich_hsb,38,4.1101225385465014e+20,13.320000000000002,206.0,4.55613486455214e-11,0.5096040492636855,0.06295396935726605,0.3603324482806934,0.7045752770675808,1.3500613534496744,0.8150998359171732,0.7953228997144984
NGC3521,external_151,bulge_rich_hsb,39,4.7797145737301275e+20,15.49,206.0,2.7906010452263586e-11,0.32590398048656455,0.03549713220203732,0.2606438058112124,0.719313934252004,1.3513086489159591,0.9153141496945498,0.8933549624489965
NGC3521,external_151,bulge_rich_hsb,40,5.473992029565685e+20,17.74,206.0,1.7120496393360768e-11,0.20915719016827683,0.023917862714743415,0.18638880994118184,0.7291517740769647,1.3510391537141664,0.9573223589365452,0.9342991511812511
NGC3726,external_151,bulge_rich_hsb,0,1.0799871535219786e+20,3.5000000000000004,102.0,1.0761369871496031e-10,0.48099015069138434,0.5609809034630989,0.5076982692389419,0.21419923818575062,0.8469956455491967,0.25986915905214353,0.1947184521399935
NGC3726,external_151,bulge_rich_hsb,1,1.6168950527014765e+20,5.24,125.0,8.777030482895405e-11,0.4490499921390746,0.404602146285216,0.4552621925732593,0.34081337817702523,1.0578689968171024,0.3518648093050294,0.306583930236988
NGC3726,external_151,bulge_rich_hsb,2,2.1538029518809743e+20,6.98,145.0,6.68051385776332e-11,0.4398055453855288,0.2454745447380518,0.4034673006956896,0.42318092555782466,1.1747844767076117,0.5024091726743046,0.4635260807726828
NGC3726,external_151,bulge_rich_hsb,3,2.6907108510604722e+20,8.72,164.0,5.248321842347571e-11,0.3861020251840565,0.15735606965132903,0.3472084359513863,0.4793295112205854,1.2298598118629043,0.6466826432365853,0.6094608425969047
NGC3726,external_151,bulge_rich_hsb,4,3.2307044278214617e+20,10.47,162.0,4.139769066649832e-11,0.3098798741865761,0.10420450994859605,0.28839622059238224,0.5180717684347981,1.258350521008356,0.768922095286839,0.7316944306562573
NGC3726,external_151,bulge_rich_hsb,5,3.761440971837976e+20,12.189999999999998,160.0,3.2835663953896705e-11,0.24673143975268225,0.06825655951400939,0.23755149517410346,0.5459033845659559,1.276317902882228,0.8604782100727861,0.8234377682825054
NGC3726,external_151,bulge_rich_hsb,6,4.3014345485989655e+20,13.94,156.0,2.6532776784075266e-11,0.19462690536244182,0.0484978022813531,0.1930029435073109,0.5683178341343026,1.2877245546533822,0.9144092914747001,0.8780176340689617
NGC3726,external_151,bulge_rich_hsb,7,4.946341163130662e+20,16.03,146.0,2.044233696089066e-11,0.14449924392033517,0.03168030078528234,0.14909312971434718,0.6014064662913805,1.3025236738295713,0.9548971956664758,0.9207407102121525
NGC3726,external_151,bulge_rich_hsb,8,6.881061006725749e+20,22.3,158.0,1.0588925791096279e-11,0.06792352719694394,0.015414576607120641,0.07682859732057157,0.6219306190156202,1.3096503255285816,0.9882958074562981,0.9547873702486007
NGC3726,external_151,bulge_rich_hsb,9,8.491784704264242e+20,27.52,168.0,6.878574683724448e-12,0.044135928989439646,0.011404422022193404,0.052590613424937836,0.6307433044456378,1.312525248140503,0.9940381019118132,0.9610688457678784
NGC3726,external_151,bulge_rich_hsb,10,9.281718165126032e+20,30.08,169.0,5.656373182251714e-12,0.03694639790576902,0.010090177131638971,0.044918357931125474,0.6354082824761549,1.3141794517324157,0.9954881075591928,0.962890034851237
NGC3726,external_151,bulge_rich_hsb,11,1.0034623495009927e+21,32.52,167.0,4.829914384737323e-12,0.03219182295770867,0.009086674782030589,0.03962622742083677,0.6393314617797343,1.3156148837566548,0.996412212156581,0.9641459052418501
NGC3741,calibration_24,low_mass_dwarf,0,7.097058437430145e+18,0.23,13.1,8.23901607937271e-12,0.44708792584765333,0.22669471334895802,0.3957501903558045,0.028473290829207378,0.46663023855073366,0.5271079051490952,0.23713496032114603
NGC3741,calibration_24,low_mass_dwarf,1,1.4502684633009424e+19,0.47,17.3,7.316143455487602e-12,0.353464458666561,0.1977684198866626,0.347778349208929,0.05170698380647611,0.5060001678866429,0.5924887548783325,0.2871689425476888
NGC3741,calibration_24,low_mass_dwarf,2,2.1599743070439567e+19,0.7,23.6,6.431723857597706e-12,0.26374196928468085,0.17004738865196284,0.30180533477650673,0.07058504978837662,0.5310819450339745,0.6608458960988399,0.3346963443553292
NGC3741,calibration_24,low_mass_dwarf,3,2.8696801507869716e+19,0.93,26.2,5.3733352811945855e-12,0.24160722938091958,0.13992583268969164,0.2743264973805797,0.08745638486089907,0.5918763998177059,0.722619772906335,0.40316345969354467
NGC3741,calibration_24,low_mass_dwarf,4,3.6102427703448994e+19,1.17,27.4,4.256360770303624e-12,0.22339323936235758,0.10832120896755396,0.24698910895098086,0.10213087030006557,0.6463462076051613,0.7889287490124696,0.47515099536764727
NGC3741,calibration_24,low_mass_dwarf,5,4.3199486140879135e+19,1.4,26.9,3.18592686403312e-12,0.205938165594569,0.07803344456717201,0.22079077837261535,0.11485496277511524,0.6929326861218688,0.8530307738084061,0.5449128715141207
NGC3741,calibration_24,low_mass_dwarf,6,5.060511233645842e+19,1.64,27.4,2.8222107814421173e-12,0.18583493585920732,0.07267854770575764,0.2049542192913491,0.12634782686902218,0.7216363438737998,0.8703540229942311,0.5749680537044195
NGC3741,calibration_24,low_mass_dwarf,7,5.7702170773888565e+19,1.87,31.0,2.575939183868228e-12,0.16631278908143854,0.07111138526533715,0.1913392860060479,0.13659107342137417,0.7439763793770423,0.8802320865555737,0.5961098971761275
NGC3741,calibration_24,low_mass_dwarf,8,6.4799229211318714e+19,2.1,32.5,2.3296675862943385e-12,0.14679064230366973,0.06954422282491668,0.1777243527207467,0.1458926023321237,0.7627419162879889,0.8899988005623859,0.6149057717096585
NGC3741,calibration_24,low_mass_dwarf,9,7.1896287648748855e+19,2.33,33.0,2.208113547745772e-12,0.13722496593005998,0.06667587968563082,0.16925147795514292,0.15475287451082884,0.7849603193207454,0.8985937720709984,0.6351234819742113
NGC3741,calibration_24,low_mass_dwarf,10,7.930191384432814e+19,2.57,36.5,2.112651603736806e-12,0.12974828804472194,0.06335546857866169,0.1617038815311971,0.1630480027586117,0.8059723094327224,0.9070720537842134,0.6544563153325933
NGC3741,calibration_24,low_mass_dwarf,11,8.639897228175827e+19,2.8,38.9,2.021167240728214e-12,0.12258313840460636,0.060173407934482934,0.15447076829158238,0.17441067722592232,0.8341987854422562,0.9149546659429457,0.6777604610261825
NGC3741,calibration_24,low_mass_dwarf,12,1.0059308915661857e+20,3.26,41.5,1.9005248688805167e-12,0.11199886818668309,0.05412648965091321,0.1423631077585688,0.18810265380608696,0.8664876405265651,0.9284566987633638,0.7075391217498562
NGC3741,calibration_24,low_mass_dwarf,13,1.1509577378962799e+20,3.73,42.7,1.7923404011883048e-12,0.10227136974171587,0.048272638365698485,0.1307948873593125,0.20054578391017475,0.894266447072799,0.9406115344530332,0.7334418629313315
NGC3741,calibration_24,low_mass_dwarf,14,1.2990702618078655e+20,4.21,44.7,1.6934304128793566e-12,0.09340533242382158,0.04286477700970235,0.1198975996429912,0.21150679069000672,0.9174893810610816,0.9511183755944561,0.7552623017242831
NGC3741,calibration_24,low_mass_dwarf,15,1.4410114305564683e+20,4.67,46.7,1.601977314628471e-12,0.08570862651622005,0.03835157596775188,0.11030800660369768,0.22122575688149412,0.9370793465035361,0.9594122021135916,0.7731251419926327
NGC3741,calibration_24,low_mass_dwarf,16,1.5860382768865627e+20,5.14,48.5,1.5098625631700666e-12,0.07825640783072597,0.034091108935742506,0.10097102648848677,0.2300067507030898,0.9539832275262828,0.9667233122581022,0.7885813617844071
NGC3741,calibration_24,low_mass_dwarf,17,1.731065123216657e+20,5.61,50.0,1.4192643186954467e-12,0.07139861391113853,0.030343457320644404,0.09232162267595753,0.23778126850380302,0.9683235342800235,0.9727498031809517,0.8014844080009081
NGC3741,calibration_24,low_mass_dwarf,18,1.87300629196526e+20,6.07,50.2,1.3327006917766417e-12,0.06525902413532518,0.02713071314839275,0.08453801079939172,0.24476388021179085,0.9807342362943902,0.9775784892938985,0.8122759620125418
NGC3741,calibration_24,low_mass_dwarf,19,2.018033138295354e+20,6.54,50.1,1.2458158617427386e-12,0.059327962734080086,0.024108046947418405,0.07699571128132716,0.2510131172420339,0.9914657196193737,0.9817761125323116,0.8215790226767072
NGC3741,calibration_24,low_mass_dwarf,20,2.159974307043957e+20,7.000000000000001,51.6,1.1637753691334025e-12,0.054061413119780174,0.021537202180577412,0.07026562003418038,0.2565666268117544,1.0007168416308612,0.9850923524864148,0.8293079562513432
NGC3769,external_151,bulge_rich_hsb,0,5.369078991794979e+19,1.74,87.5,1.0906040400816229e-10,0.6887423959408918,1.3170178432924535,0.6564318974117173,0.26280573452284334,0.7741733260085935,0.10367716768495767,0.0724833250550998
NGC3769,external_151,bulge_rich_hsb,1,1.0799871535219786e+20,3.5000000000000004,106.0,9.49073116183523e-11,0.5781641722756947,0.9436688738133069,0.599224609656247,0.40478740877980074,0.9969522578021385,0.15026982166170008,0.12619965829822147
NGC3769,external_151,bulge_rich_hsb,2,1.6168950527014765e+20,5.24,116.0,7.547350794199128e-11,0.5462349975653168,0.6824004480493872,0.5444773473855338,0.4930050346630809,1.1231944489611698,0.21206587573768235,0.19117476003521902
NGC3769,external_151,bulge_rich_hsb,3,2.1538029518809743e+20,6.98,125.0,5.47099543778769e-11,0.5332182269997272,0.4474843860276553,0.4901723809040752,0.5526895075355556,1.2111203716243795,0.3131414635196884,0.29310383160845604
NGC3769,external_151,bulge_rich_hsb,4,2.6907108510604722e+20,8.72,126.0,4.020897543138883e-11,0.48317965305647825,0.30157783167894314,0.4348581685771525,0.5950979807257077,1.260115316962561,0.4326315204456103,0.41191954647507456
NGC3769,external_151,bulge_rich_hsb,5,3.2307044278214617e+20,10.47,123.0,2.9898684742927367e-11,0.4075871841417333,0.21557916515679632,0.37853727719002395,0.6267817247708942,1.2870394617202372,0.5506463894327034,0.5286262758261274
NGC3769,external_151,bulge_rich_hsb,6,3.798469102815873e+20,12.31,118.0,2.1358872865228128e-11,0.3366267071734191,0.14920652633404383,0.32492051735729266,0.6530697396773665,1.3070090679819706,0.673490192131738,0.6501937752629884
NGC3769,external_151,bulge_rich_hsb,7,4.480403848325465e+20,14.52,115.0,1.4816519337645595e-11,0.2651525977248309,0.10831598330732689,0.26956480596662036,0.67536575266913,1.3195102773077112,0.7740047290446497,0.7496959083526957
NGC3769,external_151,bulge_rich_hsb,8,5.267251631605764e+20,17.07,122.0,9.90080988877503e-12,0.20616918269924245,0.08026308276558874,0.2215037080318176,0.7276397500165764,1.3387739576883766,0.8490508894562188,0.8262991695005452
NGC3769,external_151,bulge_rich_hsb,9,9.81862606430553e+20,31.82,121.0,2.1227740362592543e-12,0.08267009584932085,0.03353762726935538,0.10405784048890113,0.7470405475741715,1.3481411513302062,0.9662783068553422,0.9424253133368263
NGC3769,external_151,bulge_rich_hsb,10,1.0679530109541621e+21,34.61,118.0,1.7946362478265841e-12,0.07311605819173711,0.029514962927784414,0.09307667105731716,0.7518540451899218,1.3498845337210477,0.9732629627634768,0.9496107879814262
NGC3769,external_151,bulge_rich_hsb,11,1.1466377892821919e+21,37.16,113.0,1.582584205085037e-12,0.06589746897162312,0.026434511481952777,0.08448693226743287,0.7558811121360643,1.351309630617069,0.9781541901236877,0.9546876244059556
NGC3877,external_151,bulge_rich_hsb,0,2.6845394958974894e+19,0.87,37.8,1.6003887354863536e-10,0.6938401828017254,1.5479879886736947,0.6885212470398007,0.15600151365539897,0.5690728608289106,0.08577634217524137,0.04622068984858486
NGC3877,external_151,bulge_rich_hsb,1,5.369078991794979e+19,1.74,80.1,1.49047101286588e-10,0.5554713169211823,1.4036573566982589,0.6607684550648074,0.26590534426290535,0.7299603283391544,0.09732431108305928,0.06489975062679253
NGC3877,external_151,bulge_rich_hsb,2,8.053618487692468e+19,2.61,121.0,1.3239675091626137e-10,0.5478087122562258,1.1453990253353339,0.6244416059871656,0.3471659257638813,0.8866803534829457,0.12266404618215147,0.09506194260888512
NGC3877,external_151,bulge_rich_hsb,3,1.0799871535219786e+20,3.5000000000000004,142.0,1.134946325627914e-10,0.5831416092205902,0.8435739461673942,0.5844476868434089,0.4084532611783457,1.0247592022247805,0.16862700008295178,0.1441068075073728
NGC3877,external_151,bulge_rich_hsb,4,1.3484411031117275e+20,4.37,153.0,9.770949660359475e-11,0.5896651462561481,0.6274379191623676,0.5464332365444937,0.4556862346805001,1.115475617877891,0.22580859823025967,0.20280322784016874
NGC3877,external_151,bulge_rich_hsb,5,1.6168950527014765e+20,5.24,160.0,8.42657388985413e-11,0.5718241570052426,0.4799256226325121,0.5093586795820674,0.49339257451909685,1.1740325691858704,0.2903142895523159,0.26776163641697487
NGC3877,external_151,bulge_rich_hsb,6,1.8853490022912256e+20,6.110000000000001,162.0,7.17698397049357e-11,0.5474314847892435,0.35130511216553517,0.47192549057148975,0.5239467335192443,1.2198537503339326,0.3762371089075323,0.3533051140667807
NGC3877,external_151,bulge_rich_hsb,7,2.1538029518809743e+20,6.98,167.0,6.158579053925176e-11,0.5070590980242361,0.2687621286811892,0.43361758924834776,0.5489423739034509,1.2486059422920823,0.46180847103326783,0.4380457096731082
NGC3877,external_151,bulge_rich_hsb,8,2.422256901470723e+20,7.85,169.0,5.1546212219375746e-11,0.4660425832972828,0.18810606792748247,0.3952188633363183,0.5695424951487595,1.2738871624714325,0.573581743695768,0.5484848630833599
NGC3877,external_151,bulge_rich_hsb,9,2.6907108510604722e+20,8.72,171.0,4.445504938096211e-11,0.4118804623103035,0.14595903756137607,0.3549665549767314,0.5865974083249541,1.2871705904230253,0.6587156320292024,0.6323980525336984
NGC3877,external_151,bulge_rich_hsb,10,2.9622504782317126e+20,9.6,171.0,3.7282378923716134e-11,0.3570957882085314,0.10332755857037196,0.31425157640611484,0.6006065085211344,1.2991175151697072,0.7548830658499592,0.7271952734656503
NGC3877,external_151,bulge_rich_hsb,11,3.2307044278214617e+20,10.47,170.0,3.206687869438186e-11,0.3080503739029212,0.07883239169889045,0.2768502469980951,0.6121844076896273,1.3061669726597427,0.820851148494354,0.7922769179417711
NGC3877,external_151,bulge_rich_hsb,12,3.5022440549927014e+20,11.35,169.0,2.722455985959075e-11,0.2596227736473922,0.058131855157201005,0.23967736783981908,0.6217318123177226,1.3115683568998069,0.8777096760396048,0.8483837843244202
NGC3893,external_151,bulge_rich_hsb,0,5.369078991794979e+19,1.74,145.0,3.1306765683406687e-10,0.7609442425958056,1.5999819268793058,0.6875186157958844,0.2718678635101009,0.7437905893572448,0.08333212781837748,0.05642270807667892
NGC3893,external_151,bulge_rich_hsb,1,1.0799871535219786e+20,3.5000000000000004,174.0,2.580861256509336e-10,0.6450781227691462,0.9893811947316684,0.6194131560889162,0.41447061724899964,1.0048964284499378,0.14028477532113523,0.11841528210023693
NGC3893,external_151,bulge_rich_hsb,2,1.6168950527014765e+20,5.24,194.0,1.8410700424146074e-10,0.728912930965594,0.6809733749543618,0.5816968892208156,0.5049931042660802,1.150271987658085,0.201564099577872,0.18400282942578391
NGC3893,external_151,bulge_rich_hsb,3,2.1538029518809743e+20,6.98,190.0,1.0958035034852144e-10,0.8182833484381424,0.3808041735061749,0.544806991044219,0.5690119597075072,1.2554346199765376,0.32524050825872414,0.30920102996101434
NGC3893,external_151,bulge_rich_hsb,4,2.7184819492938947e+20,8.81,186.0,7.649011583888586e-11,0.683873051028144,0.2631253825468334,0.4779751275484638,0.6167592582759321,1.2902984016266468,0.4429337680700801,0.42562290419803167
NGC3893,external_151,bulge_rich_hsb,5,3.36338856382559e+20,10.9,188.0,4.4619527445822034e-11,0.5181705393736232,0.15383336419657165,0.40055492173034124,0.6522562016448235,1.3160923746203612,0.6187402392036554,0.5987783982866695
NGC3893,external_151,bulge_rich_hsb,6,4.048408986916673e+20,13.12,187.0,2.936883132205692e-11,0.38140337645523775,0.11319220298779116,0.3261770592471453,0.6772751734811832,1.3254093522921486,0.7303497577272277,0.7084709543040114
NGC3893,external_151,bulge_rich_hsb,7,4.730343732426266e+20,15.33,179.0,1.869579299892015e-11,0.281742083369409,0.08708732503448943,0.2680627582658294,0.6943289288253275,1.3310812351251453,0.8107349836963749,0.7875525510198432
NGC3893,external_151,bulge_rich_hsb,8,5.338222215980065e+20,17.3,176.0,1.2947054181271418e-11,0.22337477685442658,0.07580310934371881,0.2295607295516297,0.7061626785763964,1.3341241119202685,0.8517784749489851,0.8280339730475927
NGC3893,external_151,bulge_rich_hsb,9,5.8782157927410545e+20,19.05,167.0,9.961316821160241e-12,0.1918741702241214,0.06920605284329866,0.20658737402829042,0.7154887506681439,1.3367588162827446,0.8749128618873477,0.8510609872384406
NGC3917,external_151,bulge_rich_hsb,0,2.6845394958974894e+19,0.87,24.3,3.827158303261696e-11,0.5248306043012847,0.5175696236643763,0.5042399892121346,0.11922614385270927,0.6851527923037912,0.27702419390106015,0.1752985079349479
NGC3917,external_151,bulge_rich_hsb,1,5.369078991794979e+19,1.74,49.6,3.5688435625260645e-11,0.4241325976835263,0.4520330784442109,0.46124836237995925,0.20583814508602777,0.8518752616573856,0.32414961590883024,0.24392800721961985
NGC3917,external_151,bulge_rich_hsb,2,8.053618487692468e+19,2.61,73.6,3.27292082586822e-11,0.3430469208370096,0.3809209576754072,0.41827187843177516,0.27154402244818626,0.959967190111063,0.3856112635216261,0.31588223945264987
NGC3917,external_151,bulge_rich_hsb,3,1.0799871535219786e+20,3.5000000000000004,101.0,2.8518240994353905e-11,0.32182701395916763,0.2906249513105419,0.37435509156315366,0.321766648240362,1.0504716345537701,0.47893424427382997,0.4155510331192386
NGC3917,external_151,bulge_rich_hsb,4,1.3484411031117275e+20,4.37,107.0,2.4401902207875684e-11,0.3010839589212772,0.20235806868421288,0.3314251987814675,0.3603648261218275,1.1167026278562489,0.5985638186438283,0.537904729405293
NGC3917,external_151,bulge_rich_hsb,5,1.6168950527014765e+20,5.24,115.0,2.1068117689321312e-11,0.27245330372015036,0.14355058582613653,0.2917994576866908,0.39088492685828563,1.158937723177822,0.7047813198759472,0.6458463658891258
NGC3917,external_151,bulge_rich_hsb,6,1.8853490022912256e+20,6.110000000000001,123.0,1.847552385595766e-11,0.2363519643644154,0.11264536303427651,0.25530322026108687,0.41529463118678017,1.1835468237616331,0.7766464045905292,0.7191367223781512
NGC3917,external_151,bulge_rich_hsb,7,2.1538029518809743e+20,6.98,130.0,1.588293002259401e-11,0.20025062500868052,0.08174014024241652,0.21880698283548294,0.43470972836138744,1.2031435527920014,0.8482820892815701,0.7915944253300994
NGC3917,external_151,bulge_rich_hsb,8,2.422256901470723e+20,7.85,134.0,1.393698210581227e-11,0.17274387596272095,0.06438176547834738,0.19048315588164297,0.45059129791916763,1.2163693603689976,0.8907603417694393,0.835395592191153
NGC3917,external_151,bulge_rich_hsb,9,2.6907108510604722e+20,8.72,136.0,1.2196510461589265e-11,0.14796811823014794,0.051327996629651026,0.1647561696384569,0.4636983478444323,1.2263073354771532,0.9220277622691677,0.8678569265595057
NGC3917,external_151,bulge_rich_hsb,10,2.9622504782317126e+20,9.6,137.0,1.0445841690287873e-11,0.12305702855666235,0.038242407715108305,0.1388832847179358,0.47427089744441747,1.2343605292635709,0.9495663364816177,0.8963310746895077
NGC3917,external_151,bulge_rich_hsb,11,3.2307044278214617e+20,10.47,136.0,9.33202808754851e-12,0.10782952562158157,0.03274199647020679,0.12272799631547814,0.4832726222779535,1.2400197135421962,0.9613687464717432,0.909253333340932
NGC3917,external_151,bulge_rich_hsb,12,3.5022440549927014e+20,11.35,137.0,8.205412029605249e-12,0.0924269939171321,0.027178362107547805,0.10638701494287733,0.4907023140186043,1.2446170984800697,0.97189829161333,0.920653525156301
NGC3917,external_151,bulge_rich_hsb,13,3.761440971837976e+20,12.189999999999998,137.0,7.225209024419962e-12,0.07924177934385868,0.02256955800433612,0.09234398550837859,0.497160396811014,1.2485065995978446,0.9795838759185069,0.9291477066200343
NGC3917,external_151,bulge_rich_hsb,14,4.048408986916673e+20,13.12,137.0,6.4622613963360386e-12,0.06977981825991134,0.019843117480610416,0.08206086203065345,0.5027008067887544,1.2516197917022196,0.9839774685629409,0.9342808311821281
NGC3917,external_151,bulge_rich_hsb,15,4.3014345485989655e+20,13.94,138.0,5.789554885552365e-12,0.0614370138633126,0.017439159169368397,0.07299402197502483,0.5075001405951541,1.2542814481283202,0.9874304608216145,0.9383807944518917
NGC3917,external_151,bulge_rich_hsb,16,4.5853168860961715e+20,14.86,137.0,5.169096429808082e-12,0.0540540775231887,0.015394167850725449,0.06489408535069419,0.5119284008385834,1.2566899588814775,0.9901089066531061,0.9416657107246172
NGC3949,external_151,bulge_rich_hsb,0,5.369078991794979e+19,1.74,123.0,2.0207105733417194e-10,0.6442078506196662,1.9055030123355159,0.7163663045752707,0.1612929052363565,0.5065189108286985,0.06825760811143587,0.03311423619062054
NGC3949,external_151,bulge_rich_hsb,1,8.053618487692468e+19,2.61,145.0,1.8991244929931402e-10,0.5921023537987834,1.706705647349578,0.695594086159189,0.27598807638325734,0.6930882513462897,0.07768955278120622,0.049637093997698466
NGC3949,external_151,bulge_rich_hsb,2,1.0799871535219786e+20,3.5000000000000004,152.0,1.7211103400490746e-10,0.6185372370446655,1.4471239162013327,0.670524343799332,0.36031386705063645,0.8490697415357813,0.09342897096329505,0.07013396361905005
NGC3949,external_151,bulge_rich_hsb,3,1.3484411031117275e+20,4.37,157.0,1.547096505148696e-10,0.6443780779704154,1.1933754823822613,0.6460179664363258,0.42419290175296887,0.9683876743624252,0.11481820802443019,0.09460712566673456
NGC3949,external_151,bulge_rich_hsb,4,1.6168950527014765e+20,5.24,161.0,1.391292489328546e-10,0.652805613709652,1.010531894928486,0.6228991614484901,0.47476576943757326,1.049557487312034,0.1370878083252514,0.11888295304592936
NGC3949,external_151,bulge_rich_hsb,5,1.8853490022912256e+20,6.110000000000001,165.0,1.2451037479330458e-10,0.6520384557909876,0.8651279741093006,0.6005130320085302,0.5177145881925177,1.1101406823397721,0.1614151269844463,0.14458941314641965
NGC3949,external_151,bulge_rich_hsb,6,2.1815740501143965e+20,7.069999999999999,169.0,1.085496653869701e-10,0.6501678999567135,0.7083696107640886,0.5758073553318274,0.5543730750899099,1.1650135132734158,0.19689518651406773,0.18090605148970024
NGC3953,external_151,bulge_rich_hsb,0,1.0799871535219786e+20,3.5000000000000004,181.0,1.7240325969775546e-10,0.5141439437090822,1.0017159576686716,0.6009141769190185,0.24393383638349053,0.7793750627191114,0.1424612389611901,0.10012674567227897
NGC3953,external_151,bulge_rich_hsb,1,1.6168950527014765e+20,5.24,203.0,1.525497372090228e-10,0.5425227435960162,0.7428159017934968,0.5603412617965005,0.384041962938998,1.0214492512782578,0.19371195508706554,0.16521026582521287
NGC3953,external_151,bulge_rich_hsb,2,2.1538029518809743e+20,6.98,216.0,1.3383370752375737e-10,0.5455522625512687,0.5542949591245087,0.5219341023157561,0.4747120498618539,1.1413282277417431,0.25686771679761555,0.23354088003482937
NGC3953,external_151,bulge_rich_hsb,3,2.6907108510604722e+20,8.72,223.0,1.1584141275546382e-10,0.5324531873963275,0.4105530440656994,0.4849049146118905,0.5380667993820376,1.2119713883614842,0.33435960692934175,0.313064284143963
NGC3953,external_151,bulge_rich_hsb,4,3.2307044278214617e+20,10.47,224.0,9.902513810118998e-11,0.5013308906759011,0.31353038117291704,0.4471404038014197,0.5840609699318273,1.2539296447620063,0.41633342430101067,0.39560684509277205
NGC3953,external_151,bulge_rich_hsb,5,3.761440971837976e+20,12.189999999999998,223.0,8.328794962472748e-11,0.46505675096570054,0.22959439454518768,0.40906941653792206,0.6187862141012627,1.284560428615812,0.5156764479466017,0.49469534609741406
NGC3953,external_151,bulge_rich_hsb,6,4.3014345485989655e+20,13.94,224.0,6.987560400263292e-11,0.41270860320324565,0.17096000631886005,0.3668204205773544,0.6454799226336084,1.3040745124420745,0.6145842511273538,0.5928526204656012
NGC3953,external_151,bulge_rich_hsb,7,4.838342447778464e+20,15.68,215.0,5.820780206443353e-11,0.358391822861669,0.12406084500225326,0.3237735897644555,0.6660601557420747,1.3181874350972747,0.7134315067638831,0.6907898125624872
NGC3972,external_151,bulge_rich_hsb,0,2.6845394958974894e+19,0.87,39.6,5.040104406838837e-11,0.5818422341821861,0.9659651600859982,0.6026478552629089,0.13925420627605323,0.6246500663049783,0.14659815349520586,0.08573257246648139
NGC3972,external_151,bulge_rich_hsb,1,5.369078991794979e+19,1.74,73.0,4.637871987075066e-11,0.44189322522526864,0.8206940984281316,0.5576567035125304,0.2375075184936909,0.7979378659505924,0.17931894343604243,0.1283776349682764
NGC3972,external_151,bulge_rich_hsb,2,8.053618487692468e+19,2.61,89.4,3.981777268133204e-11,0.4385997184006538,0.5934367959674091,0.5017705674087504,0.3092677303295446,0.9637386445205438,0.25140212127222916,0.2064841106893817
NGC3972,external_151,bulge_rich_hsb,3,1.0799871535219786e+20,3.5000000000000004,102.0,3.327354427136167e-11,0.4314323122093678,0.37287177820488426,0.44510300406880937,0.36248967188233383,1.0859885885699838,0.3759874154082603,0.33266034271740774
NGC3972,external_151,bulge_rich_hsb,4,1.3484411031117275e+20,4.37,110.0,2.856419741969771e-11,0.3861637111447408,0.27730890429075244,0.394779140465281,0.40283607156016926,1.1432420249517425,0.4773821792384445,0.4344094625032523
NGC3972,external_151,bulge_rich_hsb,5,1.6168950527014765e+20,5.24,116.0,2.3997602635618953e-11,0.3407826334110606,0.18788695414263218,0.34522681547203365,0.43415216258873407,1.1874810910075868,0.6065619760464478,0.5625436798164956
NGC3972,external_151,bulge_rich_hsb,6,1.8853490022912256e+20,6.110000000000001,123.0,2.043729752481304e-11,0.29460868372486193,0.14175368117184958,0.3011132301705508,0.4589021566458809,1.2123865204303776,0.7008498773452603,0.6563149496540498
NGC3972,external_151,bulge_rich_hsb,7,2.1538029518809743e+20,6.98,130.0,1.7046381353882723e-11,0.24972654675501438,0.09946898500930355,0.2583689931916409,0.47847531297547063,1.2320485510004882,0.7955468374085907,0.7503371253414826
NGC3972,external_151,bulge_rich_hsb,8,2.422256901470723e+20,7.85,134.0,1.455826103433267e-11,0.21172941161550224,0.07769613087579522,0.22292300121988073,0.4942596785397566,1.2437863268862344,0.8523677371350602,0.8071982152738063
NGC3972,external_151,bulge_rich_hsb,9,2.6907108510604722e+20,8.72,134.0,1.2221676915350674e-11,0.1759563867596682,0.05804233609087152,0.18936437401792572,0.5069361623550683,1.253102076948343,0.9009727300152285,0.8558864382952698
NGC3992,external_151,bulge_rich_hsb,0,2.835737697390566e+20,9.19,248.0,1.0253992825601127e-10,0.43496020585400386,0.252539760701345,0.4033183121634095,0.3640597311828294,1.1247460318527773,0.49540779259651596,0.44693613302877255
NGC3992,external_151,bulge_rich_hsb,1,4.255149384876595e+20,13.79,264.0,6.416008789281108e-11,0.34142065882147665,0.11212655375921368,0.30594920207977805,0.5012106809088009,1.2501485577217566,0.7445737531735455,0.7066239104344817
NGC3992,external_151,bulge_rich_hsb,2,5.662218362036659e+20,18.35,272.0,4.112365976316295e-11,0.2170781276070195,0.049671024122092816,0.20812212223425214,0.5649639272567443,1.2875977434781152,0.9063090432978761,0.8702076518140461
NGC3992,external_151,bulge_rich_hsb,3,7.078544371941196e+20,22.94,271.0,2.6658518091953648e-11,0.12959868079703124,0.021665752070228507,0.1310202891653237,0.5974276037037295,1.3023623911202806,0.9723970217848786,0.9375729882245957
NGC3992,external_151,bulge_rich_hsb,4,8.491784704264242e+20,27.52,264.0,1.810388877392196e-11,0.08001675993129076,0.01164945697890086,0.08374268751960469,0.6157545257807009,1.3089318158217615,0.9903386832800942,0.95657701664982
NGC3992,external_151,bulge_rich_hsb,5,9.90811071416878e+20,32.11,242.0,1.2915553480951172e-11,0.05352258568163354,0.007838061834923755,0.05764146013644966,0.6274414831861052,1.3127241919904762,0.9955023469881188,0.9625350907740666
NGC3992,external_151,bulge_rich_hsb,6,1.1324436724073318e+21,36.7,244.0,9.399270620193792e-12,0.03742629698116722,0.0059675924122545,0.04152835173849002,0.6355580020514944,1.3152692477753947,0.9975278837369682,0.9651383608554833
NGC3992,external_151,bulge_rich_hsb,7,1.2787047897700224e+21,41.44,241.0,6.929772904298112e-12,0.027326403000480882,0.004948257054241067,0.03124572014418279,0.641429248105484,1.3171017290691098,0.9984562682411275,0.9664974332286158
NGC3992,external_151,bulge_rich_hsb,8,1.4200288230023273e+21,46.02,237.0,5.268841474979676e-12,0.021117202840348816,0.00430647687106834,0.024787110571064076,0.6458773071877402,1.3185335191406855,0.9989336870532682,0.9673175497927797
NGC4010,external_151,bulge_rich_hsb,0,2.6845394958974894e+19,0.87,39.3,4.593322304670807e-11,0.5471805365966075,0.4971019374144651,0.5043524746461546,0.11924956905584441,0.7006585790426237,0.2851321336477009,0.18383074748232564
NGC4010,external_151,bulge_rich_hsb,1,5.369078991794979e+19,1.74,54.6,4.308127811924518e-11,0.4632057996941167,0.43917976164445466,0.46612395437999155,0.2066817894925544,0.8692484361064868,0.3281785161317036,0.25067722094935396
NGC4010,external_151,bulge_rich_hsb,2,8.053618487692468e+19,2.61,65.5,4.0229333191782286e-11,0.379231062791626,0.38125758587444414,0.4278954341138286,0.2736352534906572,0.9712723993469097,0.38002818105651626,0.3137529126207444
NGC4010,external_151,bulge_rich_hsb,3,1.0799871535219786e+20,3.5000000000000004,83.9,3.64592315836184e-11,0.33125178380375353,0.3184138679902191,0.3909309389625258,0.32563297837471983,1.0474799209123258,0.44547828591522237,0.3858583918443223
NGC4010,external_151,bulge_rich_hsb,4,1.3484411031117275e+20,4.37,94.3,3.2141239623268684e-11,0.3124911144713672,0.2543186471476089,0.35638706108479123,0.36650545282986446,1.1076085502794542,0.5245602375534284,0.46928876249697776
NGC4010,external_151,bulge_rich_hsb,5,1.6168950527014765e+20,5.24,104.0,2.782324766291897e-11,0.29373044513898083,0.19022342630499864,0.32184318320705674,0.3993797849938537,1.15422971628953,0.6202623083944169,0.5672196815586267
NGC4010,external_151,bulge_rich_hsb,6,1.8853490022912256e+20,6.110000000000001,115.0,2.3780726799327267e-11,0.2735704455342196,0.13241195347579016,0.2883233871633532,0.4260615723033165,1.1901571399373103,0.7237070205348174,0.6719093973276827
NGC4010,external_151,bulge_rich_hsb,7,2.1538029518809743e+20,6.98,127.0,2.142853119961194e-11,0.24482397954609045,0.11315834803771734,0.2610874859337042,0.4482567283918337,1.2082152681202527,0.7719371297316238,0.7217492256567719
NGC4010,external_151,bulge_rich_hsb,8,2.422256901470723e+20,7.85,129.0,1.9076335599896613e-11,0.21607751355796123,0.09390474259964451,0.23385158470405515,0.46672796496241997,1.2228994467646717,0.8199424912680572,0.7708212043680661
NGC4010,external_151,bulge_rich_hsb,9,2.6907108510604722e+20,8.72,127.0,1.6724140000181282e-11,0.18733104756983202,0.07465113716157165,0.20661568347440606,0.48213390387823546,1.2351040504494546,0.8663702268606884,0.8180115930591342
NGC4010,external_151,bulge_rich_hsb,10,2.9622504782317126e+20,9.6,124.0,1.5014975396639292e-11,0.16668824993546802,0.06341514090152255,0.18640663948629502,0.4952885925870232,1.2440999947238844,0.894286377708107,0.8469855228177063
NGC4010,external_151,bulge_rich_hsb,11,3.2307044278214617e+20,10.47,122.0,1.3606273921076647e-11,0.14981746707405647,0.055762404397515966,0.16950576119688096,0.5066198742135263,1.251139963518695,0.9136421025746846,0.8673601536327401
NGC4013,external_151,bulge_rich_hsb,0,1.6940369922387608e+20,5.490000000000001,198.0,1.158657183384134e-10,0.5054038468810044,0.4790774327944126,0.49516865304808794,0.09412026590828107,0.6263300212861512,0.29653868736856837,0.17382366984366743
NGC4013,external_151,bulge_rich_hsb,1,1.9038630677801733e+20,6.169999999999999,195.0,1.0695339399353714e-10,0.495481303423498,0.4317352934396378,0.47664930529783556,0.17291152897085652,0.8195251822611506,0.3270257396896917,0.23899754515135802
NGC4013,external_151,bulge_rich_hsb,2,2.135288886392026e+20,6.92,194.0,9.712362449551185e-11,0.48453732166889535,0.3795196985630478,0.45622355410270427,0.24015054713777048,0.9491022341509742,0.3661048076886751,0.29760402146851844
NGC4013,external_151,bulge_rich_hsb,3,2.3728860601668613e+20,7.6899999999999995,195.0,8.703172781087254e-11,0.47330150040083663,0.325911687823082,0.4352531162090361,0.2921605914682637,1.0336355688430898,0.41347245800836663,0.3552410556230108
NGC4013,external_151,bulge_rich_hsb,4,2.5796264581267826e+20,8.36,195.0,7.82504670593033e-11,0.46352487670005826,0.279265756399995,0.41700611180805214,0.33543874870876417,1.0939306671755096,0.4619886647213183,0.41044825600420726
NGC4013,external_151,bulge_rich_hsb,5,2.8141379543201264e+20,9.12,195.0,6.828963396797101e-11,0.45243497518872755,0.22635395359171717,0.39630801726365245,0.3740967350127836,1.1440342888103674,0.5271317712897859,0.47985374135223063
NGC4013,external_151,bulge_rich_hsb,6,3.048649450513471e+20,9.880000000000003,192.0,5.832880087663867e-11,0.44134507367739684,0.1734421507834391,0.37560992271925264,0.40516546429580147,1.182956418929118,0.6055226346062136,0.5605493443283192
NGC4013,external_151,bulge_rich_hsb,7,3.258475526054884e+20,10.560000000000002,188.0,4.9416476531762405e-11,0.4314225302198904,0.12610001142866417,0.35709057496900026,0.4317933955712338,1.2141213536900115,0.6895166718882689,0.646120539926738
NGC4013,external_151,bulge_rich_hsb,8,3.4899013446667364e+20,11.31,186.0,4.4758554730068615e-11,0.40156165337401334,0.10845122282338064,0.3340428271107392,0.45600734341403404,1.2312030538484366,0.7340669677737148,0.6921445689733552
NGC4013,external_151,bulge_rich_hsb,9,3.727498518441572e+20,12.080000000000002,186.0,4.09118755339257e-11,0.3674829080701447,0.09658404354683092,0.3099062210743061,0.47590962739436377,1.2428397268411722,0.7696333706533135,0.7286138495612601
NGC4013,external_151,bulge_rich_hsb,10,3.940410271564476e+20,12.77,186.0,3.746485131920023e-11,0.3369448116290158,0.08594981796135133,0.2882773143663335,0.49235750879789514,1.2520788632920268,0.8014272926905388,0.7610658757852504
NGC4013,external_151,bulge_rich_hsb,11,4.156407702268872e+20,13.47,185.0,3.396787023179758e-11,0.3059641340800443,0.07516147316448794,0.2663349452423034,0.5067617844194973,1.259936297259642,0.8332074715151225,0.7932725525337172
NGC4013,external_151,bulge_rich_hsb,12,4.3724051329732674e+20,14.17,180.0,3.047088914439494e-11,0.27498345653107287,0.0643731283676246,0.24439257611827336,0.5202349857314529,1.2671069018944323,0.8640629048265736,0.8245231184819788
NGC4013,external_151,bulge_rich_hsb,13,4.6223450170740684e+20,14.980000000000002,163.0,2.6424382457543292e-11,0.23913438679583443,0.05188947224553982,0.2190021204176099,0.5316980404769495,1.2731731578937198,0.8979570220230965,0.858479411536925
NGC4013,external_151,bulge_rich_hsb,14,4.838342447778464e+20,15.68,162.0,2.2927401370140645e-11,0.20815370924686305,0.04110112744867647,0.19705975129357983,0.5407861639738505,1.2779478626305247,0.9250747034229073,0.8856900775998195
NGC4013,external_151,bulge_rich_hsb,15,5.0512542009013685e+20,16.37,164.0,2.0525096828286187e-11,0.1867857069617399,0.03476078249074916,0.1808232291354953,0.5495010254630054,1.2820744157190005,0.9408616079326323,0.9019179959699067
NGC4013,external_151,bulge_rich_hsb,16,5.304279762583661e+20,17.19,166.0,1.8798468241826753e-11,0.1712954350929067,0.03186321665615441,0.16735135931498885,0.5572769613380406,1.2852549682562475,0.9493759278422739,0.910935036759224
NGC4013,external_151,bulge_rich_hsb,17,5.517191515706564e+20,17.88,166.0,1.7345573455659676e-11,0.15826093803254712,0.029425021014849083,0.1560152737343188,0.5637391675666629,1.287855643441167,0.9561074704082632,0.918091308021772
NGC4013,external_151,bulge_rich_hsb,18,5.7331889464109597e+20,18.58,166.0,1.587162222331626e-11,0.14503753521768956,0.026951489204829183,0.14451489705827672,0.5700541206653678,1.2903518054736833,0.9625112301026356,0.9249083201035363
NGC4013,external_151,bulge_rich_hsb,19,5.983128830511761e+20,19.39,166.0,1.4166050083033155e-11,0.12973616910335428,0.02408925953894899,0.13120731833314225,0.5756312756880242,1.2924385400744096,0.9693615152029565,0.9320488295661243
NGC4013,external_151,bulge_rich_hsb,20,6.199126261216156e+20,20.09,168.0,1.2692098850689743e-11,0.11651276628849672,0.0216157277289291,0.11970694165710019,0.5802371836441027,1.2941332302165771,0.9747771285007081,0.9377085554225191
NGC4013,external_151,bulge_rich_hsb,21,6.415123691920552e+20,20.79,172.0,1.1218147618346323e-11,0.1032893634736391,0.01914219591890919,0.10820656498105807,0.584286549364081,1.2955742334769653,0.979707214094958,0.9428358009618385
NGC4013,external_151,bulge_rich_hsb,22,6.628035445043457e+20,21.48,173.0,9.926878399095623e-12,0.09182686315501706,0.017072965088216756,0.09817029492288172,0.5882017691397438,1.2969728211186793,0.9835157061495939,0.9468738498397007
NGC4013,external_151,bulge_rich_hsb,23,6.881061006725749e+20,22.3,171.0,9.179660087629514e-12,0.08586249607023534,0.01641123318460023,0.09257498017107162,0.5918268693254058,1.2982719907453015,0.985034667873073,0.9486814774352093
NGC4013,external_151,bulge_rich_hsb,24,7.093972759848653e+20,22.99,170.0,8.550903215786085e-12,0.08084369937694343,0.01585440999741072,0.0878667275140607,0.5949423214628136,1.2993848337169112,0.9862606482597865,0.9501570454175327
NGC4013,external_151,bulge_rich_hsb,25,7.309970190553049e+20,23.69,172.0,7.913033925510139e-12,0.07575216649969073,0.01528951690895759,0.08309023931129597,0.5978657102114534,1.3004060335326901,0.9874552732264049,0.9515777837842344
NGC4013,external_151,bulge_rich_hsb,26,7.525967621257445e+20,24.39,173.0,7.275164635234191e-12,0.07066063362243803,0.014724623820504459,0.07831375110853125,0.6007946000503941,1.3014231919300243,0.9886000521678294,0.952949069725343
NGC4013,external_151,bulge_rich_hsb,27,7.775907505358244e+20,25.2,176.0,6.537058742200599e-12,0.06476900272161709,0.014070961818151553,0.07278667190247495,0.6034787835118219,1.3022990799948724,0.9898620459318999,0.9543959218520027
NGC4013,external_151,bulge_rich_hsb,28,7.99190493606264e+20,25.9,178.0,5.899189451924652e-12,0.0596774698443644,0.013506068729698423,0.06801018369971024,0.6057587986846508,1.3030360274627562,0.9908981033377169,0.955588318623342
NGC4013,external_151,bulge_rich_hsb,29,8.204816689185545e+20,26.59,180.0,5.270432580081219e-12,0.05465867315107246,0.012949245542508907,0.06330193104269928,0.6080376751837175,1.303772354545729,0.9918695240235622,0.9567180920372468
NGC4013,external_151,bulge_rich_hsb,30,8.457842250867838e+20,27.41,180.0,4.8853339649787166e-12,0.05175041379750267,0.012626418827709821,0.06045003773540363,0.610189426183669,1.304539042996934,0.9924251414868123,0.9574545048864026
NGC4013,external_151,bulge_rich_hsb,31,8.670754003990742e+20,28.1,180.0,4.599254121237757e-12,0.049623638514283766,0.012390304577589157,0.05833790872722852,0.6120812495882427,1.3052273104860377,0.9928236279965064,0.9580185218221565
NGC4013,external_151,bulge_rich_hsb,32,8.886751434695137e+20,28.8,180.0,4.309028192804902e-12,0.04746604040087331,0.01215076838181457,0.056195169153717556,0.6140413487003251,1.3059389351583168,0.9932181625229756,0.9585844877902729
NGC4013,external_151,bulge_rich_hsb,33,9.136691318795938e+20,29.61,178.0,3.973195332761168e-12,0.04496939115535547,0.011873590783846836,0.05371571336151199,0.6158965363653879,1.306591297058989,0.9936624368849208,0.959182753733089
NGC4013,external_151,bulge_rich_hsb,34,9.352688749500333e+20,30.309999999999995,174.0,3.682969404328312e-12,0.042811793041945004,0.01163405458807225,0.05157297378800103,0.6175330247389066,1.3071662175895078,0.9940357576971695,0.9596922023065371
NGC4013,external_151,bulge_rich_hsb,35,9.56868618020473e+20,31.01,170.0,3.3927434758954536e-12,0.04065419492853452,0.011394518392297662,0.049430234214490026,0.619088486341751,1.3077064633010689,0.9943992084174558,0.9601829483329712
NGC4051,external_151,bulge_rich_hsb,0,5.369078991794979e+19,1.74,121.0,1.4219525803775793e-10,0.5641165044102233,1.1151795202474302,0.6252735997762114,0.25349353101661004,0.7782316226621984,0.1254245129004064,0.08805066164157005
NGC4051,external_151,bulge_rich_hsb,1,1.0799871535219786e+20,3.5000000000000004,116.0,1.3135744097624204e-10,0.4868433362444817,0.929750816737229,0.5834768446914075,0.395641439301964,0.9773388014210544,0.1556449126732738,0.12903151339615035
NGC4051,external_151,bulge_rich_hsb,2,1.6168950527014765e+20,5.24,140.0,1.175785367869051e-10,0.5118624361606015,0.641010774248714,0.5352478384027314,0.48507374540530585,1.1236791036042784,0.22568287792177028,0.2034976343739231
NGC4051,external_151,bulge_rich_hsb,3,2.1538029518809743e+20,6.98,160.0,1.03730153297106e-10,0.4992429846715457,0.4776951011738141,0.49245057957388216,0.54677841954204,1.1981301838880483,0.2982926657596282,0.27781783173502933
NGC4051,external_151,bulge_rich_hsb,4,2.6907108510604722e+20,8.72,161.0,8.978448573191921e-11,0.47631634886883023,0.3483011736496585,0.45034737603252284,0.5916560873807434,1.2476567389026032,0.38932241294516096,0.3691723042210695
NGC4051,external_151,bulge_rich_hsb,5,3.2307044278214617e+20,10.47,154.0,7.588331476486336e-11,0.44365964133909064,0.2474446039698364,0.4082651445435661,0.6251153292340887,1.2817168243227601,0.4974554977027112,0.47681442144301983
NGC4051,external_151,bulge_rich_hsb,6,3.761440971837976e+20,12.189999999999998,153.0,6.404492521399758e-11,0.39480681579733323,0.18220435969878757,0.36450119949011756,0.6504646725109386,1.3023509899176648,0.600912036662182,0.5793900169428119
NGC4068,external_151,low_mass_dwarf,0,6.47992292113187e+18,0.20999999999999996,4.68,1.0152957342189101e-11,0.48131713490996175,0.504069275865881,0.4944497997515511,0.061566532438574594,0.5147486652781,0.2863385425868888,0.14096907419455942
NGC4068,external_151,low_mass_dwarf,1,1.974833652154475e+19,0.64,13.1,9.092448262967564e-12,0.334511828693445,0.4622241408853901,0.44215381306175827,0.10999585212702549,0.5972582702844677,0.32854299426517297,0.18476518999764457
NGC4068,external_151,low_mass_dwarf,2,3.2708182363808494e+19,1.06,22.5,7.663942498650607e-12,0.3313855576799208,0.2990059612557161,0.3862722710437546,0.14795763396257833,0.7536890795093661,0.4640420504076359,0.31755946203505175
NGC4068,external_151,low_mass_dwarf,3,4.566802820607223e+19,1.48,30.4,6.713777793250193e-12,0.30169555080983235,0.22791337326117794,0.345415493226519,0.17962099520599345,0.8434413272163481,0.559519407892356,0.4179250005249837
NGC4068,external_151,low_mass_dwarf,4,5.893644180648511e+19,1.91,36.0,5.9055674393499494e-12,0.2723045047334341,0.1795100803192807,0.31062993807300104,0.20615087564572826,0.9074123343609362,0.6420083865849389,0.5058467085817999
NGC4068,external_151,low_mass_dwarf,5,7.1896287648748855e+19,2.33,41.9,5.253691540436804e-12,0.2459721202512867,0.14701551479356229,0.28180454163077867,0.22851807202894286,0.9538476404400084,0.7070653660038569,0.5767161586524698
NGC4085,external_151,bulge_rich_hsb,0,2.6845394958974894e+19,0.87,42.2,1.8629165191393577e-10,0.736131309896292,2.3976956135818353,0.7507348159597358,0.1677331655962521,0.47387983519752,0.05263064890314341,0.024017575900402655
NGC4085,external_151,bulge_rich_hsb,1,5.369078991794979e+19,1.74,79.9,1.6313829892611082e-10,0.6034048728287196,1.8183132745707167,0.7075877215232927,0.28694145072188565,0.6897884592667374,0.07211801205300113,0.0458940291027417
NGC4085,external_151,bulge_rich_hsb,2,8.362186245841605e+19,2.71,112.0,1.2387462061921858e-10,0.6787774390767434,1.2454709222373141,0.6504461573948545,0.36990392407415784,0.9116231234119462,0.10987661371953152,0.08685734056279193
NGC4085,external_151,bulge_rich_hsb,3,1.1046725741739095e+20,3.58,127.0,9.084757175893226e-11,0.730944097864932,0.7717863974784129,0.5989712353382454,0.42787040707499113,1.0778307881196298,0.17784801528183797,0.1566722428391686
NGC4085,external_151,bulge_rich_hsb,4,1.3731265237636584e+20,4.45,130.0,7.133365304104532e-11,0.6878166082755744,0.5456784319372822,0.5461119212223962,0.47214555771495226,1.1571048104080468,0.2512553364629275,0.23006021626651757
NGC4085,external_151,bulge_rich_hsb,5,1.6415804733534074e+20,5.32,133.0,5.304158684772973e-11,0.6384989199992553,0.33862462089038736,0.49275738159317206,0.5067828613882585,1.2218488614383258,0.3747286287411616,0.3521448975457881
NGC4085,external_151,bulge_rich_hsb,6,1.9131201005246477e+20,6.2,136.0,4.145430899036311e-11,0.5535810963818638,0.23702736319750362,0.43598685572944407,0.5339933823657778,1.2527596318333931,0.4917851838904837,0.46712273641544766
NGC4088,external_151,bulge_rich_hsb,0,5.369078991794979e+19,1.74,84.9,2.276106212844867e-10,0.7326001777124342,0.8806117661082686,0.606146582432113,0.24765963879438704,0.8676547472635203,0.15778350466753213,0.12035955393138546
NGC4088,external_151,bulge_rich_hsb,1,1.0799871535219786e+20,3.5000000000000004,136.0,1.9314747211943983e-10,0.5815347744119348,0.6266570070625269,0.5434059854980893,0.3837132833674136,1.0572192935050597,0.22699972476804178,0.19771510355093216
NGC4088,external_151,bulge_rich_hsb,2,1.6168950527014765e+20,5.24,162.0,1.4828011883031569e-10,0.5946491963036891,0.4263643530668915,0.5022194888772026,0.4715333474823174,1.176064814884729,0.3183410737578726,0.2938605966420438
NGC4088,external_151,bulge_rich_hsb,3,2.1538029518809743e+20,6.98,179.0,1.0127826472018514e-10,0.6398850715332768,0.23611094115472414,0.465153604094169,0.5331491269184792,1.2592745876883302,0.47658114735827367,0.4536424616483204
NGC4088,external_151,bulge_rich_hsb,4,2.6907108510604722e+20,8.72,182.0,7.289410397000082e-11,0.5659951320396283,0.14083518914390247,0.406721620527802,0.5764526634706878,1.2945842246387897,0.6358058528528474,0.6117058533166099
NGC4088,external_151,bulge_rich_hsb,5,3.2307044278214617e+20,10.47,179.0,5.406390135766502e-11,0.42950550323328646,0.09458332459864138,0.33680226719017553,0.6065042260123997,1.3079827381985347,0.7584038071948783,0.7323623705874868
NGC4088,external_151,bulge_rich_hsb,6,3.761440971837976e+20,12.189999999999998,174.0,4.040046548820596e-11,0.32508725082163825,0.0647082962107747,0.27801871187040156,0.6282755694398687,1.3164109466019007,0.8475286100828621,0.8202535697299097
NGC4088,external_151,bulge_rich_hsb,7,4.3014345485989655e+20,13.94,171.0,3.1804426218233786e-11,0.2514134538120238,0.05138167299448526,0.22909430070493814,0.6445734536534813,1.3208725614373071,0.894684468433325,0.8668877668798155
NGC4088,external_151,bulge_rich_hsb,8,4.838342447778464e+20,15.68,168.0,2.458365747895656e-11,0.19052451019163066,0.040958333097988055,0.18753777037885902,0.6568539906026041,1.3239856017903184,0.9286669167045974,0.9005250885152863
NGC4088,external_151,bulge_rich_hsb,9,5.375250346957962e+20,17.42,165.0,2.0381793403288637e-11,0.15778118116135584,0.03697079424526477,0.1621173751452699,0.6671387653897286,1.3265377432904595,0.943453117349415,0.9154484980601302
NGC4088,external_151,bulge_rich_hsb,10,5.949186377115356e+20,19.28,171.0,1.626724280527105e-11,0.12617527296325712,0.033056937127601126,0.13727844675364567,0.6764010736665947,1.3287636253104016,0.9565899025523347,0.9287079757597713
NGC4088,external_151,bulge_rich_hsb,11,6.628035445043457e+20,21.48,174.0,1.3367403179889751e-11,0.10650233991461677,0.030246283741831095,0.12007567422934727,0.6847174711299275,1.331062153615518,0.9649543729886834,0.9373577666458947
NGC4100,external_151,bulge_rich_hsb,0,8.053618487692468e+19,2.61,120.0,1.4202474845113458e-10,0.5906983718998609,0.7604466272678754,0.5671515422315655,0.13476409588305605,0.6715899961117608,0.18822166157619516,0.11711744210182298
NGC4100,external_151,bulge_rich_hsb,1,1.0799871535219786e+20,3.5000000000000004,148.0,1.240679054572972e-10,0.5503001901753292,0.5927448555837616,0.5307426627168199,0.2306933829860812,0.8819767563076022,0.24119925254529553,0.18620506674888665
NGC4100,external_151,bulge_rich_hsb,2,1.3484411031117275e+20,4.37,168.0,1.0349902693867838e-10,0.5690677176497856,0.45241018593106874,0.49961307574844704,0.30264746635201945,1.023793367557726,0.3067201986109074,0.26196579741024684
NGC4100,external_151,bulge_rich_hsb,3,1.6168950527014765e+20,5.24,182.0,8.293014842005956e-11,0.587835245124242,0.31207551627837593,0.4684834887800742,0.35887620794239883,1.1243588195300227,0.40617016900791464,0.3663618152605499
NGC4100,external_151,bulge_rich_hsb,4,1.8853490022912256e+20,6.110000000000001,190.0,6.236126990144072e-11,0.6066027725986984,0.171740846625683,0.4373539018117013,0.403757718667089,1.2017018474299574,0.5710646258331565,0.5326059437100236
NGC4100,external_151,bulge_rich_hsb,5,2.1538029518809743e+20,6.98,194.0,5.340017912742427e-11,0.5299085480829641,0.13507183627426306,0.39163488865517665,0.4389292722956964,1.2262996351430249,0.6540271834099299,0.6156001763652114
NGC4100,external_151,bulge_rich_hsb,6,2.422256901470723e+20,7.85,195.0,4.4970493470104444e-11,0.44884407967816475,0.10314864510824662,0.34524797082149616,0.46666372906118436,1.2434585900119544,0.7373986293882647,0.698243999331062
NGC4100,external_151,bulge_rich_hsb,7,2.6907108510604722e+20,8.72,193.0,3.65408078127846e-11,0.3677796112733654,0.07122545394223014,0.2988610529878156,0.48866921585908746,1.2568955432305746,0.8244939735360648,0.784206196658015
NGC4100,external_151,bulge_rich_hsb,8,2.9622504782317126e+20,9.6,192.0,2.997592428314627e-11,0.30179837106846913,0.04923118312203656,0.25814777520129456,0.5062655560683267,1.2663650055991578,0.8872412196912827,0.8464437112491094
NGC4100,external_151,bulge_rich_hsb,9,3.2307044278214617e+20,10.47,192.0,2.6062776421988443e-11,0.257606284490488,0.04101280348691683,0.22605122859003396,0.52070859353574,1.272178233010655,0.915155941897413,0.8746547621145663
NGC4100,external_151,bulge_rich_hsb,10,3.5022440549927014e+20,11.35,191.0,2.210464984978283e-11,0.21290624289436932,0.03269995971806012,0.19358575615565554,0.5322260885978346,1.2764275611368798,0.9404661736343298,0.9000124694624345
NGC4100,external_151,bulge_rich_hsb,11,3.761440971837976e+20,12.189999999999998,189.0,1.8326438121768374e-11,0.17023802137080143,0.024764972484151427,0.1625959870137488,0.5417441317716836,1.2797273594985314,0.9612918056666101,0.9208576176157636
NGC4100,external_151,bulge_rich_hsb,12,4.048408986916673e+20,13.12,185.0,1.602427957601066e-11,0.14630233789344738,0.021948418957154915,0.1432868099756508,0.549726815646978,1.2823919873272878,0.9695097056761505,0.9294679253007649
NGC4100,external_151,bulge_rich_hsb,13,4.3014345485989655e+20,13.94,182.0,1.4208143177070395e-11,0.12784582428560556,0.020143224259635908,0.12796608128905734,0.5565856528264638,1.2846568839379922,0.9748712367043472,0.9352336223600934
NGC4100,external_151,bulge_rich_hsb,14,4.5853168860961715e+20,14.86,179.0,1.2170526729478877e-11,0.10713851633534402,0.018117883867297506,0.11077697105531835,0.5623566302910513,1.2862756744915615,0.9803244539571945,0.9409117979970111
NGC4100,external_151,bulge_rich_hsb,15,4.838342447778464e+20,15.68,176.0,1.0671337177965545e-11,0.09251112999116502,0.016737064821252645,0.09841098618819089,0.5673872541494143,1.287838685231193,0.9837957907720108,0.9446740444483045
NGC4100,external_151,bulge_rich_hsb,16,5.12531046285716e+20,16.61,174.0,9.563066317612701e-12,0.08307401408294594,0.015963711214235544,0.0899053573291919,0.5718576182895975,1.2893685538235653,0.9858508404054316,0.9470673557070827
NGC4100,external_151,bulge_rich_hsb,17,5.375250346957962e+20,17.42,178.0,8.597798148918282e-12,0.07485459054998089,0.01529014516941419,0.08249722896812822,0.5758791087697582,1.2907476070264732,0.987543183541046,0.9490704497176462
NGC4100,external_151,bulge_rich_hsb,18,5.662218362036659e+20,18.35,177.0,7.489527288565435e-12,0.06541747464176179,0.014516791562397087,0.07399160010912921,0.5794222476702461,1.291836196493616,0.989372941071443,0.9511260513224091
NGC4100,external_151,bulge_rich_hsb,19,5.912158246137459e+20,19.159999999999997,169.0,6.874768673047051e-12,0.060663253914889616,0.014005385355053376,0.06943266215815602,0.5826936570651904,1.293076509459518,0.9903693396475245,0.952421437631951
NGC4100,external_151,bulge_rich_hsb,20,6.199126261216156e+20,20.09,158.0,6.221931004410145e-12,0.055728635469640714,0.013442733486922941,0.06462911750917644,0.5858986227241288,1.2942780569742718,0.9913869098169412,0.9537259125527195
NGC4100,external_151,bulge_rich_hsb,21,6.486094276294853e+20,21.02,158.0,5.569093335773238e-12,0.05079401702439181,0.012880081618792505,0.05982557286019686,0.5888218131108242,1.2953474158963878,0.9923533393619589,0.9549447942750059
NGC4100,external_151,bulge_rich_hsb,22,6.77306229137355e+20,21.95,158.0,5.0266415099526865e-12,0.04672982323960483,0.012341796340949673,0.05576253192098662,0.5913372153307767,1.2962892722779416,0.9931649414195901,0.9559797917945255
NGC4100,external_151,bulge_rich_hsb,23,7.023002175474351e+20,22.759999999999998,159.0,4.6651572257943086e-12,0.044065102097260195,0.011897463594708597,0.05296820196042763,0.5935362783447095,1.2971657345111431,0.9937375923498226,0.9567667315780763
NGC4138,calibration_24,bulge_rich_hsb,0,8.053618487692468e+19,2.61,179.0,2.3854859734248375e-10,0.7106791144520306,1.1533788774477651,0.6270497451283306,0.3372531226502505,0.9036792346112683,0.12147333583323576,0.09543050356037477
NGC4138,calibration_24,bulge_rich_hsb,1,1.6168950527014765e+20,5.24,195.0,1.1414852118402866e-10,0.9811581197079218,0.3035318894586684,0.5611235228972338,0.4904486154102729,1.2500594669920577,0.3699334609704963,0.3510681007483481
NGC4138,calibration_24,bulge_rich_hsb,2,2.422256901470723e+20,7.85,181.0,4.1235402331805964e-11,0.7634110299896816,0.03737428973873019,0.4136042519421569,0.5666748834894081,1.3266069349864573,0.8661145781307575,0.8404200977114706
NGC4138,calibration_24,bulge_rich_hsb,3,3.286246624288306e+20,10.65,162.0,1.5847471842041878e-11,0.2795874931805027,0.01870223241847118,0.22493786061086962,0.6004433723756029,1.3141814489109451,0.9596299039213863,0.9282065238726056
NGC4138,calibration_24,bulge_rich_hsb,4,4.156407702268872e+20,13.47,145.0,6.832576842194359e-12,0.13023334371478867,0.021477485721097995,0.13128458343937613,0.6171144572628214,1.3103484999696875,0.9725766191955857,0.9397762331352836
NGC4138,calibration_24,bulge_rich_hsb,5,4.946341163130662e+20,16.03,147.0,3.530059110973266e-12,0.08416596084598676,0.02248646794099664,0.09634488945577592,0.6279352148535212,1.3113223621133245,0.9787948378835553,0.9460297569059634
NGC4138,calibration_24,bulge_rich_hsb,6,5.7331889464109597e+20,18.58,150.0,2.2038018297441153e-12,0.0656471194710742,0.02120262165358062,0.07985907863088221,0.6364351474061551,1.313706307536581,0.9833497080793862,0.9510309216732691
NGC4157,external_151,bulge_rich_hsb,0,5.369078991794979e+19,1.74,96.4,2.399402770162179e-10,0.7540711745525678,1.065482870223289,0.6280697043119567,0.2543387937884445,0.834746348140683,0.13000562084166845,0.09635057726720889
NGC4157,external_151,bulge_rich_hsb,1,1.0799871535219786e+20,3.5000000000000004,157.0,2.0135478335423633e-10,0.6279729514813319,0.6811385043495393,0.5561467087535845,0.3907666830061029,1.0560930191369877,0.2088498287935751,0.18179099755267136
NGC4157,external_151,bulge_rich_hsb,2,1.6168950527014765e+20,5.24,192.0,1.5551069911825812e-10,0.6150412480339219,0.427757685518249,0.5076687862309004,0.47752813466325156,1.181484720362905,0.31529904261016267,0.2917053918019754
NGC4157,external_151,bulge_rich_hsb,3,2.1538029518809743e+20,6.98,201.0,1.0561114265933083e-10,0.6609803768557497,0.24107849192000336,0.47111311098383923,0.5385161375427646,1.2621159944884712,0.4682190725232791,0.44608884627091644
NGC4157,external_151,bulge_rich_hsb,4,2.6907108510604722e+20,8.72,201.0,6.575718418525417e-11,0.6441252430731123,0.1022360793029244,0.4221321187501199,0.5823275014194798,1.310477023674619,0.6985331297565648,0.674998041354948
NGC4157,external_151,bulge_rich_hsb,5,3.2307044278214617e+20,10.47,194.0,4.943357138154447e-11,0.47865510712186876,0.0757371002063203,0.34348183201573396,0.6121187344874954,1.3172448794649956,0.7935606178911438,0.7681886368097777
NGC4157,external_151,bulge_rich_hsb,6,3.761440971837976e+20,12.189999999999998,190.0,3.338979194018409e-11,0.3160216020726468,0.04969238932280086,0.26617983591108046,0.6324356317909463,1.3207792323913283,0.8831806994090747,0.8557210149792819
NGC4157,external_151,bulge_rich_hsb,7,4.3014345485989655e+20,13.94,186.0,2.632020257103096e-11,0.24840707617593238,0.0432058317396958,0.22302789713999646,0.647974270787978,1.323738398094343,0.9121082810536606,0.8844131231712856
NGC4157,external_151,bulge_rich_hsb,8,4.838342447778464e+20,15.68,184.0,1.991580934233316e-11,0.18778577898021487,0.038107507156610404,0.18251926207019326,0.6597131875517619,1.3254564679209486,0.9349695567367746,0.9069717381809769
NGC4157,external_151,bulge_rich_hsb,9,5.375250346957962e+20,17.42,182.0,1.557779683160432e-11,0.14944079103674313,0.03495884224770762,0.15531185142603346,0.66910269349214,1.3271867955608236,0.9485009285466298,0.9204951619720971
NGC4157,external_151,bulge_rich_hsb,10,5.912158246137459e+20,19.159999999999997,181.0,1.2704298193702619e-11,0.12688377655411912,0.033191967061919625,0.137531468205982,0.6769950072135053,1.3289705673756709,0.9563434936767516,0.9285161629732279
NGC4157,external_151,bulge_rich_hsb,11,6.449066145316957e+20,20.9,183.0,1.0151841898326375e-11,0.10702981740670296,0.031455954459748726,0.12158881639546407,0.6836841399004543,1.3304802034333563,0.9631620167834982,0.9354834208674513
NGC4157,external_151,bulge_rich_hsb,12,6.989059722077947e+20,22.65,185.0,8.673900166357557e-12,0.09623227193231638,0.029814670674618998,0.11178931703469244,0.6895942691443773,1.3321932613587657,0.9677454161925718,0.9403283001729545
NGC4157,external_151,bulge_rich_hsb,13,7.525967621257445e+20,24.39,186.0,7.204403815714274e-12,0.08549642671778344,0.028182765653975723,0.10204581481312522,0.6947850245001378,1.333657649339481,0.9720446445245429,0.9448411407031931
NGC4157,external_151,bulge_rich_hsb,14,8.062875520436942e+20,26.13,186.0,6.288276855210981e-12,0.07831199415808517,0.02656809763402306,0.0948577649272049,0.6994568366609059,1.335128514509573,0.9754176191920516,0.9484557389782972
NGC4157,external_151,bulge_rich_hsb,15,8.59978341961644e+20,27.869999999999997,184.0,5.449154494338531e-12,0.0716217615206852,0.02495582824391994,0.0880253212375948,0.7036659997088796,1.3364656430825426,0.9785047478541021,0.9517621828478163
NGC4157,external_151,bulge_rich_hsb,16,9.136691318795938e+20,29.61,185.0,4.774665785039763e-12,0.06586715914525038,0.02340877560034699,0.08192858222157175,0.7074790600408483,1.337702681701422,0.9811824146806052,0.9546477641724066
NGC4183,external_151,bulge_rich_hsb,0,2.6845394958974894e+19,0.87,47.1,2.931132501849089e-11,0.501507542633376,0.46509104967229986,0.48524192127327515,0.11525181931957747,0.6833977081832353,0.3070482861845279,0.1938799152738829
NGC4183,external_151,bulge_rich_hsb,1,5.369078991794979e+19,1.74,65.9,2.754093084185172e-11,0.42141749366897,0.403250420537353,0.4447480673955177,0.19978201136109308,0.8570033910995458,0.35798047364960195,0.2705917350091967
NGC4183,external_151,bulge_rich_hsb,2,8.053618487692468e+19,2.61,76.1,2.577053666521255e-11,0.341327444704564,0.34140979140240607,0.40425421351776025,0.2643978619161583,0.9628576841162824,0.4201392105289749,0.3448616750340339
NGC4183,external_151,bulge_rich_hsb,3,1.0799871535219786e+20,3.5000000000000004,85.7,2.3104352271097354e-11,0.3107704693180661,0.2798724021999378,0.36776464521487984,0.3147367499862806,1.0437365475713587,0.49278762269071025,0.42591127572973997
NGC4183,external_151,bulge_rich_hsb,4,1.3484411031117275e+20,4.37,96.6,2.036109522671879e-11,0.2891303932147399,0.21999420134061415,0.332885690051697,0.3542795060908692,1.102986328581234,0.5772574815583428,0.5152357665700279
NGC4183,external_151,bulge_rich_hsb,5,1.6168950527014765e+20,5.24,99.3,1.7617838182340226e-11,0.26749031711141363,0.16011600048129054,0.29800673488851415,0.38599783857401904,1.1487309315140048,0.6769763553475117,0.6175681645209735
NGC4183,external_151,bulge_rich_hsb,6,1.8853490022912256e+20,6.110000000000001,103.0,1.5704026851879313e-11,0.2424908681245181,0.12910153443683506,0.26932209999553625,0.412096471360785,1.1766887687801186,0.7420054678053217,0.6851230435203104
NGC4183,external_151,bulge_rich_hsb,7,2.1538029518809743e+20,6.98,107.0,1.4089423226538776e-11,0.21627958545849138,0.10849914444539688,0.24287195534312478,0.433799651077422,1.1961540928296803,0.7914435495210557,0.7365479186694532
NGC4183,external_151,bulge_rich_hsb,8,2.422256901470723e+20,7.85,111.0,1.2474819601198239e-11,0.1900683027924647,0.0878967544539587,0.21642181069071334,0.4518320938197231,1.212025979939383,0.840175337936144,0.7866807785926448
NGC4183,external_151,bulge_rich_hsb,9,2.6907108510604722e+20,8.72,114.0,1.1194518583948197e-11,0.1697556523214228,0.07414037547507678,0.19555375254364907,0.46725125653963967,1.2241200090711288,0.8733744313222003,0.8214149458084677
NGC4183,external_151,bulge_rich_hsb,10,2.9622504782317126e+20,9.6,115.0,1.0133655794203666e-11,0.15334108009663389,0.06502100320291829,0.17835567172769126,0.4805769307389162,1.2334938398127875,0.8960825222683166,0.8455890071041069
NGC4183,external_151,bulge_rich_hsb,11,3.2307044278214617e+20,10.47,111.0,9.084848263433507e-12,0.1371130371016721,0.056005260161125225,0.16135302364827842,0.49207064130853717,1.2414447744731567,0.9171230892209424,0.8678298046458428
NGC4183,external_151,bulge_rich_hsb,12,3.5022440549927014e+20,11.35,110.0,8.201798251957459e-12,0.12368316148294868,0.049080888520978465,0.147151743757156,0.5026240292090244,1.24829913473515,0.9326414771079135,0.8845609420996139
NGC4183,external_151,bulge_rich_hsb,13,3.798469102815873e+20,12.31,111.0,7.462135897209942e-12,0.11278674120120177,0.04428804870034562,0.13542901717213723,0.5116078081014662,1.253725814520025,0.9434150332339394,0.896388494375804
NGC4183,external_151,bulge_rich_hsb,14,4.048408986916673e+20,13.12,109.0,6.838045785391727e-12,0.10359288658847784,0.04024409010168667,0.12553796661602767,0.5195162746503484,1.2583853733443637,0.9519080694765396,0.9058312645689666
NGC4183,external_151,bulge_rich_hsb,15,4.335377001995371e+20,14.05,108.0,6.219442613325704e-12,0.09458891598321194,0.03638993552451697,0.11574717735541729,0.5270641517388399,1.2627212185901884,0.9595820921318381,0.9144040173370771
NGC4183,external_151,bulge_rich_hsb,16,4.6223450170740684e+20,14.980000000000002,109.0,5.746835694475739e-12,0.08789825933557656,0.033711727352796206,0.10829007193658868,0.5343492749304835,1.2667119576842623,0.964779328032622,0.9205167096587704
NGC4183,external_151,bulge_rich_hsb,17,4.946341163130662e+20,16.03,111.0,5.213247237709649e-12,0.08034429215276243,0.03068794393311148,0.09987075936694349,0.5408393552028407,1.2702400374277385,0.9702631022082607,0.9267680960185459
NGC4183,external_151,bulge_rich_hsb,18,5.230223500627867e+20,16.95,110.0,4.828922970678578e-12,0.07491254170697162,0.0285340758957252,0.09370571657818394,0.5464097595712862,1.2731890996138255,0.973958245709157,0.9311438850132027
NGC4183,external_151,bulge_rich_hsb,19,5.517191515706564e+20,17.88,109.0,4.50011634677303e-12,0.0702733750339601,0.026712338638636753,0.08834316307764192,0.5518950812019355,1.2760278062063772,0.9769455266770484,0.9348092965285674
NGC4183,external_151,bulge_rich_hsb,20,5.841187661763158e+20,18.93,110.0,4.12888306171838e-12,0.06503560620959224,0.02465553850966593,0.08228866718993322,0.557160500086185,1.2787323408739892,0.9801147324780211,0.9386084745634221
NGC4183,external_151,bulge_rich_hsb,21,6.16209813023826e+20,19.97,112.0,3.83803700611984e-12,0.06085178455165232,0.023007099448578466,0.07733636388998263,0.561997471866396,1.2811695739594655,0.9825181970206098,0.9415968443004971
NGC4183,external_151,bulge_rich_hsb,22,6.486094276294853e+20,21.02,113.0,3.5648805281425972e-12,0.056895384781222025,0.021446444202964963,0.07261488044444202,0.5664649893766266,1.2833955091221112,0.9846654991156034,0.9442783406669147
NGC4214,external_151,low_mass_dwarf,0,6.47992292113187e+18,0.20999999999999996,55.5,8.18206384609704e-11,0.9101167741344777,1.5276710284386819,0.7004289484741544,0.08322023567821614,0.508662075131546,0.08546825834399564,0.041623823311488256
NGC4214,external_151,low_mass_dwarf,1,1.9439768763395613e+19,0.63,63.2,6.99327376041536e-11,0.7574543009262714,1.143014538396697,0.6408871274841091,0.14737147727403307,0.6537021289411087,0.12011387215205177,0.07304478380305846
NGC4214,external_151,low_mass_dwarf,2,3.209104684751022e+19,1.04,66.6,5.795809600093905e-11,0.6337671788156239,0.7778932530647187,0.5843812279891337,0.19851051863694713,0.7984256359931424,0.18031461545702251,0.12915184576719974
NGC4214,external_151,low_mass_dwarf,3,4.505089268977396e+19,1.46,70.5,4.269076193273557e-11,0.712688996467581,0.48806842536338024,0.5396284970210138,0.2410512534112077,0.9673278785936218,0.27519732067259983,0.22658982919642234
NGC4214,external_151,low_mass_dwarf,4,5.80107385320377e+19,1.88,76.1,2.7423427864532097e-11,0.7916108141195379,0.19824359766204191,0.4948757660528938,0.2762785963709633,1.1158079824659275,0.5047803907967587,0.45342713841100485
NGC4214,external_151,low_mass_dwarf,5,7.097058437430144e+19,2.3,78.8,2.005562315073052e-11,0.6753702887357214,0.12012032810181009,0.4347561957054416,0.30430917819358866,1.1497495793385104,0.6569307045502514,0.5995554396935593
NGC4214,external_151,low_mass_dwarf,6,8.362186245841605e+19,2.71,80.1,1.5535421228845984e-11,0.49587970373817725,0.11546955847885934,0.3708698930695569,0.3268188736784252,1.1445921069408216,0.7001615415222848,0.6375261736109175
NGC4214,external_151,low_mass_dwarf,7,9.689027605882893e+19,3.14,80.1,1.1853985556006506e-11,0.35712439786253125,0.11068177785450987,0.31789790322645034,0.3449853396934579,1.1416164265090727,0.7397242768156908,0.6726366993898036
NGC4214,external_151,low_mass_dwarf,8,1.0954155414294353e+20,3.55,80.1,1.0084729109279605e-11,0.30616345957343244,0.10626436691735704,0.29044986635802705,0.3603802951928891,1.149471591278947,0.7641493455490519,0.6973229298665004
NGC4214,external_151,low_mass_dwarf,9,1.2219283222705814e+20,3.96,80.4,8.3154726625527e-12,0.2552025212843335,0.10184695598020418,0.26300182948960377,0.37386821566317013,1.155436094822176,0.7887310166373535,0.7216660221813598
NGC4214,external_151,low_mass_dwarf,10,1.3515267806932188e+20,4.38,80.1,7.406621574854986e-12,0.23247430067958155,0.09648472348203621,0.24710940630504494,0.38617652373075523,1.1646369173941191,0.8074786558339193,0.7417861897947419
NGC4214,external_151,low_mass_dwarf,11,1.4811252391158563e+20,4.8,80.4,6.533950890003474e-12,0.2109263491592881,0.09108897250802847,0.2317065015229241,0.39728598100839413,1.1727296593227095,0.825723553505051,0.7611620019519147
NGC4214,external_151,low_mass_dwarf,12,1.6107236975384936e+20,5.22,80.6,5.8733109572632644e-12,0.1944997414382744,0.08565896031292532,0.2186739994438416,0.40728942985089267,1.1804076243565527,0.8422372731951653,0.7788683597196562
NGC4214,external_151,low_mass_dwarf,13,1.7372364783796398e+20,5.63,80.6,5.3694447721966075e-12,0.1818709943905965,0.08033544333695741,0.20752860221793704,0.4163716374428205,1.1876246316442187,0.857104393253887,0.7949501995580817
NGC4217,external_151,bulge_rich_hsb,0,2.6845394958974894e+19,0.87,47.8,3.000628048158496e-11,0.4861705727669966,0.41777879088157044,0.4687123310496055,0.11176459694416999,0.6843579481214415,0.33804560919212334,0.21370420743404075
NGC4217,external_151,bulge_rich_hsb,1,5.369078991794979e+19,1.74,98.9,2.8248817232316113e-11,0.4085981386671222,0.366204413113857,0.42928530895037337,0.1942443346271692,0.8559748787450507,0.38879315454514773,0.2936205913605903
NGC4217,external_151,bulge_rich_hsb,2,8.053618487692468e+19,2.61,146.0,2.649135398304727e-11,0.3310257045672478,0.3146300353461434,0.38985828685114116,0.2575725669942109,0.9596744458355436,0.44911297063648503,0.3678256845648895
NGC4217,external_151,bulge_rich_hsb,3,1.0799871535219786e+20,3.5000000000000004,164.0,2.395128516991956e-11,0.2940293258400812,0.2599284255150131,0.35329994051852864,0.3069358703397579,1.0377975961419958,0.521287566829198,0.44897832713489577
NGC4217,external_151,bulge_rich_hsb,4,1.3484411031117275e+20,4.37,174.0,2.121166250149615e-11,0.27251103388402237,0.20578470781294803,0.31886843792966396,0.3457507283622284,1.096207454389049,0.6037981986180043,0.5370668268049913
NGC4217,external_151,bulge_rich_hsb,5,1.6168950527014765e+20,5.24,175.0,1.847203983307274e-11,0.25099274192796356,0.15164099011088294,0.2844369353407993,0.37688012069726595,1.14097407677359,0.6986543292363192,0.6351046155361754
NGC4217,external_151,bulge_rich_hsb,6,1.8853490022912256e+20,6.110000000000001,184.0,1.6273486066226896e-11,0.2275492193857157,0.11498495655783422,0.25397547188470915,0.402274352052995,1.1713407324446314,0.7739736883194454,0.7130409526653595
NGC4217,external_151,bulge_rich_hsb,7,2.1538029518809743e+20,6.98,185.0,1.4641740582856404e-11,0.20208888042568748,0.09664852002017964,0.22767290771042403,0.4233413126287571,1.1903547707047475,0.8196435808191034,0.7610396900621221
NGC4217,external_151,bulge_rich_hsb,8,2.422256901470723e+20,7.85,188.0,1.300999509948591e-11,0.17662854146565926,0.07831208348252505,0.20137034353613892,0.4407742787508953,1.2057217986725868,0.8637836419180915,0.8068578431506793
NGC4217,external_151,bulge_rich_hsb,9,2.6907108510604722e+20,8.72,190.0,1.1504903818060926e-11,0.15338205221459209,0.06230776403594391,0.17720779572667308,0.4553472549900707,1.2180374127561338,0.9005648399472922,0.8451108609283231
NGC4217,external_151,bulge_rich_hsb,10,2.9622504782317126e+20,9.6,191.0,1.0433873634221124e-11,0.13775791788856623,0.054430515506695136,0.160393951552542,0.46789776473879136,1.226991710712452,0.9197066188328709,0.8658845183832001
NGC4217,external_151,bulge_rich_hsb,11,3.2307044278214617e+20,10.47,191.0,9.375014247924956e-12,0.12231133054351792,0.04664278116527874,0.14377117378948057,0.4786659274629978,1.2345275715578734,0.9371554132529483,0.8846676083575118
NGC4217,external_151,bulge_rich_hsb,12,3.5022440549927014e+20,11.35,189.0,8.303984064085156e-12,0.10668719621749209,0.03876553263602999,0.1269573296153495,0.4876645756028022,1.240796607174543,0.9530928809516236,0.9016663092889806
NGC4217,external_151,bulge_rich_hsb,13,3.761440971837976e+20,12.189999999999998,186.0,7.648214069515167e-12,0.09779165902108322,0.035253766707356665,0.11718015380703231,0.4959286511376178,1.2458866755377982,0.9603284310476846,0.9100836362212146
NGC4217,external_151,bulge_rich_hsb,14,4.048408986916673e+20,13.12,183.0,6.932189763787834e-12,0.0881073181156676,0.03147513420677735,0.1065266464838156,0.5031322525341989,1.2502508738853195,0.9675583444590167,0.9182744981371573
NGC4217,external_151,bulge_rich_hsb,15,4.3014345485989655e+20,13.94,179.0,6.300856504974485e-12,0.07956843688723664,0.028143436733148276,0.09713323142463529,0.5094874430075258,1.2540337236159926,0.973390776940091,0.9249634359668529
NGC4217,external_151,bulge_rich_hsb,16,4.5853168860961715e+20,14.86,177.0,5.76825983384657e-12,0.07268842807753055,0.02562531246547824,0.08943640175359276,0.515553445676935,1.2575153633918428,0.9775951255138982,0.9300131850921588
NGC4217,external_151,bulge_rich_hsb,17,4.872284901174869e+20,15.790000000000001,177.0,5.304736858975539e-12,0.06688395948236867,0.023599502370723786,0.08286669560508417,0.5210707978357572,1.2605989851280024,0.9808189787097075,0.9340077751512565
NGC4217,external_151,bulge_rich_hsb,18,5.159252916253565e+20,16.72,178.0,4.841213884104509e-12,0.06107949088720679,0.021573692275969336,0.07629698945657559,0.5260407614262813,1.2633421072553457,0.9838064690567166,0.9376729260879417
NGC4389,external_151,ordinary_disk,0,2.6845394958974894e+19,0.87,27.3,1.1967848529646362e-10,0.5430598829582974,2.2403430191582747,0.7355024404725533,0.16489104065331278,0.44174561490512587,0.05721551240558095,0.02446067077576219
NGC4389,external_151,ordinary_disk,1,5.369078991794979e+19,1.74,52.7,1.170588193071707e-10,0.49912528472457407,1.8510009494002626,0.697741842716749,0.28342386287993665,0.6571463694107288,0.07186381909911266,0.04389873344530903
NGC4389,external_151,ordinary_disk,2,8.362186245841605e+19,2.71,69.2,1.1182174303550697e-10,0.5356767429538227,1.2937568530401635,0.6445754260423876,0.3664906625880075,0.8728497141340144,0.10707510826559787,0.08203702925661488
NGC4389,external_151,ordinary_disk,3,1.1046725741739095e+20,3.58,83.5,1.0459817472024446e-10,0.5541814064230983,0.9603264779783353,0.601838566481977,0.42531200818532605,1.0078003794000694,0.1475009988000307,0.12473568065283315
NGC4389,external_151,ordinary_disk,4,1.3731265237636584e+20,4.45,95.9,9.417949788963716e-11,0.5657981393747341,0.7316186383863956,0.5638682742202852,0.47130432994391475,1.0989772544627543,0.19510804086731418,0.17379111786668883
NGC4389,external_151,ordinary_disk,5,1.6415804733534074e+20,5.32,110.0,8.334782724397964e-11,0.5624611183791697,0.560243863229836,0.5277262994400421,0.5081445154074975,1.1629765674006283,0.2527451786618711,0.2320169669211155
NGC4559,external_151,bulge_rich_hsb,0,2.0674039795992162e+19,0.67,43.8,8.227734035954711e-11,0.7161384874166169,1.0322213233535154,0.6236833809862627,0.11118346372627544,0.597623630329652,0.13444848765420306,0.07565141835154492
NGC4559,external_151,bulge_rich_hsb,1,4.073094407568605e+19,1.3200000000000003,64.2,7.739096652977964e-11,0.6539892549868846,0.8939772362019243,0.5869167847674522,0.19537107695334305,0.7671856598719273,0.16007933656732815,0.11111299480533128
NGC4559,external_151,bulge_rich_hsb,2,6.078784835537993e+19,1.97,73.3,7.250459270001218e-11,0.5918400225571523,0.7557331490503334,0.5501501885486417,0.26098473026715574,0.8877648252367202,0.1938860987382049,0.15039026557855611
NGC4559,external_151,bulge_rich_hsb,3,8.084475263507382e+19,2.62,84.2,6.76182188702447e-11,0.5296907901274199,0.6174890618987424,0.5133835923298312,0.3136171869907195,0.979958798340217,0.2398031200143562,0.19915035689626798
NGC4559,external_151,bulge_rich_hsb,4,1.0121022467291683e+20,3.28,96.2,6.265667005848081e-11,0.4665854156603072,0.47711814263712704,0.4760513561691929,0.3561383018609563,1.0547097400810919,0.3056863105475463,0.2658728166001334
NGC4559,external_151,bulge_rich_hsb,5,1.2126712895261073e+20,3.93,102.0,5.698796279688896e-11,0.4268177798066906,0.3797082961830585,0.44342524324228183,0.39101106099517696,1.1090933545659656,0.37261677534173565,0.3336019982059348
NGC4559,external_151,bulge_rich_hsb,6,1.4132403323230462e+20,4.58,104.0,5.055263975505186e-11,0.40898207786304613,0.3223123006263683,0.4148564282656962,0.420166577118994,1.1468585476282944,0.42787461064084537,0.3899975218847105
NGC4559,external_151,bulge_rich_hsb,7,1.6107236975384936e+20,5.22,106.0,4.4216321683089174e-11,0.39142077133391934,0.26579932038593485,0.3867271335195195,0.44548940587966357,1.1790722567156986,0.4931165630544513,0.45576407521413687
NGC4559,external_151,bulge_rich_hsb,8,1.8205497730799065e+20,5.8999999999999995,106.0,3.748398373162882e-11,0.3727618831467221,0.20575427888047432,0.3568397578517068,0.46696918833958884,1.2078103474531288,0.5766304135260268,0.5390576194394898
NGC4559,external_151,bulge_rich_hsb,9,2.018033138295354e+20,6.54,108.0,3.114766565966613e-11,0.35520057661759524,0.14924129864004082,0.3287104631055301,0.48493065534540314,1.2323307575797515,0.6708834986787972,0.6328211034066789
NGC4559,external_151,bulge_rich_hsb,10,2.218602181092293e+20,7.19,111.0,2.4712342617829025e-11,0.3373648746739508,0.0918453030833506,0.30014164812894445,0.5007674416722621,1.2550211542527563,0.783904246864268,0.7451448320186269
NGC4559,external_151,bulge_rich_hsb,11,2.428428256633706e+20,7.87,114.0,2.2363893667655835e-11,0.3063776731119028,0.083362700704637,0.27783165825273803,0.5144820805346765,1.2617574958001048,0.8119466756697324,0.7734817922259842
NGC4559,external_151,bulge_rich_hsb,12,2.6259116218491532e+20,8.51,116.0,2.023655680088683e-11,0.2769799265471708,0.07635492853737774,0.2569774278095143,0.5262462999493642,1.2670928328931308,0.8359701703958188,0.7977123990851919
NGC4559,external_151,bulge_rich_hsb,13,2.8264806646460924e+20,9.16,117.0,1.807598029557455e-11,0.24712284019236475,0.06923765993000505,0.23579735001561525,0.5368626094168433,1.2717525621958705,0.8596526247745033,0.8215000714654119
NGC4559,external_151,bulge_rich_hsb,14,3.036306740187505e+20,9.84,118.0,1.581568487463248e-11,0.215887734467337,0.0617919020022921,0.2136397301696901,0.5460107311134023,1.2756113501179231,0.8833828205370828,0.8451750523107306
NGC4559,external_151,bulge_rich_hsb,15,3.233790105402953e+20,10.48,120.0,1.368834800786347e-11,0.18648998790260488,0.05478412983503283,0.19278549972646636,0.553783501468561,1.2788097286963025,0.9044732782513555,0.8661904634522071
NGC4559,external_151,bulge_rich_hsb,16,3.434359148199892e+20,11.13,121.0,1.2163889501834137e-11,0.16644238925641155,0.050207984642399936,0.17785054960726296,0.5607747071380601,1.2817105216743774,0.9180248122375523,0.879931272689141
NGC4559,external_151,bulge_rich_hsb,17,3.63492819099683e+20,11.779999999999998,122.0,1.1275965575309944e-11,0.15621070234483528,0.04817462699247983,0.1691648169647689,0.5672241807956788,1.2844226242083852,0.9246463869208581,0.8869897195306059
NGC4559,external_151,bulge_rich_hsb,18,3.835497233793769e+20,12.43,122.0,1.0388041648785749e-11,0.14597901543325892,0.046141269342559715,0.16047908432227476,0.5731698455816704,1.2868693614309643,0.9310578768250687,0.8937809187682618
NGC4559,external_151,bulge_rich_hsb,19,4.036066276590708e+20,13.08,122.0,9.500117722261551e-12,0.1357473285216826,0.0441079116926396,0.15179335167978064,0.5786452927897834,1.2890763478504483,0.9372485149764045,0.9003009517424314
NGC4559,external_151,bulge_rich_hsb,20,4.2366353193876475e+20,13.730000000000002,123.0,8.612193795737354e-12,0.12551564161010625,0.04207455404271948,0.14310761903728653,0.5836803157302004,1.2910654233129337,0.9432076805246153,0.9065449809092417
NGC4559,external_151,bulge_rich_hsb,21,4.437204362184586e+20,14.38,124.0,7.724269869213161e-12,0.11528395469852995,0.04004119639279937,0.1344218863947924,0.5883013614349709,1.2928552693715136,0.9489249392606987,0.9125074786941629
NGC4559,external_151,bulge_rich_hsb,22,4.6377734049815246e+20,15.03,124.0,7.28239758224055e-12,0.11051583243034412,0.038890344808084454,0.12989162822732309,0.5926702465828911,1.2946896867251554,0.9519137874586621,0.9158591995110213
NGC4559,external_151,bulge_rich_hsb,23,4.838342447778464e+20,15.68,123.0,6.85971358703424e-12,0.10598274230455061,0.03777745695304377,0.12554013065522865,0.5968055479035704,1.2964126114334849,0.9547215032309303,0.9190076297646479
NGC4559,external_151,bulge_rich_hsb,24,5.038911490575402e+20,16.33,123.0,6.437029591827932e-12,0.10144965217875712,0.03666456909800309,0.12118863308313424,0.6007186337832399,1.2980250190319034,0.9574570338419897,0.9220579337869432
NGC4559,external_151,bulge_rich_hsb,25,5.2394805333723415e+20,16.98,123.0,6.014345596621622e-12,0.09691656205296363,0.03555168124296241,0.11683713551103982,0.6046736751351701,1.2996398983898871,0.960118993931055,0.9250379704456496
NGC4559,external_151,bulge_rich_hsb,26,5.4678206744027025e+20,17.72,121.0,5.533136125155979e-12,0.09175581329436797,0.03428470122337764,0.11188312289050155,0.608149870780474,1.3010377069133323,0.9630582467166664,0.9282294878708206
NGC4559,external_151,bulge_rich_hsb,27,5.640618618966219e+20,18.28,122.0,5.246969737933242e-12,0.08858290537178141,0.033410351176659366,0.10870809238631184,0.6114693583471077,1.3023990362834545,0.9649531380313559,0.930405066904264
NGC4559,external_151,bulge_rich_hsb,28,5.86895875999658e+20,19.02,122.0,4.978343835540403e-12,0.08541880001276866,0.032373545098344954,0.10531850384389654,0.6148491981209947,1.3038143498435337,0.9670288297030393,0.9327684560965227
NGC4559,external_151,bulge_rich_hsb,29,6.06952780279352e+20,19.67,121.0,4.742388651006151e-12,0.08263951827850069,0.03146283705658229,0.10234116255663984,0.6178702342730583,1.3050688435754205,0.9688050272255496,0.9348016283194831
NGC4559,external_151,bulge_rich_hsb,30,6.270096845590459e+20,20.32,120.0,4.5064334664719006e-12,0.07986023654423273,0.030552129014819632,0.09936382126938317,0.620758379639407,1.3062611835803044,0.9705366776839068,0.936775731388846
NGC4559,external_151,bulge_rich_hsb,31,6.470665888387397e+20,20.970000000000002,119.0,4.27047828193765e-12,0.07708095480996477,0.029641420973056973,0.0963864799821265,0.6235185734078276,1.3073946644621324,0.972223267895838,0.9386911779129807
NGC5005,external_151,bulge_rich_hsb,0,1.51198201493077e+19,0.49,211.0,2.2823473952972083e-10,0.6705476957079118,2.4678801399130132,0.7582733389597844,0.10285704914039345,0.35553964511598646,0.050727232868341916,0.017657962626037173
NGC5005,external_151,bulge_rich_hsb,1,3.02396402986154e+19,0.98,233.0,2.342262586435789e-10,0.6121445056182426,2.477655319201594,0.7553779800753629,0.18623854985645927,0.46151704784600195,0.05072109495090917,0.02258645609816017
NGC5005,external_151,bulge_rich_hsb,2,4.535946044792309e+19,1.47,227.0,2.4021777775743696e-10,0.5537413155285735,2.4874304984901743,0.7524826211909414,0.2558396137898684,0.53964339089446,0.050716414452851424,0.02605961991652107
NGC5005,external_151,bulge_rich_hsb,3,6.078784835537993e+19,1.97,234.0,2.48602525902441e-10,0.5224244953584466,2.4116739371950064,0.7449108055846625,0.31392885701313367,0.6142240521943616,0.05272921192980738,0.030389140660448583
NGC5005,external_151,bulge_rich_hsb,4,7.590766850468762e+19,2.46,245.0,2.602116659189605e-10,0.5339728196177786,2.2093771164933216,0.7305935369656867,0.36226084780613915,0.7007863254370342,0.058337725706082436,0.03761726828634122
NGC5005,external_151,bulge_rich_hsb,5,9.102748865399533e+19,2.9499999999999997,244.0,2.7182080593548e-10,0.5455211438771106,2.007080295791637,0.7162762683467109,0.40346191305638873,0.7785700211994475,0.06503540592845018,0.04567190134076475
NGC5005,external_151,bulge_rich_hsb,6,1.0614730880330303e+20,3.44,261.0,2.834299459519995e-10,0.5570694681364426,1.8047834750899525,0.7019589997277351,0.43898194802599955,0.8497179459304799,0.07315909747124895,0.05494937556761515
NGC5005,external_151,bulge_rich_hsb,7,1.2126712895261073e+20,3.93,259.0,2.9189483863828185e-10,0.5660133658461068,1.668520092877527,0.6899733716724472,0.4700011566113685,0.9033541764938188,0.07992107415510923,0.06277061015886289
NGC5005,external_151,bulge_rich_hsb,8,1.3638694910191842e+20,4.42,258.0,2.99514335899134e-10,0.5742570100261633,1.5500111558346654,0.678614653035936,0.49760076189651453,0.9491990472412419,0.08681608481541203,0.07057707913428207
NGC5005,external_151,bulge_rich_hsb,9,1.5181533700937525e+20,4.92,258.0,3.072893331040852e-10,0.5826688918425474,1.4290836690562352,0.6670241238150063,0.5296975956590569,0.9973185573523766,0.09494572730375159,0.07975623121141698
NGC5005,external_151,bulge_rich_hsb,10,1.7711789317760447e+20,5.74,261.0,3.1480341063976845e-10,0.596312901246606,1.2710677903228027,0.6508187540268704,0.5635027676670556,1.051970952183712,0.10784755359744759,0.09365505592372221
NGC5005,external_151,bulge_rich_hsb,11,2.0242044934583366e+20,6.56,263.0,3.1743249958086177e-10,0.6098156133582124,1.150648537078206,0.6372281096798535,0.5920394046476455,1.093856104914409,0.12001551673104273,0.10662223035317595
NGC5005,external_151,bulge_rich_hsb,12,2.2741443775591376e+20,7.37,264.0,3.177654773408436e-10,0.6220526688917795,1.0458608946241053,0.6250122633106935,0.6166227641019838,1.1286682699847166,0.13268302994589326,0.11992465329522457
NGC5005,external_151,bulge_rich_hsb,13,2.5271699392414296e+20,8.19,265.0,3.138190988277002e-10,0.6323577826744344,0.9665754191369126,0.6149330817536917,0.638204282598124,1.1556364075787289,0.14401353010260454,0.13177984440564924
NGC5005,external_151,bulge_rich_hsb,14,2.7801955009237218e+20,9.01,265.0,3.0914836105117693e-10,0.6421426944849123,0.8914470563489928,0.6052472639126861,0.6571977525804203,1.179560979286534,0.1563609449854361,0.14454610705901533
NGC5005,external_151,bulge_rich_hsb,15,3.033221062606014e+20,9.83,264.0,3.012533536822123e-10,0.6496120820995762,0.8348228430159705,0.5973123875345377,0.6740833387855395,1.1981788201949648,0.16704250519563144,0.15557965127250256
NGC5005,external_151,bulge_rich_hsb,16,3.286246624288306e+20,10.65,264.0,2.9330906788684536e-10,0.657023001512368,0.7785066339550129,0.5894066724627531,0.6891904147191461,1.215424629735112,0.17893664958150857,0.16775619129771147
NGC5005,external_151,bulge_rich_hsb,17,3.539272185970598e+20,11.47,265.0,2.832310828701323e-10,0.6619023149889377,0.7355266558465571,0.5827636084377756,0.7028106457276331,1.229025403566216,0.18916530443943283,0.17822447647549322
NGC5033,external_151,bulge_rich_hsb,0,2.345114961933439e+19,0.76,206.0,2.251873569315252e-10,0.7827474867070467,1.3448827833446924,0.6771273558598782,0.24103758282637655,0.7600617727405348,0.09894554494360563,0.06817013797708557
NGC5033,external_151,bulge_rich_hsb,1,7.035344885800316e+19,2.28,214.0,2.0938722808784577e-10,0.713888509567061,1.1771246673003124,0.6475366265456789,0.3832101912745914,0.9451017080358286,0.11597815553048912,0.09400684832814007
NGC5033,external_151,bulge_rich_hsb,2,1.1725574809667194e+20,3.8,222.0,1.9358709924416636e-10,0.6450295324270752,1.0093665512559322,0.6179458972314795,0.477009901722838,1.0505083470756313,0.13817232736206156,0.11988881954149694
NGC5033,external_151,bulge_rich_hsb,3,1.6446661509348986e+20,5.33,224.0,1.7592252565330516e-10,0.5906802853909873,0.8483654761193824,0.5892525154688691,0.5432463886820866,1.1232152756652305,0.166694034815497,0.1502741100131797
NGC5033,external_151,bulge_rich_hsb,4,2.1136891433215862e+20,6.85,225.0,1.5130881081227925e-10,0.596729425831819,0.7199605007194498,0.565128790489861,0.5871457309530759,1.175290002316953,0.19728908735741754,0.18205868710446224
NGC5033,external_151,bulge_rich_hsb,5,2.4685420651930937e+20,8.0,222.0,1.326865923470294e-10,0.6013060781390271,0.6228119995945008,0.5468772880386377,0.6312094473915458,1.2166080737168952,0.22696233703859056,0.21287440694857854
NGC5033,external_151,bulge_rich_hsb,6,3.1720765537731255e+20,10.28,220.0,9.735975514725078e-11,0.6029659779299577,0.4390680650984174,0.5094472289556904,0.6742649686239272,1.270580128653794,0.3089451906269564,0.29512686805587923
NGC5033,external_151,bulge_rich_hsb,7,3.875611042353157e+20,12.56,218.0,7.643025490989095e-11,0.5376516761508335,0.3353946586637681,0.4607749768614416,0.7058068405804658,1.2979631448994033,0.39286329861284314,0.37833180795925114
NGC5033,external_151,bulge_rich_hsb,8,4.6007452740036284e+20,14.91,219.0,5.485818229682271e-11,0.4703321107205959,0.2285382967684059,0.41060840123798337,0.7289903113227075,1.322426409615121,0.5158900728876593,0.5000596884323308
NGC5033,external_151,bulge_rich_hsb,9,5.291937052257694e+20,17.15,217.0,4.261537326982361e-11,0.3973632473249784,0.1726643466289516,0.35787499932150535,0.746016602985058,1.3346629239389647,0.618076565394057,0.600924824405539
NGC5033,external_151,bulge_rich_hsb,10,5.983128830511761e+20,19.39,218.0,3.1052108891088923e-11,0.3236755573481227,0.12054613434623926,0.3047401318814976,0.758941421694953,1.3449691060401996,0.7313403364938877,0.712771031506881
NGC5033,external_151,bulge_rich_hsb,11,6.677406286347318e+20,21.639999999999997,220.0,2.3262564635772498e-11,0.26309307318067854,0.088765233556383,0.2576305651510273,0.7691600696359452,1.3511989934060007,0.8138773425679294,0.7943322767679993
NGC5033,external_151,bulge_rich_hsb,12,7.408711873160772e+20,24.009999999999998,222.0,1.69364934275766e-11,0.20587806199787992,0.06539282916879456,0.21108448163754875,0.7768922740276992,1.3553041457388286,0.87870828060171,0.8583848743086528
NGC5033,external_151,bulge_rich_hsb,13,8.099903651414839e+20,26.25,218.0,1.2465368625228781e-11,0.16353105524820413,0.049761802502186855,0.17499363047306116,0.782767552249557,1.3580699822685025,0.919895512744225,0.8991600993233869
NGC5033,external_151,bulge_rich_hsb,14,8.794181107250396e+20,28.5,217.0,9.494150311289916e-12,0.1328173490339162,0.04057140197280748,0.14670619606677154,0.7875926402451456,1.3598030786167696,0.9438229407645046,0.9228921379732804
NGC5033,external_151,bulge_rich_hsb,15,9.52548669406385e+20,30.87,207.0,6.846801889146578e-12,0.10509561199374211,0.03246271862546035,0.12074941292762756,0.791406096121847,1.3611966339409252,0.9622800258369363,0.9412198388127254
NGC5033,external_151,bulge_rich_hsb,16,1.0219764149899407e+21,33.12,199.0,5.400453899512441e-12,0.08901945565123681,0.028241688828087294,0.10459972146758997,0.7945119822810836,1.3621356663418709,0.9713068875734933,0.9502384991208754
NGC5033,external_151,bulge_rich_hsb,17,1.0910955928153474e+21,35.36,191.0,4.017827589409711e-12,0.07358744283273742,0.02418698934780066,0.08905020250978687,0.7971520406699796,1.362951921833389,0.9789155654270317,0.9578473419344709
NGC5033,external_151,bulge_rich_hsb,18,1.1642261514966927e+21,37.73,193.0,3.2688457982089728e-12,0.06439568493259529,0.02173572180450769,0.07918216032541064,0.799448121897843,1.3636252403028988,0.9830803862397236,0.9620588986519334
NGC5033,external_151,bulge_rich_hsb,19,1.2336538970802485e+21,39.98,192.0,2.5577871356766246e-12,0.05566933249575148,0.01940856907353334,0.06981376584657242,0.801374623710376,1.3642007492245891,0.9866312910731527,0.9656505087717574
NGC5033,external_151,bulge_rich_hsb,20,1.3027730749056551e+21,42.22,194.0,2.1599737247567744e-12,0.05009240611788622,0.017789930329148308,0.06352181063210365,0.80314120609942,1.3647263620752847,0.9888257881674922,0.9679048197308353
NGC5033,external_151,bulge_rich_hsb,21,1.3759036335870006e+21,44.589999999999996,196.0,1.7768081497734873e-12,0.04457036271145891,0.01616231537239246,0.05723401193249179,0.8047499946079614,1.3652162036407487,0.9908344430233503,0.9699701704254635
NGC5055,calibration_24,bulge_rich_hsb,0,2.2216878586737844e+19,0.7200000000000001,125.0,5.060258694574254e-10,0.8506533584875843,1.2847549393068185,0.6742661058249928,0.12870758880760044,0.6176162151872667,0.10349109513861349,0.059931010197556284
NGC5055,calibration_24,bulge_rich_hsb,1,4.412518941532655e+19,1.43,162.0,4.843911059783145e-10,0.8219720177798868,1.173514862281027,0.6539475695037638,0.2266090130000229,0.7872606115245216,0.11528477983407252,0.08167033237438563
NGC5055,calibration_24,bulge_rich_hsb,2,6.665063576021353e+19,2.16,178.0,4.6214691254204554e-10,0.7924827519818317,1.0591412619587346,0.6330566800467254,0.3024808941487154,0.9023432538995192,0.12978645115200763,0.10185398605044092
NGC5055,calibration_24,bulge_rich_hsb,3,8.855894658880224e+19,2.87,193.0,4.405121490629346e-10,0.7638014112741343,0.9479011849329431,0.6127381437254963,0.3625857272222204,0.9855409777855747,0.14688273435329632,0.1224371958571707
NGC5055,calibration_24,bulge_rich_hsb,4,1.1077582517554007e+20,3.59,192.0,4.185726706052447e-10,0.734716108021258,0.8350943462589011,0.5921334308363626,0.41158417230829797,1.0506836045706727,0.16821217763613,0.14596833161166534
NGC5055,calibration_24,bulge_rich_hsb,5,1.3268413600412878e+20,4.3,190.0,3.9693790712613376e-10,0.7060347673135605,0.7238542692331097,0.5718148945151336,0.4525101377600933,1.1040419330937299,0.1945863536646599,0.17377212863726316
NGC5055,calibration_24,bulge_rich_hsb,6,1.5520958234901578e+20,5.03,195.0,3.746937136898648e-10,0.6765455015155053,0.6094806689108171,0.5509240050580952,0.48711792637506096,1.150297701587852,0.22947488766244373,0.2094842992067561
NGC5055,calibration_24,bulge_rich_hsb,7,1.774264609357536e+20,5.75,201.0,3.527542352321749e-10,0.6474601982626291,0.49667383023677525,0.5303192921689616,0.5161527889749118,1.1905379190733423,0.2751821117384721,0.2555255111315398
NGC5055,calibration_24,bulge_rich_hsb,8,1.9933477176434233e+20,6.46,204.0,3.2681330522426916e-10,0.6599624024746088,0.43105623149683225,0.521630468187537,0.5416740554200502,1.2199407244501563,0.307832429366722,0.2890789652824484
NGC5055,calibration_24,bulge_rich_hsb,9,2.2155165035108014e+20,7.18,204.0,2.985764769249882e-10,0.6911040292166277,0.3849678312494591,0.5180330787892842,0.5647903895534824,1.2435368487868308,0.33397225469976216,0.31624729074107666
NGC5055,calibration_24,bulge_rich_hsb,10,2.4407709669596715e+20,7.91,206.0,2.699474704548838e-10,0.7226781785522859,0.3382393143319834,0.5143857256493891,0.5854103977205083,1.2647400079740683,0.36498285154270377,0.3480218119704546
NGC5055,calibration_24,bulge_rich_hsb,11,2.6598540752455582e+20,8.62,206.0,2.421028203264263e-10,0.7533872827006657,0.2927910307547127,0.5108382999927787,0.6288293250341679,1.2925897299116138,0.40069099578321044,0.38528423049976424
NGC5055,calibration_24,bulge_rich_hsb,12,3.545443541133581e+20,11.49,206.0,1.295476853001257e-10,0.8775212670751024,0.10907754643532225,0.49649870614141006,0.6804372924964515,1.3508169125912728,0.6486899095028414,0.6330577421505766
NGC5055,calibration_24,bulge_rich_hsb,13,4.4125189415326555e+20,14.3,206.0,8.428041328600871e-11,0.6755811566154175,0.05518671993442685,0.4022439690925682,0.7128925796347526,1.3608917915126522,0.8183404814501042,0.8003785714197189
NGC5055,calibration_24,bulge_rich_hsb,14,5.304279762583661e+20,17.19,203.0,5.030112587061944e-11,0.405239651374589,0.02416213424969335,0.28976959666311086,0.7326900083737801,1.3606400759059398,0.9345667580019835,0.9140047292916206
NGC5055,calibration_24,bulge_rich_hsb,15,6.192954906053174e+20,20.07,200.0,3.296972175414804e-11,0.2641720863009578,0.014160204904350753,0.21252028435320716,0.7455577172463717,1.3599093185997702,0.9707858428921302,0.9492786886623057
NGC5055,calibration_24,bulge_rich_hsb,16,7.084715727104179e+20,22.96,194.0,2.1035713900926455e-11,0.16498638651370998,0.011028852948705528,0.14650400677890066,0.7537437674663556,1.358362177445459,0.9840992089227893,0.9619772444812913
NGC5055,calibration_24,bulge_rich_hsb,17,7.976476548155184e+20,25.85,188.0,1.4173681995591144e-11,0.11199324566042004,0.01046330752525767,0.10843615548619279,0.7594714168329787,1.3576557520194301,0.9887812792826016,0.9664065517683712
NGC5055,calibration_24,bulge_rich_hsb,18,8.868237369206188e+20,28.74,184.0,9.645097048973813e-12,0.08025176042761169,0.011078204105228574,0.08322644291059153,0.7636827520253602,1.3572427495380235,0.9908642364807773,0.9683557275125972
NGC5055,calibration_24,bulge_rich_hsb,19,9.756912512675704e+20,31.620000000000005,182.0,6.778929806490868e-12,0.06100682708308017,0.011308024897910215,0.06733877651808472,0.7669837346767221,1.3572205935827115,0.9924428596334239,0.969893830247964
NGC5055,calibration_24,bulge_rich_hsb,20,1.0648673333726708e+21,34.51,180.0,4.921443042673448e-12,0.049357151558000883,0.011301762619570704,0.0571083446702025,0.7697164669209526,1.357432533219025,0.9935871406440238,0.9710567242911362
NGC5055,calibration_24,bulge_rich_hsb,21,1.1540434154777713e+21,37.4,181.0,3.6349672977062854e-12,0.041129180683246454,0.011039585097970869,0.04955690625897573,0.772036429124692,1.3577381852625243,0.9945588907999166,0.9720707630362193
NGC5055,calibration_24,bulge_rich_hsb,22,1.2432194975828717e+21,40.29,180.0,2.8127238159287876e-12,0.03568305751606397,0.010569348346966517,0.04418349094207203,0.7740622943735284,1.358130471620322,0.9953517995944166,0.9729282317271328
NGC5055,calibration_24,bulge_rich_hsb,23,1.332087011929823e+21,43.169999999999995,179.0,2.199392597604667e-12,0.031328209237971014,0.01002924668955496,0.03970490151700902,0.7758092404118732,1.3585103588916492,0.9960336917251945,0.9736745551760841
NGC5055,calibration_24,bulge_rich_hsb,24,1.4169431454208358e+21,45.92,179.0,1.822804179616514e-12,0.02825792794937048,0.00944099505887945,0.03631741986177082,0.7773864302950848,1.3589107801089246,0.9965829901751331,0.9742955232825106
NGC5055,calibration_24,bulge_rich_hsb,25,1.5061192275259364e+21,48.81,179.0,1.4955747429614703e-12,0.02539196619175477,0.008823245351986114,0.03307858111640463,0.7788387290709167,1.3592923743795584,0.9970898890915608,0.9748710321264897
NGC5055,calibration_24,bulge_rich_hsb,26,1.5952953096310369e+21,51.7,174.0,1.2851327372657166e-12,0.02314056703567322,0.008206261289675623,0.030386942495124,0.7801562532255814,1.359664472478381,0.9975125708336227,0.9753621478971046
NGC5055,calibration_24,bulge_rich_hsb,27,1.6844713917361375e+21,54.59,172.0,1.10065730052536e-12,0.021049552287097578,0.0076063868942156596,0.027855067018049164,0.7813502843010085,1.360007041031043,0.9978857155031948,0.9757985885832843
NGC5371,external_151,bulge_rich_hsb,0,4.474232493162482e+19,1.45,216.0,2.8266641716784716e-10,0.706992591233078,0.7541786311411405,0.591175430614536,0.2068888231652337,0.8377868283102397,0.1831998829883907,0.13614757390202642
NGC5371,external_151,bulge_rich_hsb,1,8.886751434695138e+19,2.8800000000000003,215.0,2.727019209905954e-10,0.6280755540857105,0.7177408817091825,0.5705164254014302,0.3396546702160648,0.9984293600596111,0.19627741734235926,0.16499498299879606
NGC5371,external_151,bulge_rich_hsb,2,1.336098392785762e+20,4.33,215.0,2.62598061230445e-10,0.548054782153065,0.6807935134040501,0.5495684830524769,0.43189851590068995,1.0792476770490216,0.2109069880579836,0.18593622626064554
NGC5371,external_151,bulge_rich_hsb,3,1.7835216421020103e+20,5.78,214.0,2.4902807511530885e-10,0.510127186756465,0.6250741986817585,0.5309632192994749,0.49924761358986314,1.1367204095940884,0.23153968325089458,0.21006647842270695
NGC5371,external_151,bulge_rich_hsb,4,2.227859213836767e+20,7.22,215.0,2.3152771536094774e-10,0.5213287528708042,0.5479460785938198,0.5152059736334674,0.5507476262028635,1.1863258978837887,0.2615711949743153,0.24247576219426395
NGC5371,external_151,bulge_rich_hsb,5,2.672196785571524e+20,8.66,221.0,2.1402735560658663e-10,0.5325303189851434,0.4708179585058811,0.49944872796745987,0.6093103941113261,1.2330838013145904,0.2983743694768651,0.28152070562619796
NGC5371,external_151,bulge_rich_hsb,6,3.5639576066225295e+20,11.55,233.0,1.8206894205746467e-10,0.5315603077176692,0.3481380764101655,0.4667686156046196,0.664283440285826,1.2807699730639885,0.38095248549266797,0.36504251513504316
NGC5371,external_151,bulge_rich_hsb,7,4.4680611379995e+20,14.48,237.0,1.5344617142514746e-10,0.5025738379787001,0.262105482331886,0.4323749676768195,0.7024644447077899,1.3093742390233538,0.46876204985552694,0.4528351138646877
NGC5371,external_151,bulge_rich_hsb,8,5.3320508608170826e+20,17.28,242.0,1.293715370461374e-10,0.4610637574086327,0.2004289664475366,0.3963590782049818,0.7305113377134155,1.3278789917679823,0.5572836289712906,0.5409219957262235
NGC5371,external_151,bulge_rich_hsb,9,6.233068714612561e+20,20.2,241.0,1.0576659906229875e-10,0.41144958572510293,0.14551636686225056,0.35735770101332087,0.7520282180107188,1.3422055226778382,0.6578887019177865,0.6407748412201558
NGC5371,external_151,bulge_rich_hsb,10,7.134086568408041e+20,23.12,240.0,8.771205394819444e-11,0.35170801980579963,0.10919328877818904,0.31326952435712935,0.7682491269488646,1.3508400965693448,0.7451180074630637,0.727165879500881
NGC5371,external_151,bulge_rich_hsb,11,8.035104422203519e+20,26.039999999999996,234.0,7.101182361702883e-11,0.29219596208149623,0.07686423926733882,0.2689583743187446,0.7803325171955589,1.3575961255905376,0.8286838586531418,0.8099214567805065
NGC5371,external_151,bulge_rich_hsb,12,8.899094145021103e+20,28.840000000000003,226.0,5.90848640692496e-11,0.2407530917748892,0.05692731280599294,0.22765446095576247,0.7896172343187169,1.3616021086833552,0.8852710284803333,0.8659708544827465
NGC5371,external_151,bulge_rich_hsb,13,9.800111998816582e+20,31.76,213.0,4.806076211183504e-11,0.192422629433065,0.039562324032173336,0.18755329849488564,0.7968400472406527,1.3647411704851204,0.9309249552819651,0.9112318377084657
NGC5371,external_151,bulge_rich_hsb,14,1.0701129852612061e+21,34.68,207.0,3.940695183620212e-11,0.15300515700665152,0.027940927315751384,0.15243560101790485,0.8022447172531806,1.366702138937545,0.9591480428277445,0.9392409026032159
NGC5371,external_151,bulge_rich_hsb,15,1.1565119575429643e+21,37.48,208.0,3.265768609862205e-11,0.1228046357763495,0.019993117494811755,0.12446490784304459,0.806448953554694,1.3680395827544178,0.9757197837197691,0.9557323336944267
NGC5371,external_151,bulge_rich_hsb,16,1.2466137429225122e+21,40.4,209.0,2.666502006995711e-11,0.09643948981049384,0.01386268707853217,0.0991467979556087,0.80973866758452,1.3689630357601867,0.9864419372292872,0.9664178686076524
NGC5371,external_151,bulge_rich_hsb,17,1.3367155283020604e+21,43.32000000000001,207.0,2.2195172608087865e-11,0.07785717412194687,0.010225782419550926,0.08071142699778153,0.8123352473418062,1.3695489461113093,0.9918141856820226,0.9717973909420141
NGC5371,external_151,bulge_rich_hsb,18,1.4268173136816083e+21,46.24,213.0,1.8135303880317316e-11,0.061343654964366,0.00721905380147277,0.0641457724803743,0.8143488867624139,1.3699569916212397,0.9953906268795503,0.9753827601478938
NGC5585,external_151,ordinary_disk,0,2.7771098233422305e+18,0.09000000000000001,11.2,4.10261025777983e-11,0.7253524696523456,1.1446223463789869,0.6492876786665956,0.03293753948829211,0.4064089364429716,0.11859734639989104,0.04688311142701486
NGC5585,external_151,ordinary_disk,1,8.022761711877555e+18,0.26,26.5,4.011607705691043e-11,0.6976588328770785,1.0890768225591312,0.635033292355264,0.06311864085899947,0.4757631525834898,0.1263264210641861,0.057859645866703106
NGC5585,external_151,ordinary_disk,2,1.3268413600412879e+19,0.43,33.7,3.920605153602256e-11,0.6699651961018116,1.0335312987392753,0.6207789060439323,0.09085529241961199,0.5386017046303396,0.13484459441762095,0.06916666836824169
NGC5585,external_151,ordinary_disk,3,1.8514065488948204e+19,0.6,32.7,3.8296026015134684e-11,0.6422715593265447,0.9779857749194196,0.6065245197326006,0.11641347270869232,0.595696251100743,0.1442642650824692,0.08094454660874681
NGC5585,external_151,ordinary_disk,4,2.3759717377483526e+19,0.77,33.7,3.7386000494246805e-11,0.6145779225512777,0.9224402510995638,0.592270133421269,0.1400213031829988,0.6477737502551563,0.15471881303629137,0.09335928528725178
NGC5585,external_151,ordinary_disk,5,2.900536926601885e+19,0.94,35.7,3.647597497335893e-11,0.5868842857760107,0.8668947272797081,0.5780157471099373,0.16187552531120614,0.6954939072388705,0.1663675368775702,0.10660244630277475
NGC5585,external_151,ordinary_disk,6,3.425102115455418e+19,1.11,37.8,3.556594945247106e-11,0.5591906490007437,0.8113492034598523,0.5637613607986056,0.18214669045877693,0.7394417778889586,0.1794020179390945,0.12089463837406754
NGC5585,external_151,ordinary_disk,7,3.94966730430895e+19,1.28,41.8,3.4655923931583186e-11,0.5314970122254767,0.7558036796399965,0.549506974487274,0.20152424430675087,0.7810620158153416,0.1940544083904691,0.13662090598937496
NGC5585,external_151,ordinary_disk,8,4.505089268977396e+19,1.46,43.9,3.369236749770191e-11,0.5021743379928412,0.6969907720660315,0.5344140948635111,0.21950865952390405,0.8201475307489905,0.21164841213962704,0.1547671543376617
NGC5585,external_151,ordinary_disk,9,5.029654457830928e+19,1.63,44.9,3.2782341976814034e-11,0.4744807012175742,0.6414452482461759,0.5201597085521794,0.24732406465970452,0.8732247744810738,0.23059860196966997,0.17673177843900334
NGC5585,external_151,ordinary_disk,10,6.325639042057302e+19,2.05,53.2,3.0064591887216585e-11,0.4299007401273799,0.5270127894123124,0.4858143362833716,0.2916799662447646,0.9597544350514067,0.2808749164319265,0.2300507989374713
NGC5585,external_151,ordinary_disk,11,8.454756573286346e+19,2.74,64.3,2.4677486137184572e-11,0.40349477748535434,0.38380225099499105,0.431101543382199,0.3346253483787687,1.0497929646260709,0.3767077914594889,0.3267262740905009
NGC5585,external_151,ordinary_disk,12,1.0553017328700475e+20,3.42,73.1,1.936845438352984e-11,0.3774715099540828,0.2426672276271961,0.37718168950857967,0.36814323368762136,1.1228904067299366,0.5221124138293841,0.47060914642583695
NGC5585,external_151,ordinary_disk,13,1.268213485992952e+20,4.11,76.2,1.5568965688688833e-11,0.33622677236673215,0.16032524422931485,0.3286560992892785,0.39471153871320347,1.165512405955438,0.6549137187337616,0.6018594792771491
NGC5585,external_151,ordinary_disk,14,1.4780395615343647e+20,4.789999999999999,78.4,1.3010082503267413e-11,0.28449904698979184,0.12462973405508677,0.28545402306945933,0.41603825907451253,1.1864707495390348,0.7375933535188328,0.6837870303033002
NGC5585,external_151,ordinary_disk,15,1.6909513146572692e+20,5.48,83.1,1.0413568682766265e-11,0.2320106197690729,0.08840928990770823,0.24161662219934854,0.43294944634173876,1.2036039205787263,0.8239868912353965,0.769059050765926
NGC5585,external_151,ordinary_disk,16,1.900777390198682e+20,6.16,88.0,8.877897950103545e-12,0.20016205529546754,0.0729857868692629,0.21321030235637667,0.4470791815672925,1.2144619152629998,0.8653414355334123,0.8109822662801425
NGC5585,external_151,ordinary_disk,17,2.1136891433215862e+20,6.85,89.9,7.490669109302281e-12,0.17116784046888694,0.06072384095123696,0.18685928557158524,0.45889597136887317,1.2228550411812134,0.8980948517803021,0.84427799993546
NGC5585,external_151,ordinary_disk,18,2.3235152188629995e+20,7.53,90.6,6.210373774633674e-12,0.144513041627402,0.04966149649866336,0.16251593734815512,0.46869936669176665,1.2296652019508778,0.9253194590983835,0.8719996343080305
NGC5585,external_151,ordinary_disk,19,2.5333412944044127e+20,8.21,91.6,5.464065480570289e-12,0.12966116944385148,0.044883674182062794,0.14817089134066364,0.4773953286487557,1.2350227444914885,0.937642515712459,0.8852805230200617
NGC5585,external_151,ordinary_disk,20,2.746253047527317e+20,8.9,92.3,4.706782064535384e-12,0.1145908873752488,0.04003558977257106,0.13361488877423844,0.48494179962155126,1.2395664406752938,0.949222744800326,0.8976259314893286
NGC5585,external_151,ordinary_disk,21,2.952993445487238e+20,9.57,90.9,4.099044048983139e-12,0.10259370543605593,0.03621823256284864,0.1218136064954275,0.49187702535723504,1.2436722223242762,0.9577454806600164,0.9069565671810842
NGC5585,external_151,ordinary_disk,22,3.1813335865176e+20,10.31,89.6,3.628513933363756e-12,0.09348986746772264,0.033402306574695124,0.11244878213231645,0.4980279229635002,1.2472410615175018,0.963799231543738,0.91378870502111
NGC5585,external_151,ordinary_disk,23,3.3819026293145384e+20,10.96,89.4,3.2152104534278137e-12,0.08549325303607858,0.030928858071587316,0.10422292289444866,0.5032405048087578,1.2502201402815705,0.9687716836259798,0.9194166525863537
NGC5907,external_151,bulge_rich_hsb,0,1.5520958234901578e+20,5.03,214.0,1.1092391629115395e-10,0.47738977189682696,0.6431750363089626,0.5281669587914601,0.2911309274112955,0.934515129351707,0.2274258247050505,0.1829211057799805
NGC5907,external_151,bulge_rich_hsb,1,2.3296865740259823e+20,7.550000000000001,220.0,9.713472211036064e-11,0.4642722943090993,0.41986275250594685,0.46894247016618656,0.43672858652948293,1.1394096854198628,0.33682341187193165,0.30596594992827925
NGC5907,external_151,bulge_rich_hsb,2,3.107277324561807e+20,10.07,235.0,8.063251128818282e-11,0.4318908896868916,0.2738886402055123,0.4133530702384055,0.522929181894167,1.2280011491039744,0.4690151907178198,0.44172733732266545
NGC5907,external_151,bulge_rich_hsb,3,3.88178239751614e+20,12.58,235.0,6.507042903972463e-11,0.3756348923103759,0.17750805314719162,0.3556599678164169,0.5784386604155691,1.2737132341943973,0.612998604252479,0.5861458502579608
NGC5907,external_151,bulge_rich_hsb,4,4.6593731480519646e+20,15.100000000000001,230.0,5.167467880741881e-11,0.3074137501426292,0.11277771222160685,0.2953476341988311,0.6155824346345541,1.2995213383938429,0.750138979214437,0.7227064219637737
NGC5907,external_151,bulge_rich_hsb,5,5.4338782210062975e+20,17.61,231.0,4.0769528302017145e-11,0.24006384817858428,0.07020621328629563,0.23633577331000366,0.6409007998639431,1.3145985559957343,0.8576900165078559,0.8296954170071388
NGC5907,external_151,bulge_rich_hsb,6,6.211468971542122e+20,20.130000000000003,232.0,3.205140427549603e-11,0.18113668309506822,0.04265069163499857,0.1825061918778554,0.6583136841209363,1.3235643176503133,0.9277813571077168,0.8995707927020921
NGC5907,external_151,bulge_rich_hsb,7,6.989059722077947e+20,22.65,225.0,2.5203305614448182e-11,0.13400249330421085,0.025291430067157436,0.13716288338058447,0.6703049532252996,1.3289151475895502,0.9664726251510587,0.9383377325451633
NGC5907,external_151,bulge_rich_hsb,8,7.76356479503228e+20,25.16,224.0,1.98761661841641e-11,0.0984106145714784,0.014602018480139714,0.10139010198152149,0.6786415021951328,1.3321384331288757,0.9854109889017736,0.9574806201962944
NGC5907,external_151,bulge_rich_hsb,9,8.541155545568104e+20,27.68,229.0,1.570998367770245e-11,0.07217992696462516,0.008091499293244132,0.07422160099004299,0.6844931738924486,1.3340982018006269,0.9940302120794907,0.9663142072799481
NGC5907,external_151,bulge_rich_hsb,10,9.318746296103929e+20,30.200000000000003,218.0,1.2463050515648593e-11,0.05322698092264119,0.004213840189327232,0.05427338348700024,0.688630880848843,1.3352940714799377,0.9977182247599913,0.9701784800282998
NGC5907,external_151,bulge_rich_hsb,11,1.0093251369058262e+21,32.71,214.0,9.934694653832438e-12,0.039636221897804344,0.0019581800839609813,0.039907922070031694,0.691604811125795,1.3360336593377182,0.999219141235006,0.9718101356833443
NGC5907,external_151,bulge_rich_hsb,12,1.0870842119594085e+21,35.23,213.0,7.94389316982342e-12,0.029789941367511685,0.0006732679127571183,0.02954881330203375,0.6937747114107778,1.336494837447493,0.999801096891754,0.9724832789436144
NGC5907,external_151,bulge_rich_hsb,13,1.164843287012991e+21,37.75,211.0,6.3764211211616286e-12,0.022621511112459906,0.00017704232600093317,0.022284202588042153,0.695387858227476,1.3367419085279901,0.9999605490858433,0.9726957033504102
NGC5907,external_151,bulge_rich_hsb,14,1.2422937943084245e+21,40.260000000000005,217.0,5.140966056279101e-12,0.01735576950662937,0.00037710103397814085,0.017420448935699752,0.6966371316756684,1.336816666429369,0.9999343116221863,0.9726875155168684
NGC5907,external_151,bulge_rich_hsb,15,1.320052869362007e+21,42.78,216.0,4.155299018407467e-12,0.01344545026224484,0.000531314334164762,0.013781982723878915,0.6976182428996452,1.3368880648775958,0.9999267797118592,0.9726967389200136
NGC5907,external_151,bulge_rich_hsb,16,1.39750337665744e+21,45.29,215.0,3.371565039617516e-12,0.010527879931433325,0.0005738932695483842,0.010978556120181462,0.6983952545269148,1.3369721055828259,0.9999369987747372,0.9727261540832031
NGC5907,external_151,bulge_rich_hsb,17,1.4752624517110227e+21,47.81,217.0,2.7409619360934827e-12,0.008305110043471835,0.0005571480951312342,0.008783574731471245,0.6990152735505991,1.3370561876123765,0.9999510648754627,0.9727593147701287
NGC5907,external_151,bulge_rich_hsb,18,1.5530215267646051e+21,50.330000000000005,214.0,2.2338145229357158e-12,0.006599111495820979,0.0005113343314109244,0.007059713479005886,0.6995117630808453,1.3371347331892665,0.9999639025643545,0.9727899922407962
NGC5985,external_151,bulge_rich_hsb,0,1.092329863847944e+20,3.54,223.0,8.119545294932558e-11,0.4728221848733883,0.37983280982370543,0.45237264464700944,0.08785377656351552,0.6271020233564086,0.3678824322980365,0.21587364762855918
NGC5985,external_151,bulge_rich_hsb,1,1.3052416169708485e+20,4.23,230.0,7.939257087902109e-11,0.44466010411444645,0.36207841233941507,0.438971812111236,0.16189226345854543,0.8048102259542033,0.3861865447792777,0.27832429351536936
NGC5985,external_151,bulge_rich_hsb,2,1.5335817580012093e+20,4.97,248.0,7.745904518043368e-11,0.41445729286572636,0.34303746431278487,0.4245999047540297,0.22605560840017166,0.921915901472167,0.40707715906385805,0.32434314362051414
NGC5985,external_151,bulge_rich_hsb,3,1.7711789317760447e+20,5.74,258.0,7.544713330487649e-11,0.38303004332313917,0.32322458596075077,0.4096453525039637,0.27895968584396247,0.999113653411372,0.43027880661743545,0.36186093053695306
NGC5985,external_151,bulge_rich_hsb,4,1.9964333952249145e+20,6.47,263.0,7.353973633194567e-11,0.35323537817237466,0.3044409480425885,0.39546766011104395,0.3230372473786768,1.0532848358450198,0.45372761183600036,0.39431333410932207
NGC5985,external_151,bulge_rich_hsb,5,2.227859213836767e+20,7.22,272.0,7.083868020787182e-11,0.33681804953797617,0.28453985028852286,0.38193780049899195,0.3624574489145481,1.0980303894722014,0.47921058779552755,0.42664704432063455
NGC5985,external_151,bulge_rich_hsb,6,2.4747134203560762e+20,8.02,287.0,6.755400752322824e-11,0.3270318475447794,0.2629838860980953,0.3680699897260309,0.39674681157601016,1.1343275119948486,0.5081391796406552,0.46050117750508013
NGC5985,external_151,bulge_rich_hsb,7,2.7123105941309116e+20,8.79,289.0,6.439251006425881e-11,0.3176126281263275,0.2422362705648088,0.35472222185705593,0.424849741861868,1.1618900241612224,0.5378466900135465,0.4935045823814368
NGC5985,external_151,bulge_rich_hsb,8,2.931393702416799e+20,9.5,292.0,6.147736305663764e-11,0.30892737385736535,0.2231053523458043,0.34241453979605296,0.4496007893837875,1.184427936840758,0.5669110466476651,0.5251204356530178
NGC5985,external_151,bulge_rich_hsb,9,3.1689908761916336e+20,10.269999999999998,302.0,5.831586559766821e-11,0.29950815443891343,0.20235773681251779,0.329066771927078,0.4728738772316408,1.2047575002528719,0.6002789836409863,0.5605119709351731
NGC5985,external_151,bulge_rich_hsb,10,3.4189307602924346e+20,11.08,302.0,5.499013450446658e-11,0.2895996249208017,0.18053232306970984,0.31502561351945496,0.49300715490445485,1.2221418895115614,0.6374611469350085,0.5991071832754862
NGC5985,external_151,bulge_rich_hsb,11,3.647270901322796e+20,11.82,304.0,5.195181227117127e-11,0.2805473880770947,0.16059305619356432,0.30219788855446594,0.5101444987550554,1.2364968698098373,0.6732606601270903,0.6359892157989939
NGC5985,external_151,bulge_rich_hsb,12,3.875611042353157e+20,12.56,303.0,4.891349003787597e-11,0.27149515123338763,0.14065378931741884,0.28937016358947704,0.5264055473687145,1.249742776785975,0.7107269520151762,0.6744112779056417
NGC5985,external_151,bulge_rich_hsb,13,4.131722281616941e+20,13.39,305.0,4.550564212755826e-11,0.261341966665446,0.11828947646985022,0.2749823099125299,0.5406198277940969,1.2619554314145744,0.754560297523297,0.7188594277052434
NGC5985,external_151,bulge_rich_hsb,14,4.3508053899028274e+20,14.1,300.0,4.366150819476491e-11,0.25011736235711346,0.11019476584341249,0.26366837969703233,0.5534703814165755,1.269372421371584,0.7748641786701472,0.739929216386529
NGC5985,external_151,bulge_rich_hsb,15,4.606916629166611e+20,14.93,295.0,4.161457950428541e-11,0.23673746622448644,0.10185398583577965,0.25054327062898296,0.5650323359267289,1.2758589186555427,0.7966932085976629,0.7622922654473614
NGC5985,external_151,bulge_rich_hsb,16,4.825999737452498e+20,15.64,294.0,3.986359231122464e-11,0.22529201290621514,0.0947191017328648,0.239315767691254,0.5747307595814783,1.2811845324949807,0.8152100286315676,0.7812604533940293
NGC5985,external_151,bulge_rich_hsb,17,5.0450828457383854e+20,16.35,290.0,3.811260511816387e-11,0.21384655958794382,0.08758421762994995,0.22808826475352503,0.5843110066292501,1.2863413079461923,0.8334935570569204,0.7999993981320902
NGC5985,external_151,bulge_rich_hsb,18,5.301194085002169e+20,17.18,291.0,3.6065676427684375e-11,0.20046666345531683,0.07924343762231711,0.2149631556854757,0.5929530867915265,1.291150009889915,0.8544494901305701,0.8212567937655488
NGC5985,external_151,bulge_rich_hsb,19,5.520277193288056e+20,17.89,286.0,3.4314689234623604e-11,0.1890212101370455,0.07210855351940226,0.20373565274774674,0.6008185290168043,1.2953921246716766,0.8719073636108697,0.8390498477696675
NGC5985,external_151,bulge_rich_hsb,20,5.776388432551839e+20,18.72,287.0,3.2267760544144114e-11,0.17564131400441851,0.06376777351176943,0.19061054367969743,0.6079521272125874,1.2994306760126766,0.8916247106952299,0.8589963604351493
NGC5985,external_151,bulge_rich_hsb,21,5.998557218419218e+20,19.44,294.0,3.0492111559631783e-11,0.16403465711828424,0.05653239808346142,0.1792249068977751,0.6143897759444094,1.3029904413348186,0.9080011938839131,0.8756344156710262
NGC5985,external_151,bulge_rich_hsb,22,6.25158278010151e+20,20.26,290.0,2.8550371422134357e-11,0.15138240687238688,0.0488237319957342,0.16673733686834055,0.6201918984678625,1.3063049381460705,0.9247208857592699,0.8925642589124395
NGC5985,external_151,bulge_rich_hsb,23,6.473751565968888e+20,20.98,288.0,2.7420463103544398e-11,0.1443180267801975,0.045851415476976284,0.15919602989192094,0.6251918076856093,1.3085027285061028,0.9319719792945229,0.9000964846980835
NGC5985,external_151,bulge_rich_hsb,24,6.692834674254776e+20,21.69,290.0,2.6306247956045965e-11,0.13735176307817745,0.04292038113209001,0.15175946329017384,0.630189679967377,1.310672952002078,0.9388474749282077,0.9072630061931828
NGC5985,external_151,bulge_rich_hsb,25,6.948945913518559e+20,22.52,294.0,2.500371475544921e-11,0.12920810269412586,0.03949396070074409,0.14306601219235682,0.634780713579634,1.3127112361533966,0.9465193521763292,0.9151710968931726
NGC5985,external_151,bulge_rich_hsb,26,7.168029021804446e+20,23.23,297.0,2.388949960795078e-11,0.12224183899210578,0.03656292635585782,0.1356294455906097,0.6390290723557828,1.31456011142891,0.952752894127835,0.921646204512152
NGC5985,external_151,bulge_rich_hsb,27,7.424140261068229e+20,24.06,293.0,2.2586966407354026e-11,0.11409817860805421,0.03313650592451191,0.1269359944927927,0.642916550915404,1.316305359307868,0.9596356578148343,0.9287273012765676
NGC5985,external_151,bulge_rich_hsb,28,7.643223369354116e+20,24.77,291.0,2.1472751259855597e-11,0.10713191490603416,0.030205471579625637,0.11949942789104559,0.6473050612786951,1.3181763397298043,0.9651621202802769,0.9345287449779812
NGC5985,external_151,bulge_rich_hsb,29,8.007333323970098e+20,25.95,297.0,1.9620957071055382e-11,0.09555418086605713,0.025334175062772385,0.10714006367969123,0.6556368162304625,1.32161992149346,0.9735742248747552,0.9435062160469462
NGC5985,external_151,bulge_rich_hsb,30,8.923779565673035e+20,28.92,292.0,1.6200815128483607e-11,0.07544874432371503,0.018211557308873246,0.08528211034676651,0.6644697111858758,1.325204989482173,0.9847063286741952,0.9551589575730542
NGC5985,external_151,bulge_rich_hsb,31,9.800111998816582e+20,31.76,288.0,1.3482852304793366e-11,0.06024653423411544,0.013688651754404191,0.06849974268896672,0.6712314666122057,1.3277112510953912,0.9907104143469616,0.9615835509263309
NGC5985,external_151,bulge_rich_hsb,32,1.0713472562938026e+21,34.72,285.0,1.106285456573777e-11,0.047211245064685305,0.010031546534929488,0.05408045213026363,0.6764851873574524,1.3296030196157471,0.9946041672414245,0.9658139880919636
NGC6015,external_151,bulge_rich_hsb,0,1.049130377707065e+19,0.34,35.5,1.0905031405209326e-10,0.7744868787109397,1.2112628267472643,0.6592384925380135,0.06290574608363592,0.4802539868299622,0.11129523300157197,0.051418892428956676
NGC6015,external_151,bulge_rich_hsb,1,2.0674039795992162e+19,0.67,62.4,1.0599729841808346e-10,0.7446884430429944,1.139704821111212,0.6425875595900858,0.1170457490445959,0.5946039146601043,0.12014030374152694,0.06730027861441072
NGC6015,external_151,bulge_rich_hsb,2,3.085677581491367e+19,1.0,90.7,1.0294428278407366e-10,0.7148900073750492,1.0681468154751599,0.6259366266421583,0.163413226257358,0.6866698845492749,0.13010800541772294,0.08248396318617295
NGC6015,external_151,bulge_rich_hsb,3,4.073094407568605e+19,1.3200000000000003,104.0,9.998378277533686e-11,0.6859945546061326,0.9987572342523212,0.6097902674199255,0.20412947954570348,0.7628964861965677,0.14103727026125729,0.09745929662120399
NGC6015,external_151,bulge_rich_hsb,4,5.091368009460756e+19,1.65,105.0,9.693076714132706e-11,0.6561961189381873,0.927199228616269,0.593139334471998,0.24063144409076886,0.8282766732401454,0.1538560163992192,0.1133560732451787
NGC6015,external_151,bulge_rich_hsb,5,6.109641611352907e+19,1.98,108.0,9.387775150731725e-11,0.626397683270242,0.8556412229802168,0.5764884015240703,0.2730370357303218,0.8843344629900124,0.16855810181924702,0.1303785688502785
NGC6015,external_151,bulge_rich_hsb,6,7.127915213245058e+19,2.31,116.0,9.082473587330744e-11,0.5965992476022969,0.7840832173441645,0.5598374685761428,0.30154376253227794,0.9327207953248693,0.1855428143036635,0.14903606989510507
NGC6015,external_151,bulge_rich_hsb,7,8.115332039322295e+19,2.63,130.0,8.786423586457067e-11,0.5677037948333803,0.7146936361213261,0.5436911093539101,0.32716692156680327,0.9752930486382242,0.2046778819333626,0.1694459212497712
NGC6015,external_151,bulge_rich_hsb,8,9.133605641214447e+19,2.96,141.0,8.481122023056085e-11,0.537905359165435,0.6431356304852738,0.5270401764059824,0.3502724674862655,1.0139908107510154,0.22781206397559323,0.19340051656199198
NGC6015,external_151,bulge_rich_hsb,9,1.0121022467291683e+20,3.28,146.0,8.185072022182408e-11,0.5090099063965184,0.5737460492624352,0.5108938171837496,0.37120421304319023,1.0488492201795048,0.25437311311569244,0.22050334751139855
NGC6015,external_151,bulge_rich_hsb,10,1.1139296069183835e+20,3.61,150.0,7.879770458781426e-11,0.4792114707285732,0.5021880436263829,0.4942428842358221,0.39049249694826915,1.0816579693372803,0.2871889046457019,0.2535125714608202
NGC6015,external_151,bulge_rich_hsb,11,1.2157569671075986e+20,3.94,152.0,7.480321621545991e-11,0.46976436019694556,0.4630549554241927,0.47988238545753026,0.4081208362821866,1.1061048143695755,0.31035475364495274,0.2774446908577731
NGC6015,external_151,bulge_rich_hsb,12,1.3175843272968136e+20,4.27,155.0,7.068744642048039e-11,0.4629389269208697,0.4280988762364082,0.465816942609388,0.42428380974928076,1.1276208341181853,0.33398381171304076,0.30171915068028693
NGC6015,external_151,bulge_rich_hsb,13,1.4194116874860288e+20,4.6,152.0,6.657167662550084e-11,0.45611349364479387,0.39314279704862365,0.45175149976124573,0.4393564802346207,1.1475043379637155,0.36022685160859996,0.328433824861314
NGC6015,external_151,bulge_rich_hsb,14,1.5243247252567356e+20,4.940000000000001,150.0,6.233118653370375e-11,0.44908122905732173,0.35712744273393643,0.4372598313722506,0.45381697581345615,1.166515653331713,0.39038484410648927,0.35891419925220386
NGC6015,external_151,bulge_rich_hsb,15,1.6354091181904246e+20,5.3,147.0,5.7841255848271545e-11,0.44163530184705724,0.3189935381654443,0.42191571190155003,0.4668951221614079,1.1845108000239375,0.42627856311616213,0.3948681741971647
NGC6015,external_151,bulge_rich_hsb,16,1.7372364783796398e+20,5.63,145.0,5.372548605329201e-11,0.43480986857098136,0.28403745897765975,0.40785026905340777,0.47844241449554464,1.200278486486396,0.463295948206153,0.43185666735260636
NGC6015,external_151,bulge_rich_hsb,17,1.8390638385688547e+20,5.959999999999999,152.0,4.960971625831249e-11,0.42798443529490554,0.2490813797898753,0.39378482620526556,0.4888092159885694,1.2149592600062669,0.5048351396988683,0.47320984536239047
NGC6015,external_151,bulge_rich_hsb,18,1.934719843595087e+20,6.27,149.0,4.574338705696809e-11,0.4215726646416222,0.21624385085589587,0.38057183443882886,0.5215515904470187,1.2408017727818654,0.54855742861445,0.5189595233766299
NGC6015,external_151,bulge_rich_hsb,19,2.5425983271488864e+20,8.24,149.0,2.8642189416699957e-11,0.346543446394128,0.09159390519085603,0.29945564997074514,0.56068678440474,1.2846897980497776,0.7847549583522384,0.7528546350889349
NGC6015,external_151,bulge_rich_hsb,20,3.1782479089361086e+20,10.3,146.0,1.9236286079283883e-11,0.22917665526556164,0.05661563365910679,0.21786852464240164,0.5786677041520754,1.292712799052491,0.890196373104526,0.855997966994242
NGC6015,external_151,bulge_rich_hsb,21,3.434359148199892e+20,11.13,149.0,1.593464176077688e-11,0.18841561104651278,0.044930113065619504,0.18894320003411055,0.587036673847952,1.2963007877756785,0.9217504022323579,0.8872419659759981
NGC6015,external_151,bulge_rich_hsb,22,3.687384709882184e+20,11.95,152.0,1.4330688717814828e-11,0.17031687262055972,0.041563204216142194,0.17377319545339692,0.594180725994341,1.2988676078298649,0.9326394549639652,0.8983692956023484
NGC6015,external_151,bulge_rich_hsb,23,3.924981883657019e+20,12.72,153.0,1.2824537689667532e-11,0.15332171580594522,0.038401594686754956,0.15952819115199507,0.600681980575644,1.3011654893747266,0.9422749464505185,0.9082298911178335
NGC6015,external_151,bulge_rich_hsb,24,4.190350155665276e+20,13.579999999999998,156.0,1.1142343034853672e-11,0.13434011209092128,0.03487044638120558,0.143618186347832,0.6066336960534566,1.3031738660620487,0.9523081210674788,0.9184081768194605
NGC6015,external_151,bulge_rich_hsb,25,4.452632750092043e+20,14.43,158.0,9.479708783002759e-12,0.11557922469816499,0.03138035793967421,0.12789318159953122,0.6117863620841107,1.3048506524396042,0.9614151987118107,0.9276160594946182
NGC6015,external_151,bulge_rich_hsb,26,4.7180010221003e+20,15.29,158.0,8.522048605550477e-12,0.10572141691418083,0.029685599012060113,0.11909975168133607,0.6161401969614653,1.3063508469904743,0.9658518493675463,0.9322765079740767
NGC6015,external_151,bulge_rich_hsb,27,4.94325548554917e+20,16.02,159.0,7.850414757197665e-12,0.09913262518766291,0.028605068596699285,0.11302309212232371,0.6201825331321992,1.3077815341667893,0.9686821824398446,0.9353697281920269
NGC6015,external_151,bulge_rich_hsb,28,5.208623757557427e+20,16.88,161.0,7.059174881055996e-12,0.09137048698929935,0.027332114956685163,0.10586428771033657,0.624169413411223,1.3091488666491824,0.9718787384485413,0.9388009786466736
NGC6015,external_151,bulge_rich_hsb,29,5.4709063519841944e+20,17.73,163.0,6.277135468590389e-12,0.08369860621184695,0.026073963103182822,0.09878872521011667,0.6278150632702397,1.3103757314834161,0.9748886849020495,0.9420171598914653
NGC6015,external_151,bulge_rich_hsb,30,5.7362746239924516e+20,18.59,162.0,5.638945480079378e-12,0.07747725825917184,0.024965967767510998,0.09289571009515099,0.6309451976728851,1.3114527244403502,0.9773333783452157,0.9446499007908774
NGC6015,external_151,bulge_rich_hsb,31,5.961529087441321e+20,19.32,164.0,5.284985052452994e-12,0.07408656171290623,0.02422782812178019,0.08944634822402771,0.6339097512968466,1.3125511849414897,0.9787887593258721,0.9463317617112887
NGC6015,external_151,bulge_rich_hsb,32,6.226897359449579e+20,20.18,165.0,4.867990576071227e-12,0.07009204249401799,0.023358238950097324,0.0853827164306496,0.6369214238346756,1.3136534469427588,0.980446082429674,0.9482095474021129
NGC6015,external_151,bulge_rich_hsb,33,6.492265631457836e+20,21.04,166.0,4.45099609968946e-12,0.06609752327512974,0.022488649778414457,0.0813190846372715,0.6397277655894044,1.314671091960527,0.9820408646918851,0.9500055602005714
NGC6015,external_151,bulge_rich_hsb,34,6.754548225884603e+20,21.89,163.0,4.039658996453398e-12,0.062155933926911745,0.02162975621052566,0.0773081770988791,0.6421725890584342,1.315548063466328,0.9835534420368535,0.9516869425302166
NGC6015,external_151,bulge_rich_hsb,35,6.982888366914964e+20,22.630000000000003,159.0,3.828866183856994e-12,0.0599053316572605,0.020988426433988093,0.07481335995164211,0.6445071291444262,1.3164325811030513,0.9845405987745796,0.9528616188164097
NGC6015,external_151,bulge_rich_hsb,36,7.24517096134173e+20,23.48,155.0,3.5867393045232862e-12,0.057320180401580025,0.020251763852830076,0.07194769160684283,0.6468898579309196,1.3173321046759225,0.9856385790188776,0.9541469802046062
NGC6015,external_151,bulge_rich_hsb,37,7.510539233349987e+20,24.34,154.0,3.341763873668006e-12,0.054704615601715065,0.019506434653070205,0.06904830951681065,0.6491467221966625,1.318180639818478,0.986710135987707,0.9553939065779714
NGC6015,external_151,bulge_rich_hsb,38,7.772821827776754e+20,25.19,149.0,3.0996369943342973e-12,0.05211946434603457,0.018769772071912185,0.06618264117201136,0.651133942538525,1.3189260685478776,0.9877300899831739,0.9565652480845405
NGC6015,external_151,bulge_rich_hsb,39,8.001161968807115e+20,25.930000000000003,153.0,2.929006147655578e-12,0.05016553540558374,0.018170992050283163,0.06395542962489989,0.6530330168615083,1.319641881170541,0.9885121679239796,0.9574987470094575
NGC6015,external_151,bulge_rich_hsb,40,8.263444563233881e+20,26.78,156.0,2.7730022172435808e-12,0.04821656769802757,0.017525572770713788,0.06166361225836227,0.6549805165311562,1.3203833972626238,0.989308639240453,0.9584522795792748
NGC6015,external_151,bulge_rich_hsb,41,8.528812835242139e+20,27.64,151.0,2.6151629464737957e-12,0.0462446709586178,0.01687256032314948,0.059344832334571274,0.6567048129113036,1.3210415514919118,0.9900862734367343,0.9593669281529297
NGC6015,external_151,bulge_rich_hsb,42,8.754067298691008e+20,28.37,158.0,2.4811831003552574e-12,0.04457085163330485,0.01631825905951931,0.05737656565507426,0.6583556120334934,1.3216654106134098,0.9907239932977376,0.960137441346462
NGC6015,external_151,bulge_rich_hsb,43,9.019435570699266e+20,29.229999999999997,152.0,2.3260783544976423e-12,0.04262082238594991,0.015670198392386914,0.055079398197412914,0.6600531655536194,1.3223091638754403,0.9914428066015225,0.9609912303960979
NGC6195,external_151,bulge_rich_hsb,0,4.1039511833835184e+19,1.33,175.0,6.980356066795953e-11,0.4951741799111809,0.412937919635545,0.47455584154945246,0.1288416676900232,0.7314762275582843,0.3378810980785811,0.22569408398282062
NGC6195,external_151,bulge_rich_hsb,1,7.220485540689799e+19,2.34,237.0,6.921912240583411e-11,0.46927446961260066,0.4043388481358556,0.46426353412293453,0.22549887955713258,0.9142068499675935,0.3475603904946216,0.2752951760932889
NGC6195,external_151,bulge_rich_hsb,2,1.0275306346366253e+20,3.3300000000000005,247.0,6.864625717860226e-11,0.4438876248644873,0.3959100552797244,0.45417503476426835,0.30133322532878015,1.0158839620103242,0.3573822226676352,0.3037558107019431
NGC6195,external_151,bulge_rich_hsb,3,1.3391840703672533e+20,4.34,242.0,6.806181891647684e-11,0.4179879145659071,0.387310983780035,0.4438827273377504,0.3629092380439692,1.0799171961482135,0.3677543351857535,0.32432945317683
NGC6195,external_151,bulge_rich_hsb,4,1.6508375060978814e+20,5.35,240.0,6.747738065435142e-11,0.3920882042673268,0.3787119122803456,0.4335904199112324,0.4129481642343475,1.1229312175990165,0.378492744667349,0.34116338810548114
NGC6195,external_151,bulge_rich_hsb,5,1.9563195866655267e+20,6.34,233.0,6.690451542711957e-11,0.3667013595192135,0.3702831194242144,0.4235019205525663,0.45458097596093433,1.1538981996985516,0.3893844269585977,0.35603340418960666
NGC6195,external_151,bulge_rich_hsb,6,2.2648873448146633e+20,7.339999999999999,233.0,6.610872717765857e-11,0.34900352399444545,0.35739619862389455,0.41363174867224634,0.48974640807248865,1.1792202885901495,0.40350172580365096,0.37296016367487245
NGC6195,external_151,bulge_rich_hsb,7,2.5672837478008177e+20,8.32,247.0,6.498166485027687e-11,0.3443639887547423,0.3377748375896441,0.4044710135633658,0.5202954673519533,1.2024555273841737,0.42261831067731165,0.39427163315872066
NGC6195,external_151,bulge_rich_hsb,8,2.8820228611129367e+20,9.34,248.0,6.380859997892042e-11,0.33953508472974514,0.31735260467644466,0.3949363708990207,0.5475393817878836,1.2222071244002646,0.44378549992696037,0.41709425945873074
NGC6195,external_151,bulge_rich_hsb,9,3.202933329588039e+20,10.38,242.0,6.261253383557657e-11,0.33461149631210096,0.29652993582377074,0.38521477445694335,0.5708505582082603,1.2387186646838755,0.4667930161972509,0.4412907367810677
NGC6195,external_151,bulge_rich_hsb,10,3.5053297325741926e+20,11.36,252.0,6.148547150819488e-11,0.3299719610723978,0.2769085747895203,0.3760540393480628,0.5908192943225936,1.2524687530238747,0.48987768656002034,0.46526631961532644
NGC6195,external_151,bulge_rich_hsb,11,3.8077261355603467e+20,12.339999999999998,245.0,6.035840918081318e-11,0.3253324258326946,0.25728721375526986,0.3668933042391822,0.6085883873227853,1.2645891857059213,0.5144113470764257,0.4904828661467888
NGC6195,external_151,bulge_rich_hsb,12,4.1101225385465014e+20,13.320000000000002,247.0,5.923134685343149e-11,0.32069289059299144,0.23766585272101937,0.3577325691303016,0.6244882136947535,1.2754243672447494,0.5404797260877022,0.5170736746797829
NGC6195,external_151,bulge_rich_hsb,13,4.4125189415326555e+20,14.3,238.0,5.804270357885649e-11,0.3147965678480258,0.22127832471913633,0.34870358793746314,0.6401195895401658,1.2849512561248186,0.5644597648403142,0.5415560829149901
NGC6195,external_151,bulge_rich_hsb,14,4.773543218567145e+20,15.47,249.0,5.650752467228896e-11,0.30538794829618354,0.2078096239647989,0.338172455313203,0.6534586698270962,1.2924220572347969,0.587283581127897,0.5646751881311788
NGC6195,external_151,bulge_rich_hsb,15,5.0450828457383854e+20,16.35,250.0,5.535286019555441e-11,0.2983113797443706,0.1976793191239297,0.33025160342487064,0.6678284156038734,1.299468342613675,0.6050195613515379,0.5828854237831493
NGC6195,external_151,bulge_rich_hsb,16,5.5295342260325306e+20,17.92,253.0,5.329283379956209e-11,0.28568613812352245,0.17960593435101532,0.31612008357864124,0.6819961431573557,1.307587685658453,0.6378484891685638,0.6158810673440558
NGC6195,external_151,bulge_rich_hsb,17,5.8936441806485114e+20,19.1,258.0,5.1744533705758945e-11,0.2761971030199551,0.16602211649621346,0.30549894127383187,0.7025075931858635,1.316783051447656,0.6634837985715797,0.6421937455570311
NGC6195,external_151,bulge_rich_hsb,18,6.948945913518559e+20,22.52,254.0,4.703880120358229e-11,0.24882013405517364,0.13348561803987521,0.2757629596613045,0.7265610525131433,1.3296121409528026,0.7309386418365531,0.7097822147490536
NGC6195,external_151,bulge_rich_hsb,19,8.038190099785012e+20,26.05,256.0,4.1937173798061453e-11,0.22070282144864956,0.10755808106118087,0.24624385452964753,0.7449984011125865,1.3389249434610693,0.790604353713728,0.7694462450563452
NGC6195,external_151,bulge_rich_hsb,20,9.09657751023655e+20,29.48,255.0,3.722202553615214e-11,0.19471428652798428,0.08676539011794028,0.2190525832067184,0.7594088116614263,1.345928279755959,0.8402924756934483,0.8191368842175031
NGC6195,external_151,bulge_rich_hsb,21,1.0182736018921512e+21,33.0,244.0,3.2654172933638036e-11,0.1695360967540896,0.0703559664343617,0.19281858138666647,0.7708094873284504,1.3511466479136858,0.880545717123653,0.8593895847410112
NGC6195,external_151,bulge_rich_hsb,22,1.1241123429373051e+21,36.43,246.0,2.8585102826278118e-11,0.1472342649129409,0.057121831339789035,0.16928892197852047,0.7798499094475433,1.3551694608272074,0.9118256129590353,0.8907099766928364
NGC6503,calibration_24,bulge_rich_hsb,0,2.345114961933439e+19,0.76,77.0,1.356370641968091e-10,0.7607382502120345,2.1012415797488266,0.732480291180438,0.14659387837365448,0.48651323753115755,0.06100841873798068,0.02852427560985459
NGC6503,calibration_24,bulge_rich_hsb,1,4.690229923866878e+19,1.52,100.0,1.244446972009072e-10,0.6817505619582923,1.73997756679737,0.6973980959525642,0.25111747498191683,0.673955628583941,0.07613496048662877,0.04751443009281519
NGC6503,calibration_24,bulge_rich_hsb,2,7.035344885800316e+19,2.28,110.0,1.1325233020500533e-10,0.6027628737045502,1.3787135538459132,0.6623159007246903,0.3291488378365988,0.8255153524104146,0.09870266117807126,0.07253632716347826
NGC6503,calibration_24,bulge_rich_hsb,3,9.380459847733756e+19,3.04,118.0,9.724135694842611e-11,0.6048795980242472,1.105748093119752,0.6243746269771447,0.3887916607421398,0.9488715370755336,0.12651805004388905,0.10282863059875164
NGC6503,calibration_24,bulge_rich_hsb,4,1.1694718033852282e+20,3.79,121.0,8.062355876972987e-11,0.6207281552905257,0.8513544820393788,0.586447526529431,0.43589742046453445,1.051150160736415,0.16686837432308366,0.14484090429260882
NGC6503,calibration_24,bulge_rich_hsb,5,1.403983299578572e+20,4.55,121.0,6.3784189948651e-11,0.6367880266536879,0.5935689561446009,0.5480147314090811,0.4740283008872018,1.1414780983934918,0.23513669663047393,0.21379798241003634
NGC6503,calibration_24,bulge_rich_hsb,6,1.6384947957719158e+20,5.31,117.0,5.255209760688714e-11,0.6049678353181922,0.4460890038070673,0.5071735751570893,0.5049948525997027,1.1921615542590658,0.306518525744987,0.2848078678507427
NGC6503,calibration_24,bulge_rich_hsb,7,1.87300629196526e+20,6.07,116.0,4.3798797249317824e-11,0.5519814475131645,0.3473715072810726,0.4652677618848519,0.5303602495298483,1.2245107383768605,0.38223265834206843,0.3595432869661932
NGC6503,calibration_24,bulge_rich_hsb,8,2.1075177881586038e+20,6.83,116.0,3.504549689174852e-11,0.49899505970813685,0.24865401075507815,0.4233619486126146,0.5512827493872368,1.2538393914062513,0.4871617140276175,0.4628953452400805
NGC6503,calibration_24,bulge_rich_hsb,9,2.3420292843519476e+20,7.59,116.0,2.8502564791896547e-11,0.44403337225638967,0.18367432929415525,0.3823462410969666,0.5686381814492399,1.2729478320753351,0.5874502208336343,0.56158484095474
NGC6503,calibration_24,bulge_rich_hsb,10,2.5765407805452914e+20,8.35,115.0,2.3791986101795928e-11,0.3874341988199836,0.14666265735210138,0.34206841439028823,0.5830655329306452,1.2838516401847202,0.6659178968158322,0.6386905618754553
NGC6503,calibration_24,bulge_rich_hsb,11,2.8110522767386352e+20,9.11,115.0,1.9081407411695308e-11,0.3308350253835775,0.1096509854100475,0.3017905876836099,0.5949393682718271,1.2936275152500665,0.7513620202675829,0.7226855377464362
NGC6503,calibration_24,bulge_rich_hsb,12,3.042478095350488e+20,9.860000000000001,116.0,1.5321864194607376e-11,0.2822431894257136,0.08255780481352232,0.2661181580137696,0.6049904797002439,1.300837050180263,0.8198728592310245,0.7901785054207221
NGC6503,calibration_24,bulge_rich_hsb,13,3.283160946706815e+20,10.64,117.0,1.2845696716057119e-11,0.24341992860380052,0.06959085575724062,0.23559117747865552,0.6134269788024326,1.30468328202852,0.8591434956329365,0.8289019765510967
NGC6503,calibration_24,bulge_rich_hsb,14,3.511501087737176e+20,11.379999999999999,117.0,1.0496512185124826e-11,0.20658760423429331,0.057288878447434924,0.20662968312482938,0.6203514758128841,1.3079053347016611,0.8941538031868808,0.8634331131700421
NGC6503,calibration_24,bulge_rich_hsb,15,3.739841228767537e+20,12.12,118.0,8.40326635629844e-12,0.17354190218176244,0.046685399412700085,0.18025540555503386,0.6261926494357649,1.310550406909856,0.9223790743021761,0.8913195525632874
NGC6503,calibration_24,bulge_rich_hsb,16,3.968181369797898e+20,12.86,117.0,7.219205916890163e-12,0.15394763071597725,0.04211559095197348,0.16307184310547276,0.6316659130413265,1.312468429939567,0.9357349666439683,0.904685869507357
NGC6503,calibration_24,bulge_rich_hsb,17,4.2273782866431725e+20,13.7,116.0,5.875137309994278e-12,0.13170548472778865,0.0369282408073649,0.1435661776221872,0.6363535187622283,1.3140646049494147,0.9496527683912729,0.9185279236733084
NGC6503,calibration_24,bulge_rich_hsb,18,4.455718427673534e+20,14.44,115.0,4.762766141129906e-12,0.11326549017707933,0.03265667796495902,0.12730024644253268,0.6401571965506583,1.315347816690113,0.9600872236668097,0.9289324544639044
NGC6503,calibration_24,bulge_rich_hsb,19,4.684058568703895e+20,15.18,117.0,4.161264774038725e-12,0.10305106710062603,0.030510463570866807,0.11757351006010983,0.6435771931620444,1.3164904628092335,0.9653700310125922,0.9343219498764777
NGC6503,calibration_24,bulge_rich_hsb,20,4.909313032152765e+20,15.91,116.0,3.567891803800128e-12,0.09297467676844912,0.028393252073992056,0.10797821606123323,0.646661309229249,1.3175064414362843,0.9702534580891835,0.9392958226759309
NGC6503,calibration_24,bulge_rich_hsb,21,5.137653173183126e+20,16.65,115.0,2.9663904367089472e-12,0.08276025369199581,0.026247037679899842,0.09825147967881037,0.6496264088963654,1.3184737385912135,0.9748602047346393,0.9439914428939602
NGC6503,calibration_24,bulge_rich_hsb,22,5.3968500900284006e+20,17.49,115.0,2.574204320655366e-12,0.07562359932149834,0.024615890721537147,0.09101965654388146,0.652329199564514,1.3194075356523751,0.9780856973181655,0.9473424049845152
NGC6503,calibration_24,bulge_rich_hsb,23,5.625190231058762e+20,18.23,115.0,2.2595902898235175e-12,0.069810328219285,0.02326448907416381,0.08505359980225415,0.6546609862927699,1.3202176492535467,0.9805966541102997,0.9499717305884385
NGC6503,calibration_24,bulge_rich_hsb,24,5.853530372089123e+20,18.97,114.0,1.9449762589916693e-12,0.06399705711707167,0.02191308742679048,0.07908754306062685,0.6568013205433998,1.3209560904035709,0.9829647080549975,0.9524455563925267
NGC6503,calibration_24,bulge_rich_hsb,25,6.081870513119485e+20,19.71,115.0,1.74085618739867e-12,0.05979459938166704,0.02080716128145793,0.07455465193138355,0.6587948296483688,1.3216782219372791,0.9847242613821566,0.9543260491830505
NGC6503,calibration_24,bulge_rich_hsb,26,6.310210654149846e+20,20.45,114.0,1.5676841846245025e-12,0.05604331167649483,0.019769989960215575,0.07042317376902443,0.6607817844987857,1.32240617342769,0.9862685242078325,0.9559993992234099
NGC6503,calibration_24,bulge_rich_hsb,27,6.569407570995121e+20,21.29,116.0,1.371110559853826e-12,0.0517850932003534,0.018592660352318845,0.06573338774688706,0.6626156511334205,1.3230800333703134,0.9879259781685542,0.9577694316578546
NGC6503,calibration_24,bulge_rich_hsb,28,6.797747712025482e+20,22.03,115.0,1.2464383043984866e-12,0.04875093088057398,0.01767447506510551,0.06226949650844445,0.6642155728054604,1.3236809146229982,0.989114002549403,0.9590667449437239
NGC6503,calibration_24,bulge_rich_hsb,29,7.023002175474351e+20,22.759999999999998,118.0,1.1454941719511853e-12,0.0460837076079303,0.01682277739812858,0.059155836001427944,0.6657215017263426,1.3242530095409393,0.9901464049659092,0.9602061880734983
NGC6503,calibration_24,bulge_rich_hsb,30,7.251342316504712e+20,23.5,115.0,1.0431672431689893e-12,0.043379947030181915,0.015959412639823197,0.05599952261075369,0.6671442598791409,1.3247949209196772,0.9911419710413615,0.9613025926326348
NGC6674,external_151,bulge_rich_hsb,0,7.714193953728417e+19,2.4999999999999996,206.0,1.1545729555764998e-10,0.6069916033789555,0.5198312769357857,0.5175874280307816,0.4435036111348214,1.1354870514254365,0.27096002197251623,0.24569020011323786
NGC6674,external_151,bulge_rich_hsb,1,2.3111725085370342e+20,7.490000000000001,285.0,9.436867534906026e-11,0.4139299426072634,0.30744266600187575,0.41136110511038204,0.5891805571200847,1.2510743775275015,0.441559676508137,0.41918268915695905
NGC6674,external_151,bulge_rich_hsb,2,3.869439687190174e+20,12.54,291.0,6.626658802777701e-11,0.3117081138318349,0.1694478178293105,0.3161798821113358,0.6575369097794505,1.3026939156638841,0.6511434457061971,0.6278815463179127
NGC6674,external_151,bulge_rich_hsb,3,5.384507379702436e+20,17.45,274.0,3.8733253882747855e-11,0.23499058750344723,0.06195396398022264,0.2281061572606385,0.6941419202339266,1.3339640793768412,0.8761778408836953,0.8517202855172114
NGC6674,external_151,bulge_rich_hsb,4,6.933517525611102e+20,22.47,266.0,2.6477581976514684e-11,0.15253983785696507,0.035203603998593166,0.1535178903155449,0.7148604037466909,1.3418192571517809,0.9487271509717258,0.9239645096334316
NGC6674,external_151,bulge_rich_hsb,5,8.479441993938277e+20,27.48,255.0,1.6821187305498603e-11,0.08961061979311864,0.01627452268444347,0.09516074273680958,0.7263506987639249,1.3461590911590617,0.9847492313300872,0.9600073851932792
NGC6674,external_151,bulge_rich_hsb,6,1.0028452139846943e+21,32.5,250.0,1.1235621954834075e-11,0.057304339945420446,0.009646909953734205,0.06223380448994143,0.73337720528433,1.3480529461382091,0.9940321895004093,0.9694747145050353
NGC6674,external_151,bulge_rich_hsb,7,1.1574376608174118e+21,37.51,242.0,7.715244731843224e-12,0.0386412196235978,0.006532126978729187,0.04309941951954648,0.7379853540073481,1.3491499822654351,0.9971925949021935,0.9727981186723503
NGC6674,external_151,bulge_rich_hsb,8,1.308944430068638e+21,42.42,237.0,5.172147237606223e-12,0.0263466144843806,0.005024847094393962,0.030408378122016133,0.7411450485478567,1.3497902159036324,0.9984743566396411,0.9741888565012442
NGC6674,external_151,bulge_rich_hsb,9,1.4638454446595045e+21,47.44,235.0,3.867165619483139e-12,0.020798907159981304,0.004486739028960206,0.024639809455135088,0.7436749658673242,1.350364097869614,0.9988956968860528,0.9747254506906529
NGC6674,external_151,bulge_rich_hsb,10,1.618437891492222e+21,52.45,236.0,2.7719758472132104e-12,0.016206845624726192,0.004031670826648541,0.01983380869006211,0.74567577817695,1.3508128729569302,0.9992010050246807,0.9751213200163245
NGC6674,external_151,bulge_rich_hsb,11,1.7733389060830887e+21,57.47,242.0,2.1219658429670024e-12,0.013553151110087508,0.003712299389317386,0.016967896920671466,0.7473628533397699,1.3512341631188396,0.999370497389383,0.9753785145619966
NGC6674,external_151,bulge_rich_hsb,12,1.927931352915806e+21,62.48,246.0,1.6428286133030554e-12,0.011520954793318995,0.003415833357394885,0.014714828684455738,0.7487935678157372,1.3516061074355155,0.9994976184873555,0.9755834860095641
NGC6674,external_151,bulge_rich_hsb,13,2.0797466899251816e+21,67.4,242.0,1.2952915388727124e-12,0.009972196347390721,0.003140844659172191,0.012942582339689902,0.750038639538385,1.351942876650378,0.9995936587741363,0.9757503701963868
NGC6674,external_151,bulge_rich_hsb,14,2.234339136757899e+21,72.41,242.0,1.0683461526425884e-12,0.00882048506945096,0.002880914721222211,0.0115648129731728,0.751150719853358,1.3522568469783756,0.9996669385674507,0.9758899975217724
NGC6789,external_151,low_mass_dwarf,0,3.0856775814913674e+18,0.1,13.9,2.0903149888646067e-11,0.7135455757964243,0.7122427199540169,0.5863627184503699,0.034922791403315126,0.49444174523729684,0.19318722266092758,0.09167512849989123
NGC6789,external_151,low_mass_dwarf,1,9.257032744474102e+18,0.3,29.9,1.8974101669344182e-11,0.5382451311209704,0.7366827290919948,0.5586984209836106,0.0667530728151584,0.49555886867287563,0.19547152008662078,0.09295127479897132
NGC6789,external_151,low_mass_dwarf,2,1.5736955665605972e+19,0.51,46.7,1.65625514187109e-11,0.4317646294809417,0.6607430461916725,0.5181856104411697,0.09445415686846562,0.5413238763874108,0.22604615013753568,0.11647503510493565
NGC6789,external_151,low_mass_dwarf,3,2.1908310828588704e+19,0.71,60.4,1.3719431050430867e-11,0.44016662146303437,0.44461481617225174,0.4633742592963173,0.11731173638073707,0.6698021766870677,0.32677275900491404,0.20287063152169615
NGC6946,calibration_24,bulge_rich_hsb,0,5.862787404833597e+18,0.19,153.0,1.8703167985442282e-10,0.835703519680089,1.4001325227427914,0.688395155999305,0.072867190530868,0.4876306079691711,0.0939987047327758,0.044041586926789854
NGC6946,calibration_24,bulge_rich_hsb,1,1.7279794456351658e+19,0.56,130.0,1.8141080646925678e-10,0.8043389676426126,1.3191554981619706,0.6728575197640179,0.13528652050567785,0.6085955577426816,0.10125519004894244,0.057889186635504075
NGC6946,calibration_24,bulge_rich_hsb,2,2.900536926601885e+19,0.94,128.0,1.7563801758719438e-10,0.7721267250095287,1.235989905349236,0.6568999474142636,0.1825676416996763,0.6958478110210199,0.10965853710924432,0.07029511097342953
NGC6946,calibration_24,bulge_rich_hsb,3,3.764526649419468e+19,1.22,134.0,1.7138438367409578e-10,0.7483913883325195,1.1747099948556419,0.6451417362091815,0.22362692242199847,0.7655743151801518,0.11656989190902285,0.08077724475311324
NGC6946,calibration_24,bulge_rich_hsb,4,4.906227354571274e+19,1.59,129.0,1.6576351028892977e-10,0.7170268362950432,1.093732970274821,0.6296040999738944,0.2646639719610323,0.8333926514192015,0.1268039828275617,0.0938624305468381
NGC6946,calibration_24,bulge_rich_hsb,5,6.04792805972308e+19,1.96,131.0,1.6014263690376373e-10,0.6856622842575668,1.0127559456940005,0.6140664637386073,0.30117718993692694,0.8915280153843358,0.13852344437948916,0.10777575437900981
NGC6946,calibration_24,bulge_rich_hsb,6,7.220485540689799e+19,2.34,138.0,1.5436984802170134e-10,0.653450041624483,0.9295903528812658,0.598108891388853,0.33341635583203905,0.942136529520201,0.1524398945507205,0.12329587999201852
NGC6946,calibration_24,bulge_rich_hsb,7,8.362186245841605e+19,2.71,139.0,1.487489746365353e-10,0.6220854895870065,0.848613328300445,0.5825712551535659,0.35840255721237235,0.9827239489588981,0.1682431804701202,0.1399802758374039
NGC6946,calibration_24,bulge_rich_hsb,8,9.226175968659189e+19,2.99,143.0,1.444953407234367e-10,0.5983501529099973,0.787333417806851,0.5708130439484838,0.3814690944440587,1.0164785711127997,0.1820100585358652,0.15475582623446474
NGC6946,calibration_24,bulge_rich_hsb,9,1.0398733449625908e+20,3.37,146.0,1.387225518413743e-10,0.5661379102769135,0.7041678249941162,0.5548554715987295,0.405094071082715,1.0537238739350758,0.20378578118802046,0.1771448861458961
NGC6946,calibration_24,bulge_rich_hsb,10,1.1540434154777713e+20,3.74,154.0,1.323998255192796e-10,0.5460530804720787,0.6338742625243191,0.5404638186774394,0.4264333920197928,1.0863572063101734,0.22594473479077584,0.19994669685566216
NGC6946,calibration_24,bulge_rich_hsb,11,1.2712991635744432e+20,4.12,161.0,1.2445833534767637e-10,0.54869478923605,0.5837201979646781,0.528047295114534,0.4435932449305967,1.1124975722691017,0.24495882596946725,0.21968065883121954
NGC6946,calibration_24,bulge_rich_hsb,12,1.3576981358562016e+20,4.4,167.0,1.1860671101070556e-10,0.5506413114831866,0.5467645714470478,0.5188982777523931,0.459250115615938,1.1332013580034181,0.2606099561440507,0.23605357733982937
NGC6946,calibration_24,bulge_rich_hsb,13,1.4718682063713819e+20,4.77,173.0,1.1087420742256556e-10,0.5532135015954744,0.4979303506916079,0.5068085048095641,0.4758712301268213,1.1567279584601218,0.28380441455452415,0.2598205427571542
NGC6946,calibration_24,bulge_rich_hsb,14,1.5891239544680543e+20,5.15,176.0,1.0293271725096229e-10,0.5558552103594457,0.4477762861319666,0.4943919812466585,0.4911292684967215,1.1788433848260969,0.31116103008155827,0.2875640744390452
NGC6946,calibration_24,bulge_rich_hsb,15,1.7032940249832345e+20,5.52,178.0,9.520021366282231e-11,0.5584274004717336,0.3989420653765268,0.4823022083038295,0.5049995285813342,1.1990717275737726,0.3419848207376494,0.3186280501129657
NGC6946,calibration_24,bulge_rich_hsb,16,1.817464095498415e+20,5.889999999999999,180.0,8.74677100746823e-11,0.5609995905840214,0.35010784462108685,0.47021243536100055,0.516290168160896,1.2172884451136707,0.3778931562513938,0.3545257893474838
NGC6946,calibration_24,bulge_rich_hsb,17,1.9038630677801733e+20,6.169999999999999,179.0,8.16160857377115e-11,0.562946112831158,0.31315221810345656,0.46106341799885964,0.5270311166767743,1.231885830461189,0.4091937118883839,0.3859177265655527
NGC6946,calibration_24,bulge_rich_hsb,18,2.0211188158768454e+20,6.55,180.0,7.367459556610823e-11,0.5655878215951293,0.26299815354381545,0.4486468944359542,0.5383659944447718,1.24958246325969,0.45872968473992914,0.435266981574165
NGC6946,calibration_24,bulge_rich_hsb,19,2.135288886392026e+20,6.92,181.0,6.594209197796824e-11,0.5681600117074171,0.21416393278837548,0.43655712149312514,0.5488857874176476,1.2661540323187737,0.5168097807010573,0.4930129167520137
NGC6946,calibration_24,bulge_rich_hsb,20,2.252544634488698e+20,7.3,179.0,5.883621950011014e-11,0.5653953937900139,0.17072408913380363,0.42337408234032775,0.5574916952218919,1.2798979143640663,0.5804499087509765,0.5560632263080894
NGC6946,calibration_24,bulge_rich_hsb,21,2.3389436067704563e+20,7.58,179.0,5.653192705013495e-11,0.5443911872865415,0.16227141329704808,0.41097108266754895,0.5654174186199212,1.2837256803952226,0.5999201203647574,0.5753698401047794
NGC6946,calibration_24,bulge_rich_hsb,22,2.4531136772856368e+20,7.95,179.0,5.348696916981059e-11,0.5166356286926671,0.15110180594133546,0.39458140452851986,0.5738727388678944,1.2879010137203413,0.62648020508192,0.6015784157692595
NGC6946,calibration_24,bulge_rich_hsb,23,2.570369425382309e+20,8.33,178.0,5.035971513055854e-11,0.4881299198665259,0.13963031730573866,0.37774876211546293,0.5816647337610772,1.2917937696186028,0.654685145003244,0.6293688692476089
NGC6946,calibration_24,bulge_rich_hsb,24,2.684539495897489e+20,8.7,177.0,4.7314757250234196e-11,0.46037436127265163,0.12846070995002606,0.3613590839764339,0.5888565509950467,1.2954029143503745,0.6829647345962879,0.6572294577178436
NGC6946,calibration_24,bulge_rich_hsb,25,2.8017952439941615e+20,9.08,176.0,4.418750321098214e-11,0.4318686524465103,0.11698922131442924,0.3445264415633769,0.5947024909861367,1.2984911474462428,0.7127285037088381,0.6864669332571343
NGC6946,calibration_24,bulge_rich_hsb,26,2.8881942162759195e+20,9.36,173.0,4.188321076100695e-11,0.4108644459430379,0.10853654547767373,0.33212344189059817,0.6001008020229032,1.3011831043847677,0.7350372272437787,0.7084832650344738
NGC6946,calibration_24,bulge_rich_hsb,27,3.0023642867911007e+20,9.730000000000002,172.0,3.883825288068258e-11,0.38310888734916343,0.09736693812196102,0.31573376375156903,0.6057835522675219,1.30417353743922,0.7648649797142151,0.7378393986464998
NGC6946,calibration_24,bulge_rich_hsb,28,3.1165343573062805e+20,10.1,172.0,3.5793295000358236e-11,0.35535332875528924,0.08619733076624846,0.29934408561254,0.6110940089238258,1.3070196892758805,0.7948957444743368,0.767402040371662
NGC6946,calibration_24,bulge_rich_hsb,29,3.233790105402953e+20,10.48,170.0,3.266604096110618e-11,0.3268476199291479,0.07472584213065163,0.28251144319948307,0.6153968763894602,1.3095131187381024,0.8256894751412739,0.7976649920372954
NGC6946,calibration_24,bulge_rich_hsb,30,3.320189077684711e+20,10.76,171.0,3.036174851113099e-11,0.3058434134256755,0.06627316629389614,0.27010844352670427,0.6193623640340336,1.311648727384325,0.8481696454442161,0.819848211490689
NGC6946,calibration_24,bulge_rich_hsb,31,3.434359148199892e+20,11.13,174.0,2.8580694077894306e-11,0.2884847054545536,0.06133510464810202,0.2582817932497276,0.6236437703219447,1.3133061510746549,0.863246695829567,0.8347873175017485
NGC6946,calibration_24,bulge_rich_hsb,32,3.551614896296563e+20,11.509999999999998,174.0,2.717527951728347e-11,0.2741428221144812,0.058352968139061004,0.247665449663235,0.6276597026713505,1.3145913764260007,0.8737286171167056,0.8452089355957385
NGC6946,calibration_24,bulge_rich_hsb,33,3.6657849668117443e+20,11.88,175.0,2.5806849550372898e-11,0.26017835675704215,0.055449308906573666,0.2373284835395447,0.631428419984608,1.3157864698958641,0.8837068289324939,0.8551284652546524
NGC6946,calibration_24,bulge_rich_hsb,34,3.783040714908416e+20,12.26,174.0,2.4401434989762052e-11,0.24583647341696968,0.05246717239753263,0.226712139953052,0.6345380113300791,1.316735570915313,0.8936954217296504,0.8650076099833041
NGC6946,calibration_24,bulge_rich_hsb,35,3.869439687190174e+20,12.54,173.0,2.336586636615406e-11,0.23526876990323206,0.05026980865402872,0.21888957099458373,0.6374465392987553,1.3176552813690467,0.9008721959453999,0.8721618821013467
NGC6946,calibration_24,bulge_rich_hsb,36,3.983609757705355e+20,12.91,173.0,2.199743639924349e-11,0.22130430454579297,0.04736614942154138,0.20855260487089344,0.6405910880223483,1.3186174977608867,0.91009752788443,0.8813121181117927
NGC6946,calibration_24,bulge_rich_hsb,37,4.1008655058020264e+20,13.289999999999997,173.0,2.059202183863265e-11,0.2069624212057206,0.04438401291250036,0.19793626128440084,0.6435255227813785,1.3194990167278229,0.9192426439778626,0.8903698271035679
NGC6946,calibration_24,bulge_rich_hsb,38,4.2150355763172075e+20,13.66,175.0,1.9223591871722083e-11,0.1929979558482815,0.04148035368001302,0.18759929516071053,0.6462266005423264,1.3203011030585976,0.9278014153777515,0.8988445314917718
NGC6946,calibration_24,bulge_rich_hsb,39,4.329205646832388e+20,14.03,174.0,1.785516190481152e-11,0.1790334904908425,0.0385766944475257,0.17726232903702027,0.6484375459518358,1.3209296171049374,0.935994849751598,0.9069278944066841
NGC6946,calibration_24,bulge_rich_hsb,40,4.415604619114147e+20,14.31,171.0,1.681959328120352e-11,0.16846578697710482,0.036379330704021766,0.16943976007855194,0.6505571680401654,1.3215628886172686,0.9419379548063087,0.9128337556671863
NGC6946,calibration_24,bulge_rich_hsb,41,4.5328603672108184e+20,14.690000000000001,167.0,1.584163490378295e-11,0.15889531962380585,0.03465059215250176,0.16200194521970676,0.6528313160237783,1.322200278984373,0.9468489797168308,0.9177417153529436
NGC6946,calibration_24,bulge_rich_hsb,42,4.647030437725999e+20,15.06,165.0,1.5185905131088966e-11,0.15288626404680708,0.033836730665104627,0.15696455863329264,0.6550066935039037,1.3227990226680961,0.9495669108907936,0.9205158163942766
NGC6946,calibration_24,bulge_rich_hsb,43,4.764286185822671e+20,15.44,163.0,1.4512452932105955e-11,0.14671480156232186,0.033000872921291356,0.15179102646346193,0.6568365719830329,1.3232711081624775,0.9522971831065539,0.9232728074143225
NGC6946,calibration_24,bulge_rich_hsb,44,4.8506851581044294e+20,15.72,162.0,1.4016224996013207e-11,0.14216740815270112,0.03238497774163947,0.1479789501277972,0.6585752925506246,1.32375406959336,0.9542686320035265,0.9252969788748093
NGC6946,calibration_24,bulge_rich_hsb,45,4.96485522861961e+20,16.09,161.0,1.3360495223319221e-11,0.13615835257570236,0.03157111625424233,0.14294156354138307,0.6604925682705377,1.324258641404268,0.9568203736506699,0.9278891901221942
NGC6946,calibration_24,bulge_rich_hsb,46,5.0821109767162816e+20,16.47,159.0,1.2687043024336212e-11,0.12998689009121714,0.030735258510429055,0.13776803137155236,0.6623201830214699,1.3247267180264408,0.9593767637537991,0.9304777738069618
NGC6946,calibration_24,bulge_rich_hsb,47,5.196281047231462e+20,16.84,158.0,1.2031313251642226e-11,0.12397783451421836,0.02992139702303192,0.13273064478513824,0.6640393457832512,1.3251607419650318,0.9618021588387629,0.9329317087257906
NGC6946,calibration_24,bulge_rich_hsb,48,5.310451117746643e+20,17.21,157.0,1.1375583478948238e-11,0.11796877893721955,0.02910753553563478,0.12769325819872407,0.6655005679659219,1.3255052985107325,0.9641636190206946,0.9353030135478837
NGC6946,calibration_24,bulge_rich_hsb,49,5.3999357676098925e+20,17.5,157.0,1.0861633116566467e-11,0.11325897862011242,0.028469644099566756,0.12374503627964276,0.666904533282931,1.3258638460903642,0.9659691284077151,0.9371385240041696
NGC6946,calibration_24,bulge_rich_hsb,50,5.514105838125073e+20,17.87,157.0,1.0205903343872483e-11,0.10724992304311363,0.02765578261216962,0.11870764969322864,0.6684015003798247,1.3262197483230225,0.968213990204467,0.93939988528648
NGC6946,calibration_24,bulge_rich_hsb,51,5.628275908640253e+20,18.24,160.0,9.681103032332657e-12,0.10257386300885594,0.027009256905453836,0.11468838482728312,0.6698543457418622,1.326597785631293,0.9699542316583865,0.9411770594563825
NGC6946,calibration_24,bulge_rich_hsb,52,5.745531656736926e+20,18.62,159.0,9.328859648763552e-12,0.09967263409488654,0.026583923480729688,0.11201260731783273,0.6710928863291692,1.326952435100766,0.9710837047065884,0.9423562305935194
NGC6946,calibration_24,bulge_rich_hsb,53,5.831930629018683e+20,18.9,160.0,9.069311892449479e-12,0.09753488647406702,0.026270519904617165,0.11004098178455353,0.6722823780513758,1.3273074236263334,0.9719038742766,0.9432353762237163
NGC6946,calibration_24,bulge_rich_hsb,54,5.946100699533864e+20,19.27,158.0,8.72633807160588e-12,0.09471000568941265,0.025856379464754185,0.10743561947272028,0.6736121094918418,1.3276932757684459,0.972971852418585,0.9443622924714872
NGC6946,calibration_24,bulge_rich_hsb,55,6.063356447630536e+20,19.65,155.0,8.374094688036775e-12,0.09180877677544326,0.02543104604003004,0.1047598419632699,0.6748983726436477,1.3280617940020958,0.9740498284672398,0.9454949132805175
NGC6946,calibration_24,bulge_rich_hsb,56,6.177526518145717e+20,20.02,157.0,8.031120867193173e-12,0.08898389599078886,0.025016905600167054,0.10215447965143663,0.6761429209749976,1.328417203750221,0.9750809390337545,0.9465790331909326
NGC6946,calibration_24,bulge_rich_hsb,57,6.294782266242388e+20,20.4,154.0,7.678877483624074e-12,0.08608266707681951,0.024591572175442916,0.09947870214198629,0.6773617240331412,1.328761481866597,0.9761207892936263,0.9476690901754407
NGC7331,external_151,bulge_rich_hsb,0,8.23875914258195e+19,2.6699999999999995,221.0,4.944318552245103e-10,0.717643629345971,1.113664180660833,0.6418062095893257,0.09661028465389354,0.5504835975366879,0.12273604368638782,0.06420315652456328
NGC7331,external_151,bulge_rich_hsb,1,9.905025036587288e+19,3.21,237.0,4.814625778041979e-10,0.6892622371283195,1.060863066821443,0.6319252564462499,0.17441517324357037,0.6999750946324526,0.1298050308677258,0.08362022413754011
NGC7331,external_151,bulge_rich_hsb,2,1.1540434154777713e+20,3.74,249.0,4.687334721879656e-10,0.6614064262480318,1.0090397513864862,0.6222272839169348,0.2383982474131803,0.8055757405762625,0.13739055635615913,0.09909013267548213
NGC7331,external_151,bulge_rich_hsb,3,1.3175843272968136e+20,4.27,250.0,4.560043665717331e-10,0.6335506153677442,0.9572164359515294,0.6125293113876198,0.29285684808219364,0.8847672327779035,0.14570396428492063,0.1127410005085774
NGC7331,external_151,bulge_rich_hsb,4,1.4842109166973475e+20,4.81,253.0,4.39977959282215e-10,0.6215294068976549,0.9070505904572832,0.6042826957097717,0.33986008791339456,0.9489167170131947,0.15429361102778916,0.12540751724777996
NGC7331,external_151,bulge_rich_hsb,5,1.6508375060978814e+20,5.35,257.0,4.1924191949148794e-10,0.6347117247413778,0.8609444826839342,0.5985538431540308,0.3802838173928303,1.0028369971845592,0.16251663408362682,0.1370015928311187
NGC7331,external_151,bulge_rich_hsb,6,1.8143784179169237e+20,5.88,257.0,3.988898804376262e-10,0.6476499255879948,0.8156921917212028,0.5929310804604333,0.41541334919511125,1.0465440163798914,0.1713357801133357,0.14832511952316654
NGC7331,external_151,bulge_rich_hsb,7,1.9779193297359664e+20,6.41,257.0,3.7853784138376445e-10,0.6605881264346117,0.7704399007584714,0.5873083177668358,0.461087825111812,1.0939588651609309,0.18100013949329985,0.16080973303230178
NGC7331,external_151,bulge_rich_hsb,8,2.3080868309555426e+20,7.48,257.0,3.374497625391756e-10,0.6867086451249517,0.6790815020223909,0.5759567025174975,0.5111822214656274,1.150188685023469,0.2036155845686305,0.18586865372617364
NGC7331,external_151,bulge_rich_hsb,9,2.638254332175119e+20,8.55,255.0,2.9636168369458684e-10,0.7128291638152916,0.5877231032863104,0.5646050872681592,0.5520047164798214,1.1950581830562232,0.23157182986317912,0.21541668584020093
NGC7331,external_151,bulge_rich_hsb,10,2.968421833394695e+20,9.62,248.0,2.6147302234067933e-10,0.7247938393020762,0.5128564044736164,0.5525649016531227,0.5854145134730371,1.2278682945977393,0.26083342366181034,0.24564617969230418
NGC7331,external_151,bulge_rich_hsb,11,3.289332301869797e+20,10.66,247.0,2.3670348859680163e-10,0.7155504946993072,0.4644055168428183,0.5398470054659238,0.6136940689035673,1.2493526693474037,0.28513755217151293,0.27053289306310524
NGC7331,external_151,bulge_rich_hsb,12,3.622585480670865e+20,11.74,246.0,2.1098128047815937e-10,0.7059516368425856,0.4140911335339126,0.5266399594253711,0.638328352274714,1.2685913563305193,0.3143893446138582,0.3001420224520442
NGC7331,external_151,bulge_rich_hsb,13,3.958924337053424e+20,12.83,244.0,1.85020903765826e-10,0.6962639006723758,0.36331087630548,0.51331062592148,0.6594925413201599,1.2857901536438914,0.34905069846614745,0.33496996432290344
NGC7331,external_151,bulge_rich_hsb,14,4.292177515854492e+20,13.91,242.0,1.6032829221592356e-10,0.6843557255429596,0.3148444147070099,0.4995324369308623,0.6778386532624079,1.3008238468393665,0.38868914928107673,0.3746101428260046
NGC7331,external_151,bulge_rich_hsb,15,4.628516372237051e+20,15.0,238.0,1.4390611301110174e-10,0.6532744407506632,0.28118333093709785,0.48091202687510226,0.6937252387379385,1.3107724514893362,0.4251258824015151,0.4108347827110603
NGC7331,external_151,bulge_rich_hsb,16,4.961769551038118e+20,16.08,236.0,1.276345960008196e-10,0.622478305360131,0.24783106444947867,0.46246244626939514,0.7069801147923852,1.3196857131794877,0.4659559526604613,0.4513422012801532
NGC7331,external_151,bulge_rich_hsb,17,5.267251631605764e+20,17.07,233.0,1.1271903874139425e-10,0.5942485145854765,0.21725815350249428,0.4455503307141635,0.7187085815773243,1.3276152401015486,0.5081315216693635,0.4931807215826032
NGC7331,external_151,bulge_rich_hsb,18,5.600504810406831e+20,18.15,234.0,9.644752173111211e-11,0.5634523791949442,0.1839058870148751,0.42710075010845633,0.7295852882394085,1.335619855463099,0.5600786816212957,0.5446615279745718
NGC7331,external_151,bulge_rich_hsb,19,5.93684366678939e+20,19.24,236.0,8.532157624351134e-11,0.5232851780129384,0.1606331354092663,0.40365545150928267,0.7391190392664431,1.3408440379935767,0.6066472493890954,0.5906786382315354
NGC7331,external_151,bulge_rich_hsb,20,6.270096845590459e+20,20.32,237.0,7.577770746861804e-11,0.48094747315439695,0.14047685842765384,0.3790769584295095,0.7474798071830508,1.3450460625560887,0.652521990022559,0.6359651867711713
NGC7331,external_151,bulge_rich_hsb,21,6.606435701973017e+20,21.41,238.0,6.61454695384017e-11,0.4382177525101284,0.12013394925176726,0.35427088671010887,0.7548231092480252,1.3489983306915678,0.7014592280409864,0.6842759293219137
NGC7331,external_151,bulge_rich_hsb,22,6.939688880774084e+20,22.49,240.0,5.660160076350845e-11,0.395880047651587,0.09997767227015489,0.32969239363033576,0.7609931731485939,1.3526370032136439,0.7520952730494617,0.7342687243191601
NGC7331,external_151,bulge_rich_hsb,23,7.24517096134173e+20,23.48,238.0,4.975136663634119e-11,0.3607585404470151,0.08606847628437651,0.30757223259100014,0.7665015707322486,1.3552232798645631,0.7906871388212704,0.7723858751031386
NGC7331,external_151,bulge_rich_hsb,24,7.58150981772429e+20,24.570000000000004,237.0,4.4318201959932655e-11,0.3261868114904668,0.07582865232449075,0.28367335720400666,0.7715672896459017,1.3570196109608583,0.8229736831583296,0.8042400432644475
NGC7331,external_151,bulge_rich_hsb,25,7.914762996525357e+20,25.650000000000002,236.0,3.893488283101412e-11,0.29193225435920805,0.06568277170368654,0.2599937375545086,0.7760208672274659,1.3586627485508809,0.8541379317520638,0.8349915105158413
NGC7331,external_151,bulge_rich_hsb,26,8.251101852907915e+20,26.74,238.0,3.35017181546056e-11,0.25736052540265986,0.05544294774380082,0.23609486216751524,0.7799172391383897,1.360178774649366,0.8842530831938011,0.8647128527056711
NGC7331,external_151,bulge_rich_hsb,27,8.584355031708984e+20,27.82,239.0,2.86423032778661e-11,0.22593258988541703,0.046528011311047036,0.2138132701886066,0.7833307264437055,1.3614554805986347,0.9095183309979844,0.8896618262795272
NGC7331,external_151,bulge_rich_hsb,28,8.920693888091542e+20,28.91,239.0,2.5635866887093465e-11,0.20445379269071717,0.04198992973396645,0.19639006908409953,0.7862357048751321,1.3621705689207158,0.9238182073025379,0.9037865633180672
NGC7331,external_151,bulge_rich_hsb,29,9.223090291077697e+20,29.89,241.0,2.293283233392173e-11,0.18514258053401447,0.037909819692187555,0.18072517267821236,0.7888409844761004,1.3628130719323648,0.9358804117725871,0.9157115674515846
NGC7331,external_151,bulge_rich_hsb,30,9.559429147460255e+20,30.98,236.0,1.9926395943149094e-11,0.1636637833393146,0.033371738115106964,0.1633019715737053,0.7912509226697869,1.3634090251533506,0.948319699847999,0.9279993128412033
NGC7331,external_151,bulge_rich_hsb,31,9.892682326261324e+20,32.06,236.0,1.6947541537612894e-11,0.14238203932988713,0.02887529031396287,0.14603861635089088,0.7933599733058393,1.3639327817320732,0.959537204206141,0.9390798020430265
NGC7331,external_151,bulge_rich_hsb,32,1.0229021182643882e+21,33.15,239.0,1.5143605416422908e-11,0.12926630461208138,0.026568192936751066,0.13443246222164873,0.7952640871688019,1.3643143478154625,0.9655153860544388,0.9450061276287258
NGC7331,external_151,bulge_rich_hsb,33,1.0562274361444949e+21,34.23,237.0,1.3506560500533131e-11,0.1173164808340707,0.02456118804581451,0.12366005675624149,0.7969848939482959,1.3646402525386008,0.9705229102660388,0.9499720794477499
NGC7331,external_151,bulge_rich_hsb,34,1.0898613217827509e+21,35.32,241.0,1.1854357761348075e-11,0.10525601053959689,0.02253559977625816,0.11278790679578413,0.7984657865393919,1.3649067133276485,0.9752126007454356,0.9546156240218207
NGC7331,external_151,bulge_rich_hsb,35,1.1204095298395155e+21,36.31,238.0,1.0353733255115773e-11,0.09430200540975371,0.02069584529289964,0.10291320178582744,0.7997346399468839,1.365130379681304,0.9791454196130098,0.9585101281395646
NGC7793,external_151,bulge_rich_hsb,0,3.394245339640504e+18,0.11,9.1,1.030685921843301e-10,0.8336414448656364,2.261614556094442,0.7539143994654134,0.00693064126572487,0.2621650223451722,0.055399704495005746,0.014358063495255658
NGC7793,external_151,bulge_rich_hsb,1,4.3199486140879145e+18,0.14,17.6,1.0255510415075806e-10,0.8259469709974491,2.2424823073258806,0.7518339891411826,0.013747143968414099,0.2731616378350969,0.05599184341791989,0.01510532234965256
NGC7793,external_151,bulge_rich_hsb,2,5.245651888535325e+18,0.17,19.3,1.0204161611718602e-10,0.8182524971292618,2.22335005855732,0.7497535788169517,0.02156088863418927,0.2859297117100992,0.05659422741906498,0.015962375715792676
NGC7793,external_151,bulge_rich_hsb,3,6.47992292113187e+18,0.20999999999999996,24.8,1.0135696540575663e-10,0.8079931986383455,2.1978403935325717,0.7469796983846438,0.029223563858650735,0.2983228638048276,0.05741377950548002,0.01687491811987942
NGC7793,external_151,bulge_rich_hsb,4,7.40562619557928e+18,0.24,30.0,1.008434773721846e-10,0.8002987247701583,2.178708144764011,0.7448992880604131,0.03674630397770916,0.31072707458832216,0.0580410626218381,0.01774611138729675
NGC7793,external_151,bulge_rich_hsb,5,8.639897228175829e+18,0.28,35.0,1.0015882666075521e-10,0.7900394262792418,2.1531984797392627,0.7421254076281052,0.04517099773649132,0.3246018654961844,0.05889478172244213,0.018783399198652004
NGC7793,external_151,bulge_rich_hsb,6,9.874168260772375e+18,0.32,38.3,9.947417594932582e-11,0.7797801277883255,2.127688814714515,0.7393515271957974,0.05239573688971931,0.3365219881152226,0.05976893421276864,0.019736070839299857
NGC7793,external_151,bulge_rich_hsb,7,1.0799871535219784e+19,0.35,42.7,9.896068791575378e-11,0.7720856539201383,2.108556565945954,0.7372711168715665,0.05949209082314415,0.3483885192020524,0.06043837691673254,0.02063266958948579
NGC7793,external_151,bulge_rich_hsb,8,1.2034142567816331e+19,0.38999999999999996,47.0,9.827603720432439e-11,0.761826355429222,2.083046900921206,0.7344972364392587,0.06645684204246444,0.3600283425033084,0.06134998712550014,0.021613647016218734
NGC7793,external_151,bulge_rich_hsb,9,1.295984584226374e+19,0.41999999999999993,49.8,9.776254917075235e-11,0.7541318815610347,2.0639146521526452,0.7324168261150279,0.07329990460551197,0.37157405327321424,0.06204837243218408,0.022528679194501133
NGC7793,external_151,bulge_rich_hsb,10,1.419411687486029e+19,0.46,52.2,9.707789845932295e-11,0.7438725830701183,2.038404987127897,0.72964294568272,0.08001802071818283,0.382949319870779,0.06299975265286102,0.02354034779763463
NGC7793,external_151,bulge_rich_hsb,11,1.51198201493077e+19,0.49,53.4,9.656441042575092e-11,0.736178109201931,2.0192727383593363,0.7275625353584891,0.08662068792788383,0.3941904051265459,0.06372888435174578,0.024475766912222117
NGC7793,external_151,bulge_rich_hsb,12,1.6354091181904247e+19,0.53,54.6,9.587975971432153e-11,0.7259188107110147,1.9937630733345881,0.7247886549261814,0.09310461822213686,0.4053164709971936,0.06472253729762235,0.025520718432710834
NGC7793,external_151,bulge_rich_hsb,13,1.7279794456351658e+19,0.56,55.5,9.53662716807495e-11,0.7182243368428274,1.9746308245660273,0.7227082446019505,0.09947892076070067,0.41626871235063484,0.06548436921450473,0.026478645616915777
NGC7793,external_151,bulge_rich_hsb,14,1.8514065488948204e+19,0.6,55.9,9.46816209693201e-11,0.7079650383519112,1.9491211595412792,0.7199343641696427,0.10574028607495521,0.4271605005791845,0.06652300789465505,0.027559691718761315
NGC7793,external_151,bulge_rich_hsb,15,1.9439768763395613e+19,0.63,58.3,9.416813293574807e-11,0.7002705644837238,1.9299889107727184,0.7178539538454118,0.11102306039991941,0.43636950214476367,0.06731965971497794,0.028452786546571775
NGC7793,external_151,bulge_rich_hsb,16,2.0365472037843026e+19,0.6600000000000001,59.3,9.365464490217603e-11,0.6925760906155366,1.9108566620041574,0.7157735435211809,0.11709043693535287,0.4469355659063621,0.06813192807622981,0.02944690106077706
NGC7793,external_151,bulge_rich_hsb,17,2.1599743070439567e+19,0.7,59.5,9.296999419074663e-11,0.6823167921246203,1.8853469969794094,0.7129996630888732,0.1347383296673345,0.47688753318581284,0.06924000497997645,0.031782284043680185
NGC7793,external_151,bulge_rich_hsb,18,2.6845394958974894e+19,0.87,59.1,9.006022866717174e-11,0.6387147735382258,1.7769309206242307,0.701210671251565,0.16218763400838995,0.5259126485789243,0.07429404367946037,0.03729579807621845
NGC7793,external_151,bulge_rich_hsb,19,3.2399614605659357e+19,1.05,62.6,8.69793004657395e-11,0.5925479303291021,1.662137428012865,0.6887282093061797,0.1875041751121229,0.5729833732967039,0.08033671144002462,0.04355385306577162
NGC7793,external_151,bulge_rich_hsb,20,3.764526649419468e+19,1.22,65.6,8.406953494216459e-11,0.5489459117427078,1.5537213516576862,0.6769392174688715,0.21093943353288652,0.6177807811588966,0.08682251941301597,0.050289995797916286
NGC7793,external_151,bulge_rich_hsb,21,4.3199486140879135e+19,1.4,70.7,7.96198766666873e-11,0.5522968259523156,1.422504977691212,0.6602157961909765,0.23252914009045228,0.6771194646609205,0.09623154790710646,0.06029393337982175
NGC7793,external_151,bulge_rich_hsb,22,4.8445138029414466e+19,1.57,73.9,7.514780353002383e-11,0.5652157904767302,1.2953433553321307,0.6435860522012748,0.2524673998282498,0.736225200591953,0.10710480628952837,0.07192040011878055
NGC7793,external_151,bulge_rich_hsb,23,5.399935767609893e+19,1.7500000000000002,78.5,7.041266726767428e-11,0.5788946940908162,1.1607016375401622,0.6259780879768848,0.2708908271056298,0.7953723125248059,0.12098133402556906,0.08639570808368573
NGC7793,external_151,bulge_rich_hsb,24,5.924500956463424e+19,1.92,82.4,6.594059413101082e-11,0.5918136586152308,1.0335400151810812,0.6093483439871831,0.2879730053922828,0.8510283459090353,0.13702649017042068,0.10303826124297447
NGC7793,external_151,bulge_rich_hsb,25,6.4799229211318714e+19,2.1,87.1,6.120545786866126e-11,0.6054925622293169,0.8988982973891128,0.591740379762793,0.3038125413651165,0.907149571895103,0.15824927688995935,0.12466104140497594
NGC7793,external_151,bulge_rich_hsb,26,7.004488109985404e+19,2.27,89.6,5.673338473199779e-11,0.6184115267537315,0.7717366750300315,0.5751106357730913,0.3185459344373026,0.9598168594125124,0.183879649945382,0.15061334253145886
NGC7793,external_151,bulge_rich_hsb,27,7.55991007465385e+19,2.45,94.9,5.199824846964824e-11,0.6320904303678175,0.6370949572380632,0.5575026715487013,0.3322449486315734,1.013260423175302,0.2196922749392557,0.18642239131376784
NGC7793,external_151,bulge_rich_hsb,28,8.084475263507382e+19,2.62,98.1,4.887410837952585e-11,0.6254454844589433,0.5674102995394591,0.5421099216719184,0.34468870945205266,1.043787146506117,0.24533931778340995,0.21205049377477364
NGC7793,external_151,bulge_rich_hsb,29,8.609040452360915e+19,2.79,99.3,4.634607586413733e-11,0.6101486287014125,0.5231441550932319,0.527264217928105,0.3566915435777806,1.0650322110958852,0.2660740708958448,0.23276280362784668
NGC7793,external_151,bulge_rich_hsb,30,9.164462417029361e+19,2.97,98.6,4.366933555372595e-11,0.5939519578993211,0.47627411979722656,0.5115452374934789,0.3685536559208036,1.0863702711830092,0.2910058041177824,0.257523369196552
NGC7793,external_151,bulge_rich_hsb,31,9.750741157512721e+19,3.16,101.0,4.084388744829172e-11,0.5768554720526691,0.42680019365144306,0.49495298036804036,0.37932787222746994,1.107039683400358,0.321289240812249,0.2873541648522608
NGC7793,external_151,bulge_rich_hsb,32,1.0275306346366253e+20,3.3300000000000005,103.0,3.83158549329032e-11,0.5615586162951384,0.38253404920521583,0.4801072766242269,0.38915708344138994,1.1254634914155974,0.3525379801348518,0.3181540145179507
NGC7793,external_151,bulge_rich_hsb,33,1.0830728311034698e+20,3.51,107.0,3.5639114622491834e-11,0.545361945493047,0.33566401390921063,0.464388296189601,0.3983727530933154,1.1438015801998958,0.3908105747046381,0.3557214305529437
NGC7793,external_151,bulge_rich_hsb,34,1.1355293499888232e+20,3.68,114.0,3.31110821071033e-11,0.5300650897355161,0.29139786946298324,0.4495425924457875,0.4067887809633394,1.1607407069644433,0.43290839078445,0.39701970111482104
NGC7793,external_151,bulge_rich_hsb,35,1.1879858688741764e+20,3.85,112.0,3.114705879414886e-11,0.512863564865887,0.2622008094724557,0.4355854668407165,0.4149520255907323,1.1728515782075715,0.46682973527255467,0.43035138000156564
NGC7793,external_151,bulge_rich_hsb,36,1.243528065341021e+20,4.03,114.0,2.9519003726065445e-11,0.4931254653410807,0.243349335603971,0.4215186558684555,0.4226405527208461,1.181283090551314,0.49364119829680014,0.4566645167282937
NGC7793,external_151,bulge_rich_hsb,37,1.2959845842263743e+20,4.2,116.0,2.798139616176445e-11,0.47448392690098595,0.22554516583929105,0.4082333343946535,0.42989654822895473,1.1891613419243683,0.5206298128833268,0.4831741137503346
NGC7793,external_151,bulge_rich_hsb,38,1.3515267806932188e+20,4.38,114.0,2.6353341093681042e-11,0.4547458273761797,0.2066936919708064,0.3941665234223925,0.44018323990769326,1.199132590134445,0.5510500054648415,0.513426748210931
NGC7793,external_151,bulge_rich_hsb,39,1.4595254960454168e+20,4.73,114.0,2.318767846129663e-11,0.41636618941127856,0.17003804833764166,0.36681439097632945,0.45519976178512905,1.2148973139539043,0.6158682021319418,0.5772739724222083
NGC7793,external_151,bulge_rich_hsb,40,1.6199807302829677e+20,5.25,109.0,1.9386160178981496e-11,0.36443136408065724,0.1311929185316239,0.3300408304999694,0.4706196983048126,1.2298413193813718,0.6978414796417853,0.6576707603526297
NGC7793,external_151,bulge_rich_hsb,41,1.7835216421020103e+20,5.78,107.0,1.653725981071829e-11,0.3172834105963757,0.10936214460334306,0.2969551845429189,0.4837663408736494,1.2389982961836337,0.7548556704357142,0.7136844648012454
NGC7793,external_151,bulge_rich_hsb,42,1.943976876339561e+20,6.3,105.0,1.3836599834560644e-11,0.27244557428098354,0.08895153967498104,0.26532925144928965,0.4948680583275241,1.2467153811299487,0.8090520272336834,0.7669358436079917
NGC7793,external_151,bulge_rich_hsb,43,2.1044321105771125e+20,6.82,101.0,1.2141107466972744e-11,0.24271950480718477,0.07926698155457954,0.24259097238861085,0.5047004073492378,1.2520866099236687,0.8387189283607501,0.7964814689778955
NGC7793,external_151,bulge_rich_hsb,44,2.267973022396155e+20,7.35,94.5,1.0413009476931236e-11,0.21242178015119767,0.06939618193186264,0.21941541873061135,0.5132694745062518,1.2567063040104824,0.8678552232542763,0.8253979329111026
NGC7793,external_151,bulge_rich_hsb,45,2.428428256633706e+20,7.87,90.8,9.152269477809646e-12,0.19045590109411187,0.06267499855895725,0.20164016978478985,0.5208155687817386,1.260611023154059,0.8878014516624226,0.8454329252327633
NGC7814,external_151,bulge_rich_hsb,0,1.9439768763395613e+19,0.63,265.0,7.287038690150711e-11,0.699702117357673,1.5521498706428973,0.6871999027663402,0.18773943320667671,0.6210726401451692,0.08571644771443938,0.04987907164070681
NGC7814,external_151,bulge_rich_hsb,1,5.3073654401651515e+19,1.72,250.0,6.604395683305616e-11,0.5657700561090133,1.2280914856458236,0.6380089830065518,0.30735957174679446,0.824583626575802,0.11318191256052203,0.08310553802085625
NGC7814,external_151,bulge_rich_hsb,2,8.609040452360915e+19,2.79,233.0,5.6360926303877695e-11,0.5234615475210302,0.9069217466055575,0.5817908091851399,0.3903654635421492,0.9836432583047112,0.15932732339916555,0.13264337945517454
NGC7814,external_151,bulge_rich_hsb,3,1.2064999343631245e+20,3.91,230.0,4.472047364336103e-11,0.5241781676080844,0.5692010150730612,0.5189434242746823,0.4504503293188197,1.118176382446137,0.2529192420330543,0.22745139423156663
NGC7814,external_151,bulge_rich_hsb,4,1.5520958234901578e+20,5.03,228.0,3.5961208124156486e-11,0.4771294407011591,0.3831620187281363,0.4566713450016004,0.4941296014911286,1.1886882179860463,0.3636639829953309,0.3374367663401342
NGC7814,external_151,bulge_rich_hsb,5,1.8946060350356993e+20,6.14,228.0,2.800268220098992e-11,0.4185224009645405,0.23682218585541254,0.39509953913939233,0.5266778786143594,1.2380313186675729,0.5166134183596016,0.48827342520566497
NGC7814,external_151,bulge_rich_hsb,6,2.2402019241627324e+20,7.26,227.0,2.222074568783904e-11,0.3495304151799064,0.16358496378126275,0.33439089470827504,0.5511214954352707,1.2626864975792738,0.6464068855317975,0.6159666035566159
NGC7814,external_151,bulge_rich_hsb,7,2.5827121357082742e+20,8.37,226.0,1.68011963846704e-11,0.2814851993674203,0.09886417407730363,0.27502753453173134,0.5694893102436632,1.2819864803523275,0.7862230447217932,0.753660456726324
NGC7814,external_151,bulge_rich_hsb,8,2.931393702416799e+20,9.5,223.0,1.3132297148155808e-11,0.22197878802558144,0.0685772713825644,0.2221684959921959,0.5835024128187732,1.291288985559003,0.8677865624944785,0.8341090422641706
NGC7814,external_151,bulge_rich_hsb,9,3.286246624288306e+20,10.65,219.0,9.784531570665987e-12,0.16692349341987467,0.042482306058198464,0.1724451894778679,0.5935902091080952,1.2981576958931067,0.9317418124424436,0.8973267511642321
NGC7814,external_151,bulge_rich_hsb,10,3.622585480670865e+20,11.74,216.0,7.604842498732629e-12,0.12890403297696884,0.029914575765401887,0.13579212634712562,0.6009630047434955,1.3017140696354963,0.9609640651165475,0.9263840435803841
NGC7814,external_151,bulge_rich_hsb,11,3.955838659471933e+20,12.82,214.0,5.7729052936143684e-12,0.09713011310439526,0.020157716812638816,0.10464750089625624,0.6067147036014839,1.3043296651158167,0.9793412402929959,0.9447776737955923
NGC7814,external_151,bulge_rich_hsb,12,4.3230342916694055e+20,14.01,214.0,4.3410897034559205e-12,0.07267560531678707,0.014232396848455831,0.07958934777189841,0.6109793372747399,1.3058823535964588,0.9887994026271586,0.9543051636737969
NGC7814,external_151,bulge_rich_hsb,13,4.6562874704704727e+20,15.09,214.0,3.3406626582878032e-12,0.05595384163232348,0.0105518319168463,0.06221597583522418,0.6141062989586428,1.3069369654564644,0.9934778919558684,0.959094234925949
NGC7814,external_151,bulge_rich_hsb,14,4.992626326853032e+20,16.18,214.0,2.5605449607725193e-12,0.043278338263462154,0.008140018082245805,0.04880317171553336,0.6166348676409601,1.3077055237886617,0.9960431320000328,0.9617700628175931
NGC7814,external_151,bulge_rich_hsb,15,5.356736281469013e+20,17.36,214.0,1.9536859412268384e-12,0.03366859440619191,0.006474961685102505,0.03854112712713469,0.618599796949591,1.3082662720683835,0.9975106889191019,0.963332439482062
NGC7814,external_151,bulge_rich_hsb,16,5.6899894602700816e+20,18.44,214.0,1.4955539418687943e-12,0.02655675556785024,0.005338243893146627,0.030891986903227468,0.6200983709765022,1.3086749602318408,0.9983536254148798,0.964252303535654
NGC7814,external_151,bulge_rich_hsb,17,6.02632831665264e+20,19.53,214.0,1.1910230558214726e-12,0.021914725954261395,0.004638909839042116,0.025847999068153753,0.6213489590522824,1.3090399410931601,0.9988023706638973,0.9647801207234464
PGC51017,external_151,low_mass_dwarf,0,1.0182736018921513e+19,0.33000000000000007,20.5,9.38113357488836e-12,0.4405441887810875,0.3541911835272028,0.4380524468843466,0.08190461888507994,0.6027713066136122,0.3919196904557883,0.2221900739240386
PGC51017,external_151,low_mass_dwarf,1,3.0548208056764535e+19,0.99,19.9,7.268421474386708e-12,0.2925250073707652,0.2586326830379655,0.35330730693655094,0.13879531973903586,0.7295252971519808,0.5225293309226983,0.3482740672865366
PGC51017,external_151,low_mass_dwarf,2,5.091368009460756e+19,1.65,19.3,5.157089255555928e-12,0.25968313276199506,0.1527510779005673,0.2913892302490695,0.18066832238036404,0.8617351210247478,0.6919935426322239,0.5252047468420175
PGC51017,external_151,low_mass_dwarf,3,7.127915213245058e+19,2.31,18.8,4.187439973658303e-12,0.21442307051995585,0.11995634578827283,0.25040800000274305,0.21352962643849432,0.9280420494723876,0.7690058135189812,0.6155490698613812
PGC51017,external_151,low_mass_dwarf,4,9.164462417029361e+19,2.97,18.2,3.6308187104856526e-12,0.1860862067398375,0.09943919810795346,0.22205772390323153,0.2405410237847689,0.9771985237914182,0.8191266599428498,0.6790016341322292
PGC51017,external_151,low_mass_dwarf,5,1.1201009620813662e+20,3.63,18.3,3.264371389796622e-12,0.1645465864888871,0.08423251471743042,0.19919479087858655,0.26323982490577624,1.0145749272938658,0.8563207049480043,0.7272356663224953
UGC00128,external_151,low_mass_dwarf,0,3.8570969768642085e+19,1.2499999999999998,34.1,1.0847213357767596e-11,0.19089759858597657,0.08977878478999994,0.21741230245936102,0.1436274379213199,0.7680754712808522,0.836686967743273,0.5812902040907135
UGC00128,external_151,low_mass_dwarf,1,1.1571290930592627e+20,3.75,78.4,1.0022811094279941e-11,0.14030491165952522,0.0752180707378943,0.17517260391074616,0.23245052492960622,0.9597589404166228,0.8835784230330408,0.7236978161359295
UGC00128,external_151,low_mass_dwarf,2,1.9285484884321046e+20,6.25,96.9,9.017742268486274e-12,0.10180970870504223,0.05988398798572496,0.13866721304003973,0.2907963025849134,1.0497372187717338,0.9233273943574064,0.8007948718318122
UGC00128,external_151,low_mass_dwarf,3,2.7030535613864375e+20,8.76,108.0,7.701094601605587e-12,0.08375473325554925,0.04317202108552024,0.11177762605196458,0.33166675912073856,1.1047234626809301,0.9539648426609684,0.8522149091912286
UGC00128,external_151,low_mass_dwarf,4,3.471387279177788e+20,11.250000000000002,113.0,6.509275673702507e-12,0.06728558331167746,0.029114006234742938,0.08780511884284643,0.36050062753379547,1.1384810776347019,0.9750736199304739,0.8853650474596415
UGC00128,external_151,low_mass_dwarf,5,4.239720996969139e+20,13.74,114.0,5.6737812091918935e-12,0.055310199063329346,0.02291184444189648,0.07225575137277102,0.3823836967506109,1.1601890029547544,0.9837144834137019,0.9019467276082971
UGC00128,external_151,low_mass_dwarf,6,5.004969037178997e+20,16.22,121.0,4.866755065252918e-12,0.04393531814091222,0.017069813749109132,0.05748189520475405,0.3987511469934814,1.1753459701889961,0.9902832884326398,0.913856363288383
UGC00128,external_151,low_mass_dwarf,7,5.7733027549703484e+20,18.71,126.0,4.2790654201502954e-12,0.03741090131558087,0.014175504114549374,0.048968774359380476,0.41231253630347714,1.1869779284960944,0.9931062826020226,0.9208494057110084
UGC00128,external_151,low_mass_dwarf,8,6.572493248576612e+20,21.3,128.0,3.6685198229977e-12,0.030635279103384983,0.011170626915773077,0.04012810126960924,0.42297780539599844,1.1957491552789867,0.9955374431995473,0.9263379772376164
UGC00128,external_151,low_mass_dwarf,9,7.340826966367962e+20,23.79,129.0,3.2706329247949568e-12,0.02686345500479074,0.00971878085114573,0.035263303927268105,0.43186000993989676,1.2026955769124956,0.996584542102155,0.9298257970410451
UGC00128,external_151,low_mass_dwarf,10,8.109160684159313e+20,26.28,129.0,2.872746026592213e-12,0.023091630906196495,0.008266934786518382,0.030398506584926974,0.43930026545238815,1.2083437500444663,0.9974932747470641,0.9326861667904921
UGC00128,external_151,low_mass_dwarf,11,8.877494401950663e+20,28.77,131.0,2.5829472157589874e-12,0.02056797155017645,0.007345012986247383,0.027144796218170213,0.44576848999276303,1.213114869073955,0.998010178476567,0.9348471822809763
UGC00128,external_151,low_mass_dwarf,12,9.642742442160523e+20,31.25,131.0,2.3109185139711665e-12,0.018246210838043498,0.006508209308886161,0.024151674471522618,0.4513993113149221,1.2171744978223724,0.9984306252821441,0.9366523680889088
UGC00128,external_151,low_mass_dwarf,13,1.0411076159951873e+21,33.74,131.0,2.094464882010225e-12,0.01646449732414767,0.005871698320497644,0.02184382703181115,0.456404390012317,1.2207136755000014,0.9987190393398269,0.9381411055084212
UGC00128,external_151,low_mass_dwarf,14,1.1179409877743222e+21,36.23,127.0,1.8995321628488413e-12,0.014891419371318156,0.005312528887916914,0.01980079248036069,0.46095186503773666,1.2238738198522014,0.9989491825582915,0.9394353149783613
UGC00128,external_151,low_mass_dwarf,15,1.1978600371349488e+21,38.82,126.0,1.7277027834638219e-12,0.013519088570503044,0.004822471630517954,0.018009004520927137,0.4650222662910677,1.2266600007645043,0.9991322744675586,0.9405503448984958
UGC00128,external_151,low_mass_dwarf,16,1.274693408914084e+21,41.31000000000001,130.0,1.5820749898552372e-12,0.012366698517136138,0.004409260985660624,0.016497237349694004,0.46862554202263496,1.2290935360088209,0.9992731224850756,0.9415005868869709
UGC00128,external_151,low_mass_dwarf,17,1.3515267806932186e+21,43.79999999999999,132.0,1.4522301591299311e-12,0.01133921532414725,0.0040390193278868084,0.015144171813601186,0.47188430083987437,1.2312683232958608,0.9993886978922446,0.9423355611775555
UGC00128,external_151,low_mass_dwarf,18,1.4280515847142048e+21,46.28,134.0,1.339281810544613e-12,0.010445450964457256,0.003714845433845884,0.013961195162414152,0.47485329442728436,1.2332285959441611,0.9994816320237181,0.9430738936128757
UGC00128,external_151,low_mass_dwarf,19,1.50488495649334e+21,48.77000000000001,129.0,1.2335954159410014e-12,0.009607574304062243,0.003410333573312568,0.01285002933254647,0.47756204724216644,1.2349995184438902,0.9995619630959067,0.9437344721494147
UGC00128,external_151,low_mass_dwarf,20,1.5817183282724746e+21,51.25999999999999,132.0,1.1423552195129078e-12,0.008881060056442621,0.0031450739712193493,0.011882215408735792,0.4800420391540299,1.2366063781070677,0.9996264351388319,0.944323421769738
UGC00128,external_151,low_mass_dwarf,21,1.6585517000516098e+21,53.75,125.0,1.0545055074225733e-12,0.008180864931510651,0.002889379418508173,0.010948770528995433,0.48230645522020976,1.2380616522813983,0.9996837485243913,0.9448537490395902
UGC00191,external_151,low_mass_dwarf,0,1.9131201005246476e+19,0.62,29.9,1.6705339312841072e-11,0.4888826828426986,0.4601572490314414,0.4789441630422435,0.03563026172931022,0.4485151555156382,0.3121199661379853,0.13534396641189259
UGC00191,external_151,low_mass_dwarf,1,2.6845394958974894e+19,0.87,34.4,1.618874328702499e-11,0.45119462826200496,0.42692930499528275,0.45860221697420805,0.06744616021151778,0.5402721153180801,0.3380768607344043,0.17389638128801327
UGC00191,external_151,low_mass_dwarf,2,3.4559588912703316e+19,1.12,46.3,1.5672147261208904e-11,0.4135065736813113,0.3937013609591241,0.4382602709061726,0.09594908720331292,0.6172499451613244,0.36691368320599976,0.2123677156874851
UGC00191,external_151,low_mass_dwarf,3,4.227378286643173e+19,1.37,49.8,1.515555123539282e-11,0.3758185191006177,0.36047341692296553,0.4179183248381371,0.12155208814520829,0.6822042611574485,0.39896516965007717,0.25154972116258667
UGC00191,external_151,low_mass_dwarf,4,4.998797682016015e+19,1.62,57.6,1.4638955209576734e-11,0.338130464519924,0.3272454728868069,0.39757637877010166,0.16347201911738718,0.782268074436566,0.43458407920156167,0.3063339775636765
UGC00191,external_151,low_mass_dwarf,5,7.097058437430144e+19,2.3,71.3,1.2618414310667693e-11,0.29954244406366826,0.25218567084855253,0.3513415127496729,0.2737880630049652,0.9981546333075128,0.5302134300062384,0.44562980531796104
UGC00191,external_151,low_mass_dwarf,6,1.5335817580012093e+20,4.97,76.65,6.561008366517903e-12,0.17909349670701924,0.08118581067314157,0.2058332482246104,0.350883605316438,1.1287425332321726,0.8568191817949741,0.7744574070584354
UGC00191,external_151,low_mass_dwarf,7,2.2988297982110686e+20,7.45,81.0,4.1865419474603136e-12,0.1166761024202028,0.047692116910404585,0.14093872385766587,0.39375423903741497,1.1709665710291937,0.9370168557018874,0.8631117846856551
UGC00191,external_151,low_mass_dwarf,8,3.079506226328384e+20,9.98,83.85,2.9109345378534256e-12,0.08444005256011876,0.033673453824214175,0.10557772930507511,0.42260549634375766,1.1950222557820878,0.9656688613158296,0.898288179171611
UGC00634,external_151,low_mass_dwarf,0,1.3916405892526065e+20,4.51,69.75,1.0085984925759795e-11,0.198479111315249,0.1239885640103695,0.2415649759249403,0.25117541150269423,0.9881025316921274,0.7695190755894176,0.6425356176224586
UGC00634,external_151,low_mass_dwarf,1,2.7801955009237218e+20,9.01,97.7,6.114957516683725e-12,0.1232646922238614,0.056221043848380614,0.15204509132607757,0.353399164367757,1.1308146574338727,0.9212502928300234,0.8335099274249275
UGC00634,external_151,low_mass_dwarf,2,4.168750412594837e+20,13.51,108.0,4.4651138914508416e-12,0.08917687340311198,0.03836068466073518,0.11302440038140027,0.41296976791477485,1.1864129821592755,0.9584447733900086,0.8885069116345181
UGC00634,external_151,low_mass_dwarf,3,5.5573053242659524e+20,18.01,107.5,3.4882196219549236e-12,0.06883966947988883,0.02843367670085877,0.08861274591645833,0.4525148146821779,1.216928310201868,0.9754233677376403,0.9149855062539097
UGC00731,external_151,low_mass_dwarf,0,2.8079665991571444e+19,0.9100000000000001,29.6,3.656290444147925e-12,0.24607112245622975,0.1487317091955461,0.2821922322296184,0.07267267815210393,0.5358419633415084,0.7043695344669951,0.3596265534176552
UGC00731,external_151,low_mass_dwarf,1,5.585076422499375e+19,1.81,44.6,3.599373530664946e-12,0.2117752604114075,0.13887515946530862,0.25935006586998444,0.13133556063934823,0.7204553026718372,0.7352006944242597,0.48503167704792477
UGC00731,external_151,low_mass_dwarf,2,8.423899797471432e+19,2.73,50.4,3.5144483077722893e-12,0.19627681371039937,0.12362367327223661,0.24199977154714206,0.1800043122994278,0.8489307523214732,0.7697227956418476,0.5777341411145537
UGC00731,external_151,low_mass_dwarf,3,1.1231866396628577e+20,3.6400000000000006,56.8,3.424904046258742e-12,0.1850002156451126,0.10746534535541934,0.22608135794407933,0.22057768360558913,0.9375059471655591,0.804531693976182,0.6485206310994944
UGC00731,external_151,low_mass_dwarf,4,1.403983299578572e+20,4.55,60.7,3.330071493248757e-12,0.17397673744790562,0.0956328721363939,0.21214519333468593,0.25497889474731517,0.99933399728681,0.8313377476081227,0.6992472871603805
UGC00731,external_151,low_mass_dwarf,5,1.681694281912795e+20,5.45,64.7,3.2337251319184407e-12,0.16319673365770568,0.08602118775153589,0.19932022919255632,0.28464369887048757,1.044889851965991,0.853637362208073,0.7382847045382537
UGC00731,external_151,low_mass_dwarf,6,1.9624909418285095e+20,6.36,68.0,3.1143136898156336e-12,0.15309145386395667,0.07765263612483372,0.18736350327742193,0.31072744882744746,1.0801924371891072,0.8729867946752881,0.7700166854820636
UGC00731,external_151,low_mass_dwarf,7,2.2463732793257155e+20,7.280000000000001,71.5,2.9710501674162567e-12,0.14368932656856154,0.07057551980953615,0.17631118134962723,0.33359301804269526,1.107912817891804,0.8893374843763637,0.795751296566628
UGC00731,external_151,low_mass_dwarf,8,2.5271699392414296e+20,8.19,73.4,2.8256005176522418e-12,0.13475499487082845,0.06416058642336096,0.16584534145443156,0.35354474130844155,1.1300459920203858,0.903826249667152,0.8174492121491921
UGC00731,external_151,low_mass_dwarf,9,2.8048809215756527e+20,9.09,74.0,2.674672436427263e-12,0.126610006314597,0.058922575935880996,0.15637614134771827,0.3712930252452732,1.1481342471637208,0.9156328136815353,0.8350573233238628
UGC00731,external_151,low_mass_dwarf,10,3.085677581491367e+20,9.999999999999998,73.8,2.5228422433007396e-12,0.11853018417660277,0.05381143694461744,0.14697819603768422,0.3871937283984748,1.163356692572911,0.92670583530753,0.8508442141092593
UGC00731,external_151,low_mass_dwarf,11,3.3664742414070815e+20,10.91,73.9,2.3748401073019292e-12,0.11121939675720068,0.0496146031290903,0.13845205231469498,0.4014534955995252,1.176127126970576,0.9357229133958073,0.8637880994922649
UGC00891,external_151,low_mass_dwarf,0,4.566802820607223e+19,1.48,24.35,6.327767383569382e-12,0.29233759471234316,0.26375839847483784,0.3561096207032844,0.1406919922232678,0.7324245608419704,0.515658211058939,0.34480744169602223
UGC00891,external_151,low_mass_dwarf,1,9.164462417029361e+19,2.97,43.55,5.362777118702602e-12,0.24131466610879698,0.15418447147132272,0.2828963444885753,0.22681810914663839,0.9465333956005624,0.6962904683204648,0.5649660169629963
UGC00891,external_151,low_mass_dwarf,2,1.3731265237636584e+20,4.45,54.15,4.473080192984342e-12,0.1945435468729125,0.10410947404682477,0.22978019852923112,0.2850234789895987,1.0454512262887528,0.8069572912890043,0.6981398439577382
UGC00891,external_151,low_mass_dwarf,3,1.8328924834058722e+20,5.94,60.15,3.6920618527774546e-12,0.15776511284620182,0.07602557006151271,0.189288270517008,0.32637590350750756,1.1003609256790314,0.8741965688739812,0.7792334842166181
UGC00891,external_151,low_mass_dwarf,4,2.28031573272212e+20,7.39,63.75,3.054333024263446e-12,0.12890396027852027,0.05762426281971307,0.15718659587590592,0.35684551875579207,1.1347837316269318,0.9169452813787949,0.8311585026810667
UGC01230,external_151,low_mass_dwarf,0,2.4068285135632663e+19,0.7799999999999999,19.8,1.2275235044436909e-11,0.27120911819201843,0.14165616021784636,0.2898537564034196,0.12313011515439583,0.7242810584745708,0.7089203510887057,0.4697285999646381
UGC01230,external_151,low_mass_dwarf,1,7.251342316504713e+19,2.35,55.4,1.1493884396990885e-11,0.21952988624536007,0.12157943221119194,0.25003227770758896,0.20708094158915968,0.9164117561163023,0.7668783265577976,0.6084586512270914
UGC01230,external_151,low_mass_dwarf,2,1.2064999343631245e+20,3.91,88.5,1.0717510505261079e-11,0.16817982138116458,0.10163058145298755,0.21046443900345152,0.26621545532374846,1.012926339134563,0.8237936429188825,0.698893857807322
UGC01230,external_151,low_mass_dwarf,3,1.6909513146572692e+20,5.48,105.0,9.676809248495366e-12,0.13847944385596267,0.08319522120836265,0.1804630386697303,0.3101862025866818,1.0743425007399792,0.8694619221239437,0.76449801546711
UGC01230,external_151,low_mass_dwarf,4,2.1692313397884312e+20,7.03,106.0,8.505460971733691e-12,0.12135269392780954,0.0659054424798075,0.1562926314195991,0.34421949948385006,1.1172341152417236,0.906613915995633,0.8149479538745709
UGC01230,external_151,low_mass_dwarf,5,2.6536827200825757e+20,8.6,103.0,7.318998523658962e-12,0.10400495367800283,0.048392569832174215,0.13181034794688562,0.3945992592864661,1.169624181046149,0.9400383255546253,0.8654029545945896
UGC01230,external_151,low_mass_dwarf,6,4.094694150639044e+20,13.27,109.0,5.2166474409348995e-12,0.06840478318610302,0.02799864616554626,0.08786635081624963,0.42413751798125476,1.1960077627989685,0.9759893077095018,0.9082410531633061
UGC01230,external_151,low_mass_dwarf,7,4.58223120851468e+20,14.85,113.0,4.758726114641552e-12,0.06169807418572696,0.024881992311815655,0.07957097547391513,0.4709975688225817,1.2297496753585504,0.9805855398676457,0.9241088181349082
UGC01230,external_151,low_mass_dwarf,8,7.961048160247727e+20,25.799999999999997,105.0,2.6837943033173237e-12,0.03395597412064157,0.013021546959098889,0.04485458116945386,0.502265561235174,1.2498812366303762,0.9941931560337112,0.9434367758036916
UGC01230,external_151,low_mass_dwarf,9,9.877253938353866e+20,32.01,103.0,2.0861084983121257e-12,0.026420819665266458,0.010004226758691791,0.03514086428808821,0.5162848082505724,1.258110581336496,0.9964967441987777,0.9481774405032277
UGC01230,external_151,low_mass_dwarf,10,1.1275065882769455e+21,36.54,103.0,1.7646924141589566e-12,0.022296656572327173,0.00835735846379471,0.029739315671273234,0.5258196394265225,1.2634795333136324,0.9975207407881157,0.9507855733831087
UGC01281,external_151,low_mass_dwarf,0,2.4685420651930936e+18,0.08,1.41,4.853232311129238e-12,0.3761584881111969,0.272613536591768,0.3931278960951518,0.01787081193655824,0.36300295701326246,0.482690743515015,0.17139532488347295
UGC01281,external_151,low_mass_dwarf,1,7.097058437430145e+18,0.23,4.46,4.843973869384768e-12,0.35604828367908986,0.26994716675308555,0.38413544112404246,0.034726450346830404,0.418215138831029,0.4909269965801415,0.199380214221575
UGC01281,external_151,low_mass_dwarf,2,1.1725574809667195e+19,0.38,7.71,4.8347154276402975e-12,0.3359380792469828,0.2672807969144031,0.3751429861529331,0.051159668362607234,0.4694733899716175,0.4993296093146058,0.22590506095036608
UGC01281,external_151,low_mass_dwarf,3,1.6662658940053383e+19,0.54,11.0,4.824839756446196e-12,0.314487194519402,0.2644366690864751,0.3655510341837498,0.0666432374198808,0.5142505116150331,0.5084786323948943,0.2501117085972659
UGC01281,external_151,low_mass_dwarf,4,2.129117531229043e+19,0.69,14.2,4.815581314701725e-12,0.294376990087295,0.26177029924779266,0.35655857921264045,0.08080213307343471,0.5532146219620446,0.5172330519120887,0.2717672112625408
UGC01281,external_151,low_mass_dwarf,5,2.591969168452748e+19,0.8399999999999999,17.2,4.806322872957255e-12,0.274266785655188,0.2591039294091102,0.3475661242415311,0.0946362610436876,0.5894756823448201,0.5261614067370685,0.2925064218881378
UGC01281,external_151,low_mass_dwarf,6,3.085677581491367e+19,1.0,20.2,4.7919652991120466e-12,0.2640864537429741,0.24903748739881132,0.33879291776375897,0.10772620542351632,0.6298703806087266,0.5423813035604852,0.3194842922478586
UGC01281,external_151,low_mass_dwarf,7,3.548529218715072e+19,1.15,23.2,4.776284618812637e-12,0.2601261268206917,0.2360220697988047,0.3309736651736351,0.11975813829785059,0.6697172648438141,0.5614284417005132,0.3485147607168601
UGC01281,external_151,low_mass_dwarf,8,4.011380855938777e+19,1.3,26.4,4.760603938513227e-12,0.2561657998984093,0.22300665219879803,0.32315441258351124,0.13157297389722697,0.7073579997542327,0.5811737469714996,0.3776629190964459
UGC01281,external_151,low_mass_dwarf,9,4.505089268977396e+19,1.46,29.3,4.743877879527189e-12,0.25194145118130806,0.20912354009212428,0.31481387648737913,0.14278181765001388,0.7420681971150838,0.6030090429065436,0.40752181280350935
UGC01281,external_151,low_mass_dwarf,10,4.967940906201101e+19,1.61,31.6,4.728197199227779e-12,0.2479811242590257,0.19610812249211762,0.3069946238972553,0.15309748599202622,0.7728951516239445,0.6242035969367477,0.43582567935833044
UGC01281,external_151,low_mass_dwarf,11,5.430792543424806e+19,1.76,34.6,4.712516518928369e-12,0.24402079733674328,0.183092704892111,0.29917537130713145,0.1632376189890384,0.8021649896055533,0.6460915455610761,0.4644511589666154
UGC01281,external_151,low_mass_dwarf,12,5.924500956463424e+19,1.92,37.4,4.679586620863727e-12,0.2387095843467434,0.1736820213455632,0.29170390594607065,0.17289341568266828,0.8271691249704516,0.6637297773637694,0.48851701541384535
UGC01281,external_151,low_mass_dwarf,13,6.387352593687129e+19,2.07,39.9,4.6451169495274466e-12,0.2334889953974979,0.16585256120425526,0.2848923751786857,0.18181690301495446,0.848975969143247,0.6791165477289242,0.5097477114468252
UGC01281,external_151,low_mass_dwarf,14,6.850204230910836e+19,2.22,42.2,4.610647278191166e-12,0.22826840644825241,0.15802310106294729,0.27808084441130076,0.19062442857843845,0.8697778288599103,0.6947184849309251,0.5308939013603229
UGC01281,external_151,low_mass_dwarf,15,7.343912643949453e+19,2.38,44.4,4.573879628765802e-12,0.2226997782357239,0.14967167691221883,0.2708152115927569,0.19902146943016158,0.8891184773721732,0.7115747828415043,0.5525496343841144
UGC01281,external_151,low_mass_dwarf,16,7.806764281173157e+19,2.5299999999999994,46.7,4.539409957429521e-12,0.2174791892864784,0.14184221677091088,0.26400368082537196,0.2067850763447704,0.9064736449784951,0.7275538682471996,0.572828297431333
UGC01281,external_151,low_mass_dwarf,17,8.269615918396865e+19,2.68,48.5,4.504940286093241e-12,0.2122586003372329,0.1340127566296029,0.257192150057987,0.21248613070682726,0.9193254427290256,0.7436767268094153,0.591366362820432
UGC01281,external_151,low_mass_dwarf,18,8.516470124916172e+19,2.76,49.3,4.47228163632649e-12,0.20968788012661238,0.131047038716557,0.25401994377005,0.2218525390574547,0.937572959331512,0.7502519266855104,0.6047962970823628
UGC01281,external_151,low_mass_dwarf,19,9.473030175178496e+19,3.07,53.0,4.341278740553988e-12,0.19979293395895584,0.11993213573054876,0.24187125416913546,0.23735452884501965,0.9670523206676472,0.7751449097336884,0.6381115450209668
UGC01281,external_151,low_mass_dwarf,20,1.067644443196013e+20,3.46,54.1,4.176468645872453e-12,0.18734445329642022,0.10594887068363515,0.22658741886475908,0.2525007191377491,0.9946597584745079,0.8064081635023442,0.6762326411949042
UGC01281,external_151,low_mass_dwarf,21,1.1818145137111936e+20,3.83,55.0,4.0071130169099264e-12,0.17628113168077594,0.09541298219425885,0.21341714482692825,0.2664037178029929,1.0177987347100457,0.8308217160875705,0.7069909721185126
UGC01281,external_151,low_mass_dwarf,22,1.3052416169708485e+20,4.23,55.7,3.817174551932333e-12,0.1647144325131063,0.0854620510681278,0.1998799763613544,0.2792843740497708,1.0379178686288446,0.8541011388459836,0.7356785994603148
UGC01281,external_151,low_mass_dwarf,23,1.4255830426490117e+20,4.62,56.4,3.633482542476233e-12,0.15397304137387982,0.07675015294875162,0.1873595458117269,0.2905178810268412,1.0545541396102258,0.8742796847029031,0.7603437577441057
UGC01281,external_151,low_mass_dwarf,24,1.539753113164192e+20,4.99,56.9,3.461654464429788e-12,0.1446571508977144,0.07010052929511917,0.17658778194960192,0.30052312620960897,1.068421197773031,0.8898467833891269,0.7798985518323537
UGC02023,external_151,low_mass_dwarf,0,2.345114961933439e+19,0.76,15.1,1.192970347103737e-11,0.3844903037236208,0.406626674261791,0.43879473934796476,0.0921869877244349,0.5879342440447224,0.3591623171220043,0.19920697868897877
UGC02023,external_151,low_mass_dwarf,1,4.659373148051965e+19,1.5100000000000002,28.0,1.0764108525492655e-11,0.3066998695265948,0.3193336056511283,0.38259368590173315,0.16014432586907407,0.7653893174254617,0.45009560233919843,0.3118342417594849
UGC02023,external_151,low_mass_dwarf,2,7.004488109985404e+19,2.27,37.6,9.330180351491464e-12,0.2809845342447314,0.20621941488608062,0.3272968542402749,0.2110053045518387,0.9085522561394089,0.5970328692388478,0.4708286976408323
UGC02023,external_151,low_mass_dwarf,3,9.349603071918842e+19,3.03,47.9,8.173672500993436e-12,0.24194840980823606,0.15186210349219326,0.28128093564803774,0.24979291621789634,0.9862252864704226,0.7006927034624741,0.584341895587434
UGC02023,external_151,low_mass_dwarf,4,1.1663861258037368e+20,3.78,58.8,7.120323928675853e-12,0.20751851227315815,0.11306059933218243,0.24188102850656973,0.2800279469734735,1.0380272132032897,0.7852547128412862,0.6764214604045301
UGC02259,external_151,low_mass_dwarf,0,3.1473911331211944e+19,1.02,56.1,1.4343976230318197e-11,0.3924765806412255,0.46348060057022766,0.4585497717511613,0.1261212781566313,0.6656846880596418,0.31997038497200386,0.197612999608355
UGC02259,external_151,low_mass_dwarf,1,6.294782266242389e+19,2.04,71.1,1.199445368103432e-11,0.32664689525553187,0.3040127537710459,0.38358377079854244,0.20914891744244704,0.8812815571930395,0.46164991420632295,0.3561882032465052
UGC02259,external_151,low_mass_dwarf,2,9.41131662354867e+19,3.0500000000000003,80.7,9.823008457893941e-12,0.2812430137537527,0.1878861917082512,0.3173328307751857,0.26678047144255035,1.0077454550441116,0.6264782652162554,0.529769184734077
UGC02259,external_151,low_mass_dwarf,3,1.2558707756669865e+20,4.07,82.8,8.043440643329158e-12,0.2297561371897968,0.12501935830647917,0.2609922470392133,0.30843347380235064,1.0750579036800219,0.753982441491786,0.6632162977129947
UGC02259,external_151,low_mass_dwarf,4,1.570609888979106e+20,5.09,83.7,6.549844915450777e-12,0.18671525609280537,0.08803098912061101,0.21531481527362975,0.3393935080120017,1.1156437729626834,0.8406584375237469,0.7550743445131121
UGC02259,external_151,low_mass_dwarf,5,1.8853490022912256e+20,6.110000000000001,86.0,5.393123812406659e-12,0.15316446788804772,0.06666418837615215,0.18006186549265527,0.3632329392245645,1.1418941639972606,0.8928278220681052,0.8119580297315445
UGC02259,external_151,low_mass_dwarf,6,2.2000881156033446e+20,7.13,88.3,4.515406090259013e-12,0.12812954874951982,0.053202789032731235,0.15327518560944897,0.3821203708498687,1.1604402286833413,0.9246017988618799,0.847840267084312
UGC02259,external_151,low_mass_dwarf,7,2.511741551333973e+20,8.14,90.0,3.820947259886049e-12,0.1085878047559199,0.043609645975337015,0.131931957985038,0.3974289219001702,1.1743684514792225,0.9455951277717625,0.872260599747774
UGC02455,external_151,low_mass_dwarf,0,1.5428387907456836e+19,0.5,16.9,7.716997649390136e-11,0.7294895989593103,1.8052396350794109,0.7079852955819375,0.09847429933572288,0.43990755311206986,0.0725645636265884,0.030902041874609407
UGC02455,external_151,low_mass_dwarf,1,3.085677581491367e+19,1.0,23.9,6.889348915264747e-11,0.594096605664738,1.4329166945636218,0.6633456224823785,0.1753241745711783,0.5948283598192942,0.09519104214996524,0.05334188089562614
UGC02455,external_151,low_mass_dwarf,2,4.659373148051965e+19,1.5100000000000002,28.2,5.816658239180427e-11,0.5571586081862259,1.070561905550413,0.612566866782429,0.23550438325347117,0.7605620716873082,0.13231175389697158,0.09120629540346976
UGC02455,external_151,low_mass_dwarf,3,6.2022119387976475e+19,2.01,33.0,4.607924286389607e-11,0.5904900370723395,0.7272839148112785,0.5591771727636091,0.28325005678983317,0.9245644316107736,0.19736300787329777,0.1575664442616209
UGC02455,external_151,low_mass_dwarf,4,7.775907505358245e+19,2.52,39.1,3.49893517612617e-11,0.6050273899689615,0.4274464560662992,0.5064862941807069,0.3216249478929783,1.0579172052661605,0.31595998748435644,0.2753071128306542
UGC02455,external_151,low_mass_dwarf,5,9.31874629610393e+19,3.0200000000000005,43.8,2.9124466842766354e-11,0.5406394689983388,0.3367738408635003,0.46196739480567095,0.35291203041977043,1.1048285601000312,0.391269166753197,0.34955485690315075
UGC02455,external_151,low_mass_dwarf,6,1.0861585086849612e+20,3.52,53.1,2.3259581924271017e-11,0.4762515480277163,0.2461012256607015,0.417448495430635,0.3790495918181639,1.1454194861236786,0.49325574776218145,0.4492984178544507
UGC02455,external_151,low_mass_dwarf,7,1.243528065341021e+20,4.03,61.0,1.9429735027285948e-11,0.42186749530372303,0.19979619362594084,0.3811514845894166,0.4013468036366282,1.169803512229668,0.5676895545198412,0.5226569674620613
UGC02487,external_151,bulge_rich_hsb,0,3.0640778384209274e+20,9.93,377.0,1.1136064648235638e-10,0.41871142742746637,0.3304745292963908,0.42477688813374537,0.015485133322742765,0.3671091781999835,0.4160115487327548,0.14931433778541897
UGC02487,external_151,bulge_rich_hsb,1,3.101105969398824e+20,10.05,377.0,1.1055789708170025e-10,0.41790753930162594,0.3264870997630939,0.4231768695305459,0.04136530674807502,0.46536846695784934,0.41988263732617725,0.1884232214303905
UGC02487,external_151,bulge_rich_hsb,2,3.193676296843565e+20,10.35,378.0,1.0855102358005998e-10,0.41589781898702494,0.31651852592985186,0.41917682302254733,0.2689015302016359,0.9952983973340657,0.4297799141987133,0.36055157033526414
UGC02487,external_151,bulge_rich_hsb,3,4.65011611530749e+20,15.07,367.0,8.016402626021648e-11,0.36800387122042727,0.18371521204127947,0.35292358542234625,0.4731717712876665,1.2172086010141705,0.6066583250721751,0.5691282853176303
UGC02487,external_151,bulge_rich_hsb,4,6.199126261216156e+20,20.09,364.0,5.8137612118005893e-11,0.27538285206436186,0.10403257042248522,0.27395804707180904,0.5695107469656956,1.2802594985552591,0.7782067263857708,0.7455922616377314
UGC02487,external_151,bulge_rich_hsb,5,7.751222084706314e+20,25.12,375.0,4.244669812991087e-11,0.19713653183132665,0.0605171412575225,0.2021693883477213,0.6206967155495422,1.3066658273609422,0.8909899347679558,0.8600902846955195
UGC02487,external_151,bulge_rich_hsb,6,9.30023223061498e+20,30.14,383.0,3.038617238343996e-11,0.13488319584311506,0.03282865950828521,0.14229374695779584,0.649988220827063,1.3201980119758845,0.9553716024330614,0.9255298279529812
UGC02487,external_151,bulge_rich_hsb,7,1.0852328054105139e+21,35.17,378.0,2.1427266841604344e-11,0.08838886861962271,0.01705303262162879,0.09515893038202845,0.6671765153449919,1.3271543733108115,0.9840316428114085,0.9549690879746239
UGC02487,external_151,bulge_rich_hsb,8,1.2401338200013805e+21,40.19,364.0,1.5414855027529213e-11,0.05947348209378021,0.009662526531265363,0.06445128468348726,0.6778798164224002,1.3308472452778566,0.9938109207666947,0.9653383144598282
UGC02487,external_151,bulge_rich_hsb,9,1.395034834592247e+21,45.21,349.0,1.1281832118593288e-11,0.04132323999521285,0.005896715860779857,0.0449533682298422,0.6849534333693503,1.3330552689817377,0.9973562356232633,0.9693030508369193
UGC02487,external_151,bulge_rich_hsb,10,1.550244416941263e+21,50.24,338.0,8.184701358224667e-12,0.0286783851515909,0.0037069080152740213,0.03133056714283504,0.6897024960425808,1.334422698106211,0.998839951969687,0.9710657928790053
UGC02487,external_151,bulge_rich_hsb,11,1.7051454315321295e+21,55.26,332.0,5.9292223249264845e-12,0.020221780083914648,0.002540919269625529,0.02225220976621746,0.692986196936349,1.3352994211172542,0.9994349088227229,0.9718490264469917
UGC02487,external_151,bulge_rich_hsb,12,1.860046446122996e+21,60.28,330.0,4.443182307233198e-12,0.015136922425005955,0.002000281943011317,0.01683989497168493,0.6954277949267369,1.3359398007130707,0.9996632680482609,0.9722202503204397
UGC02487,external_151,bulge_rich_hsb,13,2.015256028472012e+21,65.31,329.0,3.3483413132335563e-12,0.011551865316444799,0.001658545911660641,0.013033283785189333,0.6972909804109149,1.3364265644371804,0.9997838837209679,0.9724506867427483
UGC02487,external_151,bulge_rich_hsb,14,2.1701570430628785e+21,70.33,330.0,2.519176975598691e-12,0.008930224446537039,0.0014266068756991078,0.010249089479103276,0.6987387789716889,1.3368049122649448,0.999853807160266,0.9726064798092056
UGC02487,external_151,bulge_rich_hsb,15,2.3250580576537448e+21,75.35,332.0,1.8995277549752846e-12,0.007021794250042891,0.001259713332783781,0.008213445902017301,0.6998902033411087,1.3371105821374456,0.9998965448309707,0.9727188732788249
UGC02487,external_151,bulge_rich_hsb,16,2.480267640002761e+21,80.38,333.0,1.4859711328347939e-12,0.005752913203022997,0.0011337506509160925,0.006838896265074292,0.7008431829824943,1.3373769221196483,0.9999224699804491,0.9728057294115088
UGC02885,external_151,ordinary_disk,0,5.245651888535324e+19,1.7,305.0,1.01201862518102e-10,0.5339722530837671,0.3403822825543032,0.46229684330060655,0.19609710283112827,0.9061387719585774,0.38856431179755063,0.30584986822867954
UGC02885,external_151,ordinary_disk,1,1.0522160552885563e+20,3.41,257.0,9.792909976843498e-11,0.4971976528587036,0.31747575636432246,0.4416196380944215,0.37216747825913593,1.1212010068144855,0.41631361774997266,0.3749416403732897
UGC02885,external_151,ordinary_disk,2,2.1044321105771125e+20,6.82,256.0,9.140271323254929e-11,0.4238635085502438,0.27179666027786964,0.4003861470107426,0.5508794624567677,1.2421233216292884,0.4788730372518711,0.4532396885226056
UGC02885,external_151,ordinary_disk,3,4.218121253898699e+20,13.67,271.0,7.729444544374378e-11,0.2899809678690179,0.18376538794316274,0.320010687669179,0.649384010084675,1.295218738342568,0.6296956080128894,0.6059360559490365
UGC02885,external_151,ordinary_disk,4,6.013985606326674e+20,19.49,282.0,6.05345226243109e-11,0.24045948883375878,0.12680288413121088,0.2634578325912001,0.6919281007543399,1.3196565239071065,0.7495846569058202,0.7260700367837167
UGC02885,external_151,ordinary_disk,5,7.208142830363834e+20,23.36,287.0,4.939003786293542e-11,0.20753025792886998,0.08892575530779953,0.2258530990599666,0.7155897813904394,1.3334310079312435,0.8327493163661139,0.8093997529103907
UGC02885,external_151,ordinary_disk,6,8.405385731982484e+20,27.24,283.0,4.090558884574234e-11,0.17673100579439804,0.063724309372057,0.19248769153789944,0.7332958074350404,1.3424197933791708,0.8907404793904656,0.8676126038080629
UGC02885,external_151,ordinary_disk,7,9.633485409416047e+20,31.22,280.0,3.4885411889734895e-11,0.1473481739930856,0.05061891991836223,0.16258934833283717,0.7466198968185954,1.3475226385360353,0.9239574072689392,0.9010227567895801
UGC02885,external_151,ordinary_disk,8,1.0830728311034699e+21,35.1,280.0,2.9016495661265313e-11,0.11870360429733376,0.037842811606720074,0.13344221978116838,0.756465634751621,1.3515456887988209,0.9519292050064578,0.9291406940887155
UGC02885,external_151,ordinary_disk,9,1.2024885535071858e+21,38.97,281.0,2.3872229330066863e-11,0.09417009071431615,0.02732584094025155,0.10812672498631971,0.7638994631059091,1.3546006343175232,0.9713014071485303,0.948690091199792
UGC02885,external_151,ordinary_disk,10,1.322212843669051e+21,42.85,282.0,2.0599916847111657e-11,0.08030034030335678,0.022696864277563646,0.09272708954070001,0.7699298631724019,1.3565357480026041,0.9793876683894633,0.9569928731502889
UGC02885,external_151,ordinary_disk,11,1.4419371338309158e+21,46.73,287.0,1.7327604364156458e-11,0.06643058989239746,0.018067887614875752,0.07732745409508035,0.7747886443785932,1.3581470582699393,0.9862210739034498,0.9640066581303675
UGC02885,external_151,ordinary_disk,12,1.5647471015742724e+21,50.71,292.0,1.4034172642368506e-11,0.052514304736380676,0.013445815310113273,0.06187101446999229,0.7785262204883261,1.3594539535606027,0.9917495734764207,0.969683346423959
UGC02885,external_151,ordinary_disk,13,1.684162823977988e+21,54.57999999999999,298.0,1.22655932368943e-11,0.04603473703328219,0.01181393822230669,0.05455523427005842,0.7816803091833393,1.36032246242734,0.9935961519064435,0.9716694950796667
UGC02885,external_151,ordinary_disk,14,1.803887114139853e+21,58.459999999999994,298.0,1.049244385879612e-11,0.039538426261183424,0.0101778443978391,0.0472205502453185,0.7843420859020327,1.361060191860378,0.9952169533576259,0.9734076555482437
UGC02885,external_151,ordinary_disk,15,1.9236114043017183e+21,62.34,298.0,8.719294480697944e-12,0.03304211548908466,0.008541750573371512,0.039885866220578575,0.7865375591607398,1.3616757209143608,0.996604616698645,0.9748924439501138
UGC02885,external_151,ordinary_disk,16,2.043027126705434e+21,66.21,298.0,7.580308885473833e-12,0.029166937655270047,0.007664735404288265,0.03549774695422047,0.788478742194748,1.3621836528704108,0.9972865743327651,0.9756645789301417
UGC02885,external_151,ordinary_disk,17,2.1658370944487905e+21,70.19,298.0,6.589264786726676e-12,0.02592751030681353,0.006978984725028975,0.0318233833250885,0.7901913849548791,1.3626204405489215,0.9977839726226782,0.976241359607401
UGC02885,external_151,ordinary_disk,18,2.2855613846106554e+21,74.07,298.0,5.623121293475682e-12,0.022769475605303166,0.00631046396233399,0.028241340390155845,0.7916692820775924,1.3629964502613063,0.998221010834832,0.9767464666721057
UGC02916,external_151,bulge_rich_hsb,0,1.1417007051518058e+19,0.37,183.0,2.913421523280462e-11,0.5083794602537085,0.42556947947001345,0.48134451217680596,0.05209239234470871,0.5224831833168107,0.3280349849782258,0.16370046563913263
UGC02916,external_151,bulge_rich_hsb,1,2.2834014103036117e+19,0.74,196.0,2.873920675934747e-11,0.4954081327538355,0.41336878556912593,0.47312202968781386,0.09826358131987196,0.6547093450025069,0.3383248898485755,0.20601574017701313
UGC02916,external_151,bulge_rich_hsb,2,3.425102115455418e+19,1.11,205.0,2.8344198285890318e-11,0.4824368052539625,0.4011680916682384,0.4648995471988218,0.13945118393295702,0.755254805465426,0.34903665026416014,0.2392556234895131
UGC02916,external_151,bulge_rich_hsb,3,4.566802820607223e+19,1.48,211.0,2.7949189812433166e-11,0.4694654777540895,0.3889673977673509,0.45667706470982977,0.17592609841552684,0.8320544523255641,0.36018839216988136,0.2662931540444541
UGC02916,external_151,bulge_rich_hsb,4,5.677646749944116e+19,1.84,214.0,2.7564857243664046e-11,0.4568447266731319,0.37709645235027117,0.44867681147729693,0.208871166393639,0.892840644725234,0.3714787061757625,0.2893286219599239
UGC02916,external_151,bulge_rich_hsb,5,6.819347455095921e+19,2.21,214.0,2.716984877020689e-11,0.4438733991732589,0.3648957584493837,0.4404543289883049,0.23992661197907905,0.9436946161293193,0.38355336011925967,0.3105752852352862
UGC02916,external_151,bulge_rich_hsb,6,8.022761711877554e+19,2.6,213.0,2.6753488487373678e-11,0.4302009188355549,0.3520355675808806,0.4317873879863943,0.26773498488760594,0.9847355339145354,0.3968182821191593,0.33059956769053167
UGC02916,external_151,bulge_rich_hsb,7,9.133605641214447e+19,2.96,211.0,2.6369155918604558e-11,0.4175801677545974,0.3401646221638009,0.42378713475386154,0.28718797982894356,1.0114509199268458,0.409571873970145,0.3471542017715347
UGC02916,external_151,bulge_rich_hsb,8,9.781597933327634e+19,3.17,210.0,2.6144961920155905e-11,0.4102180629573721,0.3332399040038377,0.4191203203682174,0.2991407025431775,1.0269816595519936,0.41724452368819565,0.35705332432419845
UGC02916,external_151,bulge_rich_hsb,9,1.0275306346366253e+20,3.3300000000000005,209.0,2.5974147445147406e-11,0.4046088402547243,0.3279639282629134,0.41556465226486944,0.3154439775093875,1.0466646113582219,0.42320838236886466,0.36639638587897955
UGC02916,external_151,bulge_rich_hsb,10,1.1417007051518058e+20,3.7,207.0,2.5579138971690255e-11,0.39163751275485126,0.31576323436202586,0.4073421697758774,0.33656519218698416,1.071239714229402,0.43740000840526916,0.38394756088340193
UGC02916,external_151,bulge_rich_hsb,11,1.2558707756669865e+20,4.07,206.0,2.5184130498233104e-11,0.37866618525497825,0.30356254046113834,0.39911968728688535,0.35603301025987877,1.0925821507331526,0.45216585727682107,0.40144106134840835
UGC02916,external_151,bulge_rich_hsb,12,1.3700408461821672e+20,4.44,205.0,2.478912202477595e-11,0.36569485775510524,0.2913618465602508,0.39089720479789325,0.3740232375968937,1.1113124878616907,0.4675245056153001,0.4190335777465513
UGC02916,external_151,bulge_rich_hsb,13,1.4842109166973475e+20,4.81,205.0,2.43941135513188e-11,0.35272353025523223,0.27916115265936337,0.3826747223089012,0.39068728519454476,1.127905204889096,0.4834937258797629,0.43684453035499093
UGC02916,external_151,bulge_rich_hsb,14,1.598380987212528e+20,5.18,206.0,2.3999105077861647e-11,0.3397522027553592,0.26696045875847585,0.37445223981990916,0.4061562458863129,1.1427285153395026,0.5000901619417658,0.4549667892961971
UGC02916,external_151,bulge_rich_hsb,15,1.712551057727709e+20,5.550000000000001,207.0,2.3604096604404495e-11,0.32678087525548616,0.25475976485758833,0.3662297573309171,0.4205441793655627,1.156072075454735,0.5173289500930663,0.4734736634534022
UGC02916,external_151,bulge_rich_hsb,16,1.8267211282428894e+20,5.92,208.0,2.3153851002996535e-11,0.3156640955464685,0.24352096777253607,0.3584143298176082,0.43378844350145823,1.1679963795423816,0.533955841947827,0.49122177230475295
UGC02916,external_151,bulge_rich_hsb,17,1.9378055211765786e+20,6.28,210.0,2.2553173016420083e-11,0.31030698997969475,0.2354174515508111,0.3520083752398344,0.44100794483848815,1.174967208587877,0.5468397961779523,0.5045566096199465
UGC02916,external_151,bulge_rich_hsb,18,1.9563195866655267e+20,6.34,210.0,2.245306001865734e-11,0.3094141390518991,0.23406686551385694,0.3509407161435388,0.44719851807216754,1.1796700670503633,0.5490173885803565,0.5075557504565308
UGC02916,external_151,bulge_rich_hsb,19,2.051975591691759e+20,6.65,212.0,2.1935809530216506e-11,0.304801075924955,0.22708883765626045,0.3454244774793447,0.4582119176428992,1.1887497685420947,0.5604060470784503,0.5200027778698435
UGC02916,external_151,bulge_rich_hsb,20,2.1692313397884312e+20,7.03,214.0,2.1301760544385803e-11,0.29914635338224926,0.21853512608888412,0.33866263653613904,0.46932858716206594,1.1979266591364253,0.5746806664080145,0.5351919396023463
UGC02916,external_151,bulge_rich_hsb,21,2.28031573272212e+20,7.39,215.0,2.070108255780935e-11,0.2937892478154755,0.21043160986715917,0.3322566819583653,0.47980039594258084,1.2063150523367019,0.5885215632139412,0.5498608720855372
UGC02916,external_151,bulge_rich_hsb,22,2.3975714808187922e+20,7.77,216.0,2.006703357197865e-11,0.2881345252727698,0.2018778982997828,0.3254948410151596,0.48979669425485606,1.2142594652207008,0.603463101867923,0.5655120215417248
UGC02916,external_151,bulge_rich_hsb,23,2.511741551333973e+20,8.14,217.0,1.944967008577507e-11,0.28262861121803,0.19354928440523217,0.31891094325466984,0.4991016552314525,1.2215332586304353,0.6183336488735973,0.5810018476120355
UGC02916,external_151,bulge_rich_hsb,24,2.6259116218491532e+20,8.51,218.0,1.8832306599571496e-11,0.2771226971632903,0.18522067051068153,0.31232704549418017,0.5078913234284641,1.2283301246599088,0.6335151372022589,0.5967265031712874
UGC02916,external_151,bulge_rich_hsb,25,2.7400816923643344e+20,8.88,218.0,1.8214943113367915e-11,0.27161678310855053,0.17689205661613083,0.3057431477336904,0.5162019569499924,1.2347028556062343,0.6489986131218464,0.6126873000361054
UGC02916,external_151,bulge_rich_hsb,26,2.8542517628795145e+20,9.25,218.0,1.759757962716434e-11,0.26611086905381076,0.16856344272158025,0.2991592499732007,0.5230185683937862,1.240130623683537,0.6647728922419314,0.62875976309886
UGC02916,external_151,bulge_rich_hsb,27,2.9375650575797813e+20,9.52,218.0,1.7147071137232e-11,0.26209303987873045,0.16248580555528652,0.29435478403987037,0.5268111015996555,1.2434036566771764,0.6764596640709241,0.6405288420016266
UGC02916,external_151,bulge_rich_hsb,28,2.968421833394695e+20,9.62,218.0,1.6980216140960764e-11,0.26060495499907105,0.1602348288270296,0.29257535221271097,0.5315142327808561,1.2463510782054583,0.6808243570623366,0.6453041964311805
UGC02916,external_151,bulge_rich_hsb,29,3.0825919039098755e+20,9.99,217.0,1.6362852654757186e-11,0.2550990409443313,0.15190621493247894,0.28599145445222124,0.5389480937085235,1.2518920543209275,0.6971367509992457,0.6619867865594531
UGC02916,external_151,bulge_rich_hsb,30,3.2091046847510217e+20,10.4,217.0,1.5678747170045113e-11,0.24899789293772778,0.1426772103466255,0.27869578396086775,0.5454363496167697,1.2570391241086845,0.7154941993669583,0.6805642616794816
UGC02916,external_151,bulge_rich_hsb,31,3.304760689777255e+20,10.710000000000003,216.0,1.5161496681604276e-11,0.24438482981078363,0.13569918248902899,0.27317954529667365,0.5516213657612973,1.2615061378481633,0.7295529598015631,0.6949355726045003
UGC02916,external_151,bulge_rich_hsb,32,3.4312734706184e+20,11.12,215.0,1.4477391196892204e-11,0.23828368180418016,0.1264701779031756,0.26588387480532016,0.5672232638661431,1.2708003130252767,0.7483552221529814,0.714931932115914
UGC02916,external_151,bulge_rich_hsb,33,3.909553495749562e+20,12.67,212.0,1.2613032629515447e-11,0.21697864852008325,0.10579672380976918,0.2429601252291476,0.5798993663127741,1.2801130281995752,0.7955171952725979,0.7621438655850489
UGC02916,external_151,bulge_rich_hsb,34,4.0052095007757946e+20,12.98,211.0,1.2316516532601067e-11,0.2129038291255334,0.10316574953632743,0.2388679989544961,0.5996708714454263,1.2890239571543103,0.8022913688446981,0.7706523064904732
UGC02916,external_151,bulge_rich_hsb,35,4.893884644245308e+20,15.86,209.0,9.561786341912619e-12,0.1750474424922962,0.07872314983467499,0.20085082582224995,0.6277050118020243,1.3036401802841286,0.8634712901181453,0.8328401151587801
UGC02916,external_151,bulge_rich_hsb,36,5.8782157927410545e+20,19.05,215.0,7.149527016965181e-12,0.14136638723361292,0.05898748452955801,0.16637177361449784,0.6487826978837514,1.3140773149575105,0.9106319266124504,0.8807889278091501
UGC02916,external_151,bulge_rich_hsb,37,6.831690165421887e+20,22.14,215.0,5.454973026220281e-12,0.11703132675266763,0.047243988154501676,0.1406408217864723,0.6648484028160135,1.3210755125858122,0.9376954510258003,0.9086095030622863
UGC02916,external_151,bulge_rich_hsb,38,7.819106991499124e+20,25.34,210.0,4.212037145797967e-12,0.0984085347405256,0.03893242701982193,0.12053029620352806,0.6776847023659612,1.3263141907868379,0.955177922926957,0.9267736117918086
UGC02916,external_151,bulge_rich_hsb,39,8.803438139994871e+20,28.53,196.0,3.268052137985585e-12,0.08363560937779665,0.032865847351788935,0.10424999237962723,0.6880039325145729,1.3303029829055684,0.9668723959240761,0.9390463764189674
UGC02916,external_151,bulge_rich_hsb,40,9.787769288490616e+20,31.72,185.0,2.673471698326199e-12,0.07337361823788684,0.028796381892100677,0.09259805852200695,0.6966310045204083,1.3334651389552266,0.974027659071686,0.9467245909502663
UGC02916,external_151,bulge_rich_hsb,41,1.0772100436986361e+21,34.91,182.0,2.1615736824568932e-12,0.06417908588099153,0.02519950969072165,0.08204137321546376,0.7037744353505457,1.3360540724195817,0.9797447340562399,0.952874571721007
UGC02916,external_151,bulge_rich_hsb,42,1.1725574809667195e+21,38.0,181.0,1.8728271645747683e-12,0.05801865274340101,0.022777329113956225,0.07470510312330365,0.7098956287731261,1.3381874031663261,0.9832688668669918,0.9567877707353257
UGC02953,external_151,bulge_rich_hsb,0,2.7771098233422305e+18,0.09000000000000001,231.0,3.07590600870079e-10,0.853331202207682,1.2745292188532726,0.6796615000482933,0.016500882674845598,0.3965190886434079,0.10349305187317198,0.03997003685450958
UGC02953,external_151,bulge_rich_hsb,1,5.245651888535325e+18,0.17,231.0,3.0613484012645235e-10,0.847697981672684,1.264124249380092,0.6774705812316505,0.033392989797389534,0.4335270160406113,0.10455799784822922,0.04392211099077069
UGC02953,external_151,bulge_rich_hsb,2,8.022761711877555e+18,0.26,231.0,3.044971092898724e-10,0.8413606085708112,1.2524186587227635,0.6750057975629273,0.049656250985394085,0.4682855881666908,0.1057764682011201,0.0477429605004556
UGC02953,external_151,bulge_rich_hsb,3,1.049130377707065e+19,0.34,231.0,3.030413485462457e-10,0.8357273880358131,1.2420136892495828,0.6728148787462845,0.06533110732608062,0.5009943878566143,0.1068781097893021,0.051333337980050374
UGC02953,external_151,bulge_rich_hsb,4,1.3268413600412879e+19,0.43,232.0,3.014036177096658e-10,0.8293900149339404,1.2303080985922545,0.6703500950775614,0.08044261416786203,0.5317572971988804,0.10813883697259326,0.054831664092972264
UGC02953,external_151,bulge_rich_hsb,5,1.5736955665605972e+19,0.51,232.0,2.9994785696603915e-10,0.8237567943989423,1.2199031291190738,0.6681591762609186,0.09502619765954647,0.5606938824926744,0.1092789320525911,0.05811169104170233
UGC02953,external_151,bulge_rich_hsb,6,1.8514065488948204e+19,0.6,232.0,2.9831012612945915e-10,0.8174194212970696,1.2081975384617456,0.6656943925921954,0.10991755199420643,0.5895037988295281,0.1105839541458999,0.06147899899061771
UGC02953,external_151,bulge_rich_hsb,7,2.129117531229043e+19,0.69,232.0,2.966723952928792e-10,0.8110820481951968,1.1964919478044171,0.6632296089234723,0.12348883991918314,0.615133841408845,0.11191329483717173,0.06458156278472162
UGC02953,external_151,bulge_rich_hsb,8,2.3759717377483526e+19,0.77,233.0,2.9521663454925253e-10,0.8054488276601988,1.1860869783312364,0.6610386901068295,0.13660966015374845,0.6392547914914867,0.1131158530038328,0.06748464043029334
UGC02953,external_151,bulge_rich_hsb,9,2.6536827200825758e+19,0.86,233.0,2.935789037126726e-10,0.799111454558326,1.1743813876739082,0.6585739064381063,0.15003136424213745,0.6633640970618964,0.11449285631471814,0.0705013792680511
UGC02953,external_151,bulge_rich_hsb,10,2.9313937024167985e+19,0.95,234.0,2.919411728760926e-10,0.7927740814564532,1.16267579701658,0.6561091227693832,0.1622844375318652,0.6849032009191188,0.1158960471789716,0.07331561292664368
UGC02953,external_151,bulge_rich_hsb,11,3.178247908936108e+19,1.03,235.0,2.9048541213246595e-10,0.7871408609214552,1.1522708275433993,0.6539182039527404,0.1734613972312575,0.7040836590589687,0.11716586962239266,0.07584564574260028
UGC02953,external_151,bulge_rich_hsb,12,3.425102115455418e+19,1.11,235.0,2.890296513888393e-10,0.7815076403864571,1.1418658580702186,0.6517272851360976,0.18497652167590312,0.7233690780008426,0.11845742808616097,0.07840860838740266
UGC02953,external_151,bulge_rich_hsb,13,3.702813097789641e+19,1.2,236.0,2.8739192055225933e-10,0.7751702672845844,1.13016026741289,0.6492625014673744,0.19678021433158818,0.7427641482008707,0.11993705478657503,0.08111661683351903
UGC02953,external_151,bulge_rich_hsb,14,3.980524080123864e+19,1.29,237.0,2.857541897156794e-10,0.7688328941827115,1.1184546767555619,0.6467977177986513,0.20820397895797738,0.7611317730587083,0.12144560113300813,0.08376605331195525
UGC02953,external_151,bulge_rich_hsb,15,4.258235062458086e+19,1.38,238.0,2.841164588790994e-10,0.7624955210808387,1.1067490860982336,0.6443329341299281,0.21865920950282935,0.7776736664452222,0.12298385101889654,0.08628838405854743
UGC02953,external_151,bulge_rich_hsb,16,4.505089268977396e+19,1.46,238.0,2.8266069813547276e-10,0.7568623005458407,1.096344116625053,0.6421420153132853,0.2288077528292011,0.7932930024405499,0.12437677587899336,0.0886392462583546
UGC02953,external_151,bulge_rich_hsb,17,4.782800251311619e+19,1.55,239.0,2.8102296729889276e-10,0.7505249274439679,1.0846385259677245,0.6396772316445621,0.23865857500614052,0.8083224844895037,0.1259733695157886,0.09109506116045961
UGC02953,external_151,bulge_rich_hsb,18,5.029654457830928e+19,1.63,240.0,2.7956720655526613e-10,0.7448917069089699,1.0742335564945438,0.6374863128279193,0.248228437329041,0.822523705337624,0.12741950705443794,0.09338132568600303
UGC02953,external_151,bulge_rich_hsb,19,5.3073654401651515e+19,1.72,241.0,2.779294757186862e-10,0.7385543338070971,1.0625279658372155,0.6350215291591962,0.2575250686602628,0.836243610924968,0.12907753785848908,0.09579239348017612
UGC02953,external_151,bulge_rich_hsb,20,5.554219646684461e+19,1.8,242.0,2.764737149750595e-10,0.7329211132720992,1.0521229963640348,0.6328306103425534,0.2665636685750416,0.8492148787364838,0.1305797310021093,0.09803430089999778
UGC02953,external_151,bulge_rich_hsb,21,5.831930629018684e+19,1.89,243.0,2.7483598413847956e-10,0.7265837401702263,1.0404174057067066,0.6303658266738302,0.2758612485781498,0.8624323964232065,0.13230250663779786,0.10047413619137509
UGC02953,external_151,bulge_rich_hsb,22,6.109641611352907e+19,1.98,244.0,2.7319825330189956e-10,0.7202463670683535,1.0287118150493781,0.6279010430051071,0.28489105126960684,0.8750747814814344,0.13406097670052777,0.10290405745416623
UGC02953,external_151,bulge_rich_hsb,23,6.387352593687129e+19,2.07,246.0,2.715605224653196e-10,0.7139089939664808,1.01700622439205,0.6254362593363839,0.293182530443132,0.8866094763639016,0.1358561699641308,0.1052794631590443
UGC02953,external_151,bulge_rich_hsb,24,6.634206800206439e+19,2.15,247.0,2.7010476172169294e-10,0.7082757734314827,1.0066012549188692,0.6232453405197411,0.30078608921886507,0.8969763023241896,0.13748358857054857,0.10743569390288263
UGC02953,external_151,bulge_rich_hsb,25,6.881061006725748e+19,2.23,248.0,2.686490009780663e-10,0.7026425528964847,0.9961962854456885,0.6210544217030983,0.30866018616269664,0.9074931505374494,0.13914164200830675,0.10963842285675374
UGC02953,external_151,bulge_rich_hsb,26,7.1587719890599715e+19,2.32,249.0,2.6701127014148636e-10,0.6963051797946119,0.9844906947883603,0.6185896380343752,0.3163286969187369,0.9177961056187012,0.14104457051056704,0.1120266988427618
UGC02953,external_151,bulge_rich_hsb,27,7.405626195579281e+19,2.4,251.0,2.655555093978597e-10,0.6906719592596139,0.9740857253151796,0.6163987192177324,0.32380267802964646,0.9275456511903287,0.1427704213513035,0.11423778617030207
UGC02953,external_151,bulge_rich_hsb,28,7.683337177913505e+19,2.49,252.0,2.6391777856127974e-10,0.6843345861577411,0.9623801346578511,0.6139339355490092,0.33150964129673044,0.9375873427619724,0.14475177326569388,0.11668915157484305
UGC02953,external_151,bulge_rich_hsb,29,7.961048160247728e+19,2.58,253.0,2.6228004772469974e-10,0.6779972130558684,0.9506745440005229,0.611469151880286,0.3390129993880983,0.9472638791201387,0.14677646077310347,0.1191561994774492
UGC02953,external_151,bulge_rich_hsb,30,8.23875914258195e+19,2.6699999999999995,254.0,2.606423168881198e-10,0.6716598399539956,0.9389689533431946,0.6090043682115629,0.3459188067449929,0.9561848252190707,0.14884580625924915,0.12160665647156187
UGC02953,external_151,bulge_rich_hsb,31,8.48561334910126e+19,2.75,256.0,2.5918655614449316e-10,0.6660266194189975,0.9285639838700139,0.6068134493949201,0.35226516589041074,0.9642277132356072,0.1507238253895081,0.12383603912380423
UGC02953,external_151,bulge_rich_hsb,32,8.732467555620569e+19,2.83,257.0,2.577307954008665e-10,0.6603933988839995,0.9181590143968332,0.6046225305782773,0.3588509884879076,0.9724104282563782,0.15263921752814152,0.12611753218339655
UGC02953,external_151,bulge_rich_hsb,33,9.010178537954792e+19,2.92,259.0,2.5609306456428654e-10,0.6540560257821267,0.9064534237395049,0.6021577469095541,0.3652781933846966,0.980533831320462,0.15484000002788495,0.12864023716051795
UGC02953,external_151,bulge_rich_hsb,34,9.257032744474101e+19,3.0,260.0,2.546373038206599e-10,0.6484228052471287,0.8960484542663242,0.5999668280929114,0.37155512386919237,0.9882149816626763,0.15683830318961509,0.13096707629283494
UGC02953,external_151,bulge_rich_hsb,35,9.534743726808325e+19,3.09,262.0,2.529995729840799e-10,0.6420854321452559,0.8843428636089958,0.5975020444241882,0.3780408927920703,0.996203903649122,0.15913515290045352,0.13358025728392922
UGC02953,external_151,bulge_rich_hsb,36,9.812454709142548e+19,3.18,263.0,2.513618421474999e-10,0.635748059043383,0.8726372729516676,0.595037260755465,0.38436821689620077,1.0039503623954578,0.1614852267765265,0.13622874408293037
UGC02953,external_151,bulge_rich_hsb,37,1.009016569147677e+20,3.27,264.0,2.4972411131091997e-10,0.6294106859415103,0.8609316822943393,0.5925724770867419,0.39020290081619385,1.011159414819274,0.163890251202942,0.13888845290129725
UGC02953,external_151,bulge_rich_hsb,38,1.033701989799608e+20,3.35,266.0,2.482683505672933e-10,0.6237774654065122,0.8505267128211585,0.5903815582700991,0.3955744736240803,1.0176710912939402,0.1660756350178234,0.14131157239647332
UGC02953,external_151,bulge_rich_hsb,39,1.0583874104515389e+20,3.43,267.0,2.4681258982366666e-10,0.6181442448715143,0.8401217433479778,0.5881906394534563,0.4228017926812306,1.0427854192966761,0.168307171977052,0.14538557232540716
UGC02953,external_151,bulge_rich_hsb,40,1.2990702618078655e+20,4.21,280.0,2.3151112293205036e-10,0.574748219962552,0.7414050363737359,0.5679034365962454,0.44685948365156297,1.079662726019968,0.19192146215115444,0.16923611308680603
UGC02953,external_151,bulge_rich_hsb,41,1.3237556824597964e+20,4.29,282.0,2.2934576650680112e-10,0.5764991239855317,0.7327498731464931,0.5664006269917002,0.4513677544668152,1.0853754083278488,0.19416345147243352,0.171733424532288
UGC02953,external_151,bulge_rich_hsb,42,1.3515267806932188e+20,4.38,283.0,2.269097405283957e-10,0.5784688910113839,0.7230128145158448,0.5647099661865868,0.4560479121392611,1.0914338949602485,0.1967370986776759,0.17456269466896374
UGC02953,external_151,bulge_rich_hsb,43,1.379297878926641e+20,4.47,285.0,2.244737145499903e-10,0.580438658037236,0.7132757558851965,0.5630193053814733,0.46663265226314604,1.1016828370705036,0.19936680281081942,0.1778290926958222
UGC02953,external_151,bulge_rich_hsb,44,1.4811252391158563e+20,4.8,290.0,2.155416192958372e-10,0.5876611371320275,0.6775732075728197,0.556820215762724,0.4850374978392673,1.1236045162165014,0.20951778115876,0.18891485348630663
UGC02953,external_151,bulge_rich_hsb,45,1.6199807302829677e+20,5.25,296.0,2.0336148940381022e-10,0.5975099722612884,0.6288879144195786,0.5483669117371568,0.4964456959309871,1.1433928353741372,0.22478915276885628,0.20456826544071216
UGC02953,external_151,bulge_rich_hsb,46,1.6415804733534074e+20,5.32,298.0,2.0146680253171713e-10,0.5990420132813957,0.6213146465957411,0.5470519533331797,0.4998467887099735,1.147443428050766,0.22732884078552437,0.20725948483347278
UGC02953,external_151,bulge_rich_hsb,47,1.6693515715868295e+20,5.409999999999999,299.0,1.9903077655331173e-10,0.6010117803072479,0.6115775879650929,0.5453612925280663,0.5036069469469019,1.1522241258568335,0.23066414877767888,0.2107509611126596
UGC02953,external_151,bulge_rich_hsb,48,1.697122669820252e+20,5.5,300.0,1.9659475057490632e-10,0.6029815473331,0.6018405293344447,0.5436706317229528,0.5070958867945696,1.156796189364149,0.23408074179222638,0.2143053660631369
UGC02953,external_151,bulge_rich_hsb,49,1.721808090472183e+20,5.58,301.0,1.944293941496571e-10,0.6047324513560798,0.5931853661072017,0.5421678221184075,0.5105266810576697,1.1610245626068119,0.23718826515182664,0.21755186989122977
UGC02953,external_151,bulge_rich_hsb,50,1.749579188705605e+20,5.67,302.0,1.9199336817125173e-10,0.606702218381932,0.5834483074765535,0.5404771613132942,0.5140965266234263,1.1655680171935914,0.24076631971113502,0.221267236915448
UGC02953,external_151,bulge_rich_hsb,51,1.7773502869390275e+20,5.760000000000001,303.0,1.895573421928463e-10,0.6086719854077842,0.5737112488459053,0.5387865005081807,0.520487995564324,1.171702387517911,0.2444343065725087,0.22522505834033155
UGC02953,external_151,bulge_rich_hsb,52,1.8514065488948203e+20,6.0,306.0,1.8306127291709858e-10,0.6139246974767234,0.5477457591641767,0.5342780716945448,0.5283184251000591,1.182519909313839,0.25468068203271316,0.23572300892448314
UGC02953,external_151,bulge_rich_hsb,53,1.906948745361665e+20,6.18,307.0,1.781892209602878e-10,0.6178642315284277,0.5282716419028802,0.5308967500843179,0.5331879362361025,1.1899568868588988,0.2628413107834295,0.244009504397749
UGC02953,external_151,bulge_rich_hsb,54,1.934719843595087e+20,6.27,308.0,1.7575319498188242e-10,0.6198339985542799,0.518534583272232,0.5292060892792045,0.5363687093902164,1.1940429561258643,0.2670856999358046,0.2483533720498342
UGC02953,external_151,bulge_rich_hsb,55,1.9624909418285095e+20,6.36,309.0,1.73317169003477e-10,0.6218037655801322,0.5087975246415838,0.527515428474091,0.5394964729861391,1.1980695261015404,0.27144515517103246,0.25280714109874336
UGC02953,external_151,bulge_rich_hsb,56,1.9902620400619317e+20,6.449999999999999,310.0,1.7088114302507161e-10,0.6237735326059843,0.49906046601093557,0.5258247676689777,0.5424026826337347,1.2019503315140816,0.2759242157816017,0.25736666517539386
UGC02953,external_151,bulge_rich_hsb,57,2.014947460713863e+20,6.53,310.0,1.6871578659982234e-10,0.6255244366289641,0.4904053027836926,0.5243219580644324,0.5450969512686525,1.2054341818219962,0.28000986976491904,0.26152765941115025
UGC02953,external_151,bulge_rich_hsb,58,2.0396328813657938e+20,6.61,311.0,1.6655043017457312e-10,0.6272753406519438,0.48175013955644974,0.5228191484598871,0.5479170088209641,1.2089591589699427,0.284197323441505,0.2657949947643583
UGC02953,external_151,bulge_rich_hsb,59,2.067403979599216e+20,6.7,312.0,1.6411440419616774e-10,0.629245107677796,0.4720130809258016,0.5211284876547736,0.5508556191971122,1.212778819252407,0.2890344968115548,0.27070779198858447
UGC02953,external_151,bulge_rich_hsb,60,2.095175077832638e+20,6.789999999999999,312.0,1.6167837821776234e-10,0.6312148747036481,0.4622760222951534,0.5194378268496602,0.5535872725254632,1.2164691975983841,0.29401072018020014,0.275746821269011
UGC02953,external_151,bulge_rich_hsb,61,2.1198604984845694e+20,6.87,313.0,1.5951302179251307e-10,0.6329657787266278,0.4536208590679104,0.5179350172451149,0.5562781389465569,1.2198574578257135,0.29855547444931574,0.2803586265876833
UGC02953,external_151,bulge_rich_hsb,62,2.1476315967179915e+20,6.96,313.0,1.570769958141077e-10,0.6349355457524801,0.4438838004372622,0.5162443564400014,0.5590830300933668,1.2235358768038602,0.3038105373845835,0.28567565265988226
UGC02953,external_151,bulge_rich_hsb,63,2.1754026949514137e+20,7.05,314.0,1.546409698357023e-10,0.6369053127783323,0.43414674180661406,0.5145536956348881,0.5627562163520152,1.2276012766239193,0.30922242546145357,0.2911899179133948
UGC02953,external_151,bulge_rich_hsb,64,2.2216878586737843e+20,7.2,315.0,1.5058092653835997e-10,0.6401882578214193,0.41791831075553365,0.5117359276263657,0.5678287494781245,1.2338107188858118,0.3186095223583325,0.3006895342135178
UGC02953,external_151,bulge_rich_hsb,65,2.28031573272212e+20,7.39,316.0,1.4543820502839303e-10,0.6443466548759961,0.39736229809083184,0.5081667548155706,0.5717465945750005,1.240437701291145,0.33120664497017877,0.3132970008957516
UGC02953,external_151,bulge_rich_hsb,66,2.305001153374051e+20,7.47,316.0,1.432728486031438e-10,0.6460975588989758,0.388707134863589,0.5066639452110253,0.5801791009824415,1.2462172681578392,0.3367639584629751,0.3191798461288814
UGC02953,external_151,bulge_rich_hsb,67,2.4654563876116025e+20,7.99,318.0,1.291980318390237e-10,0.657478435048344,0.3324485738865102,0.496895682781481,0.588262610773985,1.2626992848827396,0.37708491032518576,0.3593288714475478
UGC02953,external_151,bulge_rich_hsb,68,2.4932274858450246e+20,8.08,318.0,1.2676200586061833e-10,0.6594482020741963,0.32271151525586206,0.49520502197636757,0.5904527856558547,1.265845606377468,0.3848990803977415,0.3671405102983684
UGC02953,external_151,bulge_rich_hsb,69,2.5179129064969555e+20,8.16,318.0,1.2459664943536908e-10,0.661199106097176,0.3140563520286192,0.49370221237182227,0.5926132416725745,1.2687149546826473,0.392079498839287,0.37432587751381463
UGC02953,external_151,bulge_rich_hsb,70,2.545684004730378e+20,8.25,319.0,1.232234497878957e-10,0.6577035736766521,0.30919034274272633,0.49112966846965084,0.5948643510283321,1.2704379096333573,0.39705772203396106,0.37928164962372146
UGC02953,external_151,bulge_rich_hsb,71,2.5734551029638e+20,8.34,319.0,1.219862919107816e-10,0.653508482926992,0.30494782777296214,0.48844424353105603,0.5967112509806435,1.2718125238682618,0.40168706792589487,0.383866744385248
UGC02953,external_151,bulge_rich_hsb,72,2.5919691684527486e+20,8.4,319.0,1.2116151999270553e-10,0.6507117557605521,0.302119484459786,0.4866539602386595,0.6114190744632811,1.277990953572545,0.4048129940104441,0.38758330413526004
UGC02953,external_151,bulge_rich_hsb,73,2.959164800650221e+20,9.590000000000002,319.0,1.0480354361753026e-10,0.5952433336261584,0.24602400874845964,0.45114667493946115,0.6351054395939296,1.2951841901309984,0.4739495670264946,0.45606213854048144
UGC02953,external_151,bulge_rich_hsb,74,3.3325317880106766e+20,10.8,317.0,8.817064326966298e-11,0.5388426691029515,0.1889857519327413,0.41504262854279733,0.6547105898980065,1.310662683148177,0.5604214357203088,0.541566399673871
UGC02953,external_151,bulge_rich_hsb,75,3.708984452952623e+20,12.02,312.0,7.14002809354497e-11,0.48197588338533803,0.13147610456482697,0.37864020159740075,0.6707811350872066,1.324813300454392,0.6676363473160376,0.6475394364022462
UGC02953,external_151,bulge_rich_hsb,76,4.0792657627315877e+20,13.22,308.0,6.094924773940587e-11,0.4233629219078641,0.1007187050515484,0.3392419945646471,0.6838552438950906,1.3322538490756786,0.7453341279098434,0.7242287994410284
UGC02953,external_151,bulge_rich_hsb,77,4.4495470725105517e+20,14.420000000000002,303.0,5.197265479766688e-11,0.36409660126134913,0.07625713046675903,0.29896744202011283,0.6945885325700981,1.3376174601405812,0.8143428629841315,0.7923041119659365
UGC02953,external_151,bulge_rich_hsb,78,4.822914059871007e+20,15.63,298.0,4.292125691474675e-11,0.3043363946094465,0.05159170942709643,0.2583572682043741,0.7032935686544303,1.342409584243431,0.8823859545342826,0.8594729627902145
UGC02953,external_151,bulge_rich_hsb,79,5.19319536964997e+20,16.83,296.0,3.564550817175723e-11,0.25374760637159277,0.03390370900424775,0.22206378368570176,0.7103599187028763,1.3457281958034444,0.9299835310212514,0.906528327431406
UGC02953,external_151,bulge_rich_hsb,80,5.5634766794289355e+20,18.03,294.0,3.0837868416001244e-11,0.215750856687637,0.026044897684710577,0.19154725967913383,0.7161902562215952,1.3472380719428616,0.9524822894197871,0.9287795355801057
UGC02953,external_151,bulge_rich_hsb,81,5.933757989207899e+20,19.23,294.0,2.6030228660245282e-11,0.17775410700368138,0.018186086365173444,0.1610307356725661,0.7209131400091561,1.3484340545422524,0.9715480325701549,0.9476277516235886
UGC02953,external_151,bulge_rich_hsb,82,6.304039298986863e+20,20.430000000000003,294.0,2.123076697062417e-11,0.13982727597455147,0.010348750796144742,0.13056383123458423,0.7246438767621224,1.3493507333173342,0.9866684072970389,0.962574910448093
UGC02953,external_151,bulge_rich_hsb,83,6.677406286347318e+20,21.639999999999997,292.0,1.8597761745902032e-11,0.12044852432866952,0.008240287150925904,0.11323045460170933,0.7277994953650652,1.3497767338679885,0.9907557391097368,0.9666550476952245
UGC02953,external_151,bulge_rich_hsb,84,7.047687596126283e+20,22.84,290.0,1.5986516894937917e-11,0.10122992765506753,0.006149248825089032,0.09604032901538706,0.7304091289825999,1.3500508377135767,0.9941289144118088,0.9700058696607355
UGC02953,external_151,bulge_rich_hsb,85,7.417968905905246e+20,24.04,287.0,1.3375272043973814e-11,0.0820113309814656,0.004058210499252168,0.07885020342906485,0.7325145548131239,1.3501812208729733,0.9968102995114285,0.9726506385728388
UGC02953,external_151,bulge_rich_hsb,86,7.788250215684211e+20,25.240000000000002,283.0,1.146588171720812e-11,0.06873859999458315,0.002969149381893774,0.06677225490668787,0.7342719337488245,1.3502827599217115,0.9980213548047966,0.9738545123466078
UGC02953,external_151,bulge_rich_hsb,87,8.158531525463175e+20,26.44,279.0,1.0009380015741994e-11,0.059302582805548926,0.0025266383185477493,0.057993062412737675,0.7357858683140338,1.3503601243014336,0.9985368689522343,0.974374437741715
UGC02953,external_151,bulge_rich_hsb,88,8.53189851282363e+20,27.65,276.0,8.540740800096988e-12,0.049787932139939456,0.002080439663007176,0.04914070998133794,0.7370552713428746,1.3503645630909924,0.9989787012962629,0.9748065482632086
UGC02953,external_151,bulge_rich_hsb,89,8.902179822602595e+20,28.85,273.0,7.215656587866984e-12,0.04132624664921734,0.0017211415307812519,0.04125634949631904,0.738107258696661,1.3503384885720606,0.9992904236907976,0.9751050304483436
UGC02953,external_151,bulge_rich_hsb,90,9.272461132381558e+20,30.05,271.0,6.379401446477616e-12,0.036488748940082937,0.0016713676486213073,0.03670046455916587,0.7390360269669989,1.3503841764107476,0.9993869763369901,0.9752092299824694
UGC02953,external_151,bulge_rich_hsb,91,9.642742442160523e+20,31.25,270.0,5.543146305088246e-12,0.03165125123094852,0.0016215937664613624,0.032144579622012684,0.7398071783625983,1.3503847282581203,0.9994790170652931,0.975299164596758
UGC02953,external_151,bulge_rich_hsb,92,9.979081298543082e+20,32.34,268.0,4.783547884992901e-12,0.027257190811818096,0.001576382490166079,0.0280063174707652,0.7404782570604392,1.3503768153342857,0.9995587081397309,0.9753751984685756
UGC02953,external_151,bulge_rich_hsb,93,1.0352448285903535e+21,33.55,267.0,4.188784352531326e-12,0.023973186231315217,0.0015680470808412908,0.02489262465239824,0.7411001474351415,1.3503999391264738,0.9996098242223531,0.9754301313686405
UGC02953,external_151,bulge_rich_hsb,94,1.07227295956825e+21,34.75,266.0,3.695568786661671e-12,0.021336193696675547,0.0015760583539449445,0.0223803358332378,0.7416544299929343,1.3504310919324574,0.9996473972200338,0.9754736031489404
UGC02953,external_151,bulge_rich_hsb,95,1.1093010905461466e+21,35.95,265.0,3.2023532207920133e-12,0.018699201162035866,0.0015840696270485984,0.019868047014077347,0.7421445070556213,1.3504438619148262,0.9996853753216046,0.9755134532339913
UGC02953,external_151,bulge_rich_hsb,96,1.1463292215240428e+21,37.15,264.0,2.7716494314963218e-12,0.016416290780095287,0.0015874661361051205,0.017683134525469383,0.7425791285349824,1.3504586310690323,0.9997193650057142,0.9755498481980962
UGC02953,external_151,bulge_rich_hsb,97,1.1833573525019393e+21,38.35,264.0,2.473761522068294e-12,0.014885682368016724,0.001581057869471477,0.01619378338183021,0.7429775115352505,1.350500988545534,0.9997440324496384,0.9755831736444222
UGC02953,external_151,bulge_rich_hsb,98,1.220694051237985e+21,39.56,264.0,2.173391213395032e-12,0.0133423188858375,0.0015745962006158867,0.014692020978660701,0.7433378843532351,1.3505318647625988,0.9997687135016958,0.9756140032069108
UGC02953,external_151,bulge_rich_hsb,99,1.2577221822158812e+21,40.76,264.0,1.8755033039670065e-12,0.011811710473758945,0.0015681879339822433,0.013202669835021538,0.7436595261700892,1.3505522558147784,0.9997930001824797,0.9756421571833443
UGC02953,external_151,bulge_rich_hsb,100,1.2947503131937777e+21,41.96,264.0,1.6830686754932214e-12,0.010823924403435896,0.00154350455968345,0.012214265277892943,0.7439563715507951,1.3505953054452178,0.9998115077945137,0.975669620009818
UGC02953,external_151,bulge_rich_hsb,101,1.3317784441716739e+21,43.16,264.0,1.4992936794539002e-12,0.009880713920655329,0.0015173204666431596,0.011266997547131688,0.7442295863813562,1.3506340309413916,0.9998290727613569,0.9756952173151252
UGC02953,external_151,bulge_rich_hsb,102,1.3688065751495703e+21,44.36,262.0,1.3155186834145777e-12,0.008937503437874753,0.001491136373602869,0.010319729816370426,0.7444803592299366,1.350666334664452,0.9998461424308448,0.9757189281083418
UGC02953,external_151,bulge_rich_hsb,103,1.406143273885616e+21,45.57,260.0,1.1661967085845443e-12,0.008160092380024776,0.0014582598667016874,0.009526090756043697,0.7447114103080104,1.3507023138307106,0.9998611041363799,0.9757413833354069
UGC02953,external_151,bulge_rich_hsb,104,1.4431714048635125e+21,46.77,258.0,1.0505494280317077e-12,0.007545663249811931,0.0014198184518075768,0.008884626074828105,0.7449256348210745,1.3507424185966328,0.9998738703503108,0.9757625954273959
UGC02953,external_151,bulge_rich_hsb,105,1.4801995358414087e+21,47.97,257.0,9.34902147478872e-13,0.006931234119599091,0.0013813770369134662,0.00824316139361252,0.7451240711711243,1.3507780062508155,0.9998861438260973,0.9757823395869232
UGC02953,external_151,bulge_rich_hsb,106,1.5172276668193052e+21,49.17,258.0,8.24389627775663e-13,0.006340795151923367,0.001342313778055422,0.007624443060020671,0.7453073385505409,1.3508105303432854,0.9998976665235176,0.9758006815713108
UGC02953,external_151,bulge_rich_hsb,107,1.5542557977972016e+21,50.37,260.0,7.501730356232539e-13,0.0059199347151430905,0.001298854909718416,0.007166511140747727,0.745480074841868,1.3508490402286677,0.9999069260817536,0.9758181199375393
UGC02953,external_151,bulge_rich_hsb,108,1.591592496533247e+21,51.58,263.0,6.75337971869575e-13,0.005495567108056314,0.001255033884145268,0.006704763122147512,0.74564146948846,1.3508842163486774,0.9999158600310953,0.9758345120710422
UGC02953,external_151,bulge_rich_hsb,109,1.6286206275111436e+21,52.78,265.0,6.01121379717166e-13,0.005074706671276038,0.0012115750158082617,0.006246831202874567,0.7457910340608093,1.3509161014968394,0.999924320681659,0.9758497234871586
UGC02953,external_151,bulge_rich_hsb,110,1.6656487584890398e+21,53.98,266.0,5.455503850110847e-13,0.00474095455356313,0.001167942855532452,0.005873959572232306,0.7459315107986765,1.3509495648908487,0.9999314002150925,0.9758639303160443
UGC02953,external_151,bulge_rich_hsb,111,1.7026768894669365e+21,55.18000000000001,266.0,4.969453782452524e-13,0.004439746069909968,0.0011242459534558317,0.005532866432276707,0.74613027568017,1.35100118807835,0.9999378008420009,0.9758814328735682
UGC02953,external_151,bulge_rich_hsb,112,1.7770417191808784e+21,57.59,262.0,4.046704237409468e-13,0.003860559572069025,0.0010373005709903799,0.004873917403886715,0.746363174351896,1.3510585095039123,0.9999494453828385,0.9759052928094536
UGC02953,external_151,bulge_rich_hsb,113,1.851097981136671e+21,59.989999999999995,263.0,3.3962076069758345e-13,0.0034131630495212906,0.0009548003629041176,0.004348794099050247,0.7465701887927699,1.3511137513134448,0.9999584794221902,0.975926148897458
UGC02953,external_151,bulge_rich_hsb,114,1.925154243092464e+21,62.39,272.0,2.8408648879397523e-13,0.0030144624928768633,0.0008757697103203757,0.003875057967193503,0.74675436759935,1.3511640493107673,0.9999660645677185,0.9759445110716668
UGC03205,external_151,bulge_rich_hsb,0,8.639897228175829e+18,0.28,107.0,1.1337923977064394e-10,0.7517173926339874,0.9179778874743769,0.6219688760482392,0.04926542676994241,0.49980477206860896,0.14904158623689936,0.07142880630399687
UGC03205,external_151,bulge_rich_hsb,1,1.697122669820252e+19,0.55,121.0,1.1147999623191081e-10,0.7328745442217715,0.8860640498197964,0.6116520050987589,0.09397368411786043,0.6023044887830447,0.15577225313984924,0.08825167167627694
UGC03205,external_151,bulge_rich_hsb,2,2.5611123926378344e+19,0.83,134.0,1.0951041033989128e-10,0.7133338125350289,0.8529682181780092,0.6009530278178163,0.1536922658658869,0.7231357379340666,0.16324029814947003,0.1080224540334708
UGC03205,external_151,bulge_rich_hsb,3,4.289091838273e+19,1.39,157.0,1.0557123855585221e-10,0.6742523491615441,0.7867765548944347,0.5795550732559313,0.20313925548103862,0.8142801417432023,0.17986247372904704,0.13080168931014516
UGC03205,external_151,bulge_rich_hsb,4,5.091368009460756e+19,1.65,168.0,1.037423373704055e-10,0.6561073840238546,0.7560447112270609,0.5696203086379131,0.2856794581305224,0.9331514335771398,0.18844513890802705,0.15141566745355994
UGC03205,external_151,bulge_rich_hsb,5,9.380459847733756e+19,3.04,207.0,9.396475026359423e-11,0.5591016088646689,0.5917475470053314,0.5165075285646625,0.3476893905934843,1.0290978246826918,0.24652275765260215,0.2112291257699721
UGC03205,external_151,bulge_rich_hsb,6,1.0244449570551338e+20,3.32,213.0,9.19951643715747e-11,0.5395608771779263,0.5586517153635442,0.5058085512837199,0.3654552453370216,1.0523839233756154,0.2613895156822091,0.22704474498651317
UGC03205,external_151,bulge_rich_hsb,7,1.1077582517554007e+20,3.59,218.0,9.009592083284158e-11,0.5207180287657105,0.5267378777089637,0.4954916803342396,0.38194480747992066,1.0734498823035559,0.2770127331514678,0.2434530984300473
UGC03205,external_151,bulge_rich_hsb,8,1.194157224037159e+20,3.87,222.0,8.812633494082205e-11,0.501177297078968,0.49364204606717643,0.484792703053297,0.39754102868528923,1.0932693674501082,0.2947122186852552,0.26174400289811756
UGC03205,external_151,bulge_rich_hsb,9,1.2805561963189174e+20,4.15,226.0,8.615674904880251e-11,0.4816365653922255,0.4605462144253892,0.4740937257723544,0.41205013148903125,1.1116062139500926,0.314127503738681,0.28158758581679233
UGC03205,external_151,bulge_rich_hsb,10,1.3669551686006756e+20,4.43,229.0,8.418716315678298e-11,0.46209583370548307,0.42745038278360203,0.46339474849141193,0.4253359607080377,1.1284997918332886,0.3354823633235637,0.3031992622988054
UGC03205,external_151,bulge_rich_hsb,11,1.4502684633009426e+20,4.7,232.0,8.228791961804984e-11,0.4432529852932671,0.3955365451290215,0.4530778775419316,0.437536953835377,1.1439594483163302,0.358154825704069,0.32602110785002825
UGC03205,external_151,bulge_rich_hsb,12,1.5335817580012093e+20,4.97,234.0,8.012749720544717e-11,0.42926434450079665,0.36938533550823155,0.443277094060632,0.4491903908147113,1.157725914709129,0.37916121167027406,0.3472709505535788
UGC03205,external_151,bulge_rich_hsb,13,1.6199807302829677e+20,5.25,235.0,7.744035098354799e-11,0.42306001621193534,0.3521216927860026,0.43399601053360565,0.46014131017431864,1.1692021562853951,0.39553925089426417,0.3640697623023643
UGC03205,external_151,bulge_rich_hsb,14,1.7032940249832345e+20,5.52,236.0,7.484917426957381e-11,0.41707727107624765,0.33547460873242463,0.4250463942754017,0.4704524024594656,1.1798085825952498,0.4122142838293156,0.38110574137785597
UGC03205,external_151,bulge_rich_hsb,15,1.7896929972649928e+20,5.8,237.0,7.216202804767464e-11,0.41087294278738634,0.31821096601019566,0.41576531074837536,0.4803375502383604,1.1900146570072079,0.43047582687835045,0.3996427437651012
UGC03205,external_151,bulge_rich_hsb,16,1.8760919695467512e+20,6.08,237.0,6.947488182577547e-11,0.404668614498525,0.3009473232879667,0.406484227221349,0.489651638225525,1.1996307218723472,0.44978116768301474,0.41915341425582864
UGC03205,external_151,bulge_rich_hsb,17,1.9624909418285095e+20,6.36,237.0,6.67877356038763e-11,0.3984642862096637,0.28368368056573773,0.3972031436943227,0.49828186954544634,1.2086336959830997,0.4701898467880335,0.4396899463503789
UGC03205,external_151,bulge_rich_hsb,18,2.0458042365287763e+20,6.63,236.0,6.419655888990211e-11,0.392481541073976,0.26703659651215983,0.38825352743611874,0.5064401432961907,1.2170519816557186,0.49097128225388437,0.4605714220945925
UGC03205,external_151,bulge_rich_hsb,19,2.1322032088105347e+20,6.91,236.0,6.150941266800294e-11,0.3862772127851147,0.24977295378993083,0.37897244390909235,0.5142894904849631,1.2252795388908488,0.5137239643282976,0.48336316109630223
UGC03205,external_151,bulge_rich_hsb,20,2.218602181092293e+20,7.19,235.0,5.882226644610378e-11,0.38007288449625337,0.23250931106770187,0.36969136038206607,0.519085802752842,1.2317262758076286,0.5377596444096627,0.5071419677018049
UGC03205,external_151,bulge_rich_hsb,21,2.2432876017442236e+20,7.269999999999999,234.0,5.8054510382704024e-11,0.37830021927086444,0.22757684171849366,0.3670396222314871,0.5225961556068112,1.2346997107177025,0.5448708856672556,0.5143849282340839
UGC03205,external_151,bulge_rich_hsb,22,2.3019154757925598e+20,7.46,234.0,5.6231089732129584e-11,0.3740901393605657,0.21586222701412397,0.36074174412386206,0.531923983296041,1.2421664833651127,0.5622067226242162,0.5321204800773665
UGC03205,external_151,bulge_rich_hsb,23,2.4747134203560762e+20,8.02,231.0,5.0856797288331256e-11,0.36168148278284307,0.1813349415696661,0.34217957706980945,0.541331352126118,1.254513069425389,0.6170968650777215,0.5864876398854117
UGC03205,external_151,bulge_rich_hsb,24,2.558026715056343e+20,8.29,229.0,4.826562057435707e-11,0.3556987376471553,0.1646878575160882,0.3332299608116055,0.5470985010281645,1.260984895442801,0.6456656247147815,0.6149261799934891
UGC03205,external_151,bulge_rich_hsb,25,2.6413400097566104e+20,8.56,228.0,4.5674443860382855e-11,0.3497159925114676,0.14804077346251016,0.3242803445534015,0.5526733409860661,1.2672922511875948,0.6756450295749759,0.6447647417597875
UGC03205,external_151,bulge_rich_hsb,26,2.7277389820383684e+20,8.84,226.0,4.2987297638483695e-11,0.3435116642226063,0.13077713074028124,0.31499926102637515,0.5580537139462408,1.2735776115092352,0.7082418838960332,0.6771888193941236
UGC03205,external_151,bulge_rich_hsb,27,2.8141379543201264e+20,9.12,224.0,4.030015141658454e-11,0.337307335933745,0.11351348801805233,0.3057181774993488,0.5657480648445291,1.280821442719625,0.7423732101999446,0.711379913485089
UGC03205,external_151,bulge_rich_hsb,28,2.9900215764651344e+20,9.69,221.0,3.4829889464861234e-11,0.3246770962028488,0.07836964390494339,0.28682454317647377,0.5893435267738347,1.2984211258140341,0.8164709139160784,0.7863714177835854
UGC03205,external_151,bulge_rich_hsb,29,3.7367555511860455e+20,12.11,216.0,2.568968228690445e-11,0.23360906704480233,0.05010785664847258,0.21430306081849754,0.6149115387669126,1.309253287525233,0.9030302050338754,0.8723200824417139
UGC03205,external_151,bulge_rich_hsb,30,4.4989179138144135e+20,14.58,220.0,1.6640224953066522e-11,0.13991612852469756,0.023663099081085173,0.14043593035760876,0.6229957683624262,1.3127093310992333,0.9678373205230615,0.9357825540266547
UGC03205,external_151,bulge_rich_hsb,31,4.5297746896293265e+20,14.679999999999998,220.0,1.643000103000222e-11,0.13789973203531602,0.023225935399723695,0.1386963840392629,0.6248720714859036,1.3134012954907661,0.9687917940013254,0.9368762903905136
UGC03205,external_151,bulge_rich_hsb,32,4.6902299238668776e+20,15.2,221.0,1.5596854142482406e-11,0.13037320817136644,0.022007525692897406,0.13173391192977968,0.6272027591571815,1.3141023618201857,0.9718254445739234,0.9399832074387817
UGC03205,external_151,bulge_rich_hsb,33,4.782800251311619e+20,15.5,221.0,1.5116192476605592e-11,0.1260309828652417,0.02130459701588224,0.1277171010973855,0.6285941885154263,1.3145235504727997,0.973511137993624,0.9417176855570921
UGC03205,external_151,bulge_rich_hsb,34,4.847599480522938e+20,15.71,221.0,1.477972931049182e-11,0.12299142515095433,0.02081254694197162,0.12490533351470956,0.6299713628095792,1.3149697487145386,0.9746626871373212,0.9429417681673363
UGC03205,external_151,bulge_rich_hsb,35,4.94325548554917e+20,16.02,221.0,1.428304558908578e-11,0.11850445900129211,0.020086187309055953,0.12075462898790228,0.6315209012945929,1.3154451467801858,0.9763193726756868,0.9446618777206839
UGC03205,external_151,bulge_rich_hsb,36,5.035825812993911e+20,16.32,221.0,1.3802383923208966e-11,0.11416223369516736,0.019383258632040788,0.1167378181555081,0.6327638710373682,1.3158081600093725,0.9778730856035704,0.9462548115420271
UGC03205,external_151,bulge_rich_hsb,37,5.1006250422052304e+20,16.53,221.0,1.3465920757095192e-11,0.11112267598087999,0.018891208558130167,0.11392605057283214,0.633992391655258,1.3161959274714037,0.978931430110083,0.9473746120580918
UGC03205,external_151,bulge_rich_hsb,38,5.196281047231462e+20,16.84,221.0,1.2969237035689154e-11,0.10663570983121778,0.0181648489252145,0.10977534604602487,0.6349202615097748,1.3164368892938842,0.9804493249727396,0.9489030503750793
UGC03205,external_151,bulge_rich_hsb,39,5.2271378230463765e+20,16.94,221.0,1.2809016480396878e-11,0.10518830139584284,0.01793053936620944,0.10843640910189345,0.6405407369270706,1.3184842287862564,0.9809275961706124,0.9498692804555819
UGC03205,external_151,bulge_rich_hsb,40,5.986214508093251e+20,19.4,218.0,8.867590820207006e-12,0.06958205388561994,0.012166524214685096,0.07549856027626131,0.6476661556776288,1.320288170241906,0.9908980557518612,0.9599687352659086
UGC03205,external_151,bulge_rich_hsb,41,6.717520094906706e+20,21.769999999999996,216.0,7.030064832955501e-12,0.055715693872376494,0.010719173914513136,0.062112595240938,0.6533198291261232,1.3218419853359855,0.9933860781016127,0.9627605734195145
UGC03205,external_151,bulge_rich_hsb,42,7.476596779953582e+20,24.23,215.0,5.186802425312448e-12,0.04199065170924615,0.00935103806683559,0.04881787729134148,0.6577170553092413,1.322922396757753,0.9954557660404307,0.9650308845792898
UGC03205,external_151,bulge_rich_hsb,43,8.235673465000459e+20,26.69,212.0,4.206475172834182e-12,0.035555511622218,0.00867274969295917,0.04231596231021277,0.6613719934880029,1.3240023550308735,0.9963434618482506,0.9661548775645936
UGC03205,external_151,bulge_rich_hsb,44,8.966979051813912e+20,29.06,208.0,3.3010860953440073e-12,0.029685880455933636,0.008050512113661229,0.03635949125440478,0.6644506747048545,1.324891549329069,0.9970814178077216,0.9670866845664324
UGC03205,external_151,bulge_rich_hsb,45,9.726055736860789e+20,31.52,209.0,2.7544386171376924e-12,0.0261664828023604,0.007511872647979501,0.03256772272297093,0.6685193577787139,1.3262393742970198,0.9975595246355436,0.9678768354557485
UGC03205,external_151,bulge_rich_hsb,46,1.121335233113963e+21,36.34,220.0,1.9258256782277448e-12,0.020642716180982033,0.0065107459742673995,0.02642907514080933,0.672293217145296,1.3274641345164166,0.9982822258796026,0.9688733434624915
UGC03205,external_151,bulge_rich_hsb,47,1.2355053036291435e+21,40.04,220.0,1.5073314107019943e-12,0.017570172430275446,0.005798948223994697,0.022832731982123527,0.675069007837958,1.3284099203554767,0.9986776925064529,0.9694843007190533
UGC03546,external_151,bulge_rich_hsb,0,1.9439768763395613e+19,0.63,262.0,2.53959724313789e-10,0.7888015500498048,1.8035440066914343,0.7188534667905908,0.03427400236151241,0.34086478156250094,0.07160841792820088,0.023938854816524274
UGC03546,external_151,bulge_rich_hsb,1,2.4376852893781803e+19,0.79,250.0,2.5155844173612424e-10,0.7766359605862068,1.7734082413572703,0.715015558891758,0.06611121960693438,0.4002217730494479,0.07309864121204229,0.0284808825896489
UGC03546,external_151,bulge_rich_hsb,2,2.9313937024167985e+19,0.95,241.0,2.4915715915845954e-10,0.7644703711226087,1.743272476023106,0.7111776509929254,0.09576136617399411,0.4540962853751055,0.0746393190449135,0.03274056438071611
UGC03546,external_151,bulge_rich_hsb,3,3.425102115455418e+19,1.11,234.0,2.467558765807948e-10,0.7523047816590107,1.713136710688942,0.7073397430940926,0.12344115194576032,0.5030487709079493,0.07623289473896153,0.03675179122993302
UGC03546,external_151,bulge_rich_hsb,4,3.9188105284940366e+19,1.27,228.0,2.443545940031301e-10,0.7401391921954128,1.6830009453547778,0.70350183519526,0.14933956043748936,0.5476166740317788,0.07788196848422431,0.04054955082785867
UGC03546,external_151,bulge_rich_hsb,5,4.412518941532655e+19,1.43,225.0,2.4195331142546534e-10,0.7279736027318148,1.6528651800206138,0.6996639272964272,0.17362214545130975,0.5882973559981607,0.0795893100459302,0.044167723169666745
UGC03546,external_151,bulge_rich_hsb,6,4.906227354571274e+19,1.59,222.0,2.395520288478006e-10,0.7158080132682167,1.6227294146864495,0.6958260193975946,0.20669984378708942,0.6408016774219333,0.08135787271183298,0.04863884999073427
UGC03546,external_151,bulge_rich_hsb,7,5.862787404833597e+19,1.9,221.0,2.348995438535752e-10,0.6922371836824956,1.5643413693515065,0.6883900728436062,0.23691758460198126,0.6893731965755694,0.08497064189377378,0.0540458858630378
UGC03546,external_151,bulge_rich_hsb,8,6.356495817872216e+19,2.06,221.0,2.3249826127591046e-10,0.6800715942188976,1.5342056040173424,0.6845521649447734,0.25610257461688957,0.7186639527566128,0.08693809330514024,0.05723827020653746
UGC03546,external_151,bulge_rich_hsb,9,6.850204230910836e+19,2.22,222.0,2.300969786982457e-10,0.6679060047552996,1.5040698386831781,0.6807142570459407,0.2742467575135145,0.7458370786814443,0.08898049666051769,0.06038099932421156
UGC03546,external_151,bulge_rich_hsb,10,7.343912643949453e+19,2.38,222.0,2.27695696120581e-10,0.6557404152917016,1.473934073349014,0.676876349147108,0.30430161844073966,0.7869350559157926,0.09110196914485019,0.06451774884568752
UGC03546,external_151,bulge_rich_hsb,11,8.609040452360915e+19,2.79,221.0,2.2154240951531512e-10,0.6245660922912317,1.3967111746802185,0.6670417101563492,0.32741600127809256,0.8239589978504736,0.096930726301041,0.071131741614316
UGC03546,external_151,bulge_rich_hsb,12,8.82503788306531e+19,2.86,221.0,2.204918483875868e-10,0.6192436469009076,1.3835267773465216,0.6653626254506099,0.3379297452061813,0.8376918109686904,0.09798666707401238,0.0728139420147775
UGC03546,external_151,bulge_rich_hsb,13,9.31874629610393e+19,3.0200000000000005,220.0,2.1809056580992206e-10,0.6070780574373096,1.3533910120123573,0.6615247175517772,0.391770310753647,0.8986933612571726,0.10047205721447278,0.07862079353950908
UGC03546,external_151,bulge_rich_hsb,14,1.2867275514819e+20,4.17,205.0,1.9061588034870105e-10,0.623953096082392,1.136191862063704,0.6346757876287515,0.4716914157051771,1.0169204228927127,0.12178584844637207,0.10357791881271758
UGC03546,external_151,bulge_rich_hsb,15,1.7156367353092e+20,5.56,190.0,1.5614314393494645e-10,0.6572592930674537,0.873590147394808,0.6023146897087374,0.5353377333674784,1.1198512541138692,0.1596994638631147,0.14373520696945838
UGC03546,external_151,bulge_rich_hsb,16,2.1476315967179915e+20,6.96,190.0,1.271106182784387e-10,0.6616653626710033,0.6665917856298723,0.5681572442964594,0.5827535621122701,1.1896024445325397,0.20888646818508547,0.19389283531063298
UGC03546,external_151,bulge_rich_hsb,17,2.5765407805452914e+20,8.35,198.0,1.0383098893954561e-10,0.6376312212700059,0.5171222953920037,0.5327194697003252,0.6189505829237397,1.235318652289085,0.2663249788410941,0.2514782021234944
UGC03546,external_151,bulge_rich_hsb,18,3.0023642867911007e+20,9.730000000000002,204.0,8.260502401885475e-11,0.6056396127407202,0.3831770804673752,0.4955662108651235,0.6475955986837326,1.2720400482514025,0.3449588920047679,0.329678349719879
UGC03546,external_151,bulge_rich_hsb,19,3.4374448257813833e+20,11.14,204.0,6.659831697154018e-11,0.5484659907382079,0.2898364548738852,0.45167085029123644,0.6701166727451907,1.2956640392311884,0.433067889532944,0.4167798887361071
UGC03546,external_151,bulge_rich_hsb,20,3.8601826544457004e+20,12.51,201.0,5.1057721970950825e-11,0.4928820595534492,0.19923044744471913,0.4090066351398803,0.6879171534505447,1.3168478890271333,0.5510049437009104,0.5333331199634807
UGC03546,external_151,bulge_rich_hsb,21,4.282920483110018e+20,13.880000000000003,203.0,4.145923268992233e-11,0.42135378604802565,0.15145973811768415,0.3593662389844889,0.7025349530851211,1.3273774653562198,0.6475446035321992,0.628454747280366
UGC03546,external_151,bulge_rich_hsb,22,4.736515087589248e+20,15.35,202.0,3.116012375334434e-11,0.34460447068089256,0.10020211570108471,0.30610245624841215,0.7139476217535121,1.3374154472716164,0.7652742206418193,0.7445276879970593
UGC03546,external_151,bulge_rich_hsb,23,5.159252916253565e+20,16.72,198.0,2.4715723576448743e-11,0.28314754403834586,0.07285939321216872,0.25929880456716137,0.7226135389268021,1.3425640150757752,0.8410969839902546,0.8192855449456181
UGC03546,external_151,bulge_rich_hsb,24,5.578905067336391e+20,18.08,195.0,1.9137323211135377e-11,0.2247542370128842,0.05102038692396025,0.21357334712444404,0.7293665427551956,1.346214491520702,0.9017409432101603,0.8790958088001778
UGC03546,external_151,bulge_rich_hsb,25,6.001642896000709e+20,19.45,194.0,1.4741279003053415e-11,0.17664180291264975,0.035346526674028295,0.17374177099369523,0.7348297714667793,1.3487385256599174,0.9421415059747775,0.9190084557281161
UGC03546,external_151,bulge_rich_hsb,26,6.455237500479941e+20,20.92,192.0,1.132122127115679e-11,0.13637114440734335,0.0252343217780256,0.13760713950516287,0.7399106443903702,1.350382444730782,0.9664410792555866,0.943060013155934
UGC03546,external_151,bulge_rich_hsb,27,7.072373016778214e+20,22.92,190.0,7.734355141575906e-12,0.09390484376617847,0.015600476996636862,0.09815501948110994,0.74404401912601,1.3515684091628017,0.9849182897341363,0.9613449103572927
UGC03546,external_151,bulge_rich_hsb,28,7.720365308891401e+20,25.02,191.0,5.020810743087331e-12,0.06148387053645976,0.00955323348810691,0.06632421224813956,0.7482053645248872,1.352486957772397,0.9937037866255116,0.9701182274933867
UGC03546,external_151,bulge_rich_hsb,29,9.019435570699266e+20,29.229999999999997,193.0,2.3798490684602395e-12,0.030680742692115907,0.005102181522006191,0.03449650366627855,0.75101485542982,1.3527720910611416,0.9982430181826305,0.9746113262781978
UGC03580,calibration_24,bulge_rich_hsb,0,3.394245339640504e+18,0.11,56.2,6.242808936983062e-11,0.7479593646550315,1.391444222230073,0.6792805771207038,0.0245353646616428,0.35817662876564654,0.0956772049219551,0.03354128612814029
UGC03580,calibration_24,bulge_rich_hsb,1,7.097058437430145e+18,0.23,64.6,6.177037995384624e-11,0.7377908401848419,1.3599584098033959,0.6727185537362909,0.04673305828106025,0.4073158353630008,0.09853486008002728,0.03903420957261889
UGC03580,calibration_24,bulge_rich_hsb,2,1.049130377707065e+19,0.34,70.2,6.116747965586057e-11,0.7284696927538346,1.331096415078942,0.6667033656339123,0.06775749958356098,0.45311412787419075,0.10127131349325993,0.044333292554988864
UGC03580,calibration_24,bulge_rich_hsb,3,1.419411687486029e+19,0.46,71.6,6.050977023987618e-11,0.7183011682836449,1.2996106026522647,0.6601413422494994,0.08768078864049596,0.4960069316575057,0.10439212237287793,0.04968203567091386
UGC03580,calibration_24,bulge_rich_hsb,4,1.758836221450079e+19,0.57,71.0,5.99068699418905e-11,0.7089800208526376,1.2707486079278107,0.6541261541471208,0.10659998459599769,0.5359163806728603,0.10738486814306132,0.05483384488702123
UGC03580,calibration_24,bulge_rich_hsb,5,2.129117531229043e+19,0.69,69.0,5.924916052590613e-11,0.6988114963824479,1.2392627955011337,0.6475641307627079,0.12457203150311363,0.5734572689948008,0.11080306198384547,0.06011503740890244
UGC03580,calibration_24,bulge_rich_hsb,6,2.468542065193094e+19,0.8,67.7,5.864626022792044e-11,0.6894903489514406,1.2104008007766798,0.6415489426603294,0.14167804529909594,0.6083775124637867,0.11408605014668682,0.06520438035664917
UGC03580,calibration_24,bulge_rich_hsb,7,2.838823374972058e+19,0.92,66.9,5.7988550811936056e-11,0.6793218244812509,1.1789149883500027,0.6349869192759163,0.15796329452121555,0.6414169261724066,0.11784176162080641,0.07050842054859895
UGC03580,calibration_24,bulge_rich_hsb,8,3.178247908936108e+19,1.03,66.6,5.7385650513950377e-11,0.6700006770502436,1.1500529936255486,0.6289717311735379,0.17283287265122538,0.6710305566136914,0.12145490996845806,0.07551986502771076
UGC03580,calibration_24,bulge_rich_hsb,9,3.517672442900158e+19,1.14,66.8,5.6782750215964697e-11,0.6606795296192364,1.1211909989010946,0.6229565430711593,0.18768618262914893,0.7000391855679425,0.12524214491669666,0.08068695848518406
UGC03580,calibration_24,bulge_rich_hsb,10,3.8879537526791225e+19,1.26,67.4,5.612504079998032e-11,0.6505110051490466,1.0897051864744176,0.6163945196867464,0.20186716037316255,0.7277634983141477,0.12958599910075078,0.08620078604807546
UGC03580,calibration_24,bulge_rich_hsb,11,4.227378286643173e+19,1.37,68.3,5.552214050199464e-11,0.6411898577180393,1.0608431917499637,0.6103793315843679,0.21543013681404255,0.7535979243416278,0.13377626506719661,0.09153867067443765
UGC03580,calibration_24,bulge_rich_hsb,12,4.597659596422137e+19,1.4899999999999998,69.6,5.4864431086010257e-11,0.6310213332478496,1.0293573793232866,0.6038173081999549,0.22895548405326005,0.7792994633463167,0.13859172475535636,0.09739966219301033
UGC03580,calibration_24,bulge_rich_hsb,13,4.967940906201101e+19,1.61,71.2,5.4206721670025873e-11,0.6208528087776598,0.9978715668966096,0.5972552848155419,0.24082208263014568,0.8021090762404698,0.1436814501314138,0.10328166061488815
UGC03580,calibration_24,bulge_rich_hsb,14,5.2765086643502375e+19,1.71,72.9,5.36586304900389e-11,0.6123790383858351,0.9716333898743788,0.5917869319951978,0.25222518445775116,0.8229892053179126,0.14814816069841477,0.1086195439322648
UGC03580,calibration_24,bulge_rich_hsb,15,5.646789974129202e+19,1.83,74.9,5.3000921074054514e-11,0.6022105139156453,0.9401475774477015,0.5852249086107848,0.2636597732011958,0.84449581302719,0.15379935622938662,0.11498599277714386
UGC03580,calibration_24,bulge_rich_hsb,16,5.986214508093252e+19,1.9400000000000002,77.0,5.2398020776068834e-11,0.592889366484638,0.9112855827232476,0.5792097205084064,0.2746376353452207,0.864574670743991,0.15927993550616612,0.12118325049786147
UGC03580,calibration_24,bulge_rich_hsb,17,6.356495817872216e+19,2.06,79.2,5.174031136008445e-11,0.5827208420144483,0.8797997702965705,0.5726476971239933,0.28562517535403725,0.8848403918903038,0.1656135542573318,0.12815407016908142
UGC03580,calibration_24,bulge_rich_hsb,18,6.7267771276511805e+19,2.18,81.4,5.1082601944100074e-11,0.5725523175442586,0.8483139578698935,0.5660856737395804,0.2957315392259871,0.9036983087568273,0.17234890125095212,0.13540082187654304
UGC03580,calibration_24,bulge_rich_hsb,19,7.066201661615231e+19,2.29,83.6,5.0479701646114394e-11,0.5632311701132513,0.8194519631454394,0.5600704856372019,0.30503589970807177,0.9208113263143554,0.17890660403835357,0.14242627293798335
UGC03580,calibration_24,bulge_rich_hsb,20,7.405626195579281e+19,2.4,85.7,4.9876801348128714e-11,0.553910022682244,0.7905899684209855,0.5540552975348234,0.3144035874246877,0.9377774720518632,0.18586304831134354,0.14985120665351262
UGC03580,calibration_24,bulge_rich_hsb,21,7.775907505358245e+19,2.52,87.8,4.921909193214433e-11,0.5437414982120543,0.7591041559943085,0.5474932741504104,0.3234155160670615,0.9546500529387502,0.19394713497880062,0.15828249849298645
UGC03580,calibration_24,bulge_rich_hsb,22,8.115332039322295e+19,2.63,89.7,4.861619163415865e-11,0.534420350781047,0.7302421612698545,0.5414780860480319,0.33209839591045986,0.9704133544081556,0.20185295855136032,0.16655277426773868
UGC03580,calibration_24,bulge_rich_hsb,23,8.48561334910126e+19,2.75,91.4,4.7958482218174274e-11,0.5242518263108573,0.6987563488431774,0.5349160626636189,0.34045996294124714,0.9861954310590006,0.21107021267381854,0.1760182899967745
UGC03580,calibration_24,bulge_rich_hsb,24,8.82503788306531e+19,2.86,92.8,4.735558192018859e-11,0.51493067887985,0.6698943541187234,0.5289008745612404,0.3485241786680189,1.0009372913191963,0.22011512869434102,0.18533188358671224
UGC03580,calibration_24,bulge_rich_hsb,25,9.195319192844273e+19,2.9799999999999995,94.1,4.669787250420421e-11,0.5047621544096603,0.6384085416920464,0.5223388511768274,0.35629710372388385,1.015792185817022,0.2306988227756963,0.19607052764631555
UGC03580,calibration_24,bulge_rich_hsb,26,9.534743726808325e+19,3.09,95.2,4.6094972206218524e-11,0.495441006978653,0.6095465469675924,0.5163236630744489,0.36347776272722404,1.0293438888682889,0.24112462108251245,0.20663440275196965
UGC03580,calibration_24,bulge_rich_hsb,27,9.874168260772376e+19,3.2,96.1,4.549207190823285e-11,0.48611985954764575,0.5806845522431383,0.5103084749720703,0.40604326476087416,1.0749745874550674,0.2523161052238644,0.22193171048660335
UGC03580,calibration_24,bulge_rich_hsb,28,1.3947262668340978e+20,4.52,97.4,3.586238454522794e-11,0.43029776212933407,0.40006880100957115,0.44321966175994104,0.4399368599677224,1.1429139192191735,0.3605963935517882,0.3280873570219706
UGC03580,calibration_24,bulge_rich_hsb,29,1.4471827857194513e+20,4.69,96.9,3.4567396406001343e-11,0.42439070207053387,0.38059997072144525,0.43469598697847556,0.46999748780349243,1.1684714196339847,0.3767254781526614,0.3466451331736833
UGC03580,calibration_24,bulge_rich_hsb,30,1.8606635816392943e+20,6.03,96.8,2.435984283798005e-11,0.37782916984234405,0.22713977903857152,0.36750937399516004,0.5116743289228711,1.2288645240125944,0.5450304186267121,0.5134778858116019
UGC03580,calibration_24,bulge_rich_hsb,31,2.3235152188629995e+20,7.53,105.0,1.6286837547516382e-11,0.3145447729844553,0.1213655792714291,0.29950810702518704,0.5382443029699561,1.264351968329267,0.7334068089798539,0.699239018888629
UGC03580,calibration_24,bulge_rich_hsb,32,2.647511364919593e+20,8.58,110.0,1.3100488045865862e-11,0.26204057173241246,0.0958413649551933,0.25720490019900016,0.547935956441494,1.2713610500396992,0.8022406986514037,0.7665435739151933
UGC03580,calibration_24,bulge_rich_hsb,33,2.684539495897489e+20,8.7,110.0,1.2736333817105804e-11,0.2560400915893219,0.09292431189048064,0.2523702479902931,0.5498376436554414,1.272539505335579,0.8100358147188675,0.7742728808209122
UGC03580,calibration_24,bulge_rich_hsb,34,2.721567626875386e+20,8.82,110.0,1.237217958834574e-11,0.2500396114462312,0.09000725882576793,0.24753559578158596,0.5523771748296864,1.274015800087358,0.8177952211459008,0.7820436313686294
UGC03580,calibration_24,bulge_rich_hsb,35,2.7863668560867043e+20,9.03,111.0,1.173490968801564e-11,0.23953877119582268,0.0849024159625208,0.23907495441634863,0.5540705797491735,1.2752994432697642,0.8312687304032559,0.7952395156405646
UGC03580,calibration_24,bulge_rich_hsb,36,2.7925382112496874e+20,9.05,111.0,1.1674217316555626e-11,0.23853869117197418,0.08441624045173532,0.23826917904823075,0.5647725101317428,1.2802847278451637,0.8325438853137146,0.7976581795754231
UGC03580,calibration_24,bulge_rich_hsb,37,3.249218493310409e+20,10.53,112.0,7.771590808874745e-12,0.17376520608466867,0.05431729768579221,0.18523155660951163,0.5805290438571005,1.2901022723794833,0.9085847645924898,0.8730258469961513
UGC03580,calibration_24,bulge_rich_hsb,38,3.72441284086008e+20,12.069999999999999,112.0,5.8240311174230026e-12,0.13951296406381608,0.044102058430755556,0.15370294108074342,0.5928807265239937,1.2955318043185255,0.9365171011122462,0.9012603543124896
UGC03580,calibration_24,bulge_rich_hsb,39,4.190350155665276e+20,13.579999999999998,114.0,3.914410900480062e-12,0.10592797351090216,0.03408581734302482,0.12278851936097725,0.6021475096400013,1.2995793362832473,0.9598278725218332,0.9247419147329633
UGC03580,calibration_24,bulge_rich_hsb,40,4.6562874704704727e+20,15.09,118.0,3.1160082959880137e-12,0.09147616604633271,0.030515152039218833,0.10844815217286768,0.6099881145838515,1.302707994253453,0.9679669548407155,0.9333902428936306
UGC03580,calibration_24,bulge_rich_hsb,41,5.12222478527567e+20,16.6,122.0,2.3299543129194095e-12,0.07723697979288888,0.027016114447500898,0.0942919673830298,0.6165583259916849,1.3052744655299517,0.9751587800553454,0.9409850126578092
UGC03580,calibration_24,bulge_rich_hsb,42,5.5881621000808654e+20,18.11,125.0,1.8736758446864944e-12,0.06825469386533534,0.024644900873657,0.08493178592994129,0.6222896628098101,1.3075486462987767,0.9794977846832001,0.9457540543118896
UGC03580,calibration_24,bulge_rich_hsb,43,6.054099414886062e+20,19.62,128.0,1.534522153538622e-12,0.06113947584042752,0.022674251109865727,0.07727497782158325,0.6271752418434334,1.3094885234942952,0.9827801946901059,0.9494176974407531
UGC03580,calibration_24,bulge_rich_hsb,44,6.486094276294853e+20,21.02,131.0,1.2926097471958023e-12,0.055627389013309235,0.021040192356670654,0.07118611323491486,0.6338028647052907,1.3121011929301236,0.9852433258116441,0.9524589709065849
UGC03580,calibration_24,bulge_rich_hsb,45,7.417968905905246e+20,24.04,127.0,9.762251450308607e-13,0.04682386888287198,0.018071523017194033,0.06093458672455404,0.6412624239924398,1.3150991498266047,0.9891081313000587,0.9569494572839603
UGC03580,calibration_24,bulge_rich_hsb,46,8.349843535515639e+20,27.06,124.0,7.89483361038187e-13,0.04011855072355001,0.015554558106983769,0.0527336550748948,0.6474769744775594,1.3176076222602413,0.9918642463928047,0.9602422246689116
UGC04278,external_151,ordinary_disk,0,4.3199486140879145e+18,0.14,5.23,9.725964939040865e-12,0.430380069609125,0.3232534151535014,0.42876718444614137,0.03572173098517669,0.45336833858275105,0.4191106814810824,0.18356883205414423
UGC04278,external_151,ordinary_disk,1,1.295984584226374e+19,0.41999999999999993,15.4,9.55679679335515e-12,0.39938798554519467,0.310340566350948,0.4126902807627358,0.06722016820377796,0.5496296017005402,0.438453156546203,0.22903539774721976
UGC04278,external_151,ordinary_disk,2,2.129117531229043e+19,0.69,24.4,9.393670367158209e-12,0.36950276162640466,0.2978888907199143,0.3971875522108804,0.0956512864041926,0.6285398792826886,0.45804794032427426,0.2693158423899528
UGC04278,external_151,ordinary_disk,3,2.993107254046626e+19,0.9700000000000001,32.1,9.224502221472493e-12,0.33851067756247427,0.28497604191736087,0.38111064852747484,0.12180226222853847,0.6940539643227163,0.4793693704569267,0.30663271491969013
UGC04278,external_151,ordinary_disk,4,3.8570969768642085e+19,1.2499999999999998,34.6,9.055334075786777e-12,0.30751859349854394,0.2720631931148074,0.3650337448440693,0.14505878707548958,0.7469703980497117,0.5017253174255989,0.34088166787631563
UGC04278,external_151,ordinary_disk,5,4.690229923866878e+19,1.52,37.9,8.889963609534156e-12,0.2780427063370246,0.25946976299957253,0.34957301863083756,0.16620424414074883,0.791630840708444,0.5243738721384515,0.37309210801086473
UGC04278,external_151,ordinary_disk,6,5.554219646684461e+19,1.8,40.5,8.59774726746192e-12,0.26949592113010407,0.23878404331331796,0.33579924318196364,0.18555441071254314,0.8402857566889166,0.5549897711453604,0.41337515215377524
UGC04278,external_151,ordinary_disk,7,6.387352593687129e+19,2.07,43.0,8.315967223320836e-12,0.2612543782520021,0.21883709933014392,0.3225173882848352,0.20331210869873156,0.8822399943875188,0.586239425661775,0.45267307313170846
UGC04278,external_151,ordinary_disk,8,7.251342316504713e+19,2.35,45.1,8.0237508812486e-12,0.25270759304508156,0.19815137964388935,0.30874361283596125,0.21989079736740266,0.9195597668393397,0.6204321734426135,0.4934513239087764
UGC04278,external_151,ordinary_disk,9,8.115332039322295e+19,2.63,45.6,7.731534539176365e-12,0.24416080783816102,0.1774656599576348,0.2949698373870873,0.2350979330531088,0.9523488645669785,0.6563961806500386,0.5348181876182574
UGC04278,external_151,ordinary_disk,10,8.979321762139878e+19,2.91,49.2,7.439318197104129e-12,0.23561402263124048,0.15677994027138023,0.28119606193821334,0.24905303178802554,0.9813976297442707,0.6940304273635547,0.5769301923555339
UGC04278,external_151,ordinary_disk,11,9.843311484957462e+19,3.1900000000000004,50.3,7.1747883274377096e-12,0.22641352025576206,0.14219222482204386,0.26888176887301224,0.2617028720902051,1.0045102489047968,0.723416800347733,0.6104909427772093
UGC04278,external_151,ordinary_disk,12,1.067644443196013e+20,3.46,53.7,6.939667159104037e-12,0.21707029465933347,0.13252199714252083,0.2580595197459779,0.2734491512279805,1.0233367710009917,0.7451644623491195,0.6362583984833937
UGC04278,external_151,ordinary_disk,13,1.1540434154777713e+20,3.74,58.0,6.6958377993505984e-12,0.2073810236704446,0.12249361288227471,0.24683644657720155,0.2843400878328387,1.0402567255622897,0.7678375095691191,0.6622860801827913
UGC04278,external_151,ordinary_disk,14,1.2373567101780381e+20,4.01,64.4,6.460716631016927e-12,0.198037798074016,0.11282338520275169,0.23601419745016722,0.29445248974941207,1.0554540345371115,0.7897152495084369,0.6871502552977345
UGC04278,external_151,ordinary_disk,15,1.3237556824597964e+20,4.29,67.5,6.216887271263487e-12,0.18834852708512712,0.10279500094250557,0.22479112428139084,0.3039898800109503,1.0694665006397563,0.8122988292090348,0.7123407741396278
UGC04278,external_151,ordinary_disk,16,1.4101546547415548e+20,4.57,71.3,5.97512559940295e-12,0.17886151583688348,0.09316323034221245,0.21380941135168788,0.3128251174564303,1.0820781667840327,0.8338949933056572,0.736275410007493
UGC04278,external_151,ordinary_disk,17,1.4965536270233128e+20,4.85,75.6,5.754162435171006e-12,0.17140899962689524,0.08752092655674067,0.20525549847384122,0.32109839302414045,1.0925680895626209,0.8477151643699685,0.7526114355150855
UGC04278,external_151,ordinary_disk,18,1.5829525993050712e+20,5.13,80.0,5.533199270939062e-12,0.16395648341690697,0.08187862277126887,0.19670158559599457,0.32870535281500396,1.101999841363624,0.8612844918203533,0.7683628314087272
UGC04278,external_151,ordinary_disk,19,1.6662658940053383e+20,5.4,82.8,5.32012764828683e-12,0.15677012850013256,0.07643782983527819,0.1884531696066424,0.335835126950502,1.1106367538130046,0.8740880429970252,0.7831668417601996
UGC04278,external_151,ordinary_disk,20,1.7526648662870963e+20,5.68,84.8,5.0991644840548865e-12,0.14931761229014434,0.07079552604980642,0.17989925672879575,0.3414197307579732,1.1174374389593322,0.8870276091621774,0.7974209894508869
UGC04278,external_151,ordinary_disk,21,1.8082070627539413e+20,5.86,86.3,4.957116735620064e-12,0.14452670901229472,0.06716833075914597,0.1744003127358943,0.3492611053697127,1.1262107518374624,0.8951415289307191,0.8081239082220315
UGC04278,external_151,ordinary_disk,22,1.9624909418285095e+20,6.36,90.2,4.608194517407884e-12,0.1332531005087471,0.05964539802654114,0.16148712502980705,0.3560473963583655,1.1339781754492606,0.9121427409448821,0.8264946865101034
UGC04278,external_151,ordinary_disk,23,2.0087761055508798e+20,6.509999999999999,91.3,4.5126164906281146e-12,0.13027646835613954,0.05789723235778277,0.15808382750029323,0.35936775221597916,1.1374524668063233,0.9161484495707244,0.8314658369292073
UGC04278,external_151,ordinary_disk,24,2.0643183020177247e+20,6.69,92.8,4.39792285849239e-12,0.12670450977301037,0.055799433555272705,0.1539998704648766,0.3628590566198303,1.141082786515163,0.9208687743403952,0.8371481085798107
UGC04305,external_151,low_mass_dwarf,0,7.714193953728418e+18,0.25,3.17,1.279836880748385e-11,0.5212316019742789,0.4895184647960869,0.49901386517758517,0.037067969723863795,0.4630459924001546,0.29046420436269954,0.1297432182576198
UGC04305,external_151,low_mass_dwarf,1,1.5428387907456836e+19,0.5,10.5,1.2357233224208414e-11,0.47536937241607335,0.45528673866926617,0.47630348371607656,0.06997323468620968,0.5514793808218313,0.3156021126185444,0.16535905307408194
UGC04305,external_151,low_mass_dwarf,2,2.3142581861185253e+19,0.75,17.5,1.1916097640932976e-11,0.42950714285786784,0.4210550125424455,0.45359310225456795,0.09928486033907022,0.624975574743217,0.3436571972050933,0.20106608169535795
UGC04305,external_151,low_mass_dwarf,3,3.085677581491367e+19,1.0,22.7,1.147496205765754e-11,0.3836449132996623,0.38682328641562475,0.43088272079305934,0.12597561278620803,0.6878100167939303,0.3749876205568231,0.23805963144989054
UGC04305,external_151,low_mass_dwarf,4,3.8879537526791225e+19,1.26,29.7,1.1016181051051085e-11,0.3359481945591286,0.35122229124373117,0.40726392407309037,0.1493343280844034,0.7392598187188465,0.41145461918916304,0.2772138985800443
UGC04305,external_151,low_mass_dwarf,5,4.628516372237051e+19,1.5,34.5,1.0387554383060344e-11,0.32680501573867443,0.31933450984848316,0.3907888850953338,0.17060365666800875,0.7970437881824287,0.44485494259497366,0.31820178070221533
UGC04305,external_151,low_mass_dwarf,6,5.430792543424806e+19,1.76,36.0,9.705353757173494e-12,0.3171019995121577,0.28479505985386483,0.372971786298098,0.19031184078017596,0.848794401686052,0.4849177905861879,0.3639231327555493
UGC04305,external_151,low_mass_dwarf,7,6.2022119387976475e+19,2.01,37.3,9.049391616897676e-12,0.30777217621743,0.25158405024365493,0.35583996053152506,0.2079167539276633,0.893174197416892,0.5276386113832738,0.4110651480813743
UGC04305,external_151,low_mass_dwarf,8,6.973631334170489e+19,2.26,35.6,8.393429476621857e-12,0.2984423529227024,0.21837304063344504,0.3387081347649521,0.22397734080208864,0.9325206427985449,0.574829177819823,0.46165929175326187
UGC04305,external_151,low_mass_dwarf,9,7.745050729543331e+19,2.51,34.9,7.737467336346037e-12,0.2891125296279747,0.18516203102323509,0.32157630899837913,0.23863424805888558,0.9677080658514261,0.6267874312513919,0.516214555926125
UGC04305,external_151,low_mass_dwarf,10,8.516470124916172e+19,2.76,32.7,7.368718963726156e-12,0.2774378906038374,0.17251511556967133,0.3095883283294209,0.2522310231471943,0.9910996796925826,0.6518536563185569,0.5453595788140818
UGC04305,external_151,low_mass_dwarf,11,9.287889520289014e+19,3.01,32.8,7.015154831511023e-12,0.26563928730726716,0.16095536996847504,0.29787228929196735,0.2651108524169852,1.011900672178531,0.6759307731992897,0.5730819627819888
UGC04305,external_151,low_mass_dwarf,12,1.009016569147677e+20,3.27,33.2,6.647448134007284e-12,0.25336873987883407,0.14893323454323087,0.2856876086930157,0.27682331477331756,1.0302431469024032,0.7015162168693776,0.6014969392629871
UGC04305,external_151,low_mass_dwarf,13,1.0830728311034698e+20,3.51,32.1,6.308026567080756e-12,0.24204208071412664,0.13783587876608247,0.27444021121706025,0.2875135048611489,1.0463908520485252,0.7255435186575813,0.6280462666210838
UGC04305,external_151,low_mass_dwarf,14,1.160214770640754e+20,3.76,30.1,5.954462434865624e-12,0.2302434774175564,0.12627613316488617,0.26272417217960675,0.2978552550908005,1.0616122920442435,0.7508872151905097,0.655631579886922
UGC04305,external_151,low_mass_dwarf,15,1.2404423877595295e+20,4.02,32.3,5.702768683149157e-12,0.2218274456440434,0.11957543060334272,0.25420296872702985,0.30739167854130306,1.0742254254520271,0.7668921643385342,0.674267999711053
UGC04305,external_151,low_mass_dwarf,16,1.3144986497153224e+20,4.26,33.6,5.481241353022668e-12,0.21441780779352493,0.11388580119579281,0.246678456134958,0.31640138527076445,1.0856248086156393,0.7806817270436235,0.690587131167573
UGC04305,external_151,low_mass_dwarf,17,1.3947262668340978e+20,4.52,35.1,5.241253412052306e-12,0.20639070012212998,0.10772203600428042,0.23852690082688022,0.3250609058639414,1.0963235733820407,0.7955791044001566,0.707694446767881
UGC04305,external_151,low_mass_dwarf,18,1.4718682063713819e+20,4.77,35.3,5.01049577650388e-12,0.1986723273611733,0.10179533870474927,0.23068886687680543,0.3330714329688376,1.1059679040134796,0.8098277368070186,0.7239037923770052
UGC04305,external_151,low_mass_dwarf,19,1.5490101459086662e+20,5.02,35.2,4.779738140955453e-12,0.19095395460021658,0.0958686414052181,0.2228508329267306,0.3406312708539284,1.1148757119843844,0.8239648082233124,0.7398018062341969
UGC04305,external_151,low_mass_dwarf,20,1.6261520854459502e+20,5.269999999999999,34.6,4.6144538254047496e-12,0.18515431531265983,0.0919993452018567,0.21685282766210115,0.3478249026004927,1.1227794191099376,0.8336784890797695,0.7514010149553731
UGC04305,external_151,low_mass_dwarf,21,1.7032940249832345e+20,5.52,33.0,4.4564787357383695e-12,0.1795688771129566,0.08835973048321431,0.21106023714192063,0.354677231118062,1.1300972528001023,0.8428205024993748,0.762292104190801
UGC04325,external_151,low_mass_dwarf,0,2.1599743070439567e+19,0.7,41.3,1.7924145125834298e-11,0.4584932918283477,0.6321577278186928,0.5195903999860726,0.10090554300887385,0.5776765986080179,0.23339233440502555,0.12745065745422288
UGC04325,external_151,low_mass_dwarf,1,4.3199486140879135e+19,1.4,68.7,1.697253064844882e-11,0.3750905082810794,0.5443131535806832,0.47719571863743443,0.1766613152840985,0.748744184928071,0.27797552146636656,0.18922331819510263
UGC04325,external_151,low_mass_dwarf,2,6.4490661453169566e+19,2.09,83.8,1.569246788499316e-11,0.36644605157152743,0.39734799886620287,0.43173819768159294,0.2349799268601531,0.9042482972557444,0.36825588750528493,0.2894346245072191
UGC04325,external_151,low_mass_dwarf,3,8.609040452360915e+19,2.79,88.7,1.4424872094571805e-11,0.34269085016288947,0.30327324413988105,0.39081905093850267,0.2813878062607596,1.0002887943583063,0.45761362608901396,0.3851399768655567
UGC04325,external_151,low_mass_dwarf,4,1.0769014759404872e+20,3.49,90.1,1.3156501243096875e-11,0.3143287702148219,0.23059966458087947,0.3523256292793943,0.318649125041701,1.065825452924034,0.5517357907885696,0.4828728552713748
UGC04325,external_151,low_mass_dwarf,5,1.2928989066448829e+20,4.19,91.6,1.1837185298051775e-11,0.2851547394033299,0.18380662662941688,0.31833978851053557,0.34914187934643015,1.109233698002822,0.6308632324413518,0.5648482387573248
UGC04325,external_151,low_mass_dwarf,6,1.5088963373492784e+20,4.89,92.7,1.060504633489242e-11,0.2567713699913438,0.14724146821873163,0.2870750977054672,0.3743902827315756,1.1410402172673342,0.7028920407782872,0.6389762353920038
UGC04325,external_151,low_mass_dwarf,7,1.724893768053674e+20,5.59,91.5,9.442372809510945e-12,0.22901802514619507,0.11882621491454232,0.25797870717192795,0.39546479488587755,1.1646822792259064,0.7653766075713447,0.7031230719102498
UGC04483,external_151,low_mass_dwarf,0,2.4685420651930936e+18,0.08,5.11,7.998575218902335e-12,0.5039085284020245,0.4154726113758675,0.4780237729488108,0.023056297171763444,0.4259537622652783,0.33488969383949985,0.13837290797951096
UGC04483,external_151,low_mass_dwarf,1,7.40562619557928e+18,0.24,10.8,7.614877085478797e-12,0.4155578230803323,0.42670179877676057,0.455552089695052,0.04406060945030019,0.44472750973570535,0.33969134055994793,0.1461392610116684
UGC04483,external_151,low_mass_dwarf,2,1.234271032596547e+19,0.4,17.3,7.231178952055257e-12,0.3272071177586401,0.43793098617765364,0.43308040644129325,0.06379413757558305,0.4586314957851658,0.34523314052092074,0.15284211311229362
UGC04483,external_151,low_mass_dwarf,3,1.758836221450079e+19,0.57,20.8,6.687409577978543e-12,0.3096220553779627,0.377739564743371,0.40555144419409894,0.08154861810378246,0.5254886424780784,0.39495589814098975,0.1981240095771198
UGC04483,external_151,low_mass_dwarf,4,2.252544634488698e+19,0.73,20.8,6.152990147500098e-12,0.3057606676435498,0.3090923609043611,0.3790342459327748,0.09706750026274112,0.596122247229061,0.460497192501071,0.2585405254596789
UGC04483,external_151,low_mass_dwarf,5,2.7462530475273167e+19,0.89,22.9,5.6826112849755996e-12,0.29868005916118817,0.25037108924358925,0.35410223561381116,0.11109912035547703,0.6574272134236955,0.5300625999152696,0.3239118958253762
UGC04483,external_151,low_mass_dwarf,6,3.2399614605659357e+19,1.05,24.3,5.4113530954882336e-12,0.28158996103083295,0.2225124154484861,0.3340990337057936,0.12394402659815984,0.6978649466491763,0.5735879399555156,0.3685779976192406
UGC04483,external_151,low_mass_dwarf,7,3.733669873604554e+19,1.21,24.2,5.140094906000868e-12,0.2644998629004778,0.194653741653383,0.314095831797776,0.13568586693870652,0.7343975727538391,0.6205786528788584,0.4158746621704338
UGC04499,external_151,low_mass_dwarf,0,2.8079665991571444e+19,0.9100000000000001,26.0,1.6772989170093496e-11,0.44184841341691206,0.486012496024046,0.4766480304234076,0.11804226011663582,0.6586548364017397,0.3015164174308519,0.18454421742967042
UGC04499,external_151,low_mass_dwarf,1,5.615933198314289e+19,1.8200000000000003,45.1,1.4951895036826523e-11,0.3452912085508147,0.3788773388906819,0.417726386540617,0.20072724165638495,0.8436471870776928,0.3871961036580184,0.2892635703502518
UGC04499,external_151,low_mass_dwarf,2,8.423899797471432e+19,2.73,57.0,1.2575731028576943e-11,0.31883498253064885,0.2539836938267861,0.3624131844603532,0.26054241841072173,0.9830669437538977,0.5207057623721135,0.43333228247890665
UGC04499,external_151,low_mass_dwarf,3,1.1201009620813662e+20,3.63,62.0,1.0809939770937124e-11,0.28212713677520607,0.18520404848369676,0.31671877696557654,0.3061704573086123,1.060854163237108,0.6302881183973319,0.5500982884746031
UGC04499,external_151,low_mass_dwarf,4,1.403983299578572e+20,4.55,66.9,9.251743278777423e-12,0.24243378512077743,0.13653549870535658,0.2745566214114287,0.34139933533628464,1.110254373047866,0.7273429477260354,0.6515623709306778
UGC04499,external_151,low_mass_dwarf,5,1.681694281912795e+20,5.45,70.6,8.056958989160134e-12,0.21216740442585155,0.1103521711771096,0.24309955022843668,0.3697342534838433,1.1422793061472452,0.7884783557381679,0.7171864772836207
UGC04499,external_151,low_mass_dwarf,6,1.9655766194100008e+20,6.37,72.8,7.00567685768176e-12,0.18537955533315748,0.08960932793036269,0.21529156983208836,0.3929893774964756,1.166031826029923,0.8382782467234983,0.7705413094644391
UGC04499,external_151,low_mass_dwarf,7,2.2463732793257155e+20,7.280000000000001,73.3,6.128968594539227e-12,0.162865415005157,0.0748697128507613,0.19195740440538794,0.4121182879762445,1.183557218056225,0.8743414348485959,0.8096009914671938
UGC04499,external_151,low_mass_dwarf,8,2.5240842616599383e+20,8.18,74.3,5.466887767726535e-12,0.14584163904632094,0.06506044575652574,0.17392379256745208,0.4283502864124045,1.1970744151306232,0.8983470098361257,0.8363385988898879
UGC05005,external_151,low_mass_dwarf,0,2.4068285135632663e+19,0.7799999999999999,14.5,8.725022624971099e-12,0.24916144972877924,0.12648193473867642,0.2701599315748654,0.11508005596142491,0.6952131815939706,0.7453211486596051,0.47741483562268605
UGC05005,external_151,low_mass_dwarf,1,7.220485540689799e+19,2.34,32.6,7.980488822820216e-12,0.1874314255251927,0.10204246858169928,0.22019315573097117,0.19118644343152985,0.8805333720445725,0.8165328089589362,0.629610981603445
UGC05005,external_151,low_mass_dwarf,2,1.2064999343631245e+20,3.91,48.6,7.179654850534892e-12,0.13156303055561278,0.07835090523892868,0.17320956620871808,0.2424375915822075,0.9737306119368231,0.8805054880618888,0.7281682487030986
UGC05005,external_151,low_mass_dwarf,3,1.6878656370757776e+20,5.47,58.1,6.0881974866534085e-12,0.11196227786837622,0.0600016854943852,0.14548444378533426,0.28071988229226563,1.0376814635741556,0.9197151927793675,0.7920846785821981
UGC05005,external_151,low_mass_dwarf,4,2.1723170173699224e+20,7.04,65.9,4.9897436012085805e-12,0.09223587933058044,0.04153484254635104,0.11758159621821077,0.308943697913218,1.0793508089970887,0.9534366966009737,0.8405990261674925
UGC05005,external_151,low_mass_dwarf,5,2.6536827200825757e+20,8.6,72.5,4.327655383642798e-12,0.07872815549834203,0.033269837378863236,0.10043228061528692,0.3313540091793287,1.1072092049961877,0.967666716780378,0.8655335977918673
UGC05005,external_151,low_mass_dwarf,6,3.1381341003767205e+20,10.17,78.6,3.771349843622948e-12,0.06669519637208482,0.02753595462317916,0.08588310836099272,0.3826077222080302,1.1605155768659907,0.9768976085569039,0.8958237790972766
UGC05005,external_151,low_mass_dwarf,7,5.544962613939986e+20,17.97,97.1,2.233857130240712e-12,0.03809544082241855,0.014974795560848627,0.050382803548353824,0.41329849157036475,1.1876153424178804,0.9925117747473357,0.9205348674216113
UGC05005,external_151,low_mass_dwarf,8,6.501522664202311e+20,21.07,99.4,1.917932971615156e-12,0.03265364097974453,0.012725966133381773,0.04339682604791469,0.4240452550743027,1.1963408511172793,0.9945076669319023,0.9255951758135322
UGC05005,external_151,low_mass_dwarf,9,7.010659465148385e+20,22.72,100.0,1.7733470768105992e-12,0.030148421443605564,0.011690303654502862,0.04015264527166864,0.439134014031846,1.2079745120136374,0.9953279642202635,0.930531164462439
UGC05005,external_151,low_mass_dwarf,10,8.828123560646801e+20,28.61,99.1,1.3759165786906021e-12,0.023148140938217113,0.008802640295290067,0.030956691420043127,0.45629119174343014,1.2204776486233817,0.9972823992857472,0.9367108482410351
UGC05253,external_151,bulge_rich_hsb,0,4.0113808559387776e+18,0.13,232.0,7.51703877178526e-11,0.6357390733568229,0.6628523750254445,0.5645106518355556,0.020474794348364245,0.4279951760056877,0.21088716535249205,0.08752822229704296
UGC05253,external_151,bulge_rich_hsb,1,7.714193953728418e+18,0.25,233.0,7.492371227311495e-11,0.6314049734975788,0.6583366685004394,0.5624361873716291,0.040856155000715655,0.48623910827715205,0.21264273060513733,0.09936884309192306
UGC05253,external_151,bulge_rich_hsb,2,1.1725574809667195e+19,0.38,234.0,7.465648054131583e-11,0.6267096986500645,0.6534446530983506,0.5601888508690421,0.061092629363997585,0.5409523893801509,0.21456814297921245,0.11049242975521252
UGC05253,external_151,bulge_rich_hsb,3,1.5736955665605972e+19,0.51,235.0,7.438924880951672e-11,0.6220144238025501,0.6485526376962619,0.5579415143664551,0.0796880935647473,0.5884677177431316,0.21651843343086516,0.12018659680449202
UGC05253,external_151,bulge_rich_hsb,4,1.9439768763395613e+19,0.63,236.0,7.414257336477907e-11,0.6176803239433062,0.6440369311712568,0.5558670499025287,0.09749611260442115,0.6315730238026186,0.21834113148307366,0.1289118955269207
UGC05253,external_151,bulge_rich_hsb,5,2.345114961933439e+19,0.76,237.0,7.387534163297996e-11,0.6129850490957918,0.6391449157691681,0.5536197133999416,0.11522923809660268,0.6721481766154173,0.2203404049500908,0.13719899425018742
UGC05253,external_151,bulge_rich_hsb,6,2.7462530475273167e+19,0.89,238.0,7.360810990118084e-11,0.6082897742482775,0.6342529003670794,0.5513723768973546,0.13156995720272713,0.7075392781969457,0.222365757228553,0.14453011101197458
UGC05253,external_151,bulge_rich_hsb,7,3.1165343573062808e+19,1.01,239.0,7.33614344564432e-11,0.6039556743890335,0.6297371938420743,0.5492979124334282,0.1472598528832371,0.7398054927858437,0.22425882829338006,0.15118280216490831
UGC05253,external_151,bulge_rich_hsb,8,3.517672442900158e+19,1.14,240.0,7.309420272464409e-11,0.5992603995415191,0.6248451784399855,0.5470505759308412,0.16292386631751987,0.770394026717977,0.22633553625420677,0.15762415519510112
UGC05253,external_151,bulge_rich_hsb,9,3.9188105284940366e+19,1.27,240.0,7.282697099284498e-11,0.5945651246940048,0.6199531630378968,0.5448032394282541,0.1773934934357343,0.7972836535705108,0.2284395907228168,0.16343960657938145
UGC05253,external_151,bulge_rich_hsb,10,4.289091838273e+19,1.39,241.0,7.258029554810733e-11,0.5902310248347608,0.6154374565128917,0.5427287749643277,0.19131905622695572,0.8219719396802826,0.23040645571233462,0.16877035709226096
UGC05253,external_151,bulge_rich_hsb,11,4.690229923866878e+19,1.52,242.0,7.231306381630821e-11,0.5855357499872464,0.610545441110803,0.5404814384617407,0.20525321233448693,0.8455744456066646,0.23256437103888894,0.17404007411889105
UGC05253,external_151,bulge_rich_hsb,12,5.091368009460756e+19,1.65,242.0,7.20458320845091e-11,0.5808404751397321,0.6056534257087143,0.5382341019591537,0.21815299306068991,0.8664992913380241,0.234750971460531,0.17889594705327455
UGC05253,external_151,bulge_rich_hsb,13,5.46164931923972e+19,1.77,243.0,7.179915663977145e-11,0.5765063752804881,0.6011377191837092,0.5361596374952272,0.23059333723886477,0.8858475196563238,0.23679524258606158,0.18338641528436297
UGC05253,external_151,bulge_rich_hsb,14,5.862787404833597e+19,1.9,244.0,7.153192490797233e-11,0.5718111004329738,0.5962457037816205,0.5339123009926402,0.24306652554765304,0.9044981089918902,0.23903834929656337,0.18791164273291705
UGC05253,external_151,bulge_rich_hsb,15,6.263925490427475e+19,2.03,244.0,7.126469317617322e-11,0.5671158255854594,0.5913536883795317,0.5316649644900532,0.25509172941274005,0.9217945021005622,0.241311554708961,0.1922498953772749
UGC05253,external_151,bulge_rich_hsb,16,6.665063576021353e+19,2.16,244.0,7.09974614443741e-11,0.5624205507379451,0.5864616729774429,0.5294176279874662,0.2662528596022703,0.9372930246514134,0.24361536041788523,0.1963438952920666
UGC05253,external_151,bulge_rich_hsb,17,7.035344885800316e+19,2.28,245.0,7.075078599963646e-11,0.5580864508787011,0.5819459664524379,0.5273431635235397,0.27704264924902877,0.9517445980199634,0.24576955214101515,0.20016186768038308
UGC05253,external_151,bulge_rich_hsb,18,7.436482971394195e+19,2.41,245.0,7.048355426783734e-11,0.5533911760311867,0.5770539510503492,0.5250958270209527,0.2878867663548318,0.9658151453524921,0.24813364931866702,0.20409310286603788
UGC05253,external_151,bulge_rich_hsb,19,7.837621056988073e+19,2.54,246.0,7.021632253603823e-11,0.5486959011836724,0.5721619356482603,0.5228484905183657,0.297968656840535,0.9785126014997406,0.25052986792374954,0.20785659883244562
UGC05253,external_151,bulge_rich_hsb,20,8.207902366767037e+19,2.66,246.0,6.996964709130058e-11,0.5443618013244284,0.5676462291232554,0.5207740260544392,0.30773071606692554,0.9904145578827178,0.25277073879744705,0.2113803822735101
UGC05253,external_151,bulge_rich_hsb,21,8.609040452360915e+19,2.79,246.0,6.970241535950146e-11,0.539666526476914,0.5627542137211665,0.5185266895518522,0.3175573825228283,1.0020789581855698,0.2552302552974126,0.21505508139162988
UGC05253,external_151,bulge_rich_hsb,22,9.010178537954792e+19,2.92,247.0,6.943518362770235e-11,0.5349712516293996,0.5578621983190778,0.5162793530492652,0.3267072622525467,1.0126718240393333,0.2577234998267295,0.21861392227938448
UGC05253,external_151,bulge_rich_hsb,23,9.380459847733756e+19,3.04,247.0,6.918850818296471e-11,0.5306371517701557,0.5533464917940728,0.5142048885853387,0.3355797125328142,1.0226450237253082,0.2600553852901289,0.22195450304437894
UGC05253,external_151,bulge_rich_hsb,24,9.781597933327634e+19,3.17,247.0,6.89212764511656e-11,0.5259418769226414,0.5484544763919841,0.5119575520827517,0.34452362985966156,1.0324765931641626,0.2626151030700427,0.2254738050415866
UGC05253,external_151,bulge_rich_hsb,25,1.0182736018921511e+20,3.3,247.0,6.865404471936648e-11,0.521246602075127,0.5435624609898952,0.5097102155801647,0.35286307425870606,1.0414555918833124,0.26521024573871116,0.22891361486146558
UGC05253,external_151,bulge_rich_hsb,26,1.0553017328700475e+20,3.42,247.0,6.840736927462884e-11,0.516912502215883,0.5390467544648903,0.5076357511162383,0.36096030980111277,1.0499405693281991,0.2676377247835234,0.23214726380213863
UGC05253,external_151,bulge_rich_hsb,27,1.0954155414294353e+20,3.55,248.0,6.814013754282972e-11,0.5122172273683687,0.5341547390628014,0.5053884146136512,0.3691333675900523,1.0583490853595146,0.2703026943691057,0.2355815585446503
UGC05253,external_151,bulge_rich_hsb,28,1.1355293499888232e+20,3.68,248.0,6.78729058110306e-11,0.5075219525208543,0.5292627236607127,0.5031410781110642,0.37676365095302505,1.0660674911682675,0.273004880927168,0.23896271027315566
UGC05253,external_151,bulge_rich_hsb,29,1.1725574809667194e+20,3.8,248.0,6.762623036629296e-11,0.5031878526616103,0.5247470171357077,0.5010666136471378,0.38418122220691847,1.0733835406708476,0.27553278949775556,0.242143726007918
UGC05253,external_151,bulge_rich_hsb,30,1.2126712895261073e+20,3.93,248.0,6.735899863449384e-11,0.49849257781409595,0.519855001733619,0.4988192771445507,0.3916771293543562,1.0806680645221345,0.27830834466322285,0.2455437956233382
UGC05253,external_151,bulge_rich_hsb,31,1.252785098085495e+20,4.06,248.0,6.709176690269473e-11,0.49379730296658164,0.5149629863315301,0.4965719406419637,0.3986832909560928,1.0873854445195286,0.28112300924015415,0.24891044256504316
UGC05253,external_151,bulge_rich_hsb,32,1.2898132290633913e+20,4.18,248.0,6.684509145795708e-11,0.4894632031073376,0.5104472798065252,0.49449747617803724,0.40550162976570436,1.0937686439850571,0.2837564540757212,0.25207889280459705
UGC05253,external_151,bulge_rich_hsb,33,1.3299270376227791e+20,4.31,248.0,6.657785972615796e-11,0.4847679282598233,0.5055552644044364,0.4922501396754502,0.41239946154846185,1.100151709365967,0.2866482269833291,0.2554827323308675
UGC05253,external_151,bulge_rich_hsb,34,1.3700408461821672e+20,4.44,248.0,6.631062799435885e-11,0.48007265341230887,0.5006632490023476,0.4900028031728632,0.4188534321837253,1.1060624089580327,0.28958110736865084,0.2588683816337572
UGC05253,external_151,bulge_rich_hsb,35,1.4070689771600632e+20,4.56,248.0,6.606395254962121e-11,0.47573855355306494,0.4961475424773426,0.48792833870893676,0.4251407269151717,1.111690534067009,0.29232548022527133,0.2620549197510414
UGC05253,external_151,bulge_rich_hsb,36,1.4471827857194513e+20,4.69,248.0,6.579672081782209e-11,0.47104327870555057,0.4912555270752538,0.48568100220634974,0.43150767285513614,1.1173406965808699,0.2953394169490841,0.2654920164737302
UGC05253,external_151,bulge_rich_hsb,37,1.487296594278839e+20,4.82,248.0,6.552948908602297e-11,0.4663480038580362,0.48636351167316505,0.4834336657037627,0.43747070568307533,1.1225927531567468,0.2983965702259022,0.26892305550685724
UGC05253,external_151,bulge_rich_hsb,38,1.5243247252567356e+20,4.940000000000001,248.0,6.528281364128534e-11,0.46201390399879216,0.48184780514816,0.4813592012398362,0.4414376449817387,1.126222314386487,0.3012575623937486,0.2719735056878553
UGC05253,external_151,bulge_rich_hsb,39,1.539753113164192e+20,4.99,248.0,6.518003220597798e-11,0.46020802905744057,0.4799662607627413,0.48049484104653356,0.44442828691910763,1.1287196599051215,0.3024608405997336,0.2733838217024317
UGC05253,external_151,bulge_rich_hsb,40,1.564438533816123e+20,5.069999999999999,248.0,6.501558190948622e-11,0.45731862915127786,0.4769557897460713,0.47911186473724926,0.4491786592829735,1.1326489349652522,0.30439993872685195,0.27564607975785815
UGC05253,external_151,bulge_rich_hsb,41,1.6045523423755108e+20,5.2,248.0,6.474835017768711e-11,0.45262335430376355,0.4720637743439825,0.47686452823466224,0.45753245181514063,1.139382109093501,0.307587757147437,0.2794051195856682
UGC05253,external_151,bulge_rich_hsb,42,1.681694281912795e+20,5.45,247.0,6.423444300115034e-11,0.4435939795970052,0.46265605241688873,0.4725427272681487,0.46556428109472886,1.1463981316545042,0.3138488115641312,0.28600624923735923
UGC05253,external_151,bulge_rich_hsb,43,1.721808090472183e+20,5.58,247.0,6.396721126935123e-11,0.4388987047494909,0.45776403701479995,0.47029539076556176,0.47069563808800824,1.150651866648876,0.3171740385229568,0.2895894205282618
UGC05253,external_151,bulge_rich_hsb,44,1.7588362214500794e+20,5.7,247.0,6.372053582461358e-11,0.43456460489024684,0.45324833048979496,0.46822092630163525,0.4757074016886715,1.154718173087089,0.3202866148609008,0.2929601093489125
UGC05253,external_151,bulge_rich_hsb,45,1.7989500300094672e+20,5.830000000000001,247.0,6.345330409281447e-11,0.4298693300427325,0.4483563150877061,0.46597358979904824,0.49049490435153315,1.165189892809379,0.32370609644022286,0.29744164611620855
UGC05253,external_151,bulge_rich_hsb,46,1.9964333952249145e+20,6.47,247.0,6.180995673926214e-11,0.4125366364994196,0.4245596750527905,0.45505603945688183,0.5039797797281925,1.1778116746760516,0.3410659297948026,0.31506654619503716
UGC05253,external_151,bulge_rich_hsb,47,2.033461526202811e+20,6.590000000000001,246.0,6.139477794937165e-11,0.41117549308336376,0.42019158953737773,0.4530567716333464,0.507225969979068,1.1807493977848893,0.34438742935595196,0.3185209086471961
UGC05253,external_151,bulge_rich_hsb,48,2.0550612692732507e+20,6.660000000000001,246.0,6.115259032193551e-11,0.4103814927573312,0.4176435396533869,0.4518905320696174,0.5094170458179547,1.1826325676264142,0.3463453415395904,0.32057919378005284
UGC05253,external_151,bulge_rich_hsb,49,2.0735753347621985e+20,6.719999999999999,246.0,6.094500092699027e-11,0.40970092104930333,0.41545949689568057,0.45089089815784966,0.5125776022923131,1.185009566011896,0.34803562776397956,0.32245593860904026
UGC05253,external_151,bulge_rich_hsb,50,2.1136891433215862e+20,6.85,246.0,6.04952239046089e-11,0.4082263490152429,0.4107274042539834,0.4487250246823529,0.5166551907295004,1.1884570477758711,0.351736584671249,0.3263392366866655
UGC05253,external_151,bulge_rich_hsb,51,2.1507172742994828e+20,6.97,246.0,6.00800451147184e-11,0.4068652055991871,0.40635931873857056,0.4467257568588175,0.5206474036377422,1.1917412329270731,0.35520045080980195,0.32998644237036384
UGC05253,external_151,bulge_rich_hsb,52,2.1908310828588705e+20,7.1,246.0,5.963026809233704e-11,0.40539063356512667,0.4016272260968734,0.44455988338332075,0.5247103177157796,1.1951106043925148,0.35900538632226364,0.3339670014962679
UGC05253,external_151,bulge_rich_hsb,53,2.2309448914182586e+20,7.23,246.0,5.918049106995566e-11,0.40391606153106624,0.3968951334551762,0.44239400990782396,0.5428049404842822,1.206262779634299,0.3628657297172521,0.3390218805120552
UGC05253,external_151,bulge_rich_hsb,54,2.5672837478008177e+20,8.32,246.0,5.540928372845033e-11,0.3915523421685595,0.35721835669017665,0.4242339938440437,0.5778013993635869,1.2325541208696922,0.3975444946591084,0.37501938919189093
UGC05253,external_151,bulge_rich_hsb,55,3.085677581491367e+20,9.999999999999998,245.0,4.959678066998341e-11,0.3724963343437785,0.2960651594743976,0.39624424431454747,0.6108472059649674,1.260186058533351,0.4601633898625955,0.4381432946840201
UGC05253,external_151,bulge_rich_hsb,56,3.582471672111477e+20,11.61,245.0,4.402646523895259e-11,0.35423432684503003,0.23746001214260934,0.3694207343487802,0.6377625609238481,1.2830264048304545,0.5327007630693622,0.5107956751225765
UGC05253,external_151,bulge_rich_hsb,57,4.119379571290975e+20,13.35,246.0,3.8910661693505374e-11,0.3287685731888108,0.19119549470872427,0.3402779402027814,0.6595794748320941,1.299725640666018,0.6058417352121752,0.5837192778508664
UGC05253,external_151,bulge_rich_hsb,58,4.6223450170740684e+20,14.980000000000002,245.0,3.495223626289433e-11,0.29962908895406604,0.16360077703989223,0.31283602616216855,0.6768866258052619,1.3100481311472527,0.6614622072037081,0.6391030390751968
UGC05253,external_151,bulge_rich_hsb,59,5.12531046285716e+20,16.61,245.0,3.099381083228329e-11,0.2704896047193214,0.13600605937106025,0.2853941121215558,0.6916278943160228,1.319240352786827,0.7203815388347568,0.6977084626794371
UGC05253,external_151,bulge_rich_hsb,60,5.659132684455167e+20,18.34,245.0,2.679253721574519e-11,0.23956242206526715,0.1067184142378827,0.2562686450723164,0.7037637012541236,1.3276784064491616,0.7852462690488258,0.7621538384899229
UGC05253,external_151,bulge_rich_hsb,61,6.16209813023826e+20,19.97,245.0,2.377919291185176e-11,0.21493035460124044,0.09005276009279051,0.23216905886015418,0.713668593383773,1.332984548065267,0.8270787942262562,0.8038013189632156
UGC05253,external_151,bulge_rich_hsb,62,6.665063576021353e+20,21.6,245.0,2.104316601437994e-11,0.19162090917798827,0.0765940470931077,0.20905021986491695,0.7222860121306215,1.3372344924594455,0.8619797774716587,0.8385754769052876
UGC05253,external_151,bulge_rich_hsb,63,7.198885797619359e+20,23.33,244.0,1.8139284706020278e-11,0.16688143642815628,0.062309646179333954,0.18451304718899036,0.733049339779399,1.3421665961045703,0.896885579022435,0.8735467071591277
UGC05253,external_151,bulge_rich_hsb,64,8.23875914258195e+20,26.7,243.0,1.3596603047650296e-11,0.12718353118051162,0.042245648432493704,0.1439853629570152,0.7431334020212602,1.347324583684977,0.9426602842130789,0.919220029882816
UGC05253,external_151,bulge_rich_hsb,65,9.241604356566644e+20,29.95,239.0,1.0205946817685956e-11,0.09644970678632556,0.02979561744800706,0.11136339680231905,0.7504251142897819,1.3505126801008083,0.967884234740438,0.9444958057922742
UGC05253,external_151,bulge_rich_hsb,66,1.0281477701529236e+21,33.32,231.0,7.613545610166638e-12,0.0729479160490433,0.02126583197048207,0.08573829146684692,0.755849724515285,1.352695002784507,0.9820935270256459,0.9588277680879226
UGC05253,external_151,bulge_rich_hsb,67,1.1318265368910335e+21,36.68,219.0,5.560050098423243e-12,0.054328871651892416,0.015280914329843782,0.06490705417718454,0.7597384909290261,1.3541480601511775,0.990179017009827,0.9670320118656659
UGC05253,external_151,bulge_rich_hsb,68,1.232419626047652e+21,39.94,210.0,4.235422795681944e-12,0.0424415828019011,0.01180945735258616,0.051334338497861585,0.7627274380319163,1.355139958299307,0.9939742232950297,0.9709499527234429
UGC05253,external_151,bulge_rich_hsb,69,1.3360983927857619e+21,43.3,210.0,3.0721133269945774e-12,0.0320579708489578,0.008937798154038664,0.03935299921126682,0.7650057760536693,1.355881545426808,0.9964950363422981,0.9735702413672408
UGC05253,external_151,bulge_rich_hsb,70,1.440085727282021e+21,46.67,212.0,2.3675538301970087e-12,0.025791400865484513,0.0073194015695958944,0.03200887514878469,0.7667973699868461,1.3564173945135363,0.9976626180442212,0.9748248327115617
UGC05253,external_151,bulge_rich_hsb,71,1.5403702486804904e+21,49.919999999999995,213.0,1.743096292472304e-12,0.020240827989636136,0.0059076870649668765,0.025481959259049454,0.7682042281337332,1.3568383646263178,0.9984968683948704,0.9757293223682028
UGC05253,external_151,bulge_rich_hsb,72,1.6443575831767495e+21,53.29,218.0,1.3821287965276543e-12,0.016953140462585295,0.0050874032696045105,0.021551817290595996,0.769402140708435,1.357182084405153,0.9989047729799141,0.976200770160184
UGC05414,external_151,low_mass_dwarf,0,2.09826075541413e+19,0.68,20.5,1.3624173847916689e-11,0.4446677604225806,0.5160953256865575,0.48675854511948796,0.09390465463235988,0.5867986108337104,0.28472684498320516,0.15765268801004256
UGC05414,external_151,low_mass_dwarf,1,4.227378286643173e+19,1.37,34.6,1.2559389055356099e-11,0.3547948978985024,0.4290058724671318,0.4377521130139287,0.16399409796296183,0.7528034838619526,0.34746565670006935,0.2375578763373729
UGC05414,external_151,low_mass_dwarf,2,6.325639042057302e+19,2.05,46.0,1.115130111039678e-11,0.33730259119622275,0.30954774796870244,0.3911344192736313,0.21803979785610159,0.8986119685273244,0.4523356332890566,0.3539360509282144
UGC05414,external_151,low_mass_dwarf,3,8.454756573286346e+19,2.74,51.8,9.974322120736167e-12,0.3093091127866706,0.2335145194934759,0.35041999137610313,0.2608499948047155,0.988760658054648,0.5499698300360749,0.4594147249601489
UGC05414,external_151,low_mass_dwarf,4,1.0553017328700475e+20,3.42,56.8,8.930992682322434e-12,0.27736572489245265,0.1794354849077623,0.3134969292120371,0.2953622166115997,1.048613569978563,0.639989868662374,0.5547000474487339
UGC05414,external_151,low_mass_dwarf,5,1.268213485992952e+20,4.11,61.4,8.013592040032882e-12,0.24983219560891584,0.14807019833712076,0.2838600527563569,0.3241444014300304,1.0888315992201039,0.7040705839534541,0.6238670459939162
UGC05716,external_151,low_mass_dwarf,0,3.178247908936108e+19,1.03,39.15,9.669647014871553e-12,0.36254590720269686,0.27034458679018186,0.376421281537741,0.10777819061002503,0.6713426966220853,0.4956298929129257,0.3083005587604072
UGC05716,external_151,low_mass_dwarf,1,6.387352593687129e+19,2.07,49.15,7.951821323731975e-12,0.24437608443022624,0.1719963858062828,0.2927917843193445,0.17617770700458818,0.8376848662977402,0.6650743514330754,0.4942139971976605
UGC05716,external_151,low_mass_dwarf,2,9.534743726808325e+19,3.09,55.05,5.875937861323367e-12,0.20958246825020233,0.11752873666499414,0.2443524736249697,0.22571571024762846,0.9503462026559112,0.7768894800305217,0.6320903608733693
UGC05716,external_151,low_mass_dwarf,3,1.2743848411559346e+20,4.13,59.35,4.412549896510856e-12,0.17853539020052292,0.08294515073839011,0.20680459218208877,0.2633853834857073,1.018903292623815,0.8535814368383957,0.726853214327948
UGC05716,external_151,low_mass_dwarf,4,1.5922096320495455e+20,5.16,63.85,3.6410472782674015e-12,0.15238250165922448,0.07043571480573607,0.18190519330653893,0.29361400918330094,1.060881528159024,0.8864256316871112,0.7736599681102722
UGC05716,external_151,low_mass_dwarf,5,1.9131201005246477e+20,6.2,68.2,3.1465369244719307e-12,0.13539368080375305,0.06194012191980838,0.16462610638036088,0.31890912887104134,1.0926076752729545,0.9074660408185478,0.8056754935488435
UGC05716,external_151,low_mass_dwarf,6,2.2309448914182586e+20,7.23,71.7,2.7571597710592556e-12,0.12189130209279021,0.05498533573133775,0.15028725187053238,0.3403684697724559,1.117204024983356,0.923671525961955,0.8302687235464801
UGC05716,external_151,low_mass_dwarf,7,2.5487696823118692e+20,8.26,73.5,2.507727082647429e-12,0.1121237237827366,0.049842806176235606,0.13928351207152795,0.35899520763964166,1.1369514963450063,0.935083850609916,0.8484541645146326
UGC05716,external_151,low_mass_dwarf,8,2.8635087956239886e+20,9.28,73.15,2.27556364736365e-12,0.10286114888878317,0.044979763538604875,0.12876529942092288,0.3755358181825501,1.153339641910331,0.9452525533302384,0.8640771464879867
UGC05716,external_151,low_mass_dwarf,9,3.1905906192620736e+20,10.34,72.5,2.081759159172832e-12,0.0945532483195985,0.040677815540710954,0.11905716050738321,0.39036073931952336,1.1671636840961515,0.9538072556400546,0.8771595928360687
UGC05716,external_151,low_mass_dwarf,10,3.517672442900159e+20,11.4,73.0,1.904126903457674e-12,0.08678791599065576,0.03673249337346959,0.10989005359958146,0.4028893444537275,1.1782709669232727,0.9612007873981012,0.888097621785784
UGC05716,external_151,low_mass_dwarf,11,3.816983168304821e+20,12.37,74.7,1.756175124108886e-12,0.08017167458015392,0.033444073517125084,0.1019896694649278,0.4135784945058363,1.1873363592801822,0.967015581972175,0.8967867586938657
UGC05721,calibration_24,bulge_rich_hsb,0,2.7771098233422305e+18,0.09000000000000001,16.5,5.717478305570226e-11,0.8988140431981889,1.2276511518058164,0.674907559868677,0.03613143094825941,0.46428558533150066,0.10769467196071689,0.04822396475560779
UGC05721,calibration_24,bulge_rich_hsb,1,8.331329470026692e+18,0.27,38.5,5.384535017313676e-11,0.8411782919538794,1.0951890087700162,0.6455487606825872,0.06832967467872855,0.538326281073867,0.12391605863206727,0.06353172719326099
UGC05721,calibration_24,bulge_rich_hsb,2,1.3885549116711152e+19,0.45,47.4,5.0515917290571255e-11,0.78354254070957,0.9627268657342158,0.6161899614964973,0.09711893311068802,0.6081043916608448,0.14425380191732287,0.08241402908206429
UGC05721,calibration_24,bulge_rich_hsb,3,1.9439768763395613e+19,0.63,55.5,4.7186484408005745e-11,0.7259067894652604,0.8302647226984154,0.5868311623104074,0.12292971505609573,0.6744987944193044,0.17029241577937096,0.10634862579978993
UGC05721,calibration_24,bulge_rich_hsb,4,2.4993988410080076e+19,0.81,56.4,4.3857051525440235e-11,0.6682710382209509,0.6978025796626152,0.5574723631243176,0.14611852085239369,0.7383067137213685,0.2044966134244122,0.13763368636854184
UGC05721,calibration_24,bulge_rich_hsb,5,3.0548208056764535e+19,0.99,59.8,4.052761864287474e-11,0.6106352869766414,0.5653404366268149,0.5281135639382277,0.1669827320476856,0.8002470221579709,0.2509007633307271,0.18002836581672427
UGC05721,calibration_24,bulge_rich_hsb,6,3.6102427703448994e+19,1.17,67.8,3.712743152117755e-11,0.5597672277087873,0.4432426858286481,0.5003986980330064,0.18583254155076293,0.8595146869604708,0.3107538904939549,0.23540410107515178
UGC05721,calibration_24,bulge_rich_hsb,7,4.165664735013346e+19,1.35,76.4,3.323857727127182e-11,0.5556405176988826,0.3927270459053538,0.4840377264694842,0.2032717284029188,0.9055688944878171,0.3447150112906563,0.2712136444324314
UGC05721,calibration_24,bulge_rich_hsb,8,4.721086699681792e+19,1.53,81.2,2.93497230213661e-11,0.551513807688978,0.3422114059820594,0.46767675490596206,0.21942621006163676,0.9477610312285554,0.384549833893517,0.31229718737285506
UGC05721,calibration_24,bulge_rich_hsb,9,5.2765086643502375e+19,1.71,82.2,2.546086877146037e-11,0.5473870976790732,0.2916957660587651,0.4513157833424399,0.23440634962545379,0.9866496668453263,0.4316915039112218,0.36010971213590104
UGC05721,calibration_24,bulge_rich_hsb,10,5.831930629018684e+19,1.89,82.6,2.1572014521554646e-11,0.5432603876691685,0.24118012613547074,0.4349548117789177,0.24830922825561902,1.0227052623686212,0.48803709712668614,0.41654978642687696
UGC05721,calibration_24,bulge_rich_hsb,11,6.387352593687129e+19,2.07,82.3,1.7683160271648923e-11,0.5391336776592639,0.1906644862121764,0.4185938402153956,0.2612205267708392,1.0563239853421977,0.5561395655108379,0.4841486842959657
UGC05721,calibration_24,bulge_rich_hsb,12,6.942774558355576e+19,2.25,82.1,1.3794306021743195e-11,0.5350069676493592,0.14014884628888208,0.4022328686518734,0.28099904020122796,1.0965266026323044,0.6394987456128692,0.5689150101452634
UGC05721,calibration_24,bulge_rich_hsb,13,8.23875914258195e+19,2.6699999999999995,81.4,1.1308098357806927e-11,0.45592719206506704,0.13708329995750607,0.3697381782970124,0.30659513503727037,1.1108727066969801,0.6636363720289579,0.5946755299259702
UGC05721,calibration_24,bulge_rich_hsb,14,9.719884381697806e+19,3.15,79.3,9.358242047386105e-12,0.35615154295875373,0.14911626169140532,0.33337018587633427,0.329087139525359,1.112732009234649,0.6679539659084897,0.5990946990031636
UGC05721,calibration_24,bulge_rich_hsb,15,1.1139296069183835e+20,3.61,78.5,7.932146868294124e-12,0.2884529102327543,0.15367742909260673,0.3063881817027597,0.34750445111349315,1.1183546256763006,0.6798792215874465,0.611471381129972
UGC05721,calibration_24,bulge_rich_hsb,16,1.2466137429225123e+20,4.04,78.2,7.316029030506622e-12,0.2704052089653913,0.14664757590458474,0.2939179961861698,0.36406295438386105,1.1338072112487392,0.6988004868905123,0.6331342154934807
UGC05721,calibration_24,bulge_rich_hsb,17,1.3854692340896239e+20,4.49,78.1,6.671254549101095e-12,0.25151807973210427,0.1392907528008408,0.2808678020409014,0.3792865689397317,1.1472733430563158,0.7187920910211388,0.6552844690198583
UGC05721,calibration_24,bulge_rich_hsb,18,1.521239047675244e+20,4.930000000000001,78.2,6.251952557865515e-12,0.23880934272536078,0.1314443753190561,0.27000425516673776,0.39324968406180827,1.1601041481782093,0.7380589044622516,0.6766853906252451
UGC05721,calibration_24,bulge_rich_hsb,19,1.6600945388423555e+20,5.38,78.3,5.885761929288047e-12,0.22752022003304384,0.12322593138222909,0.25945649386835584,0.40665223193957045,1.1722433147938227,0.757737820990443,0.698348992686484
UGC05721,calibration_24,bulge_rich_hsb,20,1.8082070627539413e+20,5.86,78.6,5.520184560567881e-12,0.21595491382995516,0.11472449127757121,0.24842715049876152,0.4185531765057154,1.1827849935122052,0.7782060079218466,0.720356740200801
UGC05721,calibration_24,bulge_rich_hsb,21,1.9378055211765786e+20,6.28,78.9,5.263288533481674e-12,0.20703431391514251,0.10795241918187345,0.23933419249362875,0.42933517036407,1.1919221075308344,0.7946806930639546,0.7383232273799828
UGC05721,calibration_24,bulge_rich_hsb,22,2.0797466899251816e+20,6.74,79.5,4.981926218101542e-12,0.19726413305606197,0.1005353878389664,0.22937523848800717,0.4397444855188353,1.2005941012547605,0.8126095644997392,0.7575586783815518
UGC05750,external_151,low_mass_dwarf,0,9.565600502623238e+18,0.31,3.1,4.293181717632852e-12,0.1260412846840761,0.053213898384545995,0.15174688511973705,0.051517822030641515,0.3918013912597327,0.9252829971054922,0.3533229399806466
UGC05750,external_151,low_mass_dwarf,1,4.535946044792309e+19,1.47,15.7,4.110814379728376e-12,0.10258315739652762,0.05030027624074432,0.1319220544220898,0.09032787975435962,0.5504191424649478,0.9377721082363453,0.4904965549418012
UGC05750,external_151,low_mass_dwarf,2,7.775907505358245e+19,2.52,28.0,3.9457404962803594e-12,0.08134950769659148,0.04766294585195831,0.11397716456646083,0.1168860337765979,0.6416160126989878,0.9484742553659871,0.567653170829769
UGC05750,external_151,low_mass_dwarf,3,1.033701989799608e+20,3.35,36.0,3.76989439799079e-12,0.07114954844917995,0.04335914321381802,0.10257813237137027,0.1358479364896311,0.7041500347278065,0.9574169662425523,0.6198185815307132
UGC05750,external_151,low_mass_dwarf,4,1.2620421308299692e+20,4.09,43.6,3.5853512384469095e-12,0.06608618207681949,0.03816371482036722,0.09412045971120742,0.15149972895524327,0.7540763783211998,0.9653256346500215,0.6608771131518043
UGC05750,external_151,low_mass_dwarf,5,1.487296594278839e+20,4.82,49.8,3.4033019053833517e-12,0.06109123957435579,0.033038494918719796,0.08577707992483055,0.17475911517186424,0.8211359593660001,0.9724415356993855,0.7117497330150167
UGC05750,external_151,low_mass_dwarf,6,2.0365472037843023e+20,6.6,61.5,3.0283467199217365e-12,0.050515510870822816,0.024067157468123532,0.0693139885336037,0.19632059665410345,0.8758813236706731,0.9835918130766645,0.755504868008514
UGC05750,external_151,low_mass_dwarf,7,2.4253425790522147e+20,7.86,68.1,2.81236755400458e-12,0.04417928869640379,0.02024486107245336,0.060443288487806716,0.21301249552778542,0.9136170224556438,0.987911265943861,0.7821476281085177
UGC05750,external_151,low_mass_dwarf,8,2.9097939593463592e+20,9.43,73.4,2.569550358767826e-12,0.037867561539612286,0.016623716328916804,0.051640413972915925,0.2302430765154295,0.949232726204214,0.9914885114198277,0.8060493792303405
UGC05750,external_151,low_mass_dwarf,9,3.5269294756446326e+20,11.43,77.6,2.2881467078929705e-12,0.03150796021869423,0.0132225777860219,0.04281529520190921,0.27941432508131253,1.0353742508832473,0.99437058401987,0.8552117628976746
UGC05750,external_151,low_mass_dwarf,10,7.050773273707774e+20,22.85,78.9,1.368775518742857e-12,0.014745352712099336,0.005659831617368702,0.01999707605256162,0.3142355267127371,1.0840230689058705,0.998869478691986,0.8828476432875512
UGC05764,calibration_24,low_mass_dwarf,0,1.1108439293368922e+19,0.36000000000000004,21.45,4.638417069010044e-12,0.35844275343617116,0.3719093079368999,0.42153970623168846,0.045917343963192296,0.4328631109509391,0.38944671009568643,0.1633618190352946
UGC05764,calibration_24,low_mass_dwarf,1,2.252544634488698e+19,0.73,31.3,4.785880099008303e-12,0.3083619053757954,0.3570619293804342,0.3991863454451587,0.08515929295937327,0.5431677142471834,0.41231290576899493,0.2131040835077519
UGC05764,calibration_24,low_mass_dwarf,2,3.3633885638255903e+19,1.09,41.7,4.9959614307214084e-12,0.3034212002847601,0.303376203646041,0.37732603337612003,0.1189438990617104,0.6626414678368042,0.46626189638471893,0.28684499457369744
UGC05764,calibration_24,low_mass_dwarf,3,4.474232493162482e+19,1.45,48.35,5.1264084913814304e-12,0.2936023355005115,0.26216248973201645,0.35681520508535003,0.1486739652842797,0.7541492110182137,0.5166795458755434,0.3537543725680745
UGC05764,calibration_24,low_mass_dwarf,4,5.585076422499375e+19,1.81,50.6,5.21581437780952e-12,0.28171326950279996,0.2264979658982337,0.3369231939618506,0.17496174789270524,0.8264175736106045,0.5671750241970124,0.4171623055661474
UGC05764,calibration_24,low_mass_dwarf,5,6.6959203518362665e+19,2.17,54.05,5.1443692167749495e-12,0.26857540391671414,0.19899472425481018,0.3182707303118632,0.1986607791859227,0.8834254787729727,0.6122416635110164,0.47321192889732444
UGC05764,calibration_24,low_mass_dwarf,6,7.837621056988073e+19,2.54,55.8,5.034163366914273e-12,0.25456931111658077,0.1735180035749596,0.2995380511635562,0.21975402179042655,0.929864100234952,0.6580019018342578,0.5274139810871019
UGC05764,calibration_24,low_mass_dwarf,7,8.948464986324964e+19,2.9,54.55,4.874580581339835e-12,0.2402252688114831,0.15270247556837233,0.2819350792535018,0.2383654765865932,0.9667671291351504,0.6990455987335639,0.5753521822081065
UGC05764,calibration_24,low_mass_dwarf,8,1.0059308915661857e+20,3.26,50.0,4.683729012393939e-12,0.22582360315186073,0.13541475957971902,0.2651205529292887,0.2550746820514827,0.9968914792358304,0.7358284809723974,0.6179394729405822
UGC05764,calibration_24,low_mass_dwarf,9,1.117015284499875e+20,3.62,49.9,4.4813207316665185e-12,0.21145718895807333,0.1195843433839908,0.24866100571659439,0.27009366756112213,1.0222401451145713,0.7707962974590367,0.657703753265269
UGC05829,external_151,low_mass_dwarf,0,1.9439768763395613e+19,0.63,14.8,4.934976530625313e-12,0.2739060361562209,0.18857044841902848,0.31510484610415934,0.05771997844823017,0.48095486178892366,0.6272759841528179,0.29019413080281414
UGC05829,external_151,low_mass_dwarf,1,3.8879537526791225e+19,1.26,27.2,4.876419224867655e-12,0.22577557925384623,0.1810229496729271,0.28890420543098744,0.10472259483177698,0.6261247538123943,0.6566061841828098,0.38477715736191864
UGC05829,external_151,low_mass_dwarf,2,5.80107385320377e+19,1.88,34.1,4.79635600211757e-12,0.20937444325709967,0.15823961302220713,0.2681946532140237,0.1446475061388692,0.7491893634539414,0.7020548253306931,0.4781312110155447
UGC05829,external_151,low_mass_dwarf,3,7.775907505358245e+19,2.52,38.8,4.7103000510276025e-12,0.19715078209279385,0.1323873664363344,0.24758845118821163,0.17846883347045453,0.8418201246653949,0.7531391800550845,0.5617339421925206
UGC05829,external_151,low_mass_dwarf,4,9.689027605882893e+19,3.14,42.8,4.616986904476779e-12,0.18454813908643786,0.11530301666320547,0.23032099408741546,0.20739204794766125,0.9080391335435442,0.7901596337294552,0.6228818509284407
UGC05829,external_151,low_mass_dwarf,5,1.1633004482222454e+20,3.77,47.9,4.5186784305847864e-12,0.17147519752098211,0.10073633736312498,0.2137206541306626,0.23266077778635444,0.9585611677190794,0.8228459158581161,0.6733887270908456
UGC05829,external_151,low_mass_dwarf,6,1.3576981358562016e+20,4.4,51.9,4.38363551121354e-12,0.15968271217424584,0.08900147127260484,0.1989483011590621,0.2547767048697009,0.9979355989029696,0.8495693721135126,0.7139388433016293
UGC05829,external_151,low_mass_dwarf,7,1.5520958234901578e+20,5.03,57.6,4.224629105924186e-12,0.14872552443893988,0.07911392083050883,0.18536842407230705,0.27411510325396776,1.0291214484646027,0.8721040044659534,0.7472591448254948
UGC05829,external_151,low_mass_dwarf,8,1.7434078335426226e+20,5.65,60.7,4.060681486637517e-12,0.13866641273188307,0.07074759990142702,0.1730352011392778,0.2914166239378499,1.054704622376905,0.8909334808166686,0.7748934053158507
UGC05829,external_151,low_mass_dwarf,9,1.94089119875807e+20,6.29,65.6,3.882772543910429e-12,0.12912410550975165,0.06369636977063552,0.16150202460691765,0.30683701502225974,1.075734815280107,0.9067244187123795,0.7978626209901071
UGC05829,external_151,low_mass_dwarf,10,2.1322032088105347e+20,6.91,68.6,3.7110863352741644e-12,0.12034830577356866,0.057467876720843004,0.15090620887335995,0.32043626329332,1.0931569659796438,0.9201980389918158,0.8172118157671224
UGC05918,external_151,low_mass_dwarf,0,1.7279794456351658e+19,0.56,16.9,2.9983417304446843e-12,0.20412130431095538,0.12901949219310882,0.2488621015982973,0.04052344566864144,0.3771837057495378,0.7569560744857267,0.278789654100578
UGC05918,external_151,low_mass_dwarf,1,3.425102115455418e+19,1.11,27.4,2.9270558202165897e-12,0.16154660536747578,0.12015811149512837,0.21956528063055128,0.07393398668477554,0.4953165090602112,0.7912484786783761,0.3760884295603542
UGC05918,external_151,low_mass_dwarf,2,5.153081561090583e+19,1.67,33.5,2.8177824137759163e-12,0.14677255361562686,0.09634865223206353,0.1950258720412907,0.10196044455243757,0.6052514857804935,0.8418183011469537,0.4789684377306083
UGC05918,external_151,low_mass_dwarf,3,6.881061006725748e+19,2.23,36.4,2.7042463588091874e-12,0.13211363923784789,0.07674903535817168,0.1725312614258617,0.12537698522845822,0.6876175341708151,0.8830676450904987,0.5604811888567653
UGC05918,external_151,low_mass_dwarf,4,8.609040452360915e+19,2.79,39.8,2.5841955355379874e-12,0.11763069369978588,0.06358348115591692,0.15316179353508785,0.1449918415637751,0.7483621487841756,0.9112567176762019,0.620055018680471
UGC05918,external_151,low_mass_dwarf,5,1.0306163122181166e+20,3.34,41.2,2.4472920009599876e-12,0.10520773212327603,0.0533795736570401,0.1366980173429339,0.16176980728031545,0.7959402006735524,0.9319935327355245,0.6659296010945162
UGC05918,external_151,low_mass_dwarf,6,1.2034142567816331e+20,3.9,42.6,2.2947322538570296e-12,0.09380747796786444,0.04487999674723319,0.12170918375638712,0.17629089301458636,0.8339264346164688,0.9482060663516775,0.7022182116089747
UGC05918,external_151,low_mass_dwarf,7,1.3762122013451497e+20,4.46,44.5,2.1444991738876678e-12,0.08424954894561305,0.03868187494415856,0.10935296268494245,0.18891524893285766,0.8645875382514997,0.959416880597678,0.7299508999054822
UGC05986,external_151,low_mass_dwarf,0,1.9439768763395613e+19,0.63,29.5,3.4316038130756606e-11,0.6006947970171033,0.6581703632369059,0.5432212795988849,0.09551453407533109,0.6159935395200931,0.21856387725979348,0.126279593245305
UGC05986,external_151,low_mass_dwarf,1,3.8879537526791225e+19,1.26,50.8,3.186223158575453e-11,0.5234678797779174,0.545720401182576,0.4948488613353445,0.16738477161541584,0.7795599639902688,0.27023439546183414,0.18996573352559895
UGC05986,external_151,low_mass_dwarf,2,5.80107385320377e+19,1.88,68.2,2.944737435099059e-11,0.44746678662189326,0.4350553591608547,0.4472442592347175,0.2231731712405438,0.894061654713455,0.33947095480522504,0.26465895178830257
UGC05986,external_151,low_mass_dwarf,3,7.745050729543331e+19,2.51,84.3,2.6993567805988516e-11,0.3702398693827074,0.3226053971065249,0.3988718409711771,0.26697639902033743,0.9800349089064635,0.4372957116896299,0.3631814417004603
UGC05986,external_151,low_mass_dwarf,4,9.658170830067979e+19,3.13,95.3,2.4183051442500418e-11,0.32078959597816564,0.24621245678278716,0.3589597336611714,0.30264676823351994,1.0427842106225238,0.5308409067114347,0.45854584640193563
UGC05986,external_151,low_mass_dwarf,5,1.1633004482222454e+20,3.77,106.0,2.0889930651683722e-11,0.2960455740993011,0.20130540381994785,0.325380376390191,0.33210738997183414,1.0874372895936073,0.6042265840575719,0.5350056544052457
UGC05986,external_151,low_mass_dwarf,6,1.35461245827471e+20,4.39,112.0,1.769971988558005e-11,0.27207480290415104,0.1578016962621973,0.2928503740339288,0.3563851729158089,1.1230010795930565,0.6839370540644025,0.6165035309984989
UGC05986,external_151,low_mass_dwarf,7,1.5490101459086662e+20,5.02,115.0,1.445805410711986e-11,0.24771740636714368,0.11359631600190234,0.2597956942203074,0.3766472048408072,1.152869364626721,0.7721302145447692,0.7056747278679342
UGC05986,external_151,low_mass_dwarf,8,1.7434078335426226e+20,5.65,116.0,1.1293496996647464e-11,0.22345789012845563,0.07077697886846054,0.2272811248883392,0.3933551443866214,1.1778926028858128,0.861428305146642,0.7957885019938347
UGC05986,external_151,low_mass_dwarf,9,1.9378055211765786e+20,6.28,116.0,1.0185651460354183e-11,0.2018091250243785,0.06492742756716019,0.2091728669081299,0.40784636050347967,1.1885427124347436,0.8804285096148384,0.8168847849052255
UGC05986,external_151,low_mass_dwarf,10,2.1291175312290434e+20,6.9,116.0,9.095390773843334e-12,0.1805039911124296,0.05917072628651539,0.19135204159427308,0.4206087078820544,1.1974806923879198,0.8982914913559126,0.8364200825490511
UGC05986,external_151,low_mass_dwarf,11,2.3266008964444907e+20,7.54,114.0,7.969960387767622e-12,0.1585115948162243,0.05322832496455948,0.17295635094771122,0.43167985502536255,1.2048661047763656,0.9156991196081576,0.8550718850108726
UGC05986,external_151,low_mass_dwarf,12,2.5179129064969555e+20,8.16,112.0,6.8796997012567726e-12,0.13720646090427535,0.04747162368391468,0.15513552563385444,0.44118164737799265,1.2109679325336646,0.9314062574498575,0.87175645069757
UGC05986,external_151,low_mass_dwarf,13,2.7123105941309116e+20,8.79,109.0,6.124342100910727e-12,0.12328853011715507,0.04371856440386819,0.14297330123063096,0.4496614569219616,1.2164621221414758,0.9411712666606574,0.8827035476143383
UGC05986,external_151,low_mass_dwarf,14,2.9036226041833764e+20,9.41,107.0,5.660010631554203e-12,0.11571139815500037,0.041684701483938665,0.13571112420643702,0.45741421134111016,1.2215272710963718,0.9464581282796242,0.8893139215360887
UGC05999,external_151,low_mass_dwarf,0,1.0738157983589958e+20,3.48,46.2,9.424457815529745e-12,0.19681002808960607,0.14071951559377957,0.2510799754188257,0.21139635762955217,0.909273347252662,0.7389243414664954,0.5830538314407306
UGC05999,external_151,low_mass_dwarf,1,2.141460241555009e+20,6.940000000000001,81.1,7.169218559452467e-12,0.14097029547391182,0.07259580300074404,0.17536056727912383,0.3131056605533083,1.0825855536647664,0.887071840922481,0.7834383445617742
UGC05999,external_151,low_mass_dwarf,2,3.215276039914005e+20,10.420000000000002,91.2,5.528303878071288e-12,0.10035400960269493,0.04457886813907286,0.12657944503379048,0.37168394344948424,1.1494160852699034,0.9465863260182128,0.8637839359447729
UGC05999,external_151,low_mass_dwarf,3,4.2860061606915093e+20,13.89,97.7,4.3835845428776575e-12,0.07643823764273311,0.031908071526373136,0.09768137043368995,0.40439515767579093,1.1797317299649535,0.9697738542653369,0.8965596021807779
UGC05999,external_151,low_mass_dwarf,4,5.004969037178997e+20,16.22,100.0,3.782801536933729e-12,0.0646213076684168,0.026193544553844615,0.0832184115693843,0.4248895646484683,1.1967009523600451,0.9786671584062161,0.9109811486317372
UGC06399,external_151,low_mass_dwarf,0,2.6845394958974894e+19,0.87,24.8,1.2634972166543713e-11,0.36659829046947756,0.32315613715192887,0.404599636490589,0.09797471272905281,0.6249055564558493,0.4333715967115609,0.25353134624421275
UGC06399,external_151,low_mass_dwarf,1,5.369078991794979e+19,1.74,46.2,1.1614823612701888e-11,0.2770258950207843,0.2699043876656716,0.3522025254444655,0.1688598580994904,0.7933198521780928,0.5126601239080808,0.36536570126132334
UGC06399,external_151,low_mass_dwarf,2,8.053618487692468e+19,2.61,60.5,1.0169200383812684e-11,0.25023639913986695,0.18962596056840403,0.3034337728066245,0.22212937565193264,0.9263391581491498,0.6347637751701779,0.5074466648124449
UGC06399,external_151,low_mass_dwarf,3,1.0799871535219786e+20,3.5000000000000004,69.6,8.881156967949514e-12,0.21871912255111778,0.133245685312418,0.2589912917811587,0.2624755334093277,1.007295486207359,0.7434420668796797,0.6284987303042511
UGC06399,external_151,low_mass_dwarf,4,1.3484411031117275e+20,4.37,77.5,7.764745738629526e-12,0.18483524578348393,0.09738317172829117,0.21962101482726684,0.29320897187819756,1.0569103754079232,0.8238087924494446,0.717406381914259
UGC06399,external_151,low_mass_dwarf,5,1.6168950527014765e+20,5.24,82.9,6.8021271952612214e-12,0.15800573124653672,0.07596400387924299,0.1888187961561363,0.3176550954661053,1.0902413231773393,0.8745583236182445,0.775504533484794
UGC06399,external_151,low_mass_dwarf,6,1.8853490022912256e+20,6.110000000000001,84.1,5.895113159119026e-12,0.13330908489060955,0.05811881707305225,0.16056018826841,0.33715025148497013,1.1145915860157143,0.9146489128084073,0.8211086266814551
UGC06399,external_151,low_mass_dwarf,7,2.1538029518809743e+20,6.98,85.6,5.1791767822411075e-12,0.11472853453602483,0.04776789616842831,0.13943252136049622,0.3531982242285657,1.132232656282551,0.937555097158147,0.8488272446077194
UGC06399,external_151,low_mass_dwarf,8,2.422256901470723e+20,7.85,87.6,4.539057670279701e-12,0.09845807055368365,0.03917892727690292,0.12084854901661711,0.3664915861548621,1.1460091519877735,0.9547932464892512,0.869937395069754
UGC06446,external_151,ordinary_disk,0,1.7896929972649929e+19,0.58,31.3,1.4279192403133592e-11,0.48797504884765436,0.455548152715321,0.4781240523766707,0.07882454759542679,0.5834976883037115,0.3146548658353342,0.17335792285784643
UGC06446,external_151,ordinary_disk,1,3.5793859945299857e+19,1.16,54.8,1.3291056103602645e-11,0.4081121704701077,0.38042545547113693,0.43277696699692414,0.14017201125410303,0.7355145996889378,0.37787271860207117,0.25354080935440426
UGC06446,external_151,ordinary_disk,2,5.369078991794979e+19,1.74,61.1,1.2302919804071699e-11,0.32824929209256104,0.30530275822695285,0.3874298816171775,0.188943097435969,0.8419309933668068,0.458120016190121,0.3417257372527
UGC06446,external_151,ordinary_disk,3,7.1896287648748855e+19,2.33,63.9,1.0852727116178949e-11,0.3040832984826412,0.2516011384854703,0.35408918000352957,0.22891655992975968,0.9298124685671072,0.5288508196942893,0.42387806449159776
UGC06446,external_151,ordinary_disk,4,8.979321762139878e+19,2.91,67.2,9.413112101130206e-12,0.28212263936832316,0.19952444944479983,0.3217159372584064,0.2616950013480678,0.9961178368440816,0.6090497659875147,0.5112163403364381
UGC06446,external_151,ordinary_disk,5,1.0769014759404872e+20,3.49,70.4,7.973497086081463e-12,0.26016198025400517,0.14744776040412932,0.2893426945132832,0.2888824386629345,1.0485059221258992,0.7009529272328623,0.6075010753477627
UGC06446,external_151,ordinary_disk,6,1.2558707756669865e+20,4.07,73.7,7.223712910147204e-12,0.23870157908905276,0.1295713678818819,0.2680169081997537,0.31233859177430434,1.079814989829668,0.7422399697531464,0.6545596009758451
UGC06446,external_151,ordinary_disk,7,1.4348400753934859e+20,4.65,78.0,6.507080927557546e-12,0.21726521954027522,0.11333858822576402,0.24722204539793097,0.3326433752345819,1.1047023851919229,0.7811291837030664,0.6978065105914908
UGC06446,external_151,ordinary_disk,8,1.6138093751199852e+20,5.23,80.8,5.790448944967888e-12,0.19582885999149768,0.09710580856964614,0.22642718259610822,0.35021589974654166,1.1252290236828708,0.8197568305187434,0.7397209545068514
UGC06446,external_151,ordinary_disk,9,1.792778674846484e+20,5.81,80.5,5.338822869284521e-12,0.18272443166298946,0.08876228549489694,0.21312970380079554,0.36606356133488244,1.141611231683214,0.8409164401748176,0.76464965640005
UGC06446,external_151,ordinary_disk,10,1.974833652154475e+20,6.4,81.3,4.90202656637645e-12,0.1701051378687578,0.0809482022957113,0.20024280822565715,0.3802644481164333,1.155536611234682,0.8605163614502599,0.7873824311469694
UGC06446,external_151,ordinary_disk,11,2.1538029518809743e+20,6.98,82.1,4.472633590636313e-12,0.15769973041002164,0.07326656118464747,0.18757433460941947,0.3935343111688075,1.168007480626291,0.8791755505977672,0.8088163495658522
UGC06446,external_151,ordinary_disk,12,2.3512863170964216e+20,7.619999999999999,82.8,4.153738922844233e-12,0.14819143847135927,0.06794108692447755,0.17753179844620634,0.4063538945925239,1.1792018819163417,0.8923655183750822,0.8248149611632435
UGC06446,external_151,ordinary_disk,13,2.5549410374748517e+20,8.28,84.9,3.839360256702054e-12,0.1387767912421875,0.0627437240887134,0.1675434065475746,0.41778966413468305,1.1888121302861019,0.9048766740654521,0.8396593426809454
UGC06446,external_151,ordinary_disk,14,2.746253047527317e+20,8.9,84.3,3.559048678399973e-12,0.13030898667283358,0.05809921681741605,0.1585086881049334,0.4278904328700923,1.1970063328349532,0.9156735141903143,0.8524463794463145
UGC06446,external_151,ordinary_disk,15,2.9375650575797813e+20,9.52,83.2,3.349508198476934e-12,0.12361475893121658,0.054575934568455504,0.15111583741998832,0.4377892391936058,1.204652628275483,0.9238106727341003,0.8625757972418215
UGC06446,external_151,ordinary_disk,16,3.1535624882841774e+20,10.22,80.1,3.1129302372735014e-12,0.1160567598681006,0.050598035255112944,0.14276907051763094,0.4473703541316486,1.211871174871933,0.9326284636289779,0.8731966441537111
UGC06614,external_151,bulge_rich_hsb,0,9.966738588217116e+19,3.23,194.0,1.9706970816619456e-11,0.3356511025970794,0.21559340510904867,0.3366145784275545,0.3819595276578067,1.13746539643032,0.5794686721939315,0.5259096241038862
UGC06614,external_151,bulge_rich_hsb,1,2.832652019809075e+20,9.18,172.0,1.4969517292680802e-11,0.16194223542081781,0.08634803232453789,0.18826105568627505,0.454519247017522,1.2111303303394918,0.8601708670867803,0.8051323458499362
UGC06614,external_151,bulge_rich_hsb,2,3.283160946706815e+20,10.64,170.0,1.3748185235367437e-11,0.12640602936310721,0.06013508284757014,0.15693066784785947,0.4712781768256942,1.2262396144762815,0.9137674152792102,0.8600609899852106
UGC06614,external_151,bulge_rich_hsb,3,3.573214639367003e+20,11.58,170.0,1.2826832819242972e-11,0.11978440204446598,0.05587579453412553,0.14839326017417087,0.48304270408987576,1.234250927982019,0.9234327318031039,0.8716291737284404
UGC06614,external_151,bulge_rich_hsb,4,3.8632683320271916e+20,12.52,171.0,1.1905480403118509e-11,0.11316277472582476,0.05161650622068091,0.13985585250048227,0.49426879845343263,1.2416514307662774,0.9326716421444056,0.8826049778914878
UGC06614,external_151,bulge_rich_hsb,5,4.187264478083785e+20,13.57,172.0,1.0876310151064584e-11,0.10576627612521487,0.04685879055140767,0.1303193864820003,0.5103988862842388,1.2516599584342682,0.9424483648762212,0.8948610686003421
UGC06614,external_151,bulge_rich_hsb,6,4.863027868430394e+20,15.76,174.0,8.729755053923546e-12,0.09033929332965712,0.03693555501263776,0.1104290430720237,0.552811706014661,1.2753665722513072,0.9608108506102587,0.9191857451261454
UGC06614,external_151,bulge_rich_hsb,7,7.69567988823947e+20,24.94,193.0,2.9464231787693765e-12,0.04568542478348372,0.013079334249790336,0.05533184018796328,0.5701092636965076,1.2864537581567457,0.9928149620558528,0.9529497549871367
UGC06614,external_151,bulge_rich_hsb,8,8.115332039322295e+20,26.3,194.0,2.6300996374872785e-12,0.042434784169661365,0.012527689533176059,0.05192382511665048,0.5844488788084679,1.2928897715793126,0.993537184079994,0.9554170175211251
UGC06614,external_151,bulge_rich_hsb,9,1.078752882489382e+21,34.96,201.0,1.2901374307935291e-12,0.028399242022516973,0.009971243926515497,0.036934639435729846,0.594567879722881,1.2969766561482183,0.9963306705726495,0.9592124132463794
UGC06614,external_151,bulge_rich_hsb,10,1.1367636210214197e+21,36.84,202.0,1.1697756496151522e-12,0.027037502707766253,0.009658105857803112,0.03537812996657162,0.605413086792154,1.3015941862833345,0.9965947779150611,0.9607008262163217
UGC06614,external_151,bulge_rich_hsb,11,1.4619940381106097e+21,47.38,205.0,7.484886589102199e-13,0.021394856378563584,0.008117023537314787,0.028659294842477222,0.6236352789667632,1.30905424329193,0.997679117318935,0.9636988212065468
UGC06614,external_151,bulge_rich_hsb,12,1.9930391498852742e+21,64.59,204.0,5.10031305845339e-13,0.01596798173424478,0.006131553500936983,0.021619434361482354,0.6392244061588973,1.3152636903440187,0.9986761477236145,0.9662479381231596
UGC06628,external_151,low_mass_dwarf,0,3.394245339640504e+19,1.1,26.9,1.3096776498958352e-11,0.33576143091368366,0.29006338729784686,0.3823416391517464,0.1148688921014903,0.6713875038939153,0.4741509251138056,0.2949564621468242
UGC06628,external_151,low_mass_dwarf,1,6.788490679281008e+19,2.2,38.0,1.2217089172658473e-11,0.26064763722336787,0.24402236986931616,0.33400933535850025,0.19558996398994624,0.8562837354166319,0.5509467343896464,0.4161921629845063
UGC06628,external_151,low_mass_dwarf,2,1.0182736018921511e+20,3.3,40.5,1.1012139631333338e-11,0.2356182327749317,0.1716252809256222,0.28834289137140867,0.25405025383754615,0.9834448660679762,0.6689548054642056,0.5568455439226411
UGC06628,external_151,low_mass_dwarf,3,1.35461245827471e+20,4.39,41.4,9.909786845644945e-12,0.2060460359805292,0.12722291992318358,0.24870441393106885,0.2982403251796823,1.0565963207983655,0.7596423199755528,0.661410289048728
UGC06628,external_151,low_mass_dwarf,4,1.697122669820252e+20,5.5,42.3,8.822998234057353e-12,0.1752099784681142,0.0930598911634943,0.21129843749871852,0.33186751037066925,1.1035171190869495,0.8356773414452492,0.7460903873538657
UGC06628,external_151,low_mass_dwarf,5,2.033461526202811e+20,6.590000000000001,42.3,7.79201542002989e-12,0.1500243691354265,0.07262769926405699,0.18147869056512042,0.35816278942762775,1.1342547101867688,0.8835453654687503,0.8006858729136075
UGC06628,external_151,low_mass_dwarf,6,2.3728860601668613e+20,7.6899999999999995,42.3,6.839880516050313e-12,0.1275724792850828,0.05646571198641911,0.155088543808018,0.37913970953224235,1.1564969719182494,0.9194794804291077,0.8416902189193507
UGC06667,external_151,ordinary_disk,0,2.6845394958974894e+19,0.87,26.6,2.7804197820723246e-12,0.16696176618804792,0.10420443527762425,0.21311092144501548,0.05411454981183456,0.41889835085046895,0.8182830405482066,0.33284014713833987
UGC06667,external_151,ordinary_disk,1,5.369078991794979e+19,1.74,45.2,2.9303459191003298e-12,0.1457289640416574,0.10172377343460617,0.19827110856402141,0.09945374455550196,0.592993455013819,0.832162166841717,0.4650504234207618
UGC06667,external_151,ordinary_disk,2,8.053618487692468e+19,2.61,57.0,3.1512802575280504e-12,0.13816178594225645,0.08883956290518635,0.18489874667442424,0.13840971286496812,0.7270334885356873,0.8589122863711428,0.5708813210365294
UGC06667,external_151,ordinary_disk,3,1.0799871535219786e+20,3.5000000000000004,69.3,3.3135444818994943e-12,0.12963498894294462,0.07782650947971413,0.17168636421347216,0.1716808406560893,0.8219815303677371,0.8821317560930271,0.6461581905302849
UGC06667,external_151,ordinary_disk,4,1.3484411031117275e+20,4.37,77.3,3.4381484714032234e-12,0.12088060946128507,0.06821734595244035,0.159020269101906,0.19997039129889788,0.8906975062359201,0.9021367411860235,0.7014208584216337
UGC06667,external_151,ordinary_disk,5,1.6168950527014765e+20,5.24,80.7,3.4292598008394116e-12,0.11240822952153887,0.060382918872613746,0.14722110734768568,0.224491083930944,0.9424331089958722,0.9183610105928391,0.742945541754857
UGC06667,external_151,ordinary_disk,6,1.8853490022912256e+20,6.110000000000001,84.0,3.3934483899760914e-12,0.10404910692802499,0.053072184730083384,0.1357310320644638,0.24580290683890382,0.9825769303582159,0.9328049964994669,0.7760284791400137
UGC06667,external_151,ordinary_disk,7,2.1538029518809743e+20,6.98,85.0,3.300947327994241e-12,0.09594095012994427,0.046900869573033584,0.12492151093082576,0.2644078758559079,1.0141620691625024,0.9446534399138964,0.8020468039022379
UGC06667,external_151,ordinary_disk,8,2.422256901470723e+20,7.85,85.7,3.1813711496046336e-12,0.08823715114079977,0.04150612265544152,0.1147729710618801,0.28071023194496725,1.039550250141249,0.9545283592449956,0.8229718889410303
UGC06786,external_151,bulge_rich_hsb,0,4.937084130386187e+18,0.16,160.0,8.395699916607227e-11,0.7319919609068866,1.1205551197124017,0.6480293188959285,0.03100188599096485,0.40854888785727933,0.12104301736595102,0.04808773555243011
UGC06786,external_151,bulge_rich_hsb,1,9.874168260772375e+18,0.32,177.0,8.316085751955142e-11,0.7194835895711292,1.0983912435549847,0.6424126505483996,0.06076947789692093,0.4768661569395217,0.12412793452393363,0.05697437558604763
UGC06786,external_151,bulge_rich_hsb,2,1.51198201493077e+19,0.49,180.0,8.2314957020123e-11,0.7061934450268871,1.0748421251377291,0.63644494042915,0.08851029772000317,0.5377040246944644,0.12753835892305318,0.06532072954957989
UGC06786,external_151,bulge_rich_hsb,3,2.0056904279693885e+19,0.65,180.0,8.151881537360213e-11,0.6936850736911297,1.0526782489803121,0.6308282720816211,0.14961623950658243,0.6594795351062217,0.1308799107283323,0.08019085498035927
UGC06786,external_151,bulge_rich_hsb,4,4.011380855938777e+19,1.3,182.0,7.828448993461113e-11,0.6428698151396156,0.9626375020908057,0.6080105569197846,0.20122864811584543,0.7559287640899586,0.14592282213631608,0.10009791446073568
UGC06786,external_151,bulge_rich_hsb,5,4.505089268977396e+19,1.46,183.0,7.748834828809027e-11,0.6303614438038583,0.9404736259333886,0.6023938885722556,0.21976394642634936,0.7875762479855032,0.15002950376123084,0.10631769386136546
UGC06786,external_151,bulge_rich_hsb,6,4.998797682016015e+19,1.62,184.0,7.669220664156942e-11,0.617853072468101,0.9183097497759716,0.5967772202247267,0.3287458143281691,0.9333601358222943,0.1543147151001281,0.12401104180651601
UGC06786,external_151,bulge_rich_hsb,7,1.1478720603147887e+20,3.72,206.0,6.549081616075189e-11,0.47034427378730653,0.6331126893399373,0.52266879770731,0.4021999021206828,1.055482395662829,0.23206796441980135,0.2019311677433919
UGC06786,external_151,bulge_rich_hsb,8,1.2003285792001419e+20,3.89,207.0,6.415877240500088e-11,0.46782613288846514,0.6132507452672779,0.5164492018967798,0.411451155864799,1.068434948579196,0.23997339676661708,0.2103242063306639
UGC06786,external_151,bulge_rich_hsb,9,1.2496994205040037e+20,4.05,209.0,6.290508416429406e-11,0.46545611792484975,0.5945571508459514,0.5105954646633395,0.4203203066892871,1.0805031561343486,0.24778346251066918,0.21859329379668896
UGC06786,external_151,bulge_rich_hsb,10,1.3021559393893568e+20,4.22,210.0,6.157304040854304e-11,0.46293797702600836,0.5746952067732921,0.5043758688528092,0.42576001560262083,1.0898182989536722,0.256500758926679,0.22739891788302574
UGC06786,external_151,bulge_rich_hsb,11,1.3144986497153224e+20,4.26,210.0,6.125961834836633e-11,0.4623454732851045,0.5700218081679604,0.5029124345444491,0.42982477345683023,1.0942454048939267,0.2586177543731931,0.2298031735256981
UGC06786,external_151,bulge_rich_hsb,12,1.3515267806932188e+20,4.38,211.0,6.03193521678362e-11,0.4605679620623929,0.5560016123519655,0.4985221316193689,0.4367411620031315,1.1031336882900493,0.26512603063342977,0.23665796687225005
UGC06786,external_151,bulge_rich_hsb,13,1.4008976219970807e+20,4.54,213.0,5.906566392712937e-11,0.45819794709877754,0.5373080179306391,0.49266839438592863,0.444588316761863,1.1137108732312258,0.2741869354299369,0.24603961677735184
UGC06786,external_151,bulge_rich_hsb,14,1.453354140882434e+20,4.71,214.0,5.773362017137836e-11,0.45567980619993614,0.5174460738579797,0.48644879857539836,0.45189942031808367,1.1239824479459213,0.28432432890004705,0.2564117496416152
UGC06786,external_151,bulge_rich_hsb,15,1.4996393046048044e+20,4.86,215.0,5.655828744571571e-11,0.45345791717154665,0.4999208290879862,0.4809609199190481,0.4587239248374439,1.13317572675551,0.2937354610730363,0.26605458948947514
UGC06786,external_151,bulge_rich_hsb,16,1.5490101459086662e+20,5.02,215.0,5.5304599205008874e-11,0.45108790220793127,0.48122723466665973,0.47510718268560787,0.4655100289154016,1.1424803641036487,0.30428940121765397,0.27680187046126703
UGC06786,external_151,bulge_rich_hsb,17,1.598380987212528e+20,5.18,216.0,5.4050910964302044e-11,0.4487178872443158,0.4625336402453333,0.4692534454521676,0.4722492603497072,1.151612717727578,0.3154121368591632,0.28810423597684076
UGC06786,external_151,bulge_rich_hsb,18,1.6508375060978814e+20,5.35,217.0,5.2718867208551024e-11,0.44619974634547444,0.4426716961726738,0.4630338496416373,0.4787346332425576,1.1607199637401497,0.3278989765850553,0.30071299740416046
UGC06786,external_151,bulge_rich_hsb,19,1.7002083474017432e+20,5.51,217.0,5.1465178967844194e-11,0.44382973138185905,0.4239781017513474,0.457180112408197,0.48498350809219,1.1692685706385997,0.3403277999460637,0.31325982261513047
UGC06786,external_151,bulge_rich_hsb,20,1.7526648662870963e+20,5.68,218.0,5.0133135212093186e-11,0.44131159048301766,0.4041161576786881,0.4509605165976668,0.49100230871861716,1.1778352048899983,0.3543078486785391,0.32730222892398
UGC06786,external_151,bulge_rich_hsb,21,1.8020357075909584e+20,5.84,218.0,4.887944697138635e-11,0.4389415755194022,0.3854225632573615,0.44510677936422643,0.49663266117337446,1.1857775293053463,0.36825061640422346,0.3412914943634544
UGC06786,external_151,bulge_rich_hsb,22,1.8514065488948203e+20,6.0,219.0,4.7625758730679514e-11,0.4365715605557868,0.36672896883603506,0.4392530421307862,0.501900088094698,1.1934090674394082,0.3830143621917078,0.3560618651041409
UGC06786,external_151,bulge_rich_hsb,23,1.897691712617191e+20,6.15,219.0,4.6450426005016856e-11,0.43434967152739734,0.34920372406604144,0.43376516347443594,0.5097444112231155,1.2021735216031515,0.39765793718249737,0.37094505695412816
UGC06786,external_151,bulge_rich_hsb,24,1.999519072806406e+20,6.48,219.0,4.3864694008559005e-11,0.4294615156649405,0.3106481855720556,0.4216918304304653,0.5172887604102587,1.2155786118299752,0.4329045520644883,0.4058786632951925
UGC06786,external_151,bulge_rich_hsb,25,2.0488899141102676e+20,6.64,219.0,4.261100576785218e-11,0.4270915007013251,0.29195459115072925,0.41583809319702514,0.5221721083393964,1.2226794317130214,0.4516592687044306,0.4245672821505678
UGC06786,external_151,bulge_rich_hsb,26,2.101346432995621e+20,6.81,220.0,4.127896201210117e-11,0.42457335980248373,0.2720926470780698,0.4096184973864948,0.5287186166352964,1.2308601401870418,0.4729156898706451,0.445853536210974
UGC06786,external_151,bulge_rich_hsb,27,2.1908310828588705e+20,7.1,220.0,3.959194113765943e-11,0.4151970452150472,0.25170222266219244,0.3989139463599181,0.5330527063306252,1.2373368673715677,0.49898325438185703,0.4714970966374771
UGC06786,external_151,bulge_rich_hsb,28,2.2000881156033446e+20,7.13,220.0,3.945129765627902e-11,0.4139330182014865,0.25037375480849294,0.3978011006366272,0.5513121300093983,1.2466846331573715,0.5010046264174771,0.4749193177917262
UGC06786,external_151,bulge_rich_hsb,29,2.6289972994306448e+20,8.52,220.0,3.293481635232004e-11,0.3553664332398401,0.18882141092041743,0.3462392487908147,0.586313662417676,1.2729926775650844,0.6046776040358833,0.5780616613426063
UGC06786,external_151,bulge_rich_hsb,30,3.289332301869797e+20,10.66,225.0,2.341565054246852e-11,0.2678451082885078,0.10168435809190676,0.26878849070900074,0.6095565465160996,1.2971657665521121,0.7853510964295667,0.7561330216487927
UGC06786,external_151,bulge_rich_hsb,31,3.699727420208149e+20,11.99,228.0,1.954369567578378e-11,0.22398606326611384,0.07789668058149882,0.22834659579286504,0.6171401489051453,1.3028991227078808,0.8489869415844447,0.8187032776441099
UGC06786,external_151,bulge_rich_hsb,32,3.733669873604554e+20,12.1,228.0,1.922345880711061e-11,0.22035862345223164,0.07592927868214176,0.22500177741634253,0.6188624417166882,1.3037996598062807,0.8540860393220882,0.8238237483729626
UGC06786,external_151,bulge_rich_hsb,33,3.8046404579788554e+20,12.33,228.0,1.855387262715761e-11,0.2127739765686598,0.07181562016530432,0.21800806626543187,0.6221562326907811,1.305555947065609,0.8646301754088385,0.8343936391060747
UGC06786,external_151,bulge_rich_hsb,34,3.943495949145967e+20,12.78,229.0,1.724381270985826e-11,0.19793445005732346,0.06376715784975275,0.20432471836147617,0.6335061769483558,1.3108069315324302,0.8847270810444716,0.8549937964639743
UGC06786,external_151,bulge_rich_hsb,35,4.606916629166611e+20,14.93,228.0,1.2315304160782812e-11,0.1411889276631631,0.03753906789801139,0.15044386165191398,0.6464390331828092,1.3182034842837194,0.9465437313394383,0.9165077084516725
UGC06786,external_151,bulge_rich_hsb,36,5.2703373091872545e+20,17.08,226.0,8.652457656027419e-12,0.09790638260816144,0.022939414384771626,0.10749659325752096,0.6551345950503815,1.322139044602816,0.9759343480752434,0.9459182593684047
UGC06786,external_151,bulge_rich_hsb,37,5.933757989207899e+20,19.23,226.0,6.409096090252841e-12,0.07269030319174125,0.01643102395135416,0.08141747262442885,0.6612826711656948,1.3243426501544744,0.9867988765639538,0.9569814672472559
UGC06786,external_151,bulge_rich_hsb,38,6.563236215832138e+20,21.27,227.0,4.6438202242963945e-12,0.05326673937504334,0.011868509109121938,0.06109117480089995,0.6657537975571203,1.3258360027829121,0.9928015812924005,0.9631634239322067
UGC06786,external_151,bulge_rich_hsb,39,7.226656895852783e+20,23.42,227.0,3.4513812691439196e-12,0.040930911203304124,0.009485012347254912,0.047912800038053746,0.6692676515631377,1.3268966356290548,0.9954760243660803,0.9660135421706777
UGC06786,external_151,bulge_rich_hsb,40,7.890077575873426e+20,25.57,224.0,2.582367374136233e-12,0.0321339629771624,0.00786457353846575,0.038425137886389245,0.6720327562886608,1.3277216203202644,0.9969871315813637,0.9676782210997042
UGC06786,external_151,bulge_rich_hsb,41,8.55349825589407e+20,27.720000000000002,218.0,1.9056126329203443e-12,0.025430865596521267,0.0066913110631782865,0.031121491033922758,0.6742386239903486,1.3283680921325471,0.9979218917543712,0.9687405739767406
UGC06786,external_151,bulge_rich_hsb,42,9.216918935914714e+20,29.87,215.0,1.5045238136692268e-12,0.021422901101002274,0.005958555257532431,0.026639380118489934,0.6761033676676833,1.3289478345324433,0.998415193414028,0.9693582403034859
UGC06786,external_151,bulge_rich_hsb,43,9.880339615935359e+20,32.02,219.0,1.1708333778002543e-12,0.018017550776578968,0.005306979263480382,0.022788342854565678,0.6776378435293734,1.3294286179759893,0.9987920881857048,0.9698390616529099
UGC06786,external_151,bulge_rich_hsb,44,1.0506732164978104e+21,34.05,211.0,9.430103049279786e-13,0.0155823109812662,0.0047968522358331775,0.019969130598025603,0.678932475038938,1.3298489599827563,0.9990430269870125,0.970183019107456
UGC06787,external_151,bulge_rich_hsb,0,3.70281309778964e+18,0.12,134.0,5.969435102147563e-11,0.6610966565495896,0.8189877982869573,0.5960881685494162,0.021595376954587294,0.4100370197811066,0.17001339833652962,0.06777469864178697
UGC06787,external_151,bulge_rich_hsb,1,7.40562619557928e+18,0.24,208.0,5.939093466337076e-11,0.6548415550536016,0.8101195146255072,0.5929445552695524,0.04133094700367205,0.46266043818328406,0.1723080448890306,0.0769063229606573
UGC06787,external_151,bulge_rich_hsb,2,1.0799871535219784e+19,0.35,252.0,5.911280300177465e-11,0.6491077120156126,0.8019902546025114,0.5900629097630105,0.06019577302023147,0.5109815362630984,0.17445165819985378,0.08531272975714402
UGC06787,external_151,bulge_rich_hsb,3,1.4502684633009424e+19,0.47,272.0,5.880938664366979e-11,0.6428526105196246,0.7931219709410613,0.5869192964831466,0.07900643881950659,0.5570699248686685,0.17683510075540618,0.09349296536273739
UGC06787,external_151,bulge_rich_hsb,4,1.8205497730799065e+19,0.59,276.0,5.850597028556494e-11,0.6365975090236365,0.7842536872796113,0.5837756832032828,0.09698396168651072,0.5991701884056652,0.17926665279058138,0.10109875649157815
UGC06787,external_151,bulge_rich_hsb,5,2.1908310828588704e+19,0.71,271.0,5.8202553927460084e-11,0.6303424075276485,0.7753854036181613,0.5806320699234189,0.11418176162046906,0.6376697817257564,0.18174758712588707,0.10819883932259261
UGC06787,external_151,bulge_rich_hsb,6,2.5611123926378344e+19,0.83,266.0,5.789913756935523e-11,0.6240873060316605,0.7665171199567112,0.577488456643555,0.12997488758580364,0.6715305258011653,0.18427921784118823,0.11465575013722298
UGC06787,external_151,bulge_rich_hsb,7,2.900536926601885e+19,0.94,262.0,5.762100590775911e-11,0.6183534629936714,0.7583878599337154,0.5746068111370131,0.14514001049520198,0.7026965161677245,0.18664557279975702,0.12062488119967664
UGC06787,external_151,bulge_rich_hsb,8,3.2708182363808494e+19,1.06,260.0,5.731758954965425e-11,0.6120983614976834,0.7495195762722653,0.5714631978571493,0.16032883928182867,0.7326583763787674,0.18927820225708286,0.1265983906194939
UGC06787,external_151,bulge_rich_hsb,9,3.641099546159813e+19,1.18,260.0,5.70141731915494e-11,0.6058432600016954,0.7406512926108153,0.5683195845772854,0.17490811556888178,0.7602677760261674,0.1919656114585536,0.13228648103277654
UGC06787,external_151,bulge_rich_hsb,10,4.011380855938777e+19,1.3,259.0,5.671075683344454e-11,0.5995881585057073,0.7317830089493653,0.5651759712974215,0.18891318092411355,0.7857688100195072,0.19470929180737107,0.13773128186218586
UGC06787,external_151,bulge_rich_hsb,11,4.381662165717741e+19,1.42,257.0,5.6407340475339686e-11,0.5933330570097193,0.7229147252879152,0.5620323580175577,0.20182464126182909,0.8084623082900294,0.19751078434442704,0.14284495080833118
UGC06787,external_151,bulge_rich_hsb,12,4.721086699681792e+19,1.53,254.0,5.6129208813743573e-11,0.5875992139717303,0.7147854652649194,0.5591507125110158,0.21480058510481498,0.830371657663655,0.20013096482464718,0.14773310447238466
UGC06787,external_151,bulge_rich_hsb,13,5.122224785275669e+19,1.66,244.0,5.580050775912998e-11,0.5808228540177433,0.7051781579650152,0.5557451314578299,0.23338111928338978,0.8601122947992859,0.20329362999207204,0.15407945897786826
UGC06787,external_151,bulge_rich_hsb,14,5.831930629018684e+19,1.89,228.0,5.5218959739429006e-11,0.5688339094837662,0.6881806142805693,0.5497198726714242,0.2504386716950297,0.8869943327224579,0.20907093574392457,0.16206686309174254
UGC06787,external_151,bulge_rich_hsb,15,6.2022119387976475e+19,2.01,220.0,5.491554338132415e-11,0.5625788079877782,0.6793123306191192,0.5465762593915603,0.26163970433032124,0.9037141289448796,0.21218088327531076,0.16669571846322964
UGC06787,external_151,bulge_rich_hsb,16,6.572493248576612e+19,2.13,215.0,5.4612127023219295e-11,0.5563237064917902,0.6704440469576692,0.5434326461116964,0.2720052152467029,0.9188164313156469,0.215358886454721,0.17118534024732776
UGC06787,external_151,bulge_rich_hsb,17,6.911917782540663e+19,2.24,213.0,5.4333995361623176e-11,0.5505898634538011,0.6623147869346733,0.5405510006051546,0.3124939100497429,0.9699811046073453,0.21833349845204542,0.18009785144252058
UGC06787,external_151,bulge_rich_hsb,18,9.565600502623239e+19,3.1,228.0,5.2159511461871714e-11,0.505761636065887,0.5987587540276147,0.5180217720994635,0.36645197331756946,1.0369070565817315,0.2438013085638574,0.2098725517436757
UGC06787,external_151,bulge_rich_hsb,19,1.1694718033852282e+20,3.79,236.0,5.04148674027688e-11,0.4697948024639558,0.5477661229742771,0.4999459957402463,0.3902882140856281,1.0675632838161089,0.26748447027430167,0.23432387876557836
UGC06787,external_151,bulge_rich_hsb,20,1.2034142567816331e+20,3.9,236.0,5.013673574117268e-11,0.46406095942596676,0.5396368629512812,0.49706435023370443,0.40010570553889635,1.0776377213114703,0.27156626769806397,0.23920695757541738
UGC06787,external_151,bulge_rich_hsb,21,1.2774705187374259e+20,4.14,237.0,4.952990302496297e-11,0.4515507564339907,0.5219002956283811,0.4907771236739767,0.40949368610549985,1.0887165390318685,0.28079103534743655,0.24879001179014004
UGC06787,external_151,bulge_rich_hsb,22,1.311412972133831e+20,4.25,237.0,4.925177136336685e-11,0.44581691339600166,0.5137710356053853,0.48789547816743484,0.4154696339938274,1.095120226497678,0.2851711852702128,0.25351242469252433
UGC06787,external_151,bulge_rich_hsb,23,1.3484411031117275e+20,4.37,237.0,4.8948355005261996e-11,0.43956181190001364,0.5049027519439352,0.48475186488757094,0.42153884943788184,1.1016384428546784,0.290063118687223,0.2587216115737428
UGC06787,external_151,bulge_rich_hsb,24,1.3854692340896239e+20,4.49,237.0,4.864493864715714e-11,0.4333067104040256,0.49603446828248515,0.4816082516077071,0.4274451696759499,1.107937398869295,0.2950772617408079,0.26402912062913453
UGC06787,external_151,bulge_rich_hsb,25,1.4224973650675204e+20,4.61,237.0,4.816490777805481e-11,0.43090193678075284,0.48841401411491603,0.4784577026992256,0.43295736669494683,1.1140158409240912,0.29968343196037417,0.2689590319234723
UGC06787,external_151,bulge_rich_hsb,26,1.4564398184639252e+20,4.72,236.0,4.770947572386512e-11,0.42903337434508193,0.48153742952558315,0.4755690946295861,0.44564271324043603,1.1253344366837124,0.3039473773033953,0.2742856831047906
UGC06787,external_151,bulge_rich_hsb,27,1.5922096320495455e+20,5.16,235.0,4.588774750710631e-11,0.4215591246023981,0.4540310911682514,0.46401466235102795,0.46083496276676855,1.1427157630924558,0.32187761931004333,0.29283274503676493
UGC06787,external_151,bulge_rich_hsb,28,1.6755229267498123e+20,5.43,234.0,4.4769868828640695e-11,0.4169726531693876,0.437152201721707,0.45692444254373094,0.46890945504195314,1.1522086605519974,0.33361632217932063,0.3048131978027832
UGC06787,external_151,bulge_rich_hsb,29,1.7156367353092e+20,5.56,233.0,4.4231630946416503e-11,0.4147643521090492,0.4290253290252226,0.4535106330068842,0.4736040740661049,1.1572638626066811,0.3394807082276704,0.3108648712496084
UGC06787,external_151,bulge_rich_hsb,30,1.749579188705605e+20,5.67,233.0,4.3776198892226805e-11,0.41289578967337826,0.42214874443588973,0.4506220249372447,0.4779979273094565,1.16177748728132,0.34455488640947196,0.3161330641260128
UGC06787,external_151,bulge_rich_hsb,31,1.7866073196835016e+20,5.79,233.0,4.327936392401986e-11,0.4108573579253736,0.414647015792981,0.4474708161340015,0.4824740385963091,1.1664368124666498,0.35021063945085606,0.3219677525425322
UGC06787,external_151,bulge_rich_hsb,32,1.823635450661398e+20,5.91,232.0,4.278252895581291e-11,0.4088189261773689,0.40714528715007237,0.44431960733075837,0.4868433138252182,1.170975925937021,0.355995237694143,0.327918220224689
UGC06787,external_151,bulge_rich_hsb,33,1.8606635816392943e+20,6.03,232.0,4.228569398760597e-11,0.40678049442936426,0.39964355850716377,0.44116839852751527,0.4919890323203169,1.1759597708715208,0.361912202469423,0.3340664773485696
UGC06787,external_151,bulge_rich_hsb,34,1.9131201005246477e+20,6.2,232.0,4.15818444493128e-11,0.40389271611969096,0.3890161095963765,0.43670418605625416,0.5000320863215776,1.183374870997418,0.3705282380376003,0.3430670255117919
UGC06787,external_151,bulge_rich_hsb,35,2.0056904279693885e+20,6.5,233.0,4.033975702879544e-11,0.3987966367496793,0.3702617879891049,0.4288261640481464,0.5105555978408916,1.19392819965397,0.3864316994546042,0.3593126009626873
UGC06787,external_151,bulge_rich_hsb,36,2.1136891433215862e+20,6.85,235.0,3.889065503819185e-11,0.392851210817999,0.3483817461139548,0.4196351383720206,0.5178886430385269,1.203085642877316,0.4061850244756497,0.37903267412514996
UGC06787,external_151,bulge_rich_hsb,37,2.1538029518809743e+20,6.98,236.0,3.835241715596765e-11,0.39064290975766064,0.3402548734174703,0.4162213288351738,0.5214444310335067,1.2069251794693505,0.41387073608254044,0.3867730086466754
UGC06787,external_151,bulge_rich_hsb,38,2.1877454052773793e+20,7.09,236.0,3.789698510177796e-11,0.3887743473219897,0.3333782888281374,0.4133327207655343,0.5247800406688934,1.2103333075778533,0.4205282458431923,0.3935024151130253
UGC06787,external_151,bulge_rich_hsb,39,2.2247735362552758e+20,7.210000000000001,237.0,3.740015013357101e-11,0.386735915573985,0.32587656018522876,0.4101815119622912,0.5266307350770947,1.213031798553121,0.4279566257713278,0.40085926113429543
UGC06787,external_151,bulge_rich_hsb,40,2.227859213836767e+20,7.22,238.0,3.735874721955377e-11,0.38656604626165125,0.3252514161316531,0.4099189112286876,0.5283252384794707,1.2141084622890008,0.42858360087907926,0.40160789246420503
UGC06787,external_151,bulge_rich_hsb,41,2.261801667233172e+20,7.33,238.0,3.690331516536407e-11,0.38469748382598035,0.31837483154232016,0.4070303031590481,0.5315168625447273,1.2173841725087593,0.4355624468951532,0.40864347961706315
UGC06787,external_151,bulge_rich_hsb,42,2.2988297982110686e+20,7.45,239.0,3.640648019715712e-11,0.3826590520779757,0.3108731028994115,0.40387909435580494,0.534641369498656,1.2207384162462667,0.44335055624047687,0.4164626102702666
UGC06787,external_151,bulge_rich_hsb,43,2.3327722516074735e+20,7.56,240.0,3.595104814296743e-11,0.3807904896423047,0.30399651831007857,0.4009904862861654,0.545246200365078,1.2278658302791927,0.4506540329907466,0.4244139520629091
UGC06787,external_151,bulge_rich_hsb,44,2.5487696823118692e+20,8.26,247.0,3.305284416176025e-11,0.36889963777894413,0.2602364345597782,0.38260843493391383,0.5619443762315591,1.2458296626416363,0.5010806934095731,0.47485481655591344
UGC06787,external_151,bulge_rich_hsb,45,2.7709384681792478e+20,8.98,252.0,3.0071834352518584e-11,0.35666904729091614,0.2152260627023263,0.363701182114455,0.5707028932129429,1.2598121547278438,0.5609217901567021,0.5340159865146633
UGC06787,external_151,bulge_rich_hsb,46,2.8048809215756527e+20,9.09,253.0,2.974511460204613e-11,0.3538502664306266,0.2115949473852695,0.36085606148471183,0.5739613464873206,1.2619637851394117,0.5670370498165428,0.540209996276935
UGC06787,external_151,bulge_rich_hsb,47,2.8696801507869717e+20,9.3,254.0,2.917884921620171e-11,0.34804466818641894,0.20611197756265326,0.3554438854660952,0.5858625322959792,1.268181315549761,0.5771631252403896,0.5509370838455684
UGC06787,external_151,bulge_rich_hsb,48,3.184419264099091e+20,10.32,253.0,2.6428417342100262e-11,0.3198460481431249,0.17948040985280317,0.32915617337567166,0.6032197633624603,1.2798680610395987,0.6286260529663834,0.602209943454769
UGC06787,external_151,bulge_rich_hsb,49,3.511501087737176e+20,11.379999999999999,247.0,2.357012539450464e-11,0.290541599862839,0.15180446693864524,0.3018375706150354,0.6179049224646967,1.2902949445345133,0.6857756143879473,0.6589732798872339
UGC06787,external_151,bulge_rich_hsb,50,3.8262402010492954e+20,12.4,238.0,2.0819693520403182e-11,0.2623429798195449,0.1251728992287951,0.27554985852461183,0.6301023920937536,1.2993606248896052,0.7435421062702698,0.7163187667032282
UGC06787,external_151,bulge_rich_hsb,51,4.137893636779923e+20,13.41,229.0,1.8096226664675275e-11,0.23442081683549887,0.098802425320022,0.24951986910174145,0.6404946194352107,1.3075628753609831,0.802225899411178,0.7745921615092175
UGC06787,external_151,bulge_rich_hsb,52,4.452632750092043e+20,14.43,223.0,1.6242208980928355e-11,0.21223996942122403,0.08566370942211289,0.2277796327378389,0.6494843017319909,1.3124920189390763,0.8367329215207502,0.8089739035715869
UGC06787,external_151,bulge_rich_hsb,53,4.764286185822671e+20,15.44,220.0,1.4493605392465735e-11,0.19086222033636566,0.07396690505544379,0.2066950882803283,0.6576729675524954,1.3167967132413767,0.8673884798267316,0.8395584543145496
UGC06787,external_151,bulge_rich_hsb,54,5.1129677525311953e+20,16.57,220.0,1.2537246922205573e-11,0.16694454066716766,0.06088038135808129,0.1831054494318263,0.6646139630954192,1.3207896373225099,0.8997051069757639,0.8717339649921075
UGC06787,external_151,bulge_rich_hsb,55,5.424621188261823e+20,17.58,224.0,1.0788643333742954e-11,0.14556679158230929,0.04918357699141218,0.1620209049743157,0.670226362291369,1.3241351265215016,0.9261937704099965,0.8981607116641245
UGC06787,external_151,bulge_rich_hsb,56,5.7393603015739435e+20,18.6,228.0,9.455872790948997e-12,0.1287750595714075,0.04133776861764457,0.1448782509116931,0.6750882081954684,1.3266033825173111,0.9434946381225159,0.915503761422352
UGC06787,external_151,bulge_rich_hsb,57,6.051013737304571e+20,19.61,234.0,8.438472558264086e-12,0.11549637778991348,0.03633741794355621,0.13080050847908892,0.6793353610893055,1.328410507484653,0.9546270284575432,0.9267214622161766
UGC06787,external_151,bulge_rich_hsb,58,6.3626671730352e+20,20.62,239.0,7.421072325579173e-12,0.10221769600841943,0.03133706726946784,0.11672276604648468,0.6830508233734782,1.330033001490111,0.9647132105345431,0.9368872614152344
UGC06787,external_151,bulge_rich_hsb,59,6.677406286347318e+20,21.639999999999997,243.0,6.39359882326372e-12,0.08880754213007896,0.026287208172863764,0.10250564002543888,0.6864301540570041,1.331543437999394,0.9737611574827832,0.9460238572392484
UGC06787,external_151,bulge_rich_hsb,60,7.026087853055843e+20,22.77,245.0,5.376563518044117e-12,0.07553429975361722,0.021441273340562755,0.0883242106008778,0.6892715347175287,1.3328363408566737,0.9814141405270254,0.9537587439056374
UGC06787,external_151,bulge_rich_hsb,61,7.337741288786471e+20,23.78,247.0,4.816308672104342e-12,0.06822463892561886,0.019263170308373108,0.08016199206118035,0.6916650938080865,1.3337071457591572,0.9847930802634608,0.95724425034337
UGC06787,external_151,bulge_rich_hsb,62,7.649394724517098e+20,24.79,249.0,4.256053826164569e-12,0.060914978097620545,0.017085067276183474,0.07199977352148296,0.6937941342792984,1.3344899123505995,0.9878482712196445,0.9603952980759601
UGC06787,external_151,bulge_rich_hsb,63,7.964133837829218e+20,25.81,250.0,3.690251902542222e-12,0.05353294439013706,0.014885398867437496,0.06375674093683802,0.6956550312504863,1.335185534204662,0.9905987766020811,0.9632304553197073
UGC06787,external_151,bulge_rich_hsb,64,8.275787273559846e+20,26.82,251.0,3.129997056602447e-12,0.0462232835621387,0.01270729583524785,0.05559452239714058,0.6972593308837539,1.335796801408784,0.9929849974800157,0.9656922605126478
UGC06787,external_151,bulge_rich_hsb,65,8.590526386871966e+20,27.84,251.0,2.780406633374041e-12,0.041697600908739224,0.011484028433345584,0.05043442596135654,0.699095223368697,1.3364168932513398,0.994241449155026,0.9670575443280103
UGC06787,external_151,bulge_rich_hsb,66,9.07497776716611e+20,29.41,248.0,2.3148570686652356e-12,0.03568999135703433,0.009928768132471748,0.04352634291741535,0.7009984295253533,1.3370520698218227,0.9956969664526123,0.9686199487326135
UGC06787,external_151,bulge_rich_hsb,67,9.562514825041746e+20,30.99,246.0,1.846342220104782e-12,0.029644116776337687,0.008363601715031838,0.03657425934453186,0.7025841286348128,1.3375851432889756,0.9969504031075392,0.9699622563615367
UGC06787,external_151,bulge_rich_hsb,68,1.0050051882917383e+21,32.57,249.0,1.5270245891327187e-12,0.025500838781677127,0.007322845582234929,0.031758907758668097,0.703895930390964,1.3380143109873532,0.9976797403514766,0.9707707123394945
UGC06787,external_151,bulge_rich_hsb,69,1.0500560809815123e+21,34.03,252.0,1.2982389707385159e-12,0.02251745816271593,0.006594100594140327,0.028258510472260603,0.7056514997606618,1.3385746373021294,0.9981400711743963,0.9713474935115007
UGC06787,external_151,bulge_rich_hsb,70,1.1475634925566393e+21,37.19,255.0,8.901815066218059e-13,0.017126408620059153,0.005270538895656564,0.021898763859280846,0.707489983520831,1.3391651788595125,0.9988471477354605,0.9721711715042923
UGC06818,external_151,low_mass_dwarf,0,2.6845394958974894e+19,0.87,23.4,1.734577351799456e-11,0.4421714966062623,0.5435837033765719,0.4910839462464883,0.11647776257872473,0.6365619989666288,0.2725202340246312,0.1619953776476985
UGC06818,external_151,low_mass_dwarf,1,5.369078991794979e+19,1.74,28.0,1.4179185519700098e-11,0.348973334982318,0.3557367142335677,0.40799037138147837,0.19443194683293896,0.8410048350906356,0.4079348980983296,0.30403935974865576
UGC06818,external_151,low_mass_dwarf,2,8.053618487692468e+19,2.61,36.7,1.083685096728372e-11,0.30308332212820366,0.18947581703901786,0.32796970754975785,0.24835586695762035,0.9851149600115101,0.6167420996553126,0.5139531736074627
UGC06818,external_151,low_mass_dwarf,3,1.0799871535219786e+20,3.5000000000000004,47.6,8.317147668096671e-12,0.23336843496957116,0.11174853639583657,0.25596136124520036,0.28567371007081893,1.0520596975879435,0.7775849777846049,0.6752907430829269
UGC06818,external_151,low_mass_dwarf,4,1.3484411031117275e+20,4.37,63.3,6.514238821470138e-12,0.1810799223169041,0.0748036309719686,0.20232477062622117,0.312353400635982,1.088943744384709,0.8685484305644728,0.7696536972307637
UGC06818,external_151,low_mass_dwarf,5,1.6168950527014765e+20,5.24,71.2,5.086476617293858e-12,0.13959320217423762,0.05111224573891789,0.15948067200958965,0.33201900337690154,1.1126962350482823,0.9246296012319926,0.8292950563783317
UGC06818,external_151,low_mass_dwarf,6,1.8853490022912256e+20,6.110000000000001,68.1,3.987007031555012e-12,0.10800246722287474,0.03694209507783163,0.12644749439409167,0.3468295358056024,1.1284008429734074,0.9553723107959649,0.8633974120029203
UGC06818,external_151,low_mass_dwarf,7,2.1538029518809743e+20,6.98,74.4,3.197050027237134e-12,0.08638535165133267,0.028903347140239573,0.10326093368883939,0.3584457804326976,1.139710814742814,0.9710190941129296,0.8821831750113556
UGC06917,external_151,low_mass_dwarf,0,5.369078991794979e+19,1.74,59.2,2.6062087396825567e-11,0.38620446311879186,0.427962183211807,0.44542257777752914,0.10680428033242753,0.6235143261373585,0.34408718315850345,0.20090968505905288
UGC06917,external_151,low_mass_dwarf,1,8.053618487692468e+19,2.61,71.2,2.390330113500129e-11,0.32940822682566556,0.35640181499635315,0.4042003605697613,0.186550004841874,0.8182928243854695,0.40973910160589777,0.2991013876765508
UGC06917,external_151,low_mass_dwarf,2,1.0799871535219786e+20,3.5000000000000004,84.5,2.117245967363371e-11,0.30875288789498484,0.26918758241911367,0.36231334794251757,0.24682591551811375,0.9539498784348354,0.5062515633340466,0.41295280781474664
UGC06917,external_151,low_mass_dwarf,3,1.3484411031117275e+20,4.37,93.5,1.855152583799431e-11,0.287789087633104,0.18718980309459285,0.32177414148278927,0.29283435074082625,1.0447703707484535,0.6240917974908722,0.5397203679233621
UGC06917,external_151,low_mass_dwarf,4,1.6168950527014765e+20,5.24,97.5,1.6625428766305295e-11,0.25576544643007504,0.151808726699745,0.2870541803122516,0.3293796528423062,1.094404496403595,0.6964887860339156,0.6189384670586899
UGC06917,external_151,low_mass_dwarf,5,1.8853490022912256e+20,6.110000000000001,100.0,1.4699331694616273e-11,0.2237418052270461,0.11642765030489709,0.2523342191417139,0.3585207106703766,1.1313524629513032,0.772924873133437,0.6994880470633855
UGC06917,external_151,low_mass_dwarf,6,2.1538029518809743e+20,6.98,101.0,1.3034754672207776e-11,0.19607809814259303,0.0916781419787519,0.22250420893514486,0.38219316968320205,1.1574970953314352,0.8305732521915423,0.7606395901549207
UGC06917,external_151,low_mass_dwarf,7,2.422256901470723e+20,7.85,103.0,1.1554593998145132e-11,0.1714888900550173,0.07442570688203796,0.19612245022151614,0.4016557724719676,1.1763906113676068,0.8726266040356682,0.8056307723686594
UGC06917,external_151,low_mass_dwarf,8,2.6907108510604722e+20,8.72,105.0,1.0120407125645974e-11,0.1477020860682075,0.058116954206074205,0.17058784148293724,0.4177030834253606,1.1914115263086404,0.9098018301302433,0.845108232890369
UGC06917,external_151,low_mass_dwarf,9,2.9622504782317126e+20,9.6,110.0,9.055386845198945e-12,0.13037284195211243,0.04953683001272566,0.1518660539288733,0.43128186718984113,1.2023002848497364,0.9300338951289678,0.8676008550056471
UGC06917,external_151,low_mass_dwarf,10,3.2307044278214617e+20,10.47,111.0,8.002469067938812e-12,0.11324052106460936,0.04105420723066516,0.13335701396065106,0.44263004904946174,1.2111801202883392,0.9480931650433683,0.8874454990874657
UGC06923,external_151,low_mass_dwarf,0,2.8696801507869716e+19,0.93,40.5,4.249327696880414e-11,0.5546428997707705,1.421767456062851,0.6610064196909341,0.17081598758322497,0.5779382262275108,0.09617257985432619,0.05253890499990678
UGC06923,external_151,low_mass_dwarf,1,5.986214508093252e+19,1.9400000000000002,53.9,3.3809636296719205e-11,0.5183153658024863,0.8721709937621622,0.5757905459475131,0.2744923445917763,0.8578661503977829,0.1660611488608944,0.12561672941107038
UGC06923,external_151,low_mass_dwarf,2,8.855894658880224e+19,2.87,73.0,2.6608504069823587e-11,0.4939423221501683,0.5257128379943572,0.501209239814053,0.3403650193396842,1.029208261272448,0.275109118537429,0.2357385602971963
UGC06923,external_151,low_mass_dwarf,3,1.1478720603147887e+20,3.72,78.4,2.13385498017944e-11,0.44569208618064116,0.3490411101409518,0.4412491691095021,0.384582875999992,1.1151870198445457,0.39367893382711505,0.35352096383435666
UGC06923,external_151,low_mass_dwarf,4,1.379297878926641e+20,4.47,79.3,1.748665964753235e-11,0.3981753099395818,0.25558833052413293,0.3944053373055193,0.41607159568242064,1.1615222111974068,0.49799457159802546,0.4568651628121473
UGC06923,external_151,low_mass_dwarf,5,1.5922096320495455e+20,5.16,81.1,1.477377597625927e-11,0.3559551146451689,0.2035530030000563,0.3574045041916841,0.44091423277860686,1.1894352508761525,0.578868654088874,0.5372821074784647
UGC06930,external_151,ordinary_disk,0,5.369078991794979e+19,1.74,54.7,2.2521934815226452e-11,0.38837599796893624,0.35434051156243096,0.42212714664826956,0.18649483548532397,0.8388138692929231,0.400678349908491,0.2980449504613292
UGC06930,external_151,ordinary_disk,1,1.0799871535219786e+20,3.5000000000000004,85.4,2.03361260863834e-11,0.2991727613211428,0.2787649550890579,0.3642998422866879,0.2987220258190328,1.0220300542391105,0.4961448818950231,0.4232952971294001
UGC06930,external_151,ordinary_disk,2,1.6168950527014765e+20,5.24,93.8,1.7408995238065533e-11,0.26658624960065763,0.1882395903391066,0.31097613853791,0.3722274488552893,1.1270990342004992,0.6307635191698391,0.5696871039251166
UGC06930,external_151,ordinary_disk,3,2.1538029518809743e+20,6.98,98.7,1.4953875764345778e-11,0.2284864179600394,0.13375828802546502,0.26415222500253677,0.4235510630748883,1.1822731200260768,0.7389205364670092,0.683848427371623
UGC06930,external_151,ordinary_disk,4,2.6907108510604722e+20,8.72,103.0,1.2706989673657517e-11,0.18927135793912625,0.09425969012459352,0.22070227374864412,0.46050821239015577,1.2158501447629444,0.8277917646042025,0.7761915256060073
UGC06930,external_151,ordinary_disk,5,3.2307044278214617e+20,10.47,107.0,1.0798814078643326e-11,0.15865265120105138,0.07236787557040757,0.1868167618312796,0.48812750168145125,1.2364977398552985,0.8809056739780252,0.8321393351359195
UGC06930,external_151,ordinary_disk,6,3.761440971837976e+20,12.189999999999998,109.0,9.131281253790574e-12,0.1324522773880104,0.05535996802767289,0.15775227664097558,0.5093388899439041,1.2511553728283935,0.9196826348877243,0.8730991466792403
UGC06930,external_151,ordinary_disk,7,4.3014345485989655e+20,13.94,108.0,7.690255078519847e-12,0.11058078470574959,0.043597459487430226,0.1333928744339973,0.5260421025434461,1.261590281834,0.9450403252023816,0.9002222343520593
UGC06930,external_151,ordinary_disk,8,4.838342447778464e+20,15.68,108.0,6.571847505833617e-12,0.09434248207994746,0.03594072812336234,0.11504650704326565,0.5364541868376389,1.267744525319222,0.9602932637491556,0.9165328656268145
UGC06930,external_151,ordinary_disk,9,5.12531046285716e+20,16.61,108.0,6.012501333501764e-12,0.08633659151260682,0.03234192214394748,0.10595857853058843,0.542897011913556,1.2713399894495434,0.9668664152018407,0.9238379699876833
UGC06973,calibration_24,bulge_rich_hsb,0,5.369078991794979e+19,1.74,170.0,8.543633043468692e-10,0.7668631369010629,1.3518267666564268,0.6696484186970456,0.15237698786553783,0.620601000779035,0.09947787479156255,0.05784879127323134
UGC06973,calibration_24,bulge_rich_hsb,1,8.053618487692468e+19,2.61,174.0,6.356661964706325e-10,1.4649709973047291,0.8238806065127839,0.68712894228735,0.2681244406101212,1.0352591661977866,0.15012485665351488,0.12910657185149693
UGC06973,calibration_24,bulge_rich_hsb,2,1.0799871535219786e+20,3.5000000000000004,170.0,3.9754590210622655e-10,2.467958356818272,0.38774141560999453,0.7347129768065696,0.3613717479170288,1.279956104379023,0.259822154540145,0.2489104746614886
UGC06973,calibration_24,bulge_rich_hsb,3,1.3484411031117275e+20,4.37,170.0,2.44017794704781e-10,2.7753493594581875,0.1412002585708303,0.7413195446232878,0.4363073021924972,1.3622721029838476,0.4885806216103803,0.4779967388794364
UGC06973,calibration_24,bulge_rich_hsb,4,1.6415804733534074e+20,5.32,171.0,1.643939386897479e-10,2.3633682933393048,0.07170888878174227,0.7042032795383205,0.4953400756124352,1.3725670108534362,0.6644622703282489,0.651449987322836
UGC06973,calibration_24,bulge_rich_hsb,5,1.9378055211765786e+20,6.28,174.0,1.0335334629681632e-10,1.8777127332691848,0.02759057800847432,0.6425528363372442,0.5303498225841194,1.3704326340835047,0.8494126860659009,0.8324195553884509
UGC06973,calibration_24,bulge_rich_hsb,6,2.101346432995621e+20,6.81,177.0,8.66082356652912e-11,1.5490602602178414,0.026022181586717655,0.5874400263499406,0.5504422922867723,1.3623906766159635,0.8674044673283443,0.8486355950823226
UGC06973,calibration_24,bulge_rich_hsb,7,2.261801667233172e+20,7.33,178.0,7.017907051737974e-11,1.2266087772240701,0.024483377550277154,0.5333670807020199,0.5670977062554476,1.3529976193905326,0.8844968501227907,0.8636010292993358
UGC06973,calibration_24,bulge_rich_hsb,8,2.422256901470723e+20,7.85,180.0,5.3749905369468284e-11,0.9041572942302987,0.022944573513836653,0.47929413505409924,0.5810457248285389,1.341886155954407,0.9009236308266965,0.8774223832008629
UGC06983,external_151,ordinary_disk,0,5.369078991794979e+19,1.74,56.9,2.3804266900799013e-11,0.4070322817336323,0.38460474583743043,0.43614959551831756,0.10481383974332373,0.6423268364844464,0.37348941599050234,0.22374263254878232
UGC06983,external_151,ordinary_disk,1,8.053618487692468e+19,2.61,87.4,2.253061035018285e-11,0.33541726198305577,0.33367751195140016,0.3997169613315716,0.1840898008431391,0.8236968730748659,0.4284920452624205,0.3143687221084361
UGC06983,external_151,ordinary_disk,2,1.0799871535219786e+20,3.5000000000000004,92.1,2.053133907316382e-11,0.30720338598415675,0.27822787570998747,0.3662263389220339,0.24532291122074612,0.947793304748324,0.4953084965961613,0.4022548537058806
UGC06983,external_151,ordinary_disk,3,1.3484411031117275e+20,4.37,93.5,1.846544131483942e-11,0.28684019947152223,0.22348735767096,0.33409380316894366,0.2931657529000351,1.0318205584905678,0.5725221171857348,0.4913584194868974
UGC06983,external_151,ordinary_disk,4,1.6168950527014765e+20,5.24,98.2,1.6399543556515023e-11,0.2664770129588877,0.16874683963193257,0.30196126741585344,0.3314710503753165,1.092677946177145,0.6624490322407399,0.5881634847745792
UGC06983,external_151,ordinary_disk,5,1.8853490022912256e+20,6.110000000000001,99.7,1.4832951786911324e-11,0.24320546155584005,0.13824873120655695,0.2746120740926501,0.3628715558248842,1.1312174066592846,0.7248227167529452,0.6559145006192739
UGC06983,external_151,ordinary_disk,6,2.1538029518809743e+20,6.98,102.0,1.3446475721724681e-11,0.21888476954007768,0.11649563842883474,0.2489883859920748,0.38889654866136597,1.1584253127183208,0.7751573781458241,0.7101783671789623
UGC06983,external_151,ordinary_disk,7,2.422256901470723e+20,7.85,107.0,1.2059999656538038e-11,0.1945640775243153,0.09474254565111254,0.2233646978914995,0.41049806819904633,1.1800425072532335,0.8253403243648038,0.7631279894676886
UGC06983,external_151,ordinary_disk,8,2.6907108510604722e+20,8.72,108.0,1.089916568957996e-11,0.17479493348682915,0.07974578054139679,0.20231641484378882,0.42888866123414654,1.196423465587284,0.8610751629070108,0.8014346367077821
UGC06983,external_151,ordinary_disk,9,2.9622504782317126e+20,9.6,110.0,9.883034458241845e-12,0.15798658171336433,0.0693089482554303,0.1842309314347878,0.44466467330784565,1.2090605063869477,0.8867696898853306,0.8293814398687664
UGC06983,external_151,ordinary_disk,10,3.2307044278214617e+20,10.47,113.0,8.87845017271439e-12,0.14136923393732523,0.058990716336349794,0.16635096488270726,0.4581790195513382,1.2196072750730833,0.9106376471547726,0.8550562642739474
UGC06983,external_151,ordinary_disk,11,3.5022440549927014e+20,11.35,110.0,8.010796822244471e-12,0.12729147343360278,0.050989372689883905,0.15110473902288138,0.4697003917221687,1.2280652957279856,0.9284642797532735,0.8744651568104271
UGC06983,external_151,ordinary_disk,12,3.761440971837976e+20,12.189999999999998,108.0,7.346002085063952e-12,0.11685899310686469,0.04603230842468794,0.13967650721862795,0.4802142675388245,1.2351078473331305,0.9395879518182676,0.8871436617109292
UGC06983,external_151,ordinary_disk,13,4.048408986916673e+20,13.12,109.0,6.609979340328376e-12,0.10530874703083323,0.04054413013107812,0.12702382200677592,0.48931798337984056,1.2411342680807602,0.9510217125760606,0.89981090236167
UGC06983,external_151,ordinary_disk,14,4.3014345485989655e+20,13.94,108.0,6.027329731331876e-12,0.09627749936690005,0.03639154036103334,0.11707066483244186,0.4973848343889138,1.2462643342290898,0.9591370974305401,0.9090701999436088
UGC06983,external_151,ordinary_disk,15,4.5853168860961715e+20,14.86,108.0,5.5308474885193274e-12,0.08887800953781284,0.033359956440315065,0.10875569318616489,0.5046536945744344,1.2506560072676596,0.9649893638315491,0.9159594787365414
UGC06983,external_151,ordinary_disk,16,4.838342447778464e+20,15.68,109.0,5.088330706882056e-12,0.0822828120814525,0.03065789251097921,0.1013445228057876,0.5108666873621417,1.2543458939885461,0.9698661662071055,0.9217084422359934
UGC07089,external_151,low_mass_dwarf,0,2.6845394958974894e+19,0.87,20.9,1.4124158636850982e-11,0.37357640473767445,0.332101356760101,0.4103692110405876,0.09923318797211855,0.6288819820688245,0.4232192078525335,0.248954890335202
UGC07089,external_151,low_mass_dwarf,1,5.369078991794979e+19,1.74,36.4,1.3180323988798418e-11,0.2814597671223848,0.2885073480195652,0.36216689049746786,0.1717674525271738,0.7944563596345183,0.48902670741772963,0.3489121427218478
UGC07089,external_151,low_mass_dwarf,2,8.053618487692468e+19,2.61,43.4,1.1749349540639562e-11,0.25766843753487806,0.21083372805228418,0.31667341839243285,0.22683187185294756,0.9285462234620264,0.5996446360482403,0.48016542856858396
UGC07089,external_151,low_mass_dwarf,3,1.0799871535219786e+20,3.5000000000000004,51.2,1.039355328383769e-11,0.23030186467740457,0.1476831838123127,0.2732922504315979,0.26878639055238124,1.0138391650860026,0.7124502914229216,0.6047758976936674
UGC07089,external_151,low_mass_dwarf,4,1.3484411031117275e+20,4.37,59.7,9.241213906665998e-12,0.19870297850120405,0.1120563336595923,0.23594102172095582,0.301153172179676,1.0645280773801193,0.7908971793293683,0.6916871812934512
UGC07089,external_151,low_mass_dwarf,5,1.6168950527014765e+20,5.24,64.5,8.175161011453223e-12,0.1709952978414043,0.08577557429686138,0.2035982952772752,0.32686472369594716,1.0997906342484125,0.8513263954881699,0.7586274845122007
UGC07089,external_151,low_mass_dwarf,6,1.8853490022912256e+20,6.110000000000001,67.9,7.174118986224071e-12,0.14621937022290651,0.06653644508765165,0.17502912735977422,0.34252092719206667,1.1196310130038423,0.8956896339982768,0.8060665886326831
UGC07089,external_151,low_mass_dwarf,7,2.0211188158768454e+20,6.55,72.8,6.724763137239478e-12,0.13533439473399686,0.05905401397436059,0.16254661392027675,0.3518190636811366,1.1302265903048039,0.9124168342633775,0.8252890952175912
UGC07089,external_151,low_mass_dwarf,8,2.1538029518809743e+20,6.98,70.3,6.338823850202567e-12,0.1262348103112697,0.053842661619021154,0.15218574164405568,0.3643944632301808,1.1432159392520465,0.9242649414614486,0.8410549896627489
UGC07089,external_151,low_mass_dwarf,9,2.422256901470723e+20,7.85,73.7,5.557969943872072e-12,0.10782402322342644,0.043298762667520446,0.13122304657356193,0.3783144354708385,1.1573095998631149,0.9462367617760219,0.8664930456114626
UGC07089,external_151,low_mass_dwarf,10,2.6907108510604722e+20,8.72,77.6,4.957079687147945e-12,0.09443089416648241,0.03683022256840864,0.11582011603144134,0.38723192796846556,1.1656877140447601,0.9590883536683439,0.8814593551226237
UGC07089,external_151,low_mass_dwarf,11,2.8264806646460924e+20,9.16,79.1,4.659488505978308e-12,0.08783321577121452,0.03370160957756647,0.10822498597897712,0.3926999493709408,1.1706640608810397,0.9648099444416268,0.8885991044315686
UGC07125,external_151,low_mass_dwarf,0,4.443375717347569e+19,1.4400000000000002,26.1,9.983851867950446e-12,0.27490337050086217,0.15791916774360626,0.29742436943763095,0.11673013800916322,0.6999910770729303,0.6804155566976116,0.43833109269369164
UGC07125,external_151,low_mass_dwarf,1,8.886751434695138e+19,2.8800000000000003,43.0,9.252672384702762e-12,0.21634279009983082,0.1296319686421119,0.25288620155503727,0.19673154916284571,0.8907319693309574,0.7531133546987747,0.5855699208950016
UGC07125,external_151,low_mass_dwarf,2,1.336098392785762e+20,4.33,48.5,8.419597440357486e-12,0.1686415295570209,0.10365483303950446,0.21349303887041274,0.2536070209108551,0.9923566736566466,0.8188024200279309,0.6855969720085107
UGC07125,external_151,low_mass_dwarf,3,1.7773502869390275e+20,5.760000000000001,52.5,7.354406167093102e-12,0.1499450052222575,0.08434270883228234,0.18836699709959923,0.2973505214906011,1.0598059926769587,0.8629067081549783,0.7526795412622279
UGC07125,external_151,low_mass_dwarf,4,2.2216878586737843e+20,7.2,56.4,6.28176600380589e-12,0.1311177359620762,0.06489553480542931,0.16306524874297584,0.3313902351317848,1.1052007026254862,0.9043046177331491,0.8080452938052596
UGC07125,external_151,low_mass_dwarf,5,2.6660254304085413e+20,8.64,58.5,5.497843999307106e-12,0.11598597201109474,0.052595652924902515,0.14399235521521458,0.3588189746023417,1.1364242400812927,0.9295980798756441,0.8432704640052189
UGC07125,external_151,low_mass_dwarf,6,3.110363002143298e+20,10.08,61.5,4.947117430752823e-12,0.1038390392713901,0.04606858393179307,0.12995045981845743,0.381326461620002,1.1585062442708545,0.9435152013221098,0.8644538832552366
UGC07125,external_151,low_mass_dwarf,7,3.539272185970598e+20,11.47,64.6,4.415513312495563e-12,0.09211387502959185,0.03976814927872215,0.11639613023408765,0.40076660623252286,1.1761858065987392,0.9557592547515391,0.8823056860161034
UGC07125,external_151,low_mass_dwarf,8,4.011380855938777e+20,13.0,65.6,4.007731739007612e-12,0.08385857819633041,0.03562822017868207,0.10661864888784997,0.41769903501082756,1.1904207270984037,0.9634038272084774,0.8945447818780528
UGC07125,external_151,low_mass_dwarf,9,4.4495470725105517e+20,14.420000000000002,65.4,3.668606031513024e-12,0.0772283141512141,0.03240585993538812,0.09868458563798771,0.4320006011026511,1.2017380816829877,0.9690114136433077,0.9037654383071114
UGC07125,external_151,low_mass_dwarf,10,4.8877132890823256e+20,15.84,65.5,3.3416987467483953e-12,0.07083909591771442,0.029315586607691176,0.09102798746213021,0.4445834936826388,1.2112453094732072,0.9740082124470062,0.9117251544173894
UGC07125,external_151,low_mass_dwarf,11,5.3258795056541e+20,17.26,65.1,3.115831029947899e-12,0.06644319263194434,0.02731759869036159,0.08566587130102887,0.45592636971704004,1.2193776186301124,0.9771332651663025,0.9174160546415329
UGC07125,external_151,low_mass_dwarf,12,5.7640457222258734e+20,18.68,64.9,2.8899633131474036e-12,0.06204728934617429,0.02531961077303201,0.08030375513992756,0.46614645574357216,1.226446974947053,0.9800725780273224,0.9225377117825783
UGC07151,external_151,bulge_rich_hsb,0,1.5428387907456836e+19,0.5,24.2,2.898405246124131e-11,0.5861196278300242,0.9511146971884078,0.6005671484614169,0.08480040761520419,0.5113844215990607,0.14898505979164592,0.07291105721343691
UGC07151,external_151,bulge_rich_hsb,1,3.085677581491367e+19,1.0,42.0,2.6807043583042647e-11,0.45605639426839223,0.8140175298726917,0.5577174807257416,0.151611047195676,0.6453365408059989,0.18050808497895404,0.10856971666351777
UGC07151,external_151,bulge_rich_hsb,2,4.628516372237051e+19,1.5,59.4,2.3533021732316923e-11,0.4293901230447013,0.6290103994004813,0.5087488527076469,0.20457932725797912,0.7938753596781215,0.23809052218174612,0.169776538426612
UGC07151,external_151,bulge_rich_hsb,3,6.171355162982734e+19,2.0,63.9,2.0025785565450253e-11,0.4247050429888286,0.4338180755224528,0.4584793930918449,0.24654825574230235,0.925341060506145,0.3345638055045208,0.2672582593887616
UGC07151,external_151,bulge_rich_hsb,4,7.683337177913505e+19,2.49,66.0,1.7338575672020855e-11,0.39893581076888673,0.31849685415662604,0.4151224130094387,0.28123313769183345,1.0072019560308703,0.43063506384879596,0.3640332007352812
UGC07151,external_151,bulge_rich_hsb,5,9.257032744474101e+19,3.0,67.2,1.497652005266848e-11,0.3598343005959045,0.2425200297882142,0.37342112440927755,0.30981389233434387,1.0602949176133194,0.5247633125238385,0.45785579149815786
UGC07151,external_151,bulge_rich_hsb,6,1.0769014759404872e+20,3.49,68.7,1.3004982555886504e-11,0.3241398145857713,0.1874353688222988,0.33728461497418977,0.33374292424533064,1.0988838084123203,0.6126735210819522,0.5457086145183636
UGC07151,external_151,bulge_rich_hsb,7,1.2342710325965468e+20,4.0,71.3,1.1312129102965362e-11,0.28924739060031385,0.1516991200725874,0.30441074392816714,0.35395834934994974,1.1254813668570691,0.6840935297854662,0.6173773381481947
UGC07151,external_151,bulge_rich_hsb,8,1.3854692340896239e+20,4.49,72.5,9.833282851399796e-12,0.25786524535172933,0.12231212576586441,0.27504846478043754,0.3713648054170841,1.146742910318384,0.7482690903818697,0.6819938650336728
UGC07151,external_151,bulge_rich_hsb,9,1.545924468327175e+20,5.01,74.0,8.658053314545785e-12,0.23028090329195372,0.10433700391249184,0.24982252049276663,0.38638137503388137,1.161902690433098,0.7932369676028462,0.7278435180533441
UGC07151,external_151,bulge_rich_hsb,10,1.697122669820252e+20,5.5,76.2,7.5948444205751e-12,0.20523866165728788,0.08833607502872262,0.22684910464749436,0.39902976339071333,1.174286982290556,0.8330628688629321,0.7684294405202822
UGC07232,external_151,low_mass_dwarf,0,6.47992292113187e+18,0.20999999999999996,16.4,2.8034079912195614e-11,0.7168647683775895,0.9032938769642229,0.6165744391809086,0.03665619371448944,0.45738845049058857,0.15221906885562356,0.06722093179245368
UGC07232,external_151,low_mass_dwarf,1,1.2651278084114604e+19,0.41,26.2,2.482941106725e-11,0.5116743595115629,0.9413111378507437,0.5920676116319055,0.07020255115712927,0.4479637912490488,0.15213294098581265,0.06589351345995756
UGC07232,external_151,low_mass_dwarf,2,1.9131201005246476e+19,0.62,35.2,2.0138779377295237e-11,0.5237591452884356,0.6691736958562632,0.5368529567914965,0.09866259090547372,0.5892260719400328,0.21774733201533403,0.12100606134618068
UGC07232,external_151,low_mass_dwarf,3,2.530255616822921e+19,0.82,44.0,1.5570668914629545e-11,0.5525759926379764,0.38625853664452625,0.48202497305089775,0.12219864867581015,0.7478074743285282,0.3494227841320851,0.23761898093965825
UGC07261,external_151,low_mass_dwarf,0,2.9313937024167985e+19,0.95,46.8,2.2619231931378183e-11,0.48393399926856917,0.47021284795635176,0.4729266380882373,0.12175421413684256,0.6904204316205351,0.31019661432511497,0.19755224454240003
UGC07261,external_151,low_mass_dwarf,1,5.862787404833597e+19,1.9,63.0,1.8501693464992507e-11,0.32951284857580965,0.2871968664292208,0.3790304201329562,0.2002091858344818,0.8716189791026168,0.47879798965093867,0.36645852494177267
UGC07261,external_151,low_mass_dwarf,2,8.82503788306531e+19,2.86,66.8,1.3131992965456315e-11,0.28109885075872887,0.16578054715606716,0.30242001891960735,0.25342198006438926,0.9964838729359088,0.6660656258864893,0.5592060636213495
UGC07261,external_151,low_mass_dwarf,3,1.1756431585482108e+20,3.8099999999999996,69.6,9.049360775671516e-12,0.2296953884354851,0.08413092175756938,0.23725075425540199,0.29027290052907234,1.0679928858611911,0.8336103375804603,0.7304386157449234
UGC07261,external_151,low_mass_dwarf,4,1.4687825287898907e+20,4.76,73.4,6.8821390154866905e-12,0.17285627308365115,0.06238299894172369,0.18864014852435002,0.3172109402243821,1.0978205963103091,0.8947109665188374,0.7964866219291563
UGC07261,external_151,low_mass_dwarf,5,1.765007576613062e+20,5.72,74.7,5.359981693324877e-12,0.13477636239512042,0.048777088440059416,0.154640361563863,0.3378145336709066,1.1190819085583612,0.9298614215348339,0.8365963828500381
UGC07261,external_151,low_mass_dwarf,6,2.058146946854742e+20,6.67,76.1,4.3206238281859774e-12,0.11062684131075425,0.041165412732823675,0.13156757893414678,0.3543048950135791,1.1350926952549596,0.9486222968219737,0.8599956462539243
UGC07323,external_151,low_mass_dwarf,0,1.7896929972649929e+19,0.58,23.9,2.045306476180336e-11,0.4780241136979365,0.619652162357519,0.5212253107587476,0.08666762694911673,0.5522462788960585,0.2364186969227114,0.12402546507950442
UGC07323,external_151,low_mass_dwarf,1,3.6102427703448994e+19,1.17,34.7,1.988650313794961e-11,0.3731947153861971,0.5912508891549924,0.49063450383686097,0.15501798803300856,0.6862450524652994,0.25635235584968774,0.16243426419199863
UGC07323,external_151,low_mass_dwarf,2,5.399935767609893e+19,1.7500000000000002,42.8,1.8869633278708675e-11,0.3584443671873142,0.4825004371532216,0.45412521196901345,0.20931841451189023,0.8279493375582769,0.3133660524056562,0.2308084742439681
UGC07323,external_151,low_mass_dwarf,3,7.1896287648748855e+19,2.33,51.3,1.781378170930977e-11,0.35117845423651667,0.36689884766865133,0.4170703270683922,0.25338277399218706,0.9399669321972218,0.3952215776288589,0.31915667829048144
UGC07323,external_151,low_mass_dwarf,4,8.979321762139878e+19,2.91,57.7,1.6683576733624702e-11,0.3311393329409045,0.2955613963122385,0.3834616834668891,0.29007217246507083,1.0119094096870729,0.46874310669818925,0.3974218931861683
UGC07323,external_151,low_mass_dwarf,5,1.0799871535219786e+20,3.5000000000000004,67.3,1.5518006403550496e-11,0.3080268377104793,0.23244712649795707,0.3500095666564867,0.3202988663493386,1.065873751117719,0.5513933991920092,0.48258608124303387
UGC07323,external_151,low_mass_dwarf,6,1.2558707756669865e+20,4.07,75.4,1.4307339994041435e-11,0.284225265443784,0.18933820319985734,0.3201257695656786,0.3455641457020377,1.1035809358132067,0.6226183369599433,0.5558898026865442
UGC07323,external_151,low_mass_dwarf,7,1.4348400753934859e+20,4.65,79.5,1.3045800801664826e-11,0.2594903703132551,0.1517303893908823,0.2905703102236532,0.367103350097779,1.1332538728582748,0.6940186528404112,0.6286391086065282
UGC07323,external_151,low_mass_dwarf,8,1.6138093751199852e+20,5.23,82.8,1.1864056011782687e-11,0.23510508546046882,0.12376061324361165,0.2632635727301478,0.3855829778237967,1.1555088841109677,0.7542521272590221,0.6901409896164441
UGC07323,external_151,low_mass_dwarf,9,1.7958643524279756e+20,5.82,85.6,1.070844639648397e-11,0.21050314341258763,0.10092636140562189,0.23679675097836,0.4014374246835162,1.1728786302302603,0.8071087916757393,0.7440492879275222
UGC07399,external_151,low_mass_dwarf,0,1.882263324709734e+19,0.61,47.3,2.1796394102501544e-11,0.5557049540961309,0.8032281785871296,0.5709382594859606,0.09703742782508624,0.5629389959110531,0.1790209956052472,0.09553884714442584
UGC07399,external_151,low_mass_dwarf,1,3.764526649419468e+19,1.22,70.4,2.036194295507837e-11,0.44867084262902385,0.6758456112548106,0.5274781819532347,0.17188703016804388,0.72341726129139,0.21906101871737496,0.14500742678379566
UGC07399,external_151,low_mass_dwarf,2,5.677646749944116e+19,1.84,83.7,1.8142722490213063e-11,0.41606924941126494,0.5322100076354768,0.4826477341742057,0.23026971881736566,0.8649553308907358,0.2802141194512273,0.21326151993092324
UGC07399,external_151,low_mass_dwarf,3,7.55991007465385e+19,2.45,89.1,1.578660139803579e-11,0.4012769593376694,0.38767774673463906,0.43839110771744566,0.276593938536221,0.9781774772176189,0.3704328269523962,0.3072669196792962
UGC07399,external_151,low_mass_dwarf,4,9.473030175178496e+19,3.07,91.7,1.3846707735197157e-11,0.3736381527515668,0.29498430122571917,0.3986216885945633,0.3141268726454027,1.0501592921098049,0.45958598416665014,0.3986919781565228
UGC07399,external_151,low_mass_dwarf,5,1.1355293499888232e+20,3.68,95.1,1.2188318976484946e-11,0.3395116062799517,0.23360607991341403,0.3623612552195021,0.3450184626407793,1.0976345167178707,0.5415657322458374,0.4820649307749552
UGC07399,external_151,low_mass_dwarf,6,1.3268413600412878e+20,4.3,96.9,1.068750568138198e-11,0.307176766691486,0.185697400443559,0.3292088360524308,0.3707661530275959,1.1328068083056406,0.6206044716352788,0.5620232433240542
UGC07399,external_151,low_mass_dwarf,7,1.5150676925122612e+20,4.91,100.0,9.415768839331942e-12,0.2779704912550207,0.15461257538233605,0.30069651735104463,0.3924050447291869,1.1574497254466047,0.682633635995139,0.6251433937235538
UGC07399,external_151,low_mass_dwarf,8,1.7032940249832345e+20,5.52,103.0,8.24685577735694e-12,0.2505988294829936,0.12767842999705661,0.2741152594649967,0.4108737366252043,1.1772363586772965,0.740748389836316,0.6841179852291754
UGC07399,external_151,low_mass_dwarf,9,1.891520357454208e+20,6.13,106.0,7.332880801174782e-12,0.2277758518328683,0.11103535084715649,0.25232181377037577,0.42690867864538123,1.191729755117228,0.7811484438771057,0.7256950741046676
UGC07524,external_151,low_mass_dwarf,0,1.0799871535219784e+19,0.35,14.4,7.89491206098702e-12,0.3105062909541311,0.1935404992583375,0.3341982831241318,0.033874072594983796,0.40647156786651645,0.6072349522085,0.24008300212533015
UGC07524,external_151,low_mass_dwarf,1,2.129117531229043e+19,0.69,24.4,7.822176116427457e-12,0.2912255219049567,0.1889394137042291,0.3229087031288322,0.06449300124645733,0.518378310944606,0.6210787376822536,0.3077272188628256
UGC07524,external_151,low_mass_dwarf,2,3.178247908936108e+19,1.03,29.2,7.749440171867895e-12,0.27194475285578223,0.1843383281501207,0.31161912313353257,0.09265184027259757,0.6100563816670534,0.6351490943073491,0.36388560008498344
UGC07524,external_151,low_mass_dwarf,3,4.258235062458086e+19,1.38,32.9,7.674564934821285e-12,0.2520969023639851,0.1796019165503032,0.29999749666778297,0.11820409975750767,0.6837930569309693,0.6498565020327632,0.41053896319974154
UGC07524,external_151,low_mass_dwarf,4,5.3073654401651515e+19,1.72,37.8,7.601828990261723e-12,0.2328161333148106,0.1750008309961948,0.28870791667248336,0.14147167028751256,0.7440529834767988,0.6643453318786132,0.44994472790079654
UGC07524,external_151,low_mass_dwarf,5,6.387352593687129e+19,2.07,42.0,7.52545197712199e-12,0.2133122586879929,0.17011563747710148,0.27714117360311274,0.16268049156558184,0.7935689847306641,0.6795969158144612,0.48445797128978413
UGC07524,external_151,low_mass_dwarf,6,7.436482971394195e+19,2.41,45.1,7.394183393615742e-12,0.20743815871777577,0.1597156858985353,0.26799070744716974,0.1822157573105904,0.8426490753568743,0.7002687368247379,0.5226866525912647
UGC07524,external_151,low_mass_dwarf,7,8.516470124916172e+19,2.76,47.6,7.259053969418136e-12,0.20139129110137582,0.1490098533911878,0.25857110993369903,0.20021935371908575,0.8844947876714151,0.7218671592788196,0.5584327837287977
UGC07524,external_151,low_mass_dwarf,8,9.565600502623239e+19,3.1,52.3,7.1277853859118896e-12,0.1955171911311587,0.13860990181262162,0.24942064377775605,0.2168503281913307,0.9204265723305748,0.7430956883467172,0.5914001150282304
UGC07524,external_151,low_mass_dwarf,9,1.0645587656145217e+20,3.45,57.3,6.992655961714283e-12,0.18947032351475876,0.1279040693052741,0.24000104626428534,0.23221305365532885,0.9516482821688277,0.7651278567068307,0.6230996036782065
UGC07524,external_151,low_mass_dwarf,10,1.1694718033852282e+20,3.79,61.4,6.861387378208037e-12,0.18359622354454164,0.11750411772670794,0.23085058010834236,0.24643188326578871,0.9788974567315586,0.7866218050170742,0.6528038466044
UGC07524,external_151,low_mass_dwarf,11,1.2774705187374259e+20,4.14,64.5,6.726103360621871e-12,0.17754295944581902,0.107041966528697,0.22151755002693027,0.2595893699851493,1.002878096213596,0.8083311511744361,0.6814413798587365
UGC07524,external_151,low_mass_dwarf,12,1.3823835565081326e+20,4.48,66.4,6.59182209132393e-12,0.17154420607619186,0.10139082875890972,0.21405409309573892,0.27169915568339115,1.022114380554237,0.8216716090786468,0.7010606612950826
UGC07524,external_151,low_mass_dwarf,13,1.487296594278839e+20,4.82,66.9,6.4575408220259885e-12,0.16554545270656473,0.09573969098912245,0.20659063616454756,0.2831807122358951,1.0395111771167578,0.834871419261354,0.7197899645224661
UGC07524,external_151,low_mass_dwarf,14,1.5952953096310368e+20,5.17,69.4,6.3193101036310496e-12,0.1593702654143015,0.08992234328492968,0.19890766579420358,0.2938983255812872,1.055106309395691,0.8482753976304218,0.7379594364823925
UGC07524,external_151,low_mass_dwarf,15,1.7002083474017432e+20,5.51,70.2,6.1850288343331084e-12,0.15337151204467436,0.0842712055151424,0.19144420886301222,0.3039154054719311,1.0691205134653727,0.8610799538028789,0.754975875589763
UGC07524,external_151,low_mass_dwarf,16,1.8082070627539413e+20,5.86,70.9,6.046798115938169e-12,0.14719632475241112,0.07845385781094961,0.1837612384926682,0.3132667412756525,1.0818015089291353,0.8739976923112773,0.7715699501074732
UGC07524,external_151,low_mass_dwarf,17,1.9131201005246477e+20,6.2,72.3,5.91184932734089e-12,0.14125796262777376,0.07290472790559832,0.176375848458696,0.3220089425832155,1.093259880237204,0.8860642480620714,0.786940105665125
UGC07524,external_151,low_mass_dwarf,18,2.0211188158768454e+20,6.55,73.9,5.759170329374753e-12,0.13638992794088167,0.06929531358294728,0.17038261553473996,0.33024529011018344,1.1032413134222943,0.8944006486070081,0.7984072414371819
UGC07524,external_151,low_mass_dwarf,19,2.126031853647552e+20,6.89,75.0,5.6108535884933624e-12,0.13166097995932935,0.06578902538380055,0.16456061783718268,0.3381236737102909,1.1124999082850484,0.9023130397968788,0.80920110024693
UGC07524,external_151,low_mass_dwarf,20,2.237116246581241e+20,7.25,75.5,5.453812333442479e-12,0.12665385856709746,0.0620764849376452,0.1583961496868279,0.3454291372553193,1.1208966377476361,0.9104758570910968,0.8198750688619703
UGC07524,external_151,low_mass_dwarf,21,2.3389436067704563e+20,7.58,77.1,5.309857849645835e-12,0.12206399729088489,0.05867332286200278,0.15274538721566933,0.3523228469559932,1.1285993045125848,0.9177504736738793,0.8294754346784786
UGC07524,external_151,low_mass_dwarf,22,2.4500279997041456e+20,7.94,77.0,5.152816594594952e-12,0.11705687589865302,0.054960782415847426,0.14658091906531454,0.35880317544783635,1.1357312050434676,0.9254443349847379,0.8392323444801992
UGC07524,external_151,low_mass_dwarf,23,2.5518553598933605e+20,8.27,77.0,5.009816494651286e-12,0.11254331044095202,0.051652527907811614,0.14102802494176273,0.36491677611453294,1.142273592086127,0.9321014953901022,0.8478214247562732
UGC07524,external_151,low_mass_dwarf,24,2.66293975282705e+20,8.63,78.2,4.866577098397305e-12,0.10863954396257947,0.04931249690089009,0.13627888366448992,0.37079800241121097,1.1482025587906517,0.937029271383505,0.8545971516049345
UGC07524,external_151,low_mass_dwarf,25,2.7678527905977565e+20,8.97,79.6,4.7312954463796575e-12,0.10495265339967208,0.04710246761657533,0.13179358356928783,0.3761456517116991,1.1534910059941832,0.9415504056512738,0.8607506997133819
UGC07524,external_151,low_mass_dwarf,26,2.8696801507869717e+20,9.3,80.3,4.599992666480175e-12,0.10137420079449726,0.04495743919356394,0.1274402040651211,0.38138144207267394,1.1585685651511597,0.9458108527456529,0.8665807894658399
UGC07524,external_151,low_mass_dwarf,27,2.9807645437206607e+20,9.66,81.2,4.456753270226195e-12,0.09747043431612473,0.042617408186642426,0.12269106278784832,0.38633975012782035,1.1633195003577108,0.9503104060792235,0.8725024709100572
UGC07524,external_151,low_mass_dwarf,28,3.0825919039098755e+20,9.99,82.3,4.3254504903267134e-12,0.09389198171094992,0.040472379763631036,0.1183376832836816,0.39104740031908203,1.1677469942002991,0.9542949257445256,0.8778265553255507
UGC07524,external_151,low_mass_dwarf,29,3.193676296843565e+20,10.35,83.8,4.184828901210949e-12,0.09009891357182988,0.038227964466202434,0.11372203746203896,0.3955679804644511,1.1719422509364683,0.9583375954743715,0.8831144509240247
UGC07524,external_151,low_mass_dwarf,30,3.2985893346142716e+20,10.690000000000001,79.0,4.06995337508047e-12,0.08727493006319305,0.03676327129783728,0.11027735072340765,0.3997654181988809,1.1756675712162734,0.9610380179690836,0.886987165672489
UGC07559,external_151,low_mass_dwarf,0,1.1108439293368922e+19,0.36000000000000004,9.31,7.326871506042332e-12,0.38137595099933275,0.32935594838764515,0.4124451830104362,0.04380905724683641,0.4512667474902756,0.4240139909813556,0.1849149708946465
UGC07559,external_151,low_mass_dwarf,1,2.2216878586737844e+19,0.7200000000000001,15.9,6.599994461335453e-12,0.2846699880423677,0.29706847696864963,0.36701490094530187,0.07968615661888141,0.531612638115788,0.4784035307180426,0.24251426911585408
UGC07559,external_151,low_mass_dwarf,2,3.3325317880106766e+19,1.08,21.4,5.6344802149791404e-12,0.27156946104424573,0.22001305544907535,0.3279685925112485,0.10994339237246256,0.651955726069076,0.580863884961273,0.3524346135736138
UGC07559,external_151,low_mass_dwarf,3,4.474232493162482e+19,1.45,26.1,4.8580919931315166e-12,0.25250624310144715,0.16451021083216105,0.2936907986580979,0.1350592140841168,0.7397936497830774,0.6742400218334307,0.4545291437631493
UGC07559,external_151,low_mass_dwarf,4,5.554219646684461e+19,1.8,29.7,4.363992014244936e-12,0.22824270436085753,0.13837493443737334,0.2677796804372933,0.15675477739976632,0.798572306599524,0.7296394349658768,0.5226849992843571
UGC07559,external_151,low_mass_dwarf,5,6.6959203518362665e+19,2.17,31.1,3.96073689476585e-12,0.20766085847796706,0.11868756800691643,0.24569330797487318,0.17598246598871486,0.8461349947846717,0.7742290658261374,0.579683853493857
UGC07559,external_151,low_mass_dwarf,6,7.806764281173157e+19,2.5299999999999994,32.1,3.623993740863398e-12,0.19000225610481591,0.10324111966425659,0.22668162085343127,0.19273278654331266,0.884336748915415,0.8103539616476211,0.626804564950148
UGC07577,external_151,low_mass_dwarf,0,5.862787404833597e+18,0.19,3.74,3.002688728975545e-12,0.2746222637943853,0.21728879584848856,0.329025843325009,0.01892502043501944,0.3086891362779063,0.5831120398389658,0.17715526600825257
UGC07577,external_151,low_mass_dwarf,1,1.1725574809667195e+19,0.38,5.4,3.0060122350609244e-12,0.22180273689827434,0.22719625202605054,0.30959255817996306,0.03608961378169023,0.3430644419639916,0.5870671380027884,0.19747443774517
UGC07577,external_151,low_mass_dwarf,2,1.758836221450079e+19,0.57,7.31,3.00635423388385e-12,0.2033067182466947,0.2042518298355761,0.2888575876195924,0.05117063771748591,0.4008317067337002,0.6289320405340341,0.2453993829291066
UGC07577,external_151,low_mass_dwarf,3,2.3142581861185253e+19,0.75,8.85,3.005788009842211e-12,0.19603253902014847,0.17270604551764296,0.2688252721084939,0.06478792466868043,0.462560345180051,0.682930661830236,0.30475156109641394
UGC07577,external_151,low_mass_dwarf,4,2.900536926601885e+19,0.94,10.7,2.980235903674639e-12,0.1869452054616219,0.14559183819789864,0.2492094305151246,0.07739443243621069,0.516963898110896,0.7337679930655661,0.36265974140967777
UGC07577,external_151,low_mass_dwarf,5,3.4868156670852444e+19,1.13,12.4,2.926326496103964e-12,0.176256697739642,0.1255050406183899,0.23133152112063315,0.0887961577301327,0.562164780058403,0.7749939103707802,0.4130865355437636
UGC07577,external_151,low_mass_dwarf,6,4.073094407568605e+19,1.3200000000000003,14.1,2.858113035023426e-12,0.1655704508554291,0.10682818553738838,0.21394304301704387,0.09909285369065839,0.6017860594510792,0.8139667109234139,0.46079931030261295
UGC07577,external_151,low_mass_dwarf,7,4.659373148051965e+19,1.5100000000000002,15.9,2.7415883343924207e-12,0.15489183983994886,0.09291334213026672,0.19820759510674674,0.1081835692069718,0.634248660481193,0.8444795478294246,0.5004153271339005
UGC07577,external_151,low_mass_dwarf,8,5.21479511272041e+19,1.69,17.8,2.6311965127419947e-12,0.14477526098317814,0.07973085890246727,0.18330032866541263,0.11620795593996192,0.6623300816395715,0.872488488999414,0.5365419721831461
UGC07603,external_151,bulge_rich_hsb,0,1.049130377707065e+19,0.34,19.6,2.3941138521591357e-11,0.6177581633052744,0.6999764733545764,0.561218215329966,0.05560512752357556,0.5102205375821102,0.20290579475304002,0.09909304372960567
UGC07603,external_151,bulge_rich_hsb,1,2.09826075541413e+19,0.68,32.5,2.100489704301537e-11,0.45429318959137766,0.5916848393724055,0.5086126736495964,0.10091283206856688,0.5874138623181138,0.24941486766287116,0.13822827311984878
UGC07603,external_151,bulge_rich_hsb,2,3.1473911331211944e+19,1.02,41.9,1.7109281025895653e-11,0.4207619965595566,0.43555596162772614,0.4558788424312148,0.13850303151504115,0.7171186167937507,0.3349402116774146,0.22012796478513277
UGC07603,external_151,bulge_rich_hsb,3,4.227378286643173e+19,1.37,50.6,1.2870831186494354e-11,0.4171587743563064,0.2634534968527982,0.4015634931970943,0.1691032602109973,0.8477699806336227,0.48592445354521996,0.36434944162898203
UGC07603,external_151,bulge_rich_hsb,4,5.2765086643502375e+19,1.71,57.0,1.0293623653542686e-11,0.37857619552513744,0.18557067047701517,0.35854262214319227,0.19428573232646948,0.9160554688636297,0.6004743935572345,0.47629974785701823
UGC07603,external_151,bulge_rich_hsb,5,6.325639042057302e+19,2.05,60.5,8.53143955408777e-12,0.32142853044894415,0.15494549107853675,0.32067741033882297,0.21554970068300058,0.949903622487062,0.6680583711085388,0.5433715825067499
UGC07603,external_151,bulge_rich_hsb,6,7.374769419764368e+19,2.39,60.5,7.1772141139883066e-12,0.27734551238872424,0.13231429419503446,0.2900680388749573,0.23410233971727204,0.9782764503018593,0.7226470094626865,0.5994617684490183
UGC07603,external_151,bulge_rich_hsb,7,8.454756573286346e+19,2.74,60.0,6.2639956941092526e-12,0.24736447570264652,0.11843951682619486,0.26711042941761187,0.25042703719047277,1.0020969788477307,0.7596681241543626,0.640097984349428
UGC07603,external_151,bulge_rich_hsb,8,9.50388695099341e+19,3.08,61.5,5.49889377938194e-12,0.22186387155732404,0.10653315622490975,0.24704442166277232,0.26471189647470567,1.0221104222059152,0.7916501682211837,0.6754443519574944
UGC07603,external_151,bulge_rich_hsb,9,1.0553017328700475e+20,3.42,61.5,5.008099085446595e-12,0.20450952275914633,0.09816058826602288,0.2320041273715901,0.27764004623411803,1.039885022105251,0.8145069445523055,0.7023868197822187
UGC07603,external_151,bulge_rich_hsb,10,1.160214770640754e+20,3.76,63.0,4.5385153918230584e-12,0.18778669710882342,0.09000016640740825,0.2173539828314133,0.28951537357091717,1.0555480279547698,0.8363868799032019,0.7277991055388583
UGC07603,external_151,bulge_rich_hsb,11,1.268213485992952e+20,4.11,64.0,4.215015223960602e-12,0.1753326324237385,0.08319895236091726,0.20521401621636873,0.30052949101597615,1.0698881543587668,0.8541635992373945,0.7492268668813382
UGC07608,external_151,low_mass_dwarf,0,1.8514065488948204e+19,0.6,14.6,4.734937385476934e-12,0.31495248194137826,0.2346507013546943,0.3529575274229724,0.06037792930839536,0.5016996590025039,0.5469809264854895,0.2630521179966578
UGC07608,external_151,low_mass_dwarf,1,3.6719563219747267e+19,1.19,31.5,4.595429048952212e-12,0.2554321812770239,0.21397558708648515,0.31932592919745467,0.10943702518688785,0.6443296800197014,0.5940783934908341,0.35684070270407425
UGC07608,external_151,low_mass_dwarf,2,5.5233628708695474e+19,1.79,44.8,4.3833413171380515e-12,0.23911380336982205,0.17745820644947738,0.29319627081896826,0.15017684900384753,0.7693127470429482,0.6577645498442292,0.4575684417848587
UGC07608,external_151,low_mass_dwarf,3,7.343912643949453e+19,2.38,50.6,4.1797583652791316e-12,0.2229031125343848,0.14406494825394509,0.26830791318975433,0.18459877713740214,0.860595064874262,0.7212209458990945,0.5468518419758441
UGC07608,external_151,low_mass_dwarf,4,9.226175968659189e+19,2.99,55.6,3.99822422393112e-12,0.20518594908730203,0.12419238209022451,0.24726966737572273,0.21417705132279,0.9245069291304818,0.7650582064493529,0.6107642656550185
UGC07608,external_151,low_mass_dwarf,5,1.1077582517554007e+20,3.59,61.4,3.812409645260598e-12,0.18860328155793163,0.10639143840259752,0.22765158902361954,0.2391662691602945,0.9726336080130344,0.8050221790956797,0.6652474889853822
UGC07608,external_151,low_mass_dwarf,6,1.2898132290633913e+20,4.18,66.0,3.608918960028885e-12,0.17471326718478372,0.09388502514887762,0.21143869237193302,0.2609930777561942,1.0097364839518177,0.8343698504815382,0.7064539949111445
UGC07608,external_151,low_mass_dwarf,7,1.4749538839528736e+20,4.78,69.3,3.4035526005923218e-12,0.16132782973672488,0.08246759414158637,0.1958913080902436,0.2802828595145156,1.0397435921095024,0.8609209356768726,0.7423500832815371
UGC07690,external_151,low_mass_dwarf,0,1.8205497730799065e+19,0.59,45.3,5.538404527311344e-11,0.688701049551377,1.1488806003037224,0.6364283979217766,0.10383421108326059,0.5480415204539405,0.12031084860424535,0.0626839463640128
UGC07690,external_151,low_mass_dwarf,1,3.641099546159813e+19,1.18,59.8,4.160152559333179e-11,0.5727248612140093,0.7194405037120816,0.557945499174837,0.1786054399639548,0.7630809680768276,0.19943814645556515,0.13784194784258952
UGC07690,external_151,low_mass_dwarf,2,5.46164931923972e+19,1.77,60.7,2.5394161686676987e-11,0.6325724176941205,0.30580943339191125,0.4806472715745237,0.23368473076634502,1.0002241754529786,0.4048804782239155,0.3407442063208621
UGC07690,external_151,low_mass_dwarf,3,7.282199092319626e+19,2.36,58.8,1.7719676848639773e-11,0.5113862448333995,0.1969473576960823,0.409379815303948,0.2750868380963509,1.065152514010295,0.5536293164022394,0.48434970036212205
UGC07690,external_151,low_mass_dwarf,4,9.102748865399533e+19,2.9499999999999997,57.9,1.2625726928559898e-11,0.37474830148746885,0.15843498460608124,0.3470975550967504,0.30683906402127087,1.0890670969959086,0.6451929430780999,0.5717668083900659
UGC07690,external_151,low_mass_dwarf,5,1.092329863847944e+20,3.54,56.9,1.0035452223678549e-11,0.30956058215356635,0.1401808540910974,0.3092857706332477,0.33287676544795664,1.1117472741298466,0.6975643811381324,0.6253485148808586
UGC07690,external_151,low_mass_dwarf,6,1.2743848411559346e+20,4.13,55.9,8.27592313795493e-12,0.2657737559889872,0.12563321899826296,0.28084020392700715,0.3548810720413594,1.131450852578583,0.7391919482992255,0.6689910795053039
UGC07866,external_151,low_mass_dwarf,0,1.0182736018921513e+19,0.33000000000000007,12.2,6.9294148360321535e-12,0.3680432389530204,0.33660303794992885,0.41108037231144656,0.04017743277343167,0.42759497281135095,0.41951429093555137,0.17396565932016422
UGC07866,external_151,low_mass_dwarf,1,2.0365472037843026e+19,0.6600000000000001,19.4,6.3227654966629765e-12,0.2790177681903687,0.30653326106950096,0.3682294250438593,0.0740082069704166,0.5054682862364822,0.4697602050510237,0.2274659802850685
UGC07866,external_151,low_mass_dwarf,2,3.085677581491367e+19,1.0,23.9,5.486506664681441e-12,0.2663426755833169,0.2186278246253855,0.32522302768976136,0.10196435638152855,0.6244103173512163,0.5844439612355526,0.34167702100687863
UGC07866,external_151,low_mass_dwarf,3,4.1039511833835184e+19,1.33,26.0,4.85571230868565e-12,0.24604886756116887,0.16574273688784874,0.29084202787733143,0.12557292660517996,0.7087639109496885,0.6747412788968066,0.4391863120733274
UGC07866,external_151,low_mass_dwarf,4,5.153081561090583e+19,1.67,28.2,4.317113690424081e-12,0.220221935009879,0.1312162517519097,0.2599490029186433,0.14564740395988263,0.7687235233457663,0.7456591426374702,0.518395863276028
UGC07866,external_151,low_mass_dwarf,5,6.171355162982734e+19,2.0,30.6,3.9119229889128324e-12,0.20029082586898495,0.1117741077562933,0.23737796262422295,0.1626770046995041,0.8136140834969227,0.7903094782454129,0.5743766523588675
UGC07866,external_151,low_mass_dwarf,6,7.1587719890599715e+19,2.32,33.1,3.5479087206052775e-12,0.18200980033172529,0.0951598341711923,0.2168945900722509,0.1774278284662316,0.8499683815976237,0.8289148495346098,0.6227301861998668
UGC08286,external_151,bulge_rich_hsb,0,1.4502684633009424e+19,0.47,22.2,1.5673131605940356e-11,0.4994780949336876,0.4401310286744397,0.47563677925812303,0.06581149143449083,0.5557306046312822,0.32326627736637653,0.17054368290838218
UGC08286,external_151,bulge_rich_hsb,1,2.9313937024167985e+19,0.95,43.4,1.4327801779503758e-11,0.40050721222840413,0.36187897840529204,0.4234150373897298,0.11700369671591838,0.6805460355907739,0.39490571443244976,0.24848159136147158
UGC08286,external_151,bulge_rich_hsb,2,4.381662165717741e+19,1.42,60.2,1.295630472687329e-11,0.31094063476363004,0.28692528152796093,0.37362759175275323,0.15773163894864006,0.7737666761075163,0.48261802452260977,0.33727009249710616
UGC08286,external_151,bulge_rich_hsb,3,5.862787404833597e+19,1.9,69.6,1.1050131945684875e-11,0.2879536104777999,0.22593579497114447,0.33533865002317426,0.19121368932955896,0.8638861464877648,0.5689414698747983,0.4326073349106648
UGC08286,external_151,bulge_rich_hsb,4,7.31305586813454e+19,2.37,72.5,9.183671097437886e-12,0.2654454825312579,0.166216922717595,0.29784739457962817,0.21851579876335886,0.9338993419703384,0.6688637620955094,0.5377296771241146
UGC08286,external_151,bulge_rich_hsb,5,8.763324331435481e+19,2.84,74.3,7.521069601527635e-12,0.24228945963732193,0.11546338863735668,0.26311556796322555,0.240911399445702,0.986786675255652,0.7669875367089151,0.6398659077560694
UGC08286,external_151,bulge_rich_hsb,6,1.0182736018921511e+20,3.3,75.8,6.7052012361120455e-12,0.21704750124964217,0.10147169291344732,0.24010522156783187,0.26045949454904194,1.016615584371794,0.8040919705832529,0.6837450187808385
UGC08286,external_151,bulge_rich_hsb,7,1.1663861258037368e+20,3.78,77.2,5.8538603330696906e-12,0.1907080664103242,0.08687166259284626,0.2160944253291602,0.2773855715732253,1.0408031452801694,0.8419458641561609,0.7264397467312272
UGC08286,external_151,bulge_rich_hsb,8,1.311412972133831e+20,4.25,79.3,5.127563316880354e-12,0.1684159291031753,0.07479521905051463,0.1954852875763544,0.29204346157692807,1.0606186938181459,0.8724377002708849,0.7613395445252533
UGC08286,external_151,bulge_rich_hsb,9,1.4595254960454168e+20,4.73,81.3,4.675046114492722e-12,0.15507937695763896,0.06844397019071682,0.18225807308545164,0.3051838270709146,1.077260512652472,0.8890906838550604,0.7829895364942576
UGC08286,external_151,bulge_rich_hsb,10,1.6045523423755108e+20,5.2,81.6,4.2319563538215005e-12,0.14202066964846802,0.062225039015498154,0.1693064255631094,0.3168388972713617,1.091339864421007,0.9046900121533697,0.8026824010097784
UGC08286,external_151,bulge_rich_hsb,11,1.749579188705605e+20,5.67,82.1,3.8574119491270915e-12,0.1308858248490495,0.0569677486592007,0.15806795636775922,0.32748312868859036,1.1036904534859482,0.9173909990724036,0.8191157293691559
UGC08286,external_151,bulge_rich_hsb,12,1.897691712617191e+20,6.15,82.9,3.5923351383560577e-12,0.12281016218472715,0.053246150329689275,0.14952550588375846,0.33725126090334967,1.1145983197786526,0.9262547672569815,0.8315303090193988
UGC08286,external_151,bulge_rich_hsb,13,2.042718558947285e+20,6.62,83.2,3.3327807611427532e-12,0.11490274249257819,0.049602085298709346,0.14116102311817438,0.3462160915445772,1.1242606119222343,0.9345630092017593,0.842927742360187
UGC08286,external_151,bulge_rich_hsb,14,2.1908310828588705e+20,7.1,83.5,3.1098399175071136e-12,0.10793649504546096,0.0463458527858452,0.13360559070860661,0.35448051138942605,1.132909559651047,0.9416899460792013,0.8528412657737342
UGC08286,external_151,bulge_rich_hsb,15,2.335857929188965e+20,7.57,83.8,2.9356785232315026e-12,0.1022774223393726,0.04364490068052932,0.12724140420579547,0.36207944777902945,1.1406529243730112,0.9473874226115752,0.86108607488457
UGC08286,external_151,bulge_rich_hsb,16,2.480884775519059e+20,8.04,84.3,2.7615171289558924e-12,0.09661834963328429,0.040943948575213454,0.12087721770298432,0.3691344357017752,1.147653638715086,0.9528420318638693,0.8688041940740735
UGC08490,external_151,low_mass_dwarf,0,1.049130377707065e+19,0.34,38.8,4.0710101066280284e-11,0.725675329018662,0.9887363320582409,0.6174302716405363,0.060835758769123206,0.5016398266578966,0.14075075907128584,0.0676819697226384
UGC08490,external_151,low_mass_dwarf,1,2.09826075541413e+19,0.68,50.1,3.714141604109991e-11,0.6316066325638843,0.8075310079896147,0.5693438657769424,0.11072226347612125,0.6220227285608747,0.17864709013656582,0.10409412685178442
UGC08490,external_151,low_mass_dwarf,2,3.1473911331211944e+19,1.02,60.2,3.3572731015919537e-11,0.5375379361091066,0.6263256839209888,0.5212574599133486,0.1519636840275342,0.7279108493092948,0.2344792690405216,0.15600173057488104
UGC08490,external_151,low_mass_dwarf,3,4.19652151082826e+19,1.36,68.2,2.991236873373038e-11,0.45139598391097074,0.45423732695529334,0.47464443999163947,0.18583938498654148,0.8225235132115651,0.31685555419890915,0.23221237555008406
UGC08490,external_151,low_mass_dwarf,4,5.21479511272041e+19,1.69,72.8,2.5513175127421226e-11,0.4409780950202176,0.37139062371955783,0.44300669278722016,0.21510302752627927,0.9009644346209009,0.37803105496515604,0.29634839071673563
UGC08490,external_151,low_mass_dwarf,5,6.263925490427475e+19,2.03,75.3,2.098067262395119e-11,0.43024451252671436,0.2860334143251636,0.41041022597054566,0.24076194085672087,0.9695610758895677,0.4600005631518904,0.3793337191312543
UGC08490,external_151,low_mass_dwarf,6,7.31305586813454e+19,2.37,76.6,1.6448170120481146e-11,0.4195109300332111,0.20067620493076938,0.3778137591538712,0.262626396986013,1.0290826305127292,0.5687692296061891,0.48733646266467423
UGC08490,external_151,low_mass_dwarf,7,8.331329470026691e+19,2.7,77.6,1.2471344548842736e-11,0.4050997640302891,0.1283654747419977,0.3475507369862602,0.2819327560228865,1.0770860142936411,0.691498299850165,0.6089200017668365
UGC08490,external_151,low_mass_dwarf,8,9.41131662354867e+19,3.0500000000000003,78.5,1.1114082753132629e-11,0.3627698172220465,0.12302954805682814,0.32476423001232907,0.29908142190969017,1.090819136357106,0.714512334920543,0.6337763391175527
UGC08490,external_151,low_mass_dwarf,9,1.042959022544082e+20,3.38,78.2,9.834378774320243e-12,0.32285872451713205,0.11799853146795398,0.30327980915119396,0.3141521489449416,1.102047970181345,0.7364498451556298,0.6570122715222798
UGC08490,external_151,low_mass_dwarf,10,1.1478720603147887e+20,3.72,78.8,8.515895887058995e-12,0.28173820476055345,0.11281505983093211,0.28114434523366083,0.32775144641908627,1.111180701368837,0.7592016216176035,0.680414010878599
UGC08490,external_151,low_mass_dwarf,11,1.252785098085495e+20,4.06,79.2,7.377487285083623e-12,0.24692649554858692,0.10791027495001042,0.2617997227478597,0.33976286654223764,1.11941859949521,0.7797217449926457,0.7016302606436087
UGC08490,external_151,low_mass_dwarf,12,1.35461245827471e+20,4.39,79.2,6.869317053449115e-12,0.2340456933262501,0.10407330023602945,0.25227274680555395,0.3511019054015249,1.130049060993838,0.7920487347810462,0.716355108900608
UGC08490,external_151,low_mass_dwarf,13,1.462611173626908e+20,4.74,79.2,6.330348625957968e-12,0.22038423642377164,0.10000378159998904,0.2421683783818963,0.36177855442221907,1.1396167782399829,0.8050379038748546,0.7313555201313271
UGC08490,external_151,low_mass_dwarf,14,1.5675242113976146e+20,5.08,78.8,5.80677929639514e-12,0.207113106861364,0.09605053492497835,0.23235270619891465,0.37141416130685256,1.1479316791768122,0.8175438251932478,0.7455321986110602
UGC08490,external_151,low_mass_dwarf,15,1.6693515715868295e+20,5.409999999999999,78.5,5.3718138855992994e-12,0.1959498750473261,0.09232598151045371,0.22370766244487414,0.38042028679585493,1.1556816720914274,0.8288160818906017,0.7584248040448575
UGC08490,external_151,low_mass_dwarf,16,1.774264609357536e+20,5.75,80.1,5.098739853039021e-12,0.18855599925892627,0.08875742270810079,0.21690982246071006,0.3890346357645409,1.1633712628032649,0.8385578506117004,0.7699170057761011
UGC08490,external_151,low_mass_dwarf,17,1.8791776471282424e+20,6.09,80.1,4.825665820478742e-12,0.18116212347052643,0.08518886390574787,0.21011198247654594,0.39703582010591776,1.170329634219051,0.8481821681896604,0.7810732783758786
UGC08490,external_151,low_mass_dwarf,18,1.9810050073174576e+20,6.42,80.1,4.5606233771114136e-12,0.1739857146170795,0.08172526271522887,0.2035140789625043,0.4046997495736264,1.1768300476963174,0.8573958508758195,0.7917140603551598
UGC08490,external_151,low_mass_dwarf,19,2.0890037226696553e+20,6.77,80.1,4.31528145477386e-12,0.16705135016583778,0.07820965917825935,0.1968995295649164,0.41203645002065614,1.182961878947605,0.8665552933435998,0.8021964122288413
UGC08490,external_151,low_mass_dwarf,20,2.193916760440362e+20,7.11,79.8,4.134534387748714e-12,0.16140515011060985,0.07504876560659018,0.19109102211161566,0.418786726529204,1.1885508052732412,0.8745758118231022,0.8114571376605172
UGC08490,external_151,low_mass_dwarf,21,2.2957441206295773e+20,7.44,79.8,3.9591034109301904e-12,0.15592501476288861,0.07198083949291129,0.18545335311282377,0.42519128084972935,1.1937493451134782,0.8822303004442896,0.8202588444679483
UGC08490,external_151,low_mass_dwarf,22,2.4006571584002838e+20,7.78,79.5,3.778356343905046e-12,0.15027881470766072,0.06881994592124213,0.17964484565952302,0.43135171478240764,1.198671430744939,0.8899715011425525,0.8290590447834778
UGC08490,external_151,low_mass_dwarf,23,2.50557019617099e+20,8.12,79.5,3.616819486274793e-12,0.14499475109687546,0.0658623896786513,0.17408744624279446,0.4371968847377119,1.2032514281189695,0.8971360394242285,0.8372184203432042
UGC08490,external_151,low_mass_dwarf,24,2.610483233941697e+20,8.46,78.8,3.478472853798042e-12,0.140147852199409,0.06315029866480969,0.1688331800083367,0.44275198986179104,1.2075182256526882,0.9036536599978534,0.8446785171814342
UGC08490,external_151,low_mass_dwarf,25,2.715396271712403e+20,8.8,77.9,3.3401262213212924e-12,0.13530095330194264,0.06043820765096811,0.16357891377387895,0.44795370657660505,1.2114653692673354,0.9100305871675917,0.8519090272018729
UGC08490,external_151,low_mass_dwarf,26,2.8172236319016183e+20,9.13,77.2,3.2058486074467994e-12,0.13059661025440172,0.05780588401988655,0.1584791847816111,0.45290146662630304,1.2151680628482628,0.9160778399809989,0.8587569489349718
UGC08490,external_151,low_mass_dwarf,27,2.9221366696723248e+20,9.47,77.6,3.0802309263334566e-12,0.1260387632988022,0.05530984481149501,0.15346285715084457,0.4573997760145325,1.21848699752164,0.9217608741955615,0.8651447955759428
UGC08490,external_151,low_mass_dwarf,28,3.0147069971170656e+20,9.77,76.6,2.979810333793365e-12,0.1222537201750212,0.053284293830122516,0.1492314364245972,0.46197040443697235,1.22175283509597,0.9263402770128745,0.8704822062687845
UGC08490,external_151,low_mass_dwarf,29,3.131962745213738e+20,10.150000000000002,77.6,2.852610916575915e-12,0.11745933221823193,0.05071859592038401,0.14387163683801718,0.46680987209638913,1.225203157956088,0.9319927898326182,0.8768884172712581
UGC08550,external_151,bulge_rich_hsb,0,1.51198201493077e+19,0.49,25.0,1.499899948060464e-11,0.5003460286815216,0.3690529187157552,0.4515862181295525,0.06269236001271049,0.5694719054569157,0.3750104836254678,0.20220091646213556
UGC08550,external_151,bulge_rich_hsb,1,2.993107254046626e+19,0.9700000000000001,42.5,1.2224014977492128e-11,0.3311203335283784,0.24810199190739174,0.3664923043059278,0.10897149569202756,0.6680947348242192,0.523759098805681,0.3244642954674467
UGC08550,external_151,bulge_rich_hsb,2,4.535946044792309e+19,1.47,48.0,8.65178071787782e-12,0.2976263282997817,0.1632830417970042,0.31149508072548004,0.14485772215820866,0.7868958172253947,0.6628580421798854,0.4694128581222589
UGC08550,external_151,bulge_rich_hsb,3,6.017071283908166e+19,1.95,49.2,5.468159028866592e-12,0.2641047455596184,0.08939487055166248,0.26097031272917653,0.17249482327001725,0.8729616547942203,0.8108366217724935,0.6212916711255497
UGC08550,external_151,bulge_rich_hsb,4,7.529053298838936e+19,2.44,50.4,4.5280053372645956e-12,0.21703184771705863,0.08482461637575267,0.2307550289780453,0.1954853095104499,0.908071063969716,0.8363042567462843,0.659274029697982
UGC08550,external_151,bulge_rich_hsb,5,9.010178537954792e+19,2.92,51.6,3.683723007950729e-12,0.17504915816381603,0.0801750138116517,0.20326826703402523,0.21470423497798793,0.9348964034899682,0.8598671414072956,0.6917954086715237
UGC08550,external_151,bulge_rich_hsb,6,1.0522160552885563e+20,3.41,53.2,3.3169606275314304e-12,0.1588539339955975,0.07431404118031316,0.18884411115780883,0.23175441845728048,0.964525129547352,0.8769332175042917,0.720644797857766
UGC08550,external_151,bulge_rich_hsb,7,1.2003285792001419e+20,3.89,55.1,2.985458869033666e-12,0.14401299785681068,0.0686334780318089,0.1753143118766391,0.24708677789041206,0.989515552166663,0.8925986799682739,0.7459983342644804
UGC08550,external_151,bulge_rich_hsb,8,1.35461245827471e+20,4.39,57.8,2.776459231058891e-12,0.13357806179230183,0.06301460212355704,0.16416532283273522,0.2610377460796652,1.0119276735178766,0.906250123894895,0.7683691740591524
UGC08550,external_151,bulge_rich_hsb,9,1.5058106597677872e+20,4.88,57.3,2.584663793164935e-12,0.12383529759623445,0.0576802109055565,0.1535845715480908,0.2733793014114503,1.0307046901169057,0.9186212666907771,0.787866152358106
UGC08550,external_151,bulge_rich_hsb,10,1.653923183679373e+20,5.36,57.5,2.435035619384339e-12,0.11571136213398199,0.0529601764576394,0.14423380248127013,0.2844859937110956,1.0469236218699662,0.9290343403720418,0.8044400646899901
UGC08699,external_151,bulge_rich_hsb,0,6.788490679281008e+18,0.22,152.0,1.2887290514738444e-10,0.7959065882943863,1.8870231325074938,0.7262897081395335,0.04494764180859249,0.353585683478521,0.06800290192117123,0.023546949290434507
UGC08699,external_151,bulge_rich_hsb,1,1.3268413600412879e+19,0.43,167.0,1.2685062130641303e-10,0.7806107736326178,1.8295626419068525,0.718946627249474,0.08655729983710159,0.4306590259208405,0.07065350796022073,0.029495701870214115
UGC08699,external_151,bulge_rich_hsb,2,2.0056904279693885e+19,0.65,179.0,1.2473203823491916e-10,0.7645865868440982,1.7693659374680855,0.7112538758408401,0.12514213778693203,0.5007027321500901,0.07361231325880895,0.03533701133122124
UGC08699,external_151,bulge_rich_hsb,3,2.6845394958974894e+19,0.87,188.0,1.226134551634253e-10,0.7485624000555786,1.7091692330293184,0.7035611244322063,0.15946504889432495,0.5618103972031306,0.07677513552245187,0.04089958838194492
UGC08699,external_151,bulge_rich_hsb,4,3.3325317880106766e+19,1.08,195.0,1.205911713224539e-10,0.7332665853938101,1.6517087424286772,0.6962180435421467,0.19158028887185408,0.61741469502405,0.08000323666501491,0.04631620156727876
UGC08699,external_151,bulge_rich_hsb,5,4.042237631753691e+19,1.31,199.0,1.183762890204376e-10,0.7165140264785396,1.5887758241517844,0.6881756216149386,0.2210005520801994,0.6679911655234647,0.08379723549996691,0.05190485964704945
UGC08699,external_151,bulge_rich_hsb,6,4.690229923866878e+19,1.52,202.0,1.1635400517946619e-10,0.7012182118167709,1.5313153335511431,0.680832540724879,0.24688325333521788,0.7115382911539412,0.08752204281652388,0.057151857260923304
UGC08699,external_151,bulge_rich_hsb,7,5.338222215980065e+19,1.73,202.0,1.1433172133849478e-10,0.6859223971550024,1.473854842950502,0.6734894598348193,0.271951649899467,0.7528055213730634,0.09152265026535898,0.06257301491580144
UGC08699,external_151,bulge_rich_hsb,8,6.04792805972308e+19,1.96,202.0,1.1211683903647847e-10,0.6691698382397319,1.410921924673609,0.6654470379076113,0.29513379568089104,0.7913868197447946,0.09625622802706706,0.06846981712448788
UGC08699,external_151,bulge_rich_hsb,9,6.6959203518362665e+19,2.17,200.0,1.1009455519550706e-10,0.6538740235779632,1.353461434072968,0.6581039570175516,0.31617803547616874,0.8256424399065889,0.10093686311514052,0.07418693526069438
UGC08699,external_151,bulge_rich_hsb,10,7.374769419764368e+19,2.39,196.0,1.079759721240132e-10,0.6378498367894437,1.2932647296342008,0.6504112056089179,0.33577703723205776,0.8579080082167143,0.10625255123307026,0.08037750619469583
UGC08699,external_151,bulge_rich_hsb,11,8.022761711877554e+19,2.6,193.0,1.059536882830418e-10,0.6225540221276751,1.2358042390335595,0.6430681247188582,0.35449437702103237,0.8880814005511541,0.11176851932046093,0.0867170283593748
UGC08699,external_151,bulge_rich_hsb,12,8.732467555620569e+19,2.83,189.0,1.037388059810255e-10,0.6058014632124047,1.1728713207566668,0.6350257027916502,0.37197048087326995,0.9172999649651445,0.11837073085512263,0.09398197896435108
UGC08699,external_151,bulge_rich_hsb,13,9.380459847733756e+19,3.04,184.0,1.0171652214005409e-10,0.590505648550636,1.1154108301560255,0.6276826219015905,0.46996824838859613,1.0155855482022753,0.12498062888211135,0.1062072077582522
UGC08699,external_151,bulge_rich_hsb,14,1.8112927403354325e+20,5.87,170.0,6.124367192002327e-11,0.5752011649551173,0.5515474678753193,0.5244092455092721,0.5310974787319909,1.1796037465675837,0.2569131530438358,0.23750464814014274
UGC08699,external_151,bulge_rich_hsb,15,1.8760919695467512e+20,6.08,172.0,5.8164759542457016e-11,0.5751571201133671,0.5109101084519452,0.5167211566363366,0.5385154472395203,1.1929176533753147,0.2747267372855265,0.25534459809288285
UGC08699,external_151,bulge_rich_hsb,16,1.943976876339561e+20,6.3,174.0,5.493923228976857e-11,0.5751109778982002,0.4683376366750772,0.5086669682932612,0.5457540541137755,1.206406868714115,0.295658649693729,0.27624615202465347
UGC08699,external_151,bulge_rich_hsb,17,2.0118617831323714e+20,6.52,176.0,5.1953314575846435e-11,0.5732526681457234,0.4297943533092995,0.5004630665428408,0.5526576652204963,1.218500761098959,0.31736339564652083,0.2978719178166015
UGC08699,external_151,bulge_rich_hsb,18,2.0797466899251816e+20,6.74,178.0,5.02384962444042e-11,0.5617810306038583,0.41262542309991673,0.4914649534241876,0.5590885822167496,1.2246185987136264,0.3302608785701487,0.31066864612447515
UGC08699,external_151,bulge_rich_hsb,19,2.1445459191365003e+20,6.95,180.0,4.860162420075481e-11,0.550830831132078,0.39623689880914237,0.4828758454472914,0.5650886670611049,1.2303382897897657,0.34324955259904083,0.3235476520366436
UGC08699,external_151,bulge_rich_hsb,20,2.209345148347819e+20,7.16,182.0,4.696475215710541e-11,0.5398806316602978,0.37984837451836795,0.47428673747039524,0.5710945449947323,1.2360112882341612,0.35694265529455105,0.3371255419182262
UGC08699,external_151,bulge_rich_hsb,21,2.28031573272212e+20,7.39,183.0,4.5171987537870355e-11,0.527887556048348,0.361899038390377,0.46487961920998516,0.5768224775307157,1.2417775906955888,0.3728011899328737,0.3528040818162834
UGC08699,external_151,bulge_rich_hsb,22,2.3451149619334388e+20,7.6,184.0,4.3535115494220955e-11,0.5169373565765677,0.3455105140996026,0.456290511233089,0.582174865622584,1.2470611724695164,0.3881186493592063,0.3679573776866091
UGC08699,external_151,bulge_rich_hsb,23,2.412999868726249e+20,7.82,185.0,4.182029716277873e-11,0.5054657190347026,0.32834158389021983,0.44729239811443583,0.5872918969958546,1.2523397656104438,0.4050802007924592,0.38471268788564994
UGC08699,external_151,bulge_rich_hsb,24,2.4777990979375677e+20,8.03,186.0,4.018342511912933e-11,0.49451551956292233,0.31195305959944547,0.4387032901375396,0.5923029008262225,1.2574036180832242,0.4221995324049536,0.4016355087039155
UGC08699,external_151,bulge_rich_hsb,25,2.5487696823118692e+20,8.26,187.0,3.839066049989427e-11,0.48252244395097255,0.2940037234714544,0.42929617187712954,0.5970900379621689,1.2626151744579328,0.44205797383562395,0.4212312299890002
UGC08699,external_151,bulge_rich_hsb,26,2.6135689115231882e+20,8.47,187.0,3.675378845624486e-11,0.4715722444791922,0.27761519918067995,0.4207070639002333,0.6014674900766077,1.267353973192346,0.46126594134533955,0.44019233605122804
UGC08699,external_151,bulge_rich_hsb,27,2.6783681407345066e+20,8.68,188.0,3.5116916412595474e-11,0.460622045007412,0.26122667488990564,0.41211795592333716,0.6058619637388879,1.2720782939223116,0.4815651948580381,0.4602388640741157
UGC08699,external_151,bulge_rich_hsb,28,2.749338725108808e+20,8.91,188.0,3.3324151793360415e-11,0.44862896939546215,0.24327733876191462,0.40271083766292703,0.6138987487378863,1.2785246831266623,0.5051259655704841,0.48370449374389457
UGC08699,external_151,bulge_rich_hsb,29,2.9406507351612726e+20,9.53,187.0,2.849148195020505e-11,0.41629980905020614,0.1948921718081998,0.3773525188739955,0.6213046553423147,1.290076515871207,0.576225892547979,0.5536702592202668
UGC08699,external_151,bulge_rich_hsb,30,3.017792674698557e+20,9.78,187.0,2.6733544976230857e-11,0.40341999878428947,0.17786818828866094,0.3672853870981896,0.6250063104897776,1.2944641651143323,0.6048568076221502,0.5819101125605392
UGC08699,external_151,bulge_rich_hsb,31,3.0825919039098755e+20,9.99,186.0,2.586187967231934e-11,0.39309626942178605,0.17145464085916756,0.35933019298362107,0.6283288149114998,1.296497226359823,0.6187780735899957,0.5956452337285635
UGC08699,external_151,bulge_rich_hsb,32,3.150476810702686e+20,10.21,186.0,2.4948706496792983e-11,0.3822809338991633,0.1647356864092221,0.35099618010169203,0.6390094003777015,1.3012744330412953,0.6336268427059769,0.61075184423304
UGC08699,external_151,bulge_rich_hsb,33,3.536186508389107e+20,11.46,182.0,1.9760222544938717e-11,0.32083016388426194,0.126559808852714,0.3036438341816412,0.6574321572976477,1.3125782355952162,0.7223914331955913,0.6984416560854689
UGC08699,external_151,bulge_rich_hsb,34,4.131722281616941e+20,13.39,177.0,1.2629281493627447e-11,0.23358132923114128,0.07576385216916601,0.23524343565528708,0.6726927549475841,1.3239824648324807,0.8487310914235429,0.8230109454872925
UGC08699,external_151,bulge_rich_hsb,35,4.6933156014483695e+20,15.21,175.0,8.890453861850567e-12,0.17719410360568089,0.05550392829772347,0.1867258037026084,0.6838422683718641,1.329021350743865,0.906092438175455,0.8797383123751609
UGC08699,external_151,bulge_rich_hsb,36,5.2857656970947114e+20,17.13,177.0,5.929026147452499e-12,0.13134840590773034,0.04029152923982168,0.14592219441834342,0.6922750177524233,1.3326289142354932,0.9444705316789174,0.9178099744400183
UGC08699,external_151,bulge_rich_hsb,37,5.881301470322545e+20,19.06,180.0,4.032249307989231e-12,0.10025322259065156,0.031770170404781264,0.11631291281575591,0.6986974763122094,1.3349022251352929,0.9643640383376805,0.9376567162890969
UGC08699,external_151,bulge_rich_hsb,38,6.47683724355038e+20,20.99,181.0,2.924038146228016e-12,0.08117145631335591,0.026750170647883986,0.09719954299284159,0.7038624524802024,1.3366341695666812,0.9746578779999857,0.9480585734568164
UGC08699,external_151,bulge_rich_hsb,39,7.072373016778214e+20,22.92,182.0,2.071903654114128e-12,0.06598520014455157,0.022814873797999194,0.08153880821361076,0.7089691290241132,1.338304190661337,0.9817367741650385,0.9553233631957756
UGC08699,external_151,bulge_rich_hsb,40,7.930191384432813e+20,25.7,183.0,1.4308896900575116e-12,0.052981351056678457,0.019170756111978125,0.06727583732858555,0.7137764037955365,1.339919798106874,0.9872669352895423,0.9610709841380336
UGC08837,external_151,low_mass_dwarf,0,1.604552342375511e+19,0.52,7.31,6.7616425833868635e-12,0.3492630239808505,0.35658694436642907,0.4127339721940063,0.0632308761854882,0.49289981488426704,0.40457076610538006,0.19143580969387516
UGC08837,external_151,low_mass_dwarf,1,3.2399614605659357e+19,1.05,14.6,6.72653733149597e-12,0.29211244985381213,0.320675785855643,0.37908812035702283,0.1141901351448888,0.6370474210554979,0.451336083859599,0.26846580133502923
UGC08837,external_151,low_mass_dwarf,2,4.8445138029414466e+19,1.57,21.0,6.675567778984202e-12,0.2802970716561361,0.24915094142408567,0.34593008792422375,0.15570256989439268,0.7713393565741546,0.5370892137499177,0.3744028243602246
UGC08837,external_151,low_mass_dwarf,3,6.4490661453169566e+19,2.09,28.1,6.493857199921551e-12,0.2606318977319419,0.20298026804146796,0.3159978057059608,0.19100088654789668,0.863281226599915,0.6092311212363211,0.46300302557880846
UGC08837,external_151,low_mass_dwarf,4,8.115332039322295e+19,2.63,35.3,6.220915774405994e-12,0.23930369419710826,0.16301993153566507,0.2864598820173179,0.22054227050506242,0.9309497010814219,0.6816694368024453,0.5468265942273446
UGC08837,external_151,low_mass_dwarf,5,9.719884381697806e+19,3.15,43.0,5.846291452687797e-12,0.2186132918759157,0.13302317701928165,0.2599320959745045,0.2453124697334406,0.9803278632833895,0.7430690611406269,0.6172525728530985
UGC08837,external_151,low_mass_dwarf,6,1.1355293499888232e+20,3.68,46.6,5.423040656895331e-12,0.19800072518338824,0.11063746787081435,0.23540929926104517,0.266425230338433,1.0170982435611007,0.7933668893024146,0.6748265754085773
UGC08837,external_151,low_mass_dwarf,7,1.2959845842263743e+20,4.2,48.0,5.00408178154854e-12,0.17847997914669153,0.09204031103401242,0.21272151100979747,0.28434423402102726,1.0456081009125007,0.8362675589977633,0.7235634330495759
UGC09037,external_151,bulge_rich_hsb,0,7.498196523024022e+19,2.43,62.2,9.527740490037056e-11,0.6050196978832401,0.6235701046950958,0.5352901465004639,0.16771493121395442,0.7816079878329911,0.23052579586808508,0.16238736145124322
UGC09037,external_151,bulge_rich_hsb,1,1.126272317244349e+20,3.65,88.2,8.958671388251908e-11,0.5456786945368798,0.5356407906908105,0.501056299313988,0.28024534939613466,0.9671459741899765,0.27145425664137257,0.22347986804271278
UGC09037,external_151,bulge_rich_hsb,2,1.4996393046048044e+20,4.86,107.0,8.394266787301065e-11,0.48682409285729306,0.4484322087685276,0.4671030574323193,0.36081155794605807,1.0708528244649227,0.3231393053134462,0.2835901716406937
UGC09037,external_151,bulge_rich_hsb,3,1.8760919695467512e+20,6.08,120.0,7.825197685515917e-11,0.42748308951093283,0.3605028947642423,0.43286921024584335,0.42088433950617626,1.1390372642807758,0.3905478006787338,0.35470763593971893
UGC09037,external_151,bulge_rich_hsb,4,2.2494589569072067e+20,7.29,124.0,7.174799102581509e-11,0.3853374409670532,0.2943322695493402,0.40259952866562243,0.46743619947409976,1.1853407018381197,0.4576700239851714,0.42408950308497195
UGC09037,external_151,bulge_rich_hsb,5,2.6259116218491532e+20,8.51,128.0,6.407463216440202e-11,0.36452041722670214,0.2549078384401584,0.376858457823538,0.5048472161566938,1.2166044716711135,0.51003708382902,0.4783775957743724
UGC09037,external_151,bulge_rich_hsb,6,3.0023642867911007e+20,9.730000000000002,133.0,5.6401273302988954e-11,0.34370339348635104,0.21548340733097654,0.35111738698145345,0.5353806393898117,1.241433397027891,0.5692816609060709,0.538681968775795
UGC09037,external_151,bulge_rich_hsb,7,3.3819026293145384e+20,10.96,138.0,4.8665018057465954e-11,0.32271573840386597,0.17573582514712932,0.3251653237554175,0.5605771182072795,1.2620389473865607,0.6363622621938604,0.6062699041536591
UGC09037,external_151,bulge_rich_hsb,8,3.761440971837976e+20,12.189999999999998,143.0,4.092876281194296e-11,0.3017280833213809,0.1359882429632821,0.29921326052938163,0.5813821270711734,1.279585975251226,0.7107851705786761,0.6808590330005271
UGC09037,external_151,bulge_rich_hsb,9,4.137893636779923e+20,13.41,146.0,3.3255403950529895e-11,0.2809110595810298,0.0965638118541002,0.27347218968729714,0.5981333105816796,1.294664450245992,0.7910921938511742,0.7611234251448361
UGC09037,external_151,bulge_rich_hsb,10,4.489660881069939e+20,14.549999999999999,148.0,3.018078540960702e-11,0.2601743385129497,0.08677415515401402,0.2560183422876931,0.6127035116534427,1.3014229951682685,0.8182249771664607,0.7887180328892112
UGC09037,external_151,bulge_rich_hsb,11,4.869199223593377e+20,15.779999999999998,154.0,2.734345129390755e-11,0.23764993015866326,0.0793819505736957,0.23796002268838795,0.625741363039735,1.3067307044972911,0.8411155392574108,0.8119597845549419
UGC09037,external_151,bulge_rich_hsb,12,5.245651888535324e+20,17.0,158.0,2.4529184935246285e-11,0.21530864707554984,0.07204984521760759,0.22004851869558115,0.6370402428901654,1.3112648858410247,0.8631519107849239,0.8342452376702091
UGC09037,external_151,bulge_rich_hsb,13,5.625190231058762e+20,18.23,159.0,2.169185081954681e-11,0.19278423872126338,0.06465764063728927,0.20199019909627594,0.6468663948847233,1.3151820220971984,0.8844844730126549,0.8557459428883055
UGC09037,external_151,bulge_rich_hsb,14,6.004728573582201e+20,19.460000000000004,160.0,1.885451670384733e-11,0.17025983036697684,0.05726543605697092,0.1839318794969707,0.6553623924686244,1.3185682605074436,0.9047076884738149,0.8760816377832505
UGC09037,external_151,bulge_rich_hsb,15,6.384266916105638e+20,20.689999999999998,158.0,1.6552307993888497e-11,0.15233783469268297,0.05154326394438876,0.16922945411285764,0.6628259926160532,1.3214417739291953,0.9197716451033177,0.8913248612516153
UGC09037,external_151,bulge_rich_hsb,16,6.763805258629077e+20,21.92,155.0,1.533040989416113e-11,0.14370718493006063,0.049192551633513056,0.16130190446552392,0.6696179761732349,1.3238196183563886,0.926484799880988,0.8983715143593831
UGC09037,external_151,bulge_rich_hsb,17,7.140257923571024e+20,23.14,156.0,1.4118445925325852e-11,0.13514670305168724,0.046860950804839596,0.15343880644133925,0.6756056407984887,1.3258927533145102,0.9329203375585785,0.9050826564291801
UGC09037,external_151,bulge_rich_hsb,18,7.49202516786104e+20,24.28,154.0,1.2985955003627316e-11,0.12714756424730556,0.044682241833784074,0.14609132140234704,0.6811312299865808,1.3277844291108285,0.938723087955598,0.9111411827892225
UGC09037,external_151,bulge_rich_hsb,19,7.871563510384478e+20,25.51,150.0,1.1764056903899946e-11,0.1185169144846832,0.042331529522908376,0.13816377175501332,0.6863543744260284,1.3295597887065695,0.94474486054988,0.9173881708017855
UGC09037,external_151,bulge_rich_hsb,20,8.248016175326424e+20,26.73,141.0,1.0552092935064672e-11,0.10995643260630983,0.039999928694234924,0.13030067373082868,0.691125865021067,1.331170616916021,0.9504617649764705,0.9233041036369183
UGC09037,external_151,bulge_rich_hsb,21,8.627554517849862e+20,27.96,152.0,9.806632990180736e-12,0.10467306377344532,0.03849889403039668,0.12517184110516888,0.6955926897991334,1.3326618508456811,0.9540257159180313,0.9271028472341604
UGC09133,external_151,bulge_rich_hsb,0,9.874168260772375e+18,0.32,284.0,1.4336374547988376e-10,0.7127231648603024,0.6951089684935754,0.5829527010857355,0.05281765925396207,0.5458515074348661,0.1979352774504552,0.10275731738843985
UGC09133,external_151,bulge_rich_hsb,1,1.9439768763395613e+19,0.63,282.0,1.420222559085147e-10,0.7031021200979953,0.682037331930555,0.5773945933534029,0.10062642454598872,0.6605278460233427,0.20250922378040273,0.12424624566231357
UGC09133,external_151,bulge_rich_hsb,2,2.9313937024167985e+19,0.95,281.0,1.406374924800047e-10,0.6931707190530331,0.6685440296719534,0.5716571918232533,0.14343184980056858,0.7497920768141428,0.20739228969010146,0.14133506848448082
UGC09133,external_151,bulge_rich_hsb,3,3.8879537526791225e+19,1.26,280.0,1.3929600290863565e-10,0.6835496742907259,0.655472393108933,0.5660990840909208,0.1819864302339503,0.8203585382487764,0.21228613595288848,0.1552640387311358
UGC09133,external_151,bulge_rich_hsb,4,4.875370578756361e+19,1.58,280.0,1.3791123948012565e-10,0.6736182732457637,0.6419790908503313,0.5603616825607711,0.21687791952278174,0.8771824416925806,0.21751401841935983,0.16725536232658766
UGC09133,external_151,bulge_rich_hsb,5,5.831930629018684e+19,1.89,279.0,1.365697499087566e-10,0.6639972284834565,0.6289074542873109,0.5548035748284386,0.24860976745225372,0.9236931111204145,0.22275678709162322,0.17772283833907068
UGC09133,external_151,bulge_rich_hsb,6,6.819347455095921e+19,2.21,279.0,1.3518498648024663e-10,0.6540658274384943,0.6154141520287092,0.5490661732982889,0.27757930173692075,0.9624657781966063,0.22836102666598637,0.1873938005591642
UGC09133,external_151,bulge_rich_hsb,7,7.775907505358245e+19,2.52,279.0,1.3384349690887755e-10,0.6444447826761872,0.6023425154656888,0.5435080655659564,0.3041364454687866,0.9951841062877945,0.23398489486878707,0.19628038133789427
UGC09133,external_151,bulge_rich_hsb,8,8.763324331435481e+19,2.84,279.0,1.3245873348036758e-10,0.634513381631225,0.5888492132070872,0.5377706640358068,0.32855894934227087,1.0232604224170307,0.2400004805366397,0.2049147824240803
UGC09133,external_151,bulge_rich_hsb,9,9.719884381697806e+19,3.15,279.0,1.3111724390899852e-10,0.6248923368689179,0.5757775766440668,0.5322125563034742,0.3510978795376236,1.0475388933204968,0.2460411632813532,0.21311987747080555
UGC09133,external_151,bulge_rich_hsb,10,1.0707301207775045e+20,3.4700000000000006,279.0,1.2973248048048852e-10,0.6149609358239556,0.5622842743854651,0.5264751547733245,0.3722731187291453,1.0691520648000141,0.25250695190301753,0.22139634675185074
UGC09133,external_151,bulge_rich_hsb,11,1.1694718033852282e+20,3.79,279.0,1.2834771705197853e-10,0.6050295347789933,0.5487909721268635,0.5207377532431748,0.39160337825149394,1.087986354012258,0.259217664926004,0.229587487940364
UGC09133,external_151,bulge_rich_hsb,12,1.2651278084114604e+20,4.1,280.0,1.2700622748060947e-10,0.5954084900166863,0.5357193355638431,0.5151796455108424,0.4095904297223024,1.1047293926843436,0.26596331965415115,0.23759636863739153
UGC09133,external_151,bulge_rich_hsb,13,1.3638694910191842e+20,4.42,280.0,1.2562146405209947e-10,0.585477088971724,0.5222260333052414,0.5094422439806926,0.42636101055971015,1.119849351072395,0.27319119936200675,0.2458815856243218
UGC09133,external_151,bulge_rich_hsb,14,1.4595254960454168e+20,4.73,280.0,1.2427997448073042e-10,0.5758560442094168,0.509154396742221,0.5038841362483601,0.44203703107818104,1.1334780055984104,0.2804617787552513,0.2540677006649217
UGC09133,external_151,bulge_rich_hsb,15,1.5582671786531403e+20,5.05,281.0,1.2289521105222042e-10,0.5659246431644547,0.49566109448361934,0.49814673471821047,0.45671452329997336,1.145965705664116,0.2882575775907579,0.26263394594150746
UGC09133,external_151,bulge_rich_hsb,16,1.653923183679373e+20,5.36,282.0,1.2155372148085137e-10,0.5563035984021474,0.48258945792059893,0.4925886269858779,0.4704881793758943,1.1573493160276145,0.2961049655723788,0.27115556575218575
UGC09133,external_151,bulge_rich_hsb,17,1.7526648662870963e+20,5.68,282.0,1.2016895805234137e-10,0.5463721973571853,0.4690961556619973,0.4868512254557283,0.48343194299872383,1.1679096683707924,0.3045252096801537,0.28014280199555097
UGC09133,external_151,bulge_rich_hsb,18,1.848320871313329e+20,5.99,283.0,1.1882746848097231e-10,0.536751152594878,0.4560245190989769,0.4812931177233957,0.49562059404269737,1.177626054320042,0.3130072061149432,0.2891244786679589
UGC09133,external_151,bulge_rich_hsb,19,1.9470625539210527e+20,6.3100000000000005,284.0,1.1744270505246232e-10,0.5268197515499159,0.4425312168403752,0.47555571619324605,0.5071118688708233,1.1867364089510253,0.3221148776858515,0.29864915658011465
UGC09133,external_151,bulge_rich_hsb,20,2.042718558947285e+20,6.62,284.0,1.1610121548109327e-10,0.5171987067876087,0.4294595802773548,0.46999760846091354,0.5179656997435497,1.1951835666571882,0.33129589048490393,0.30819893821081096
UGC09133,external_151,bulge_rich_hsb,21,2.141460241555009e+20,6.940000000000001,285.0,1.1471645205258328e-10,0.5072673057426464,0.41596627801875313,0.46426020693076386,0.5332746341704098,1.2059205632038368,0.341161173765398,0.3187018855086572
UGC09133,external_151,bulge_rich_hsb,22,2.335857929188965e+20,7.57,286.0,1.1199019905270422e-10,0.4877148599353771,0.38940133919713105,0.4529646976682817,0.5473020741895144,1.2178313207351747,0.36181405768834574,0.33950890526847727
UGC09133,external_151,bulge_rich_hsb,23,2.4345996117966884e+20,7.889999999999999,287.0,1.1060543562419424e-10,0.47778345889041496,0.3759080369385295,0.447227296138132,0.5560386858991735,1.2245765080384936,0.37297242637671696,0.35084106832602774
UGC09133,external_151,bulge_rich_hsb,24,2.5302556168229208e+20,8.2,287.0,1.0926394605282518e-10,0.4681624141281078,0.36283640037550907,0.4416691884057995,0.5616089242121797,1.229578854158784,0.38424051590605823,0.3620882645940977
UGC09133,external_151,bulge_rich_hsb,25,2.564198070219326e+20,8.31,288.0,1.0878793362427487e-10,0.464748495018902,0.3581980777241147,0.43969695662981056,0.5657416243605595,1.2323961482411212,0.38835161898255394,0.36632702532249517
UGC09133,external_151,bulge_rich_hsb,26,2.6289972994306448e+20,8.52,288.0,1.0787918262431519e-10,0.45823101308314557,0.34934309811690734,0.4359317868756498,0.5722383198519465,1.237040479299508,0.3963696330984653,0.3744974087946616
UGC09133,external_151,bulge_rich_hsb,27,2.7246533044568772e+20,8.83,288.0,1.0653769305294613e-10,0.4486099683208384,0.336271461553887,0.43037367914331726,0.5797581491018001,1.2428210403199653,0.408626287090875,0.38684507508158583
UGC09133,external_151,bulge_rich_hsb,28,2.823394987064601e+20,9.15,288.0,1.0515292962443613e-10,0.4386785672758761,0.32277815929528525,0.4246362776131676,0.5904695613954958,1.2500377969403893,0.4218282341732805,0.4003135333963491
UGC09133,external_151,bulge_rich_hsb,29,3.017792674698557e+20,9.78,289.0,1.0242667662455708e-10,0.41912612146860684,0.2962132204736633,0.41334076835068545,0.60038429682158,1.258984605510337,0.44956549465361784,0.4278871435056829
UGC09133,external_151,bulge_rich_hsb,30,3.1165343573062805e+20,10.1,289.0,1.010419131960471e-10,0.40919472042364463,0.2827199182150616,0.4076033668205358,0.6126495212738554,1.266545254371016,0.4646028593470933,0.4432643854295941
UGC09133,external_151,bulge_rich_hsb,31,3.406588049966469e+20,11.04,288.0,9.574305208673486e-11,0.3926413433410527,0.26005342534424036,0.3925414873390733,0.6237702659794501,1.2750246156323692,0.494849217492422,0.47336162252082614
UGC09133,external_151,bulge_rich_hsb,32,3.5053297325741926e+20,11.36,288.0,9.384509512129348e-11,0.3879706547917737,0.25363412643951544,0.38755097417369133,0.6290278277102089,1.2782393587990102,0.5042962185366178,0.4828684569184122
UGC09133,external_151,bulge_rich_hsb,33,3.6009857376004257e+20,11.67,288.0,9.200644931102215e-11,0.3834459252596596,0.24741543062556304,0.38271641454472743,0.6461572060298955,1.285963788431123,0.513637205164099,0.4929421058875781
UGC09133,external_151,bulge_rich_hsb,34,4.187264478083785e+20,13.57,285.0,8.073732982871395e-11,0.3557137119983153,0.20930084337875848,0.35308524262527186,0.6606147878993783,1.2978159275859762,0.575039692327607,0.5537469218542737
UGC09133,external_151,bulge_rich_hsb,35,4.282920483110018e+20,13.880000000000003,284.0,7.889868401844261e-11,0.3511889824662012,0.20308214756480608,0.34825068299630796,0.6644693775711962,1.300260270566084,0.5857424548767776,0.5644376984291837
UGC09133,external_151,bulge_rich_hsb,36,4.381662165717741e+20,14.2,284.0,7.700072705300124e-11,0.3465182939169222,0.19666284866008116,0.343260169830926,0.6799931765701188,1.3067657348046213,0.5969916771610988,0.5763034943344192
UGC09133,external_151,bulge_rich_hsb,37,5.12531046285716e+20,16.61,278.0,6.270673865702085e-11,0.31134217078016446,0.14831750378387112,0.3056753675541428,0.7030712578703039,1.322521937250961,0.6880559998534003,0.6669587592033794
UGC09133,external_151,bulge_rich_hsb,38,5.970786120185796e+20,19.350000000000005,273.0,4.6455482140429e-11,0.2713494000769626,0.09335225691216337,0.26294409857555934,0.7217725006197879,1.33753816580255,0.8029134514688979,0.7811693033140977
UGC09133,external_151,bulge_rich_hsb,39,6.847118553329344e+20,22.19,269.0,3.5666574996333805e-11,0.22989075157177663,0.0617876236424438,0.2230893005837407,0.7358616877576521,1.3460730008708266,0.8788569690497433,0.8567588114559885
UGC09133,external_151,bulge_rich_hsb,40,7.689508533076487e+20,24.92,265.0,2.952216863896895e-11,0.19003350711904882,0.04917901965255342,0.18787444000889686,0.7464791483705933,1.3497520937906449,0.9154199497136325,0.8931468987067932
UGC09133,external_151,bulge_rich_hsb,41,8.534984190405121e+20,27.66,262.0,2.3355255298610083e-11,0.15003026543389342,0.03652423030006271,0.1525305872707752,0.7546471621460359,1.352741050416483,0.9472292674142669,0.9247988783324884
UGC09133,external_151,bulge_rich_hsb,42,9.41131662354867e+20,30.500000000000004,257.0,1.6963272128311107e-11,0.10856705142446219,0.023407587321568675,0.11589681289987533,0.7604997020251226,1.3551316705834628,0.9735878774838334,0.9510341065158373
UGC09133,external_151,bulge_rich_hsb,43,1.0253706603295812e+21,33.23,252.0,1.4073672718748579e-11,0.09089268354530325,0.01930278628673007,0.09865229496738238,0.7651735381155714,1.3564315625419956,0.981313204290054,0.9588526358404503
UGC09133,external_151,bulge_rich_hsb,44,1.1096096583042956e+21,35.96,247.0,1.1611695419425476e-11,0.07613273997569524,0.016315229445792084,0.08376875142313582,0.7690771950703175,1.3574237242151799,0.9865172062070873,0.9641452663264749
UGC09133,external_151,bulge_rich_hsb,45,1.1972429016186503e+21,38.8,242.0,9.050517569580204e-12,0.060778073405114055,0.013207294856684445,0.06828550465915775,0.7721700595618229,1.3581975020489954,0.9910619414375352,0.9687490359558988
UGC09133,external_151,bulge_rich_hsb,46,1.281790467351514e+21,41.54,238.0,6.825201818904849e-12,0.04752208474614936,0.010577215064757502,0.054890232396434896,0.7745494463630515,1.358777667081669,0.9942276554820786,0.9719650218474425
UGC09133,external_151,bulge_rich_hsb,47,1.3660294653262283e+21,44.27,235.0,5.85157072532654e-12,0.04220074495663395,0.009821576631461066,0.049353022827547444,0.7766847478119732,1.359258997364952,0.9951761374862925,0.9729929523997243
UGC09133,external_151,bulge_rich_hsb,48,1.453662708640583e+21,47.11,236.0,4.838709074864126e-12,0.03666499220856665,0.009035491228324848,0.043592702250389824,0.7785374610149896,1.3596619767132314,0.9960766386058543,0.9739575805088052
UGC09133,external_151,bulge_rich_hsb,49,1.5379017066152974e+21,49.84,239.0,3.8650779812858165e-12,0.03134365241905124,0.008279852795028412,0.03805549268150238,0.7801015006875393,1.3599920122824816,0.9968589584551446,0.974791422973115
UGC09133,external_151,bulge_rich_hsb,50,1.6224492723481608e+21,52.58,242.0,3.146037761311504e-12,0.027405423976964233,0.007708190641364589,0.03391397029166591,0.7815043096269649,1.3603022300122558,0.9973926624962823,0.9753780081599946
UGC09133,external_151,bulge_rich_hsb,51,1.7100825156625157e+21,55.42,245.0,2.734972037925208e-12,0.025139309832570237,0.007357428569434012,0.03145444739755033,0.7827871898616903,1.3606083169902041,0.9976911048348966,0.975733624614725
UGC09133,external_151,bulge_rich_hsb,52,1.79432151363723e+21,58.15,247.0,2.3398278742475376e-12,0.022960967714895735,0.007020252352402156,0.029090187714122327,0.7839393570362532,1.3608809633677517,0.9979619575123984,0.9760552500435237
UGC09133,external_151,bulge_rich_hsb,53,1.8788690793700936e+21,60.89,246.0,1.943236296050899e-12,0.020774646322064903,0.006681841057652234,0.026717267738813628,0.7849868247738004,1.3611259719281008,0.9982179759137049,0.9763565823658036
UGC09133,external_151,bulge_rich_hsb,54,1.9631080773448077e+21,63.62,243.0,1.7102423853314864e-12,0.019351820634263286,0.006404642680725271,0.02510573461454289,0.7859796409383065,1.361376919794913,0.9983946487022445,0.9765815030048307
UGC09133,external_151,bulge_rich_hsb,55,2.0507413206591624e+21,66.46,239.0,1.5310581250357013e-12,0.018166125742702304,0.0061396513619251985,0.023722641344557496,0.7869093738855529,1.3616188912895029,0.9985456307981271,0.9767793886003054
UGC09133,external_151,bulge_rich_hsb,56,2.1349803186338768e+21,69.19,234.0,1.3588141001739073e-12,0.01702635565327924,0.005884923791388508,0.022393118588550406,0.7877640582010711,1.361841072125007,0.9986839163951644,0.9769607120586671
UGC09133,external_151,bulge_rich_hsb,57,2.2195278843667405e+21,71.93,230.0,1.1866944138397394e-12,0.015885773742539442,0.005629544705468393,0.021062130422855308,0.7885776879079381,1.3620524784798875,0.9988157021762764,0.9771334111970963
UGC09133,external_151,bulge_rich_hsb,58,2.307161127681095e+21,74.77,228.0,1.098332954450745e-12,0.01510450649933474,0.0053984107258184125,0.020088452424705912,0.7893465379536901,1.3622625503137915,0.9989167176030166,0.9772756984930782
UGC09133,external_151,bulge_rich_hsb,59,2.3914001256558095e+21,77.5,228.0,1.0133939459535777e-12,0.014353499607099234,0.005176229118619664,0.019152487306766525,0.7900600512381457,1.36245765778698,0.9990096052293124,0.9774069074035747
UGC09133,external_151,bulge_rich_hsb,60,2.475639123630524e+21,80.23000000000002,227.0,9.2845493745641e-13,0.013602492714863726,0.004954047511420914,0.018216522188827137,0.7907477629307604,1.3626459135615974,0.9990983585268407,0.9775326269018489
UGC09133,external_151,bulge_rich_hsb,61,2.5632723669448786e+21,83.07,226.0,8.517863084536281e-13,0.012880891230709382,0.004732053101595002,0.01730747745538707,0.791398157300701,1.3628256272873582,0.9991816711867636,0.9776512330112899
UGC09133,external_151,bulge_rich_hsb,62,2.647819932677742e+21,85.81,224.0,8.024827590606984e-13,0.012310560383642935,0.004537154892341945,0.01656678219480122,0.7920047784347888,1.362994950826923,0.9992489040003912,0.9777519378484474
UGC09133,external_151,bulge_rich_hsb,63,2.7320589306524567e+21,88.54,222.0,7.533591496290567e-13,0.011742311036018332,0.004342967990421928,0.015828790201589768,0.7925915960941083,1.3631589860109339,0.9993130329564119,0.9778484927336565
UGC09133,external_151,bulge_rich_hsb,64,2.819692173966811e+21,91.38,222.0,7.022562006232467e-13,0.011151165194533404,0.004140956707838469,0.015061062267259916,0.7931478802336448,1.3633156909684618,0.9993767166561843,0.9779430809127525
UGC09133,external_151,bulge_rich_hsb,65,2.904239739699675e+21,94.12,224.0,6.627691961180861e-13,0.010647636335089184,0.003962579255239772,0.014399106668956631,0.7939347842938478,1.3635295642530305,0.9994297493575345,0.9780389856055096
UGC09133,external_151,bulge_rich_hsb,66,3.0761119809887435e+21,99.68999999999998,227.0,5.953049182284304e-13,0.00971118979895803,0.0036215183589125488,0.013156176850912442,0.7951506119189106,1.3638657593798895,0.9995237735397103,0.9782000933928134
UGC09133,external_151,bulge_rich_hsb,67,3.3420973885133e+21,108.31,229.0,5.077964829901255e-13,0.008421095288326037,0.003144400017217209,0.011432333803831903,0.7964187459693002,1.364226665864755,0.9996406508721197,0.9783885376566082
UGC09992,external_151,low_mass_dwarf,0,2.4068285135632663e+19,0.7799999999999999,28.1,1.0187129863253429e-11,0.36691823183099204,0.4072894067870668,0.43407793677499296,0.09349320470677909,0.5829107830780167,0.3612777514986408,0.19886764076169336
UGC09992,external_151,low_mass_dwarf,1,4.782800251311619e+19,1.55,31.3,8.383114886906192e-12,0.3090458499952228,0.27094519529992367,0.3646738664056788,0.16030347224013955,0.7853672752485277,0.5030013285628491,0.35566466404050767
UGC09992,external_151,low_mass_dwarf,2,7.220485540689799e+19,2.34,33.0,6.81738089775547e-12,0.2688057672925592,0.17475634097886317,0.305919864970422,0.20949121987711775,0.9146478664674156,0.6516295067568693,0.5163172126308626
UGC09992,external_151,low_mass_dwarf,3,9.627314054253065e+19,3.1199999999999997,33.4,5.67141879682588e-12,0.22683550887094622,0.1265246875348881,0.2604837300088307,0.24659091988568996,0.9872954735412485,0.7521193451276754,0.6276729085828209
UGC09992,external_151,low_mass_dwarf,4,1.2003285792001419e+20,3.89,34.3,4.775908069796925e-12,0.19370759428001777,0.09782674772250834,0.22550390572225942,0.27582372435507235,1.0349087653867386,0.8192671063376159,0.7044187821794088
UGC10310,external_151,low_mass_dwarf,0,3.394245339640504e+19,1.1,33.2,1.2164177157325205e-11,0.3540880345230196,0.3076775187366956,0.39381143207193126,0.1188530149162167,0.6844860282158854,0.45214717494512763,0.28588130911337284
UGC10310,external_151,low_mass_dwarf,1,6.819347455095921e+19,2.21,54.6,1.048870189104209e-11,0.26832760816665346,0.22608851313803086,0.3284054693207821,0.1979853307975783,0.8709912577009653,0.5738923593247631,0.4390091472507913
UGC10310,external_151,low_mass_dwarf,2,1.0213592794736425e+20,3.31,65.7,8.51289360276354e-12,0.23283775472658963,0.1392323493185458,0.2710285352340299,0.25332561746442006,0.9944540342959397,0.7260269195018493,0.6087456644515727
UGC10310,external_151,low_mass_dwarf,3,1.3638694910191842e+20,4.42,69.2,7.233275047626878e-12,0.1934644659022128,0.10401079921706805,0.22817906428015364,0.29432029700591733,1.0576875826698973,0.8081912651949132,0.7041145557463253
UGC10310,external_151,low_mass_dwarf,4,1.7032940249832345e+20,5.52,70.9,6.164414841029318e-12,0.16184916546134992,0.07896333000377523,0.19354972172471058,0.3258576550655608,1.0994447628833226,0.8674280967079396,0.7728397202413647
UGC10310,external_151,low_mass_dwarf,5,2.0488899141102676e+20,6.64,72.4,5.2571615352566796e-12,0.1361988144387339,0.06183022881298698,0.16522805833273463,0.35063186999304824,1.1281368947299977,0.9073085537883775,0.8198582612261134
UGC10310,external_151,low_mass_dwarf,6,2.388314448074318e+20,7.74,73.2,4.606107073092198e-12,0.11835196974123341,0.0519548378357553,0.14532723188737204,0.3707866980464494,1.1488043478260437,0.9297961787081696,0.8482296964664056
UGC11455,external_151,bulge_rich_hsb,0,1.9131201005246476e+19,0.62,35.1,1.9471827759608383e-10,0.7404642049749147,0.6055256207129217,0.5709022876242895,0.09703190723567037,0.6890943760577459,0.22436819829662838,0.1426619302234365
UGC11455,external_151,bulge_rich_hsb,1,3.795383425234381e+19,1.23,64.6,1.905322835809384e-10,0.713886062601242,0.5818241238779868,0.5591687687029704,0.1748129293113962,0.8394446757949398,0.23510720523348638,0.17498379141419504
UGC11455,external_151,bulge_rich_hsb,2,5.646789974129202e+19,1.83,80.1,1.8641491241850024e-10,0.6877436274795967,0.5585111761714933,0.5476276025508532,0.2404760407413512,0.9392476501369668,0.24639272646181376,0.1988670547415924
UGC11455,external_151,bulge_rich_hsb,3,7.621623626283678e+19,2.4700000000000006,113.0,1.820230498452329e-10,0.6598583633498417,0.5336440319512337,0.5353170253219282,0.2957015617983235,1.0085562460154254,0.25928987943930754,0.21937559563705755
UGC11455,external_151,bulge_rich_hsb,4,9.50388695099341e+19,3.08,136.0,1.7783705583008747e-10,0.633280220976169,0.5099425351162986,0.523583506400609,0.34106355517570763,1.0576607887124878,0.2724814197284222,0.23738840731881908
UGC11455,external_151,bulge_rich_hsb,5,1.1355293499888232e+20,3.68,150.0,1.7371968466764934e-10,0.6071377858545236,0.48662958740980516,0.5120423402484917,0.3810183937705303,1.09614824836718,0.2863893850526193,0.2547300734936882
UGC11455,external_151,bulge_rich_hsb,6,1.3330127152042707e+20,4.32,171.0,1.69327822094382e-10,0.5792525217247686,0.4617624431895455,0.49973176301956673,0.4153382187299489,1.126576916238707,0.30233643191188203,0.2729935931616237
UGC11455,external_151,bulge_rich_hsb,7,1.5150676925122612e+20,4.91,192.0,1.6527907378465117e-10,0.5535457938551507,0.4388380446114936,0.48838294963665146,0.44492662122964877,1.1509288775436544,0.31814608018462653,0.2905128601309357
UGC11455,external_151,bulge_rich_hsb,8,1.706379702564726e+20,5.53,197.0,1.610244569167984e-10,0.5265319442294506,0.41474799864811707,0.47645707794613035,0.47206867511953404,1.1721586262117187,0.33601064428402183,0.30966426590185503
UGC11455,external_151,bulge_rich_hsb,9,1.9038630677801733e+20,6.169999999999999,195.0,1.5663259434353107e-10,0.4986466800996956,0.38988085442785736,0.4641465007172053,0.495891177185185,1.1902196367956859,0.3559202275871494,0.3304543399714892
UGC11455,external_151,bulge_rich_hsb,10,2.092089400251147e+20,6.78,196.0,1.5244660032838564e-10,0.4720685377260228,0.36617935759292236,0.4524129817958862,0.516477644859737,1.2053940402873813,0.37641490357096674,0.3515640254004302
UGC11455,external_151,bulge_rich_hsb,11,2.277230055140629e+20,7.38,216.0,1.483292291659475e-10,0.44592610260437754,0.3428664098864289,0.440871815643769,0.5351302939396704,1.2188517787929491,0.3981523554408512,0.373747270778415
UGC11455,external_151,bulge_rich_hsb,12,2.4685420651930937e+20,8.0,225.0,1.4220191495279568e-10,0.43935482021305267,0.3235219473746121,0.4312785972633754,0.5523021178599132,1.2317703798973378,0.4174875661227521,0.39372377823973426
UGC11455,external_151,bulge_rich_hsb,13,2.6598540752455582e+20,8.62,240.0,1.360312025567823e-10,0.43325727709050205,0.304287459760198,0.4217394361577251,0.5677885433920492,1.2433633317088977,0.43796255635357995,0.4146940637045343
UGC11455,external_151,bulge_rich_hsb,14,2.848080407716532e+20,9.23,247.0,1.2996001778005943e-10,0.4272580814376699,0.2853632058169841,0.41235413248926256,0.5819283353768635,1.2538562865808067,0.4594095636022046,0.43652799660682823
UGC11455,external_151,bulge_rich_hsb,15,3.039392417768996e+20,9.849999999999998,254.0,1.2378930538404605e-10,0.4211605383151193,0.26612871820257006,0.4028149713836122,0.5945691461117263,1.2634183728253485,0.4826240105124823,0.4600035066585406
UGC11455,external_151,bulge_rich_hsb,16,3.218361717495496e+20,10.43,257.0,1.180167034651948e-10,0.41545638507144284,0.24813516527295681,0.39389124002671344,0.6062119464742655,1.2720400199332396,0.5057190044191312,0.4833173146397003
UGC11455,external_151,bulge_rich_hsb,17,3.409673727547961e+20,11.05,273.0,1.1184599106918142e-10,0.4093588419488922,0.22890067765854272,0.38435207892106305,0.6172934800577943,1.2804630202527014,0.5319758690179508,0.5097118876066521
UGC11455,external_151,bulge_rich_hsb,18,3.6009857376004257e+20,11.67,272.0,1.0567527867316803e-10,0.40326129882634154,0.2096661900441286,0.37481291781541265,0.6267113057683213,1.2880421001920634,0.5599555730335563,0.5377201000943372
UGC11455,external_151,bulge_rich_hsb,19,3.761440971837976e+20,12.189999999999998,270.0,1.0049984247006005e-10,0.3981472304009765,0.19353403914171685,0.3668123310816414,0.6362402682967998,1.2948931690688514,0.584827223650505,0.5627087980526784
UGC11455,external_151,bulge_rich_hsb,20,3.983609757705355e+20,12.91,279.0,9.333385388114125e-11,0.39106621258124025,0.1711972148153004,0.3557345956041119,0.6526743873852107,1.305294265233142,0.6215010578811182,0.5997242106408042
UGC11455,external_151,bulge_rich_hsb,21,4.492746558651431e+20,14.560000000000002,287.0,7.691179669820238e-11,0.37483888007767796,0.12000865906726285,0.33034811846810685,0.674133504384655,1.3226049444236967,0.7161034163506468,0.6941607873802079
UGC11455,external_151,bulge_rich_hsb,22,5.1314818180201434e+20,16.63,291.0,6.602230650385378e-11,0.32694639358131655,0.09411616355363282,0.2914639214369731,0.6887730401927941,1.3302079790173473,0.7847355371519411,0.7621335488446633
UGC11455,external_151,bulge_rich_hsb,23,5.483249062310159e+20,17.77,286.0,6.068756962467372e-11,0.2986930615877692,0.08247021755940938,0.26956962572148796,0.6960899338795083,1.3334742977552345,0.8181199451641911,0.7951889036284799
UGC11455,external_151,bulge_rich_hsb,24,5.705417848177537e+20,18.49,288.0,5.731826212203369e-11,0.2808488519076341,0.07511488324726828,0.25574164948012895,0.7048323760675764,1.3367714076805413,0.8388557715403244,0.8159893347174697
UGC11455,external_151,bulge_rich_hsb,25,6.245411424938526e+20,20.239999999999995,289.0,4.9128973053116935e-11,0.23747750893508346,0.057237334571925286,0.22213198500460357,0.7166694359389313,1.3418802874742246,0.8871993242804528,0.8640549037075308
UGC11455,external_151,bulge_rich_hsb,26,6.979802689333473e+20,22.62,288.0,3.898792695320884e-11,0.18362635538631825,0.035922228248654944,0.1795273921848497,0.7266447165929839,1.3466271427779655,0.9394167863724434,0.915911761978066
UGC11455,external_151,bulge_rich_hsb,27,7.680251500332013e+20,24.89,269.0,3.353067831791106e-11,0.15398234295336222,0.028276469146937943,0.15202534247100138,0.7342110233969648,1.3489713941687447,0.9587843543478,0.93529180795331
UGC11455,external_151,bulge_rich_hsb,28,8.349843535515639e+20,27.06,267.0,2.8313837111481033e-11,0.12564423415181397,0.020967527626794394,0.12573483679741077,0.7398972471114109,1.3507673969685752,0.9743136939445727,0.9508240971919184
UGC11455,external_151,bulge_rich_hsb,29,8.988578794884352e+20,29.13,272.0,2.333740333391874e-11,0.09861202898167347,0.013995403688224266,0.10065587516407774,0.7442769074654115,1.3521874256295026,0.9861084962715347,0.9626391968443798
UGC11455,external_151,bulge_rich_hsb,30,9.658170830067979e+20,31.299999999999997,274.0,2.011383113474054e-11,0.08252731681519658,0.010925221326739638,0.08510464671340834,0.747941560897387,1.3531012629244417,0.9907877829926959,0.9674030728998493
UGC11455,external_151,bulge_rich_hsb,31,1.0324677187670114e+21,33.46,259.0,1.7418644465522223e-11,0.06967359776450137,0.008961228286390743,0.07239186695298892,0.7509078398848678,1.3537384876988308,0.9935546120651284,0.9702411424525196
UGC11455,external_151,bulge_rich_hsb,32,1.0963412447038827e+21,35.53,272.0,1.4835757240854668e-11,0.05735545034091845,0.007079068289389718,0.060208786349253654,0.7533279011866142,1.3542318435846208,0.995755868325705,0.9724964254601582
UGC11455,external_151,bulge_rich_hsb,33,1.1633004482222456e+21,37.7,274.0,1.2546383827409715e-11,0.04681788599961186,0.005588937129036338,0.04976036424923701,0.7553387483005064,1.3546122960246911,0.9972266374574756,0.9740142922617817
UGC11455,external_151,bulge_rich_hsb,34,1.230259651740608e+21,39.87,272.0,1.1082494842054608e-11,0.040968619209150466,0.005051901772428625,0.04389673212722471,0.7570416521469886,1.3549237801789928,0.9977872871673902,0.9746285112765816
UGC11455,external_151,bulge_rich_hsb,35,1.2938246099193302e+21,41.93,266.0,9.692812210795837e-12,0.0354158590301871,0.004542089406248029,0.03833033481324067,0.7584714043037374,1.3551678914858794,0.9982620277294492,0.9751444017114497
UGC11557,external_151,low_mass_dwarf,0,1.0182736018921513e+19,0.33000000000000007,4.0,4.024731972625044e-11,0.6113327112752194,0.6412215901234952,0.5523880137647695,0.10112070817093348,0.6384677193556481,0.22016581453381376,0.13121127486804524
UGC11557,external_151,low_mass_dwarf,1,3.0548208056764535e+19,0.99,17.0,3.828519212422716e-11,0.5459220087570903,0.5737392270286629,0.5196044382532308,0.18509350069259822,0.811008071724936,0.2511821582059346,0.18210251079532613
UGC11557,external_151,low_mass_dwarf,2,5.430792543424806e+19,1.76,33.3,3.5996043255200007e-11,0.4696095224859397,0.4950098034180251,0.48135693348976893,0.25000064337471484,0.9215364622576374,0.29561624664999453,0.23546765248114113
UGC11557,external_151,low_mass_dwarf,3,7.467339747209108e+19,2.42,44.9,3.403391565317673e-11,0.4041988199678107,0.42752744032319273,0.44857335797823017,0.30182292591206594,0.9983380729010538,0.342727001149862,0.2880866797195053
UGC11557,external_151,low_mass_dwarf,4,9.843311484957462e+19,3.1900000000000004,53.0,3.118252554187922e-11,0.35296209183463995,0.3544360744482338,0.411592380001724,0.34344832500240896,1.0594281781373003,0.40669718430484797,0.3546707691044816
UGC11557,external_151,low_mass_dwarf,5,1.1879858688741764e+20,3.85,60.8,2.8172907048851367e-11,0.33426910808168414,0.2974577684681616,0.3811684237653425,0.3778018369527469,1.1080971721473676,0.46864416972551676,0.4193666806407385
UGC11557,external_151,low_mass_dwarf,6,1.4255830426490117e+20,4.62,69.0,2.4661685473652203e-11,0.31246062703656907,0.2309830781580774,0.3456738081562307,0.40598868432954277,1.149696809450467,0.5560349805104683,0.5074597917353765
UGC11557,external_151,low_mass_dwarf,7,1.629237763027442e+20,5.280000000000001,76.6,2.1652066980624343e-11,0.29376764328361327,0.1740047721780052,0.31524985191984917,0.4278101656135847,1.1813558757904432,0.6457654824128684,0.5974116280215072
UGC11557,external_151,low_mass_dwarf,8,1.8328924834058722e+20,5.94,85.0,1.917799318668871e-11,0.27228320817153334,0.13293781415837272,0.287161128095528,0.45224909139998615,1.2081345599652527,0.7237221585725057,0.676648256887141
UGC11557,external_151,low_mass_dwarf,9,2.1723170173699224e+20,7.04,78.1,1.6355913311335966e-11,0.22969257476921773,0.10315754372312799,0.24602121548577843,0.48299163642886117,1.231707364248268,0.7975820865589371,0.7521662419435825
UGC11557,external_151,low_mass_dwarf,10,2.715396271712403e+20,8.8,81.6,1.2135445670129588e-11,0.1661769723601857,0.060400311089571536,0.18424726704981614,0.5084220949525794,1.252361059525663,0.8998584250715961,0.8546193641272362
UGC11557,external_151,low_mass_dwarf,11,3.258475526054884e+20,10.560000000000002,84.5,9.392707432217459e-12,0.12586225548538688,0.04215595318952617,0.1427699693090119,0.5264705258029743,1.263565169580086,0.9432306792594691,0.8990635043629529
UGC11820,external_151,low_mass_dwarf,0,8.022761711877555e+18,0.26,16.0,9.564588123696572e-12,0.38726447853168083,0.24986657445575763,0.38685245069707097,0.021034670535926316,0.38980060881042855,0.5084879434483731,0.19322744679208118
UGC11820,external_151,low_mass_dwarf,1,1.3576981358562015e+19,0.44,18.9,9.42334871981804e-12,0.3719191902764474,0.24153846745793747,0.37659229988424914,0.040143481305740525,0.4584864632195319,0.5236656911287023,0.23176992643277888
UGC11820,external_151,low_mass_dwarf,2,1.882263324709734e+19,0.61,25.8,9.289955949488316e-12,0.3574264180353935,0.23367303307110732,0.3669021574499174,0.058056550696702666,0.5196407502959866,0.5384010802439478,0.267352931749493
UGC11820,external_151,low_mass_dwarf,3,2.4376852893781803e+19,0.79,35.8,9.148716545609784e-12,0.34208112978016,0.22534492607328716,0.35664200663709555,0.07718813930460884,0.5813706652752769,0.5544237099616974,0.3044728310703526
UGC11820,external_151,low_mass_dwarf,4,3.1165343573062808e+19,1.01,44.1,8.976090607536022e-12,0.3233257774682079,0.21516612863150697,0.34410182231031333,0.2429713445478163,0.9720927034941078,0.5745836695845163,0.47464455677133865
UGC11820,external_151,low_mass_dwarf,5,1.623066407864459e+20,5.26,59.65,4.877236593700386e-12,0.14217453123986312,0.06719421741540935,0.1723765810066864,0.33530921971806976,1.1108027456047933,0.8961961981619933,0.8030413954366598
UGC11820,external_151,low_mass_dwarf,6,2.4407709669596715e+20,7.91,69.15,3.4495201236575595e-12,0.09845690190759465,0.04206899178368639,0.12295829580796488,0.37665331010452535,1.1547334037972072,0.9508167995588594,0.869699997722795
UGC11820,external_151,low_mass_dwarf,7,3.246132815728918e+20,10.52,76.95,2.5953361903649283e-12,0.0750123501391959,0.030697209087267717,0.09552599100515266,0.4052306642963391,1.1806493419239243,0.9715115760310504,0.8985055587644825
UGC11820,external_151,low_mass_dwarf,8,4.0545803420796564e+20,13.14,81.25,2.041295574970416e-12,0.06001553247722937,0.023996502386672284,0.07748917043255697,0.4268313926947653,1.1983426473326706,0.9817447599096368,0.9144336409240256
UGC11820,external_151,low_mass_dwarf,9,4.881541933919343e+20,15.82,84.45,1.651600615867466e-12,0.049078933561675066,0.019255238653028313,0.06395094432323323,0.44369413998783874,1.2112049511195555,0.9878358808806641,0.924654582864884
UGC11914,external_151,bulge_rich_hsb,0,8.639897228175829e+18,0.28,168.0,3.065053620288639e-10,0.7967192175012128,2.47849008999632,0.7652008855381728,0.02080828318464404,0.25898369033641816,0.05008657936902318,0.012827086217451267
UGC11914,external_151,bulge_rich_hsb,1,1.1417007051518058e+19,0.37,187.0,3.04562521041721e-10,0.7800797648061978,2.457747812333013,0.7629229521502883,0.041791997066918565,0.28973324930826844,0.05063106004844139,0.014465121847831925
UGC11914,external_151,bulge_rich_hsb,2,1.4502684633009424e+19,0.47,204.0,3.0240380883378445e-10,0.7615914840339589,2.434700837151561,0.7603919150526388,0.06182993405899929,0.31851644592025197,0.05124718132955293,0.01604846342126879
UGC11914,external_151,bulge_rich_hsb,3,1.7279794456351658e+19,0.56,218.0,3.0046096784664155e-10,0.7449520313389438,2.4139585594882536,0.7581139816647542,0.08000165992584234,0.3445015865175478,0.05181197526113813,0.017498333567455757
UGC11914,external_151,bulge_rich_hsb,4,2.0056904279693885e+19,0.65,232.0,2.985181268594986e-10,0.7283125786439288,2.3932162818249463,0.7558360482768697,0.09838025085013216,0.3706378261641107,0.05238676354886302,0.018975010732625638
UGC11914,external_151,bulge_rich_hsb,5,2.3142581861185253e+19,0.75,243.0,2.9635941465156203e-10,0.70982429787169,2.370169306643494,0.7533050111792202,0.11598095505620765,0.3951634303771379,0.05303744334773631,0.020417242710093986
UGC11914,external_151,bulge_rich_hsb,6,2.591969168452748e+19,0.8399999999999999,253.0,2.9441657366441914e-10,0.693184845176675,2.3494270289801866,0.7510270777913357,0.13198528004133203,0.4173419913095639,0.05363416188210998,0.02173964302456763
UGC11914,external_151,bulge_rich_hsb,7,2.8696801507869716e+19,0.93,262.0,2.9247373267727624e-10,0.67654539248166,2.3286847513168794,0.7487491444034511,0.14821340638003525,0.4396915446739095,0.05424167997935404,0.023088533533535037
UGC11914,external_151,bulge_rich_hsb,8,3.178247908936108e+19,1.03,269.0,2.903150204693397e-10,0.658057111709421,2.305637776135427,0.7462181073058016,0.16379400046532105,0.46073980502423945,0.05492970307572754,0.024422344147533068
UGC11914,external_151,bulge_rich_hsb,9,3.4559588912703316e+19,1.12,275.0,2.883721794821968e-10,0.6414176590144061,2.2848954984721197,0.7439401739179171,0.17799499652107004,0.479816859130885,0.05556094019723027,0.025647859128263343
UGC11914,external_151,bulge_rich_hsb,10,3.733669873604554e+19,1.21,280.0,2.864293384950539e-10,0.6247782063193911,2.264153220808813,0.7416622405300326,0.19168037484332798,0.4980266812887982,0.05620386872224074,0.026848186579420442
UGC11914,external_151,bulge_rich_hsb,11,4.011380855938777e+19,1.3,284.0,2.84486497507911e-10,0.6081387536243761,2.2434109431455056,0.739384307142148,0.20631733173657474,0.5174396387996749,0.05685879560900258,0.028125577440240874
UGC11914,external_151,bulge_rich_hsb,12,4.3508053899028275e+19,1.41,287.0,2.8211191407918075e-10,0.5878016447749133,2.2180592704459077,0.7366001663347336,0.22038141529043026,0.5356658956285711,0.05767601995485478,0.0294386350992351
UGC11914,external_151,bulge_rich_hsb,13,4.628516372237051e+19,1.5,289.0,2.8016907309203786e-10,0.5711621920798983,2.197316992782601,0.7343222329468491,0.23258236647626734,0.5514455025822291,0.058358762948237934,0.03057526524026865
UGC11914,external_151,bulge_rich_hsb,14,4.906227354571274e+19,1.59,290.0,2.7799345287536444e-10,0.5579795461954231,2.1720898291989843,0.7317831033382639,0.2443670545319582,0.5679801132081113,0.05918915699172497,0.031839647156475116
UGC11914,external_151,bulge_rich_hsb,15,5.183938336905496e+19,1.6799999999999997,291.0,2.7453575628681533e-10,0.5638359285905368,2.1221612939312053,0.7278053853141279,0.25635557601793185,0.5925407925948925,0.06080800146448274,0.0339594733240502
UGC11914,external_151,bulge_rich_hsb,16,5.492506095054633e+19,1.78,292.0,2.7069387118842744e-10,0.5703430201406631,2.0666851436336726,0.7233856986206434,0.2679001971447761,0.6174921178671968,0.0626955129612509,0.03630021449903241
UGC11914,external_151,bulge_rich_hsb,17,5.7702170773888565e+19,1.87,292.0,2.6723617459987833e-10,0.5761994025357767,2.016756608365893,0.7194079805965073,0.2784538477218176,0.6401737840139488,0.06447990384874298,0.03851609200181835
UGC11914,external_151,bulge_rich_hsb,18,6.04792805972308e+19,1.96,291.0,2.6377847801132923e-10,0.5820557849308904,1.9668280730981138,0.7154302625723713,0.28865165503998075,0.6623927248473315,0.0663513506822154,0.040806434264178966
UGC11914,external_151,bulge_rich_hsb,19,6.325639042057302e+19,2.05,291.0,2.603207814227801e-10,0.587912167326004,1.9168995378303346,0.7114525445482354,0.2995894923761284,0.6855025383145456,0.06831613451061812,0.04324835604538301
UGC11914,external_151,bulge_rich_hsb,20,6.665063576021353e+19,2.16,291.0,2.5609470781455344e-10,0.5950699680311429,1.8558757725030486,0.7065908891854024,0.3101246696154462,0.7102236676426092,0.07085440215764523,0.046197309392006294
UGC11914,external_151,bulge_rich_hsb,21,6.942774558355576e+19,2.25,290.0,2.5263701122600434e-10,0.6009263504262565,1.8059472372352694,0.7026131711612663,0.31928779218260456,0.7310995598986041,0.07305229885872744,0.04877618683001104
UGC11914,external_151,bulge_rich_hsb,22,7.220485540689799e+19,2.34,290.0,2.4917931463745523e-10,0.6067827328213702,1.75601870196749,0.6986354531371303,0.328160834090526,0.7516002991222664,0.07536834839425177,0.05146217210950475
UGC11914,external_151,bulge_rich_hsb,23,7.498196523024022e+19,2.43,290.0,2.457216180489061e-10,0.6126391152164838,1.7060901666997106,0.6946577351129942,0.3339161201290747,0.7684981357548621,0.07781200539687656,0.05408372064243565
UGC11914,external_151,bulge_rich_hsb,24,7.590766850468762e+19,2.46,290.0,2.445690525193897e-10,0.6145912426815218,1.689447321610451,0.693331829104949,0.33862845469459785,0.7773235842615903,0.07865669457255514,0.05516777642126834
UGC11914,external_151,bulge_rich_hsb,25,7.806764281173157e+19,2.5299999999999994,290.0,2.4187973295051823e-10,0.6191462067666101,1.6506140164021783,0.6902380484195098,0.3459983912687028,0.7937265558261353,0.08068963185983614,0.05752938791497567
UGC11914,external_151,bulge_rich_hsb,26,8.084475263507382e+19,2.62,290.0,2.3842203636196907e-10,0.6250025891617238,1.6006854811343987,0.6862603303953737,0.35404957897468525,0.8131695232321137,0.08343853910001811,0.06061550488288337
UGC11914,external_151,bulge_rich_hsb,27,8.362186245841605e+19,2.71,290.0,2.3496433977342e-10,0.6308589715568375,1.5507569458666193,0.6822826123712377,0.36185996564878675,0.8323042047899383,0.08635172177524228,0.06385575658210171
UGC11914,external_151,bulge_rich_hsb,28,8.639897228175827e+19,2.8,290.0,2.315066431848709e-10,0.6367153539519511,1.50082841059884,0.6783048943471017,0.37357354472170146,0.8554320282189803,0.08944389769676349,0.06751711531281857
UGC11914,external_151,bulge_rich_hsb,29,9.226175968659189e+19,2.99,290.0,2.2420706149793388e-10,0.6490788278971911,1.395423725033528,0.6699074896294811,0.3924545655950795,0.8976043726058648,0.09663658262392193,0.07555391257708033
UGC11914,external_151,bulge_rich_hsb,30,1.0121022467291683e+20,3.28,291.0,2.1380182826775084e-10,0.6627557960365099,1.2661414435825593,0.6578983259486466,0.4193118630770075,0.9514445113134333,0.1071820165350492,0.08727348254774699
UGC11914,external_151,bulge_rich_hsb,31,1.1540434154777713e+20,3.74,292.0,1.9878205172552757e-10,0.6739741546941337,1.1248112766113678,0.640479000080026,0.43707745690025146,0.9982423068006315,0.12188908555152514,0.10245021415759503
UGC11914,external_151,bulge_rich_hsb,32,1.1818145137111936e+20,3.83,292.0,1.9584339979335347e-10,0.676169050953234,1.0971597222039609,0.6370708711057307,0.44566535713424416,1.0114870658455961,0.12516137995951096,0.10608951666410066
UGC11914,external_151,bulge_rich_hsb,33,1.2404423877595295e+20,4.02,292.0,1.8963957904765258e-10,0.6808027208335568,1.0387842184549907,0.629875932159996,0.4533222458239039,1.030735281656002,0.13257233667247784,0.11370428301133356
UGC11914,external_151,bulge_rich_hsb,34,1.2620421308299692e+20,4.09,292.0,1.873539608781838e-10,0.6825098623684126,1.0172774539158962,0.6272251651799886,0.4561990835207331,1.0378377325050838,0.13548996888704584,0.1166985437804464
UGC11914,external_151,bulge_rich_hsb,35,1.2712991635744432e+20,4.12,292.0,1.8637441023412577e-10,0.6832414944547793,1.0080602691134273,0.6260891221885568,0.4621323163279269,1.044442145026811,0.13677354001043499,0.11826047747592654
UGC11914,external_151,bulge_rich_hsb,36,1.3268413600412878e+20,4.3,291.0,1.8049710636977754e-10,0.6876312869729799,0.9527571602986131,0.6192728642399662,0.469493247078655,1.0624422736981949,0.14492403797915832,0.12659793525977017
UGC11914,external_151,bulge_rich_hsb,37,1.35461245827471e+20,4.39,291.0,1.7755845443760344e-10,0.6898261832320802,0.9251056058912063,0.6158647352656709,0.47452595439244055,1.0723559092208312,0.14931169123024657,0.1311448180044879
UGC11914,external_151,bulge_rich_hsb,38,1.3854692340896239e+20,4.49,291.0,1.7429328562407663e-10,0.6922649568533028,0.8943816565496427,0.6120779252942316,0.4794339926907676,1.0828077011855675,0.15445654979129778,0.1364280226572202
UGC11914,external_151,bulge_rich_hsb,39,1.4132403323230462e+20,4.58,290.0,1.7135463369190253e-10,0.6944598531124031,0.8667301021422358,0.6086697963199362,0.4889278761533054,1.0955921143736553,0.15934923436666162,0.14169322907086387
UGC11914,external_151,bulge_rich_hsb,40,1.502724982186296e+20,4.87,289.0,1.6248723284842763e-10,0.6993720761671129,0.7928907943416276,0.5982308253619836,0.49676143988610905,1.1174358529910964,0.17411540666571046,0.1565263258378775
UGC11914,external_151,bulge_rich_hsb,41,1.5150676925122612e+20,4.91,288.0,1.6135123852386133e-10,0.6997368766772484,0.7849153609426053,0.5968695483754133,0.4988516152626757,1.1205620554958045,0.17590394667931689,0.1583742701316899
UGC11914,external_151,bulge_rich_hsb,42,1.530496080419718e+20,4.96,288.0,1.5993124561815347e-10,0.7001928773149177,0.7749460691938274,0.5951679521422004,0.5020595965390955,1.1248270376222824,0.17818227053078878,0.16075479778281054
UGC11914,external_151,bulge_rich_hsb,43,1.5582671786531403e+20,5.05,287.0,1.5737525838787928e-10,0.7010136784627227,0.7570013440460273,0.5921050789224173,0.5061035404270958,1.131366865768928,0.18240707790849897,0.16507740792601786
UGC11914,external_151,bulge_rich_hsb,44,1.5860382768865627e+20,5.14,287.0,1.5481927115760506e-10,0.7018344796105276,0.7390566188982269,0.5890422057026341,0.5102799622034352,1.1379395870115,0.18679873154947624,0.16957049952043718
UGC11914,external_151,bulge_rich_hsb,45,1.6168950527014765e+20,5.24,286.0,1.5197928534618927e-10,0.7027464808858663,0.7191180354006711,0.5856390132362084,0.5143628172000243,1.1448514668009282,0.19188569998762087,0.17474047109639534
UGC11914,external_151,bulge_rich_hsb,46,1.6446661509348986e+20,5.33,286.0,1.4942329811591508e-10,0.7035672820336712,0.7011733102528709,0.5825761400164252,0.518148730697828,1.151095203335871,0.1966619232229691,0.17959378625007272
UGC11914,external_151,bulge_rich_hsb,47,1.672437249168321e+20,5.42,285.0,1.4686731088564087e-10,0.704388083181476,0.6832285851050706,0.5795132667966421,0.5218566270490119,1.157251760496003,0.20163728291199018,0.18463969696305577
UGC11914,external_151,bulge_rich_hsb,48,1.7002083474017432e+20,5.51,285.0,1.443113236553667e-10,0.705208884329281,0.6652838599572704,0.5764503935768589,0.5256889095049376,1.163437912668184,0.20682388825351575,0.18989960996094526
UGC11914,external_151,bulge_rich_hsb,49,1.731065123216657e+20,5.61,284.0,1.4147133784395092e-10,0.7061208856046197,0.6453452764597145,0.5730472011104332,0.5296338484130403,1.1700869675275247,0.21285050691012766,0.1959894528547341
UGC11914,external_151,bulge_rich_hsb,50,1.7619218990315707e+20,5.71,284.0,1.3863135203253513e-10,0.7070328868799585,0.6254066929621587,0.5696440086440074,0.5332995069380223,1.1765372896301045,0.2191736744053841,0.20235898561188714
UGC11914,external_151,bulge_rich_hsb,51,1.7896929972649928e+20,5.8,283.0,1.3607536480226097e-10,0.7078536880277634,0.6074619678143586,0.5665811354242243,0.5367016624914915,1.1823627216142474,0.2251357330354475,0.20836389766572264
UGC11914,external_151,bulge_rich_hsb,52,1.817464095498415e+20,5.889999999999999,283.0,1.3351937757198678e-10,0.7086744891755682,0.5895172426665585,0.5635182622044411,0.5400365799244936,1.188117585595537,0.23137236577728748,0.21463667154610008
UGC11914,external_151,bulge_rich_hsb,53,1.8452351937318378e+20,5.98,283.0,1.3096339034171254e-10,0.7094952903233731,0.5715725175187578,0.5604553889846579,0.5434863666468003,1.1938978325358458,0.23790214219388844,0.22120392860994764
UGC11914,external_151,bulge_rich_hsb,54,1.8760919695467512e+20,6.08,283.0,1.2812340453029677e-10,0.7104072915987119,0.5516339340212022,0.5570521965182322,0.5465110908671377,1.199867613509385,0.24552596773642957,0.22882801835212152
UGC11914,external_151,bulge_rich_hsb,55,1.897691712617191e+20,6.15,283.0,1.2613541446230573e-10,0.711045692491449,0.537676925572913,0.5546699617917342,0.548089489943671,1.2037584300754143,0.2511091240382288,0.23438384920038735
UGC11914,external_151,bulge_rich_hsb,56,1.9038630677801733e+20,6.169999999999999,283.0,1.2556741730002258e-10,0.7112280927465168,0.533689208873402,0.5539893232984491,0.5500014472418694,1.205599003086772,0.2527434520263388,0.23607585754692295
UGC11914,external_151,bulge_rich_hsb,57,1.9316341660135958e+20,6.26,283.0,1.2301143006974837e-10,0.7120488938943217,0.5157444837256018,0.5509264500786659,0.5530784584854763,1.2110907387408014,0.2603236026283922,0.24366302140402163
UGC11914,external_151,bulge_rich_hsb,58,1.959405264247018e+20,6.35,283.0,1.2075073576032585e-10,0.7111624144837514,0.5009010864791867,0.5477507058766481,0.560873567990647,1.2180072409260703,0.2671161885272026,0.2506652207433092
UGC11914,external_151,bulge_rich_hsb,59,2.0766610123436904e+20,6.730000000000001,284.0,1.124348138865283e-10,0.7003125119250717,0.451139030840465,0.5338721539677467,0.5683673816879858,1.231424019491561,0.29338369929762276,0.27665021006157076
UGC11914,external_151,bulge_rich_hsb,60,2.1075177881586038e+20,6.83,284.0,1.102464133934237e-10,0.6974572744096298,0.43804375304080156,0.5302199034654042,0.5712438184332687,1.2353483915771146,0.30096955857928737,0.2841944025224922
UGC11914,external_151,bulge_rich_hsb,61,2.135288886392026e+20,6.92,285.0,1.0827685294962957e-10,0.694887560645732,0.42625800302110445,0.526932878013296,0.5791650337463135,1.2412318459448226,0.3080625929496702,0.29148370567880255
UGC11914,external_151,bulge_rich_hsb,62,2.2741443775591376e+20,7.37,288.0,9.84290507306588e-11,0.682038991826243,0.3673292529226183,0.5104977507527548,0.6013629951795594,1.2622652204903033,0.3478009758437901,0.3313780367159738
UGC11914,external_151,bulge_rich_hsb,63,2.6536827200825757e+20,8.6,297.0,7.576709356781337e-11,0.6213232703812029,0.24012690519839236,0.4606597952136698,0.6273364932837798,1.2952031857645863,0.4747959079693426,0.45687899188073794
UGC11914,external_151,bulge_rich_hsb,64,3.033221062606014e+20,9.83,305.0,5.7842470950933716e-11,0.5360669006018887,0.14956581136326122,0.40501850637369874,0.6475281444866026,1.3164188380194066,0.622754497044754,0.6027143406432564
UGC12506,external_151,bulge_rich_hsb,0,2.530255616822921e+19,0.82,107.0,5.384328820866931e-11,0.4467059330022356,0.26482936370675764,0.41259280138980503,0.1727285332470194,0.8646550782893491,0.4778591396853825,0.36358939481178804
UGC12506,external_151,bulge_rich_hsb,1,7.590766850468762e+19,2.46,159.0,5.1553716455870795e-11,0.40429425692793186,0.24052663840239,0.38398082235967135,0.2872959679541994,1.043019091540357,0.519865040255095,0.44912628673619687
UGC12506,external_151,bulge_rich_hsb,2,1.2651278084114604e+20,4.1,194.0,4.926414470307228e-11,0.36188258085362807,0.21622391309802236,0.35536884332953766,0.3682648263252524,1.1290071735682852,0.5654853466165347,0.5111920492706978
UGC12506,external_151,bulge_rich_hsb,3,1.7711789317760447e+20,5.74,198.0,4.697457295027377e-11,0.31947090477932427,0.19192118779365472,0.326756864299404,0.4280149550295566,1.179323289340174,0.6145844622834915,0.5680899338045896
UGC12506,external_151,bulge_rich_hsb,4,2.277230055140629e+20,7.38,211.0,4.468500119747526e-11,0.27705922870502053,0.16761846248928708,0.29814488526927035,0.4734553054404298,1.2124624785674292,0.6667796312810189,0.6244274338414856
UGC12506,external_151,bulge_rich_hsb,5,2.783281178505213e+20,9.02,222.0,4.2395429444676744e-11,0.23464755263071677,0.14331573718491944,0.26953290623913667,0.508637078194345,1.2360063619274526,0.7213533949415434,0.6813033797151968
UGC12506,external_151,bulge_rich_hsb,6,3.286246624288306e+20,10.65,230.0,3.977684584277928e-11,0.20305488921671488,0.12298641500067999,0.2450826224946966,0.536780080690256,1.2538531079088224,0.7683924346455893,0.7301207614398206
UGC12506,external_151,bulge_rich_hsb,7,3.79229774765289e+20,12.29,239.0,3.6558706051611873e-11,0.18923457275256717,0.10904012213770425,0.2272657204746472,0.5602094934878917,1.2680368045298018,0.8014035337944866,0.7649535838869979
UGC12506,external_151,bulge_rich_hsb,8,4.298348871017474e+20,13.93,237.0,3.334056626044447e-11,0.17541425628841945,0.09509382927472851,0.20944881845459778,0.5797969204125655,1.2796320216641166,0.8339081032154053,0.7988091533549754
UGC12506,external_151,bulge_rich_hsb,9,4.804399994382059e+20,15.57,240.0,3.012242646927706e-11,0.16159393982427173,0.08114753641175276,0.19163191643454835,0.5962495196516745,1.2893257702606735,0.8654227928048532,0.8313666773937813
UGC12506,external_151,bulge_rich_hsb,10,5.310451117746643e+20,17.21,245.0,2.6904286678109652e-11,0.14777362336012398,0.06720124354877702,0.17381501441449893,0.6100964012218462,1.2975775824186715,0.895410781525188,0.862197636280833
UGC12506,external_151,bulge_rich_hsb,11,5.816502241111228e+20,18.85,249.0,2.3686146886942243e-11,0.13395330689597623,0.05325495068580127,0.1559981123944495,0.6217393281009757,1.304705514425496,0.9232956295162857,0.8908013781671904
UGC12506,external_151,bulge_rich_hsb,12,6.322553364475811e+20,20.49,248.0,2.091764291673008e-11,0.12137210016931842,0.04196051381529263,0.14026384904867026,0.6316297736490557,1.310435762624157,0.9444159891967351,0.912586546095112
UGC12506,external_151,bulge_rich_hsb,13,6.828604487840395e+20,22.13,250.0,1.9536171333258998e-11,0.11261328760372491,0.038846497576554354,0.1309540900605627,0.6404080242195452,1.313935936727837,0.9515915143971958,0.9203720297582942
UGC12506,external_151,bulge_rich_hsb,14,7.33465561120498e+20,23.77,255.0,1.8154699749787913e-11,0.10385447503813139,0.03573248133781608,0.12164433107245513,0.6481955165097985,1.317004172630961,0.9583440998630428,0.9276457156663234
UGC12506,external_151,bulge_rich_hsb,15,7.840706734569564e+20,25.41,244.0,1.6773228166316827e-11,0.09509566247253788,0.0326184650990778,0.11233457208434758,0.6550933197890368,1.3197006225887054,0.9646533520804141,0.9344025547294611
UGC12506,external_151,bulge_rich_hsb,16,8.346757857934149e+20,27.050000000000004,244.0,1.5391756582845745e-11,0.08633684990694436,0.029504448860339524,0.10302481309624001,0.6611676254617217,1.322066845431906,0.9704998110958181,0.9406336217156903
UGC12506,external_151,bulge_rich_hsb,17,8.849723303717241e+20,28.68,249.0,1.401870860659095e-11,0.07763144473504352,0.026409420525496,0.09377182093123068,0.6665133188422319,1.324148831258437,0.9758338698892663,0.9463016221282178
UGC12506,external_151,bulge_rich_hsb,18,9.355774427081825e+20,30.32,251.0,1.271642598167409e-11,0.06946612302308136,0.023524940771559647,0.08506771033640931,0.6712331413023741,1.3259764833876388,0.9803804994923603,0.9511465405836369
UGC12506,external_151,bulge_rich_hsb,19,9.86182555044641e+20,31.96,249.0,1.2028577685175679e-11,0.06590575079815872,0.022421455470154505,0.08106288068404024,0.6756081049932616,1.3275243744865803,0.9821489732432604,0.9532296214510518
UGC12506,external_151,bulge_rich_hsb,20,1.0367876673810994e+21,33.6,244.0,1.1340729388677265e-11,0.06234537857323609,0.021317970168749364,0.07705805103167117,0.679660326131125,1.328947771835607,0.9838382796797918,0.9552055448223443
UGC12506,external_151,bulge_rich_hsb,21,1.0873927797175579e+21,35.24,239.0,1.0652881092178853e-11,0.058785006348313455,0.020214484867344226,0.07305322137930209,0.6834095579413205,1.3302568709657852,0.9854475682162732,0.9570761419530608
UGC12506,external_151,bulge_rich_hsb,22,1.1379978920540163e+21,36.88,238.0,9.965032795680441e-12,0.05522463412339082,0.019110999565939084,0.06904839172693303,0.68687346027791,1.3314605686383134,0.9869760244265198,0.9588429169366481
UGC12506,external_151,bulge_rich_hsb,23,1.1886030043904748e+21,38.52,241.0,9.277184499182027e-12,0.05166426189846819,0.018007514264533942,0.06504356207456395,0.690067830476291,1.3325666455124638,0.9884228710519719,0.9605071028133463
UGC12506,external_151,bulge_rich_hsb,24,1.239208116726933e+21,40.16,237.0,8.589336202683619e-12,0.04810388967354557,0.016904028963128807,0.061038732422194895,0.693006801534884,1.333581917385783,0.989787368970724,0.9620697075817187
UGC12506,external_151,bulge_rich_hsb,25,1.2898132290633914e+21,41.8,228.0,8.215241639665893e-12,0.046321277661481836,0.016360339611006074,0.05896174221612584,0.695793321752844,1.3345120754442306,0.990445821598266,0.962925799633435
UGC12506,external_151,bulge_rich_hsb,26,1.3404183413998499e+21,43.44,233.0,7.84443762445604e-12,0.044557310224277655,0.015822521217973874,0.056904970567438,0.6984350865635734,1.3353892703157075,0.9910765439804929,0.963742138052081
UGC12506,external_151,bulge_rich_hsb,27,1.3910234537363083e+21,45.08,233.0,7.473633609246188e-12,0.042793342787073474,0.015284702824941675,0.05484819891875016,0.7009307342096244,1.336214371674084,0.9916863126258916,0.9645256064298505
UGC12506,external_151,bulge_rich_hsb,28,1.4413199983146175e+21,46.71,230.0,7.105090594129079e-12,0.041040131248876635,0.014750163812354795,0.05280396856060311,0.7032946501416221,1.3369927203724925,0.9922715227114809,0.965274014554443
UGC12506,external_151,bulge_rich_hsb,29,1.491925110651076e+21,48.35,226.0,6.734286578919226e-12,0.039276163811672454,0.014212345419322595,0.050747196911915274,0.7055383285147185,1.3377290496761154,0.9928392788326948,0.9659954321496141
UGC12506,external_151,bulge_rich_hsb,30,1.5425302229875344e+21,49.99,225.0,6.363482563709374e-12,0.03751219637446827,0.013674527026290396,0.048690425263227435,0.7076594027268933,1.3384231338464425,0.9933858528558605,0.966686242805557
UGC12632,external_151,low_mass_dwarf,0,2.1908310828588704e+19,0.71,24.1,6.613941465510874e-12,0.255838939556914,0.14546725983042078,0.28401679519768447,0.05857834537643778,0.4875026251624416,0.7076382367946209,0.33147254468184023
UGC12632,external_151,low_mass_dwarf,1,4.381662165717741e+19,1.42,33.6,6.335012642383547e-12,0.21348018122474097,0.13234618136811488,0.25447619429413065,0.10583940545122371,0.6430810217701577,0.7480609182076359,0.44858511078078817
UGC12632,external_151,low_mass_dwarf,2,6.603350024391526e+19,2.14,44.8,6.052155244282595e-12,0.17052482066253727,0.1190402989838047,0.22451952858911836,0.14376389735764797,0.7454908471177296,0.7890986226597455,0.535271276607486
UGC12632,external_151,low_mass_dwarf,3,8.794181107250397e+19,2.85,54.4,5.6168388065352526e-12,0.15682957537870332,0.10178361799722765,0.2044911170400626,0.17518101189801757,0.8313164468599228,0.8277196987395296,0.6115351804008342
UGC12632,external_151,low_mass_dwarf,4,1.0954155414294353e+20,3.55,57.4,5.186630337536949e-12,0.14351476706812516,0.08474292948864491,0.1848070343244827,0.20165429496880197,0.8951592616675573,0.86459500295784,0.6746509962525095
UGC12632,external_151,low_mass_dwarf,5,1.3144986497153224e+20,4.26,61.4,4.7502760332672404e-12,0.13000974721025302,0.06745880257279668,0.16484175042725166,0.22402676056761653,0.944072932959196,0.8999277863023151,0.7288997166486547
UGC12632,external_151,low_mass_dwarf,6,1.5335817580012093e+20,4.97,63.8,4.461667281990836e-12,0.11912073005320277,0.059794238175325004,0.15136348198155058,0.24362695961314307,0.9802263821489676,0.9170049612447866,0.7616858238160866
UGC12632,external_151,low_mass_dwarf,7,1.755750543868588e+20,5.6899999999999995,65.5,4.175456905291029e-12,0.10819278628154126,0.05244254017393254,0.13797916016868197,0.2606507307832433,1.0090286923166862,0.9325228546532439,0.7892079350336977
UGC12632,external_151,low_mass_dwarf,8,1.974833652154475e+20,6.4,67.6,3.893221672712053e-12,0.09741661950670838,0.045192949089226074,0.1247807317143254,0.27529829309214865,1.0321993373972578,0.9466182178434038,0.8126046959736988
UGC12632,external_151,low_mass_dwarf,9,2.193916760440362e+20,7.11,69.2,3.671819149986888e-12,0.09038745027088416,0.041100529708692705,0.11604848630392939,0.2884093555962071,1.0513941928072141,0.9544748496812522,0.8285949767118315
UGC12632,external_151,low_mass_dwarf,10,2.412999868726249e+20,7.82,70.3,3.4534802827784402e-12,0.08354698723784286,0.03716711173598675,0.10754116669996514,0.3000614646334098,1.0675402031881291,0.9615662493333873,0.8423482306766708
UGC12632,external_151,low_mass_dwarf,11,2.6289972994306448e+20,8.52,71.4,3.238216610882787e-12,0.07680286875456271,0.0332890940164175,0.09915366849887361,0.31061713364380794,1.0815001290971915,0.968047315758191,0.8544603877856879
UGC12632,external_151,low_mass_dwarf,12,2.8542517628795145e+20,9.25,73.2,3.0643595300883238e-12,0.07180989341180571,0.03072861128960416,0.09292897025007713,0.32022514031829613,1.0935366812531808,0.9722370117964413,0.863596359929171
UGC12632,external_151,low_mass_dwarf,13,3.07024919358391e+20,9.95,73.0,2.901894546769597e-12,0.06719324929887856,0.028397817222848294,0.08717166193469228,0.32887646391274505,1.1039499352007793,0.9758431499543305,0.8714202026654128
UGC12632,external_151,low_mass_dwarf,14,3.289332301869797e+20,10.66,73.1,2.7371086351177447e-12,0.06251065312719528,0.026033726097995907,0.08133210635765906,0.33680719437173673,1.1131736642333405,0.9792652550827116,0.8785041276684582
UGC12732,external_151,low_mass_dwarf,0,2.962250478231712e+19,0.96,34.2,9.902903332924102e-12,0.3290202552474463,0.20115525162263942,0.3385139853860688,0.09113739844205791,0.63003514605797,0.5949057061645642,0.3505024727565577
UGC12732,external_151,low_mass_dwarf,1,5.924500956463424e+19,1.92,49.5,9.06884043822804e-12,0.25895956067133485,0.15967500285164354,0.2861465550853444,0.1561466980844032,0.8007501815047758,0.6863867784590401,0.4927423421596585
UGC12732,external_151,low_mass_dwarf,2,8.886751434695138e+19,2.8800000000000003,59.9,8.23477754353198e-12,0.18889886609522336,0.11819475408064764,0.23377912478462,0.20273705528409744,0.8986912603667203,0.7835058470001791,0.6131032863141596
UGC12732,external_151,low_mass_dwarf,3,1.1849001912926849e+20,3.84,65.3,7.1297079653512136e-12,0.16525326356712478,0.09615240911882973,0.2056304051460363,0.23966179981519073,0.9710819805853099,0.8349206647213272,0.689224398345772
UGC12732,external_151,low_mass_dwarf,4,1.4811252391158563e+20,4.8,69.8,5.998853285246659e-12,0.14602385426301184,0.07595949578157436,0.17978599001705434,0.26925227285063214,1.0224683475360872,0.87984445430275,0.7508568587219102
UGC12732,external_151,low_mass_dwarf,5,1.7773502869390275e+20,5.760000000000001,73.8,4.867998605142106e-12,0.1267944449588989,0.055766582444319,0.15394157488807236,0.2928177652593034,1.059946781796809,0.9209392485762743,0.8033624412859155
UGC12732,external_151,low_mass_dwarf,6,2.0735753347621985e+20,6.719999999999999,76.2,4.308176694564662e-12,0.11419790343900434,0.04831522525672979,0.13948510223861516,0.31289500708045437,1.0862705980895453,0.9368624580595504,0.8290258031314658
UGC12732,external_151,low_mass_dwarf,7,2.3698003825853697e+20,7.68,79.3,3.868443220497211e-12,0.10299625686085523,0.043543422795894404,0.12742351878013097,0.33026491542885056,1.1066689110132697,0.9474321429735235,0.8472056764586637
UGC12732,external_151,low_mass_dwarf,8,2.6660254304085413e+20,8.64,80.3,3.4287097464297593e-12,0.09179461028270611,0.03877162033505901,0.11536193532164675,0.34525012381925824,1.1231298961143117,0.957187225020623,0.8628656818570508
UGC12732,external_151,low_mass_dwarf,9,2.9622504782317126e+20,9.6,81.9,3.1471951044729587e-12,0.08486539655701797,0.03576067331449939,0.1075655240662381,0.35890376144106095,1.1373928374732545,0.9629586814643023,0.8739251323084584
UGC12732,external_151,low_mass_dwarf,10,3.270818236380849e+20,10.6,84.0,2.9120496274153053e-12,0.07921632957485321,0.03327086726470716,0.10101046016822327,0.3708469431513232,1.1492652133802024,0.9674856552818062,0.8827953886032096
UGC12732,external_151,low_mass_dwarf,11,3.548529218715072e+20,11.5,85.6,2.700418698063417e-12,0.07413216929090494,0.03103004181989416,0.09511090266000993,0.38169282946900035,1.1595745261997574,0.9713330922273621,0.8903560802516451
UGC12732,external_151,low_mass_dwarf,12,3.857096976864209e+20,12.5,87.9,2.5224091286455104e-12,0.06969344374353625,0.029043245292168795,0.08982953495838443,0.3915985893715046,1.1686291308810406,0.9745739388078484,0.8968174458358685
UGC12732,external_151,low_mass_dwarf,13,4.134807959198432e+20,13.4,90.8,2.3903321457439623e-12,0.06629451857123624,0.02750279189420992,0.08570342541288568,0.40075794305070933,1.1767002065718803,0.9769719554938668,0.9020812007104241
UGC12732,external_151,low_mass_dwarf,14,4.4433757173475685e+20,14.4,95.5,2.2435799425200194e-12,0.06251793504645844,0.02579117700758895,0.08111885925122041,0.40961340364978127,1.1842460906306564,0.9795072310650007,0.9072344015819483
UGC12732,external_151,low_mass_dwarf,15,4.751943475496706e+20,15.4,98.0,2.119046356432056e-12,0.05919864046269769,0.024281825896490757,0.07702756600509793,0.4177833245007478,1.1909881620936504,0.981639705952379,0.9116839122218223
UGCA281,external_151,low_mass_dwarf,0,2.7771098233422305e+18,0.09000000000000001,7.0,8.516679167673278e-12,0.5026001031504718,0.7434448128367152,0.5546464726167221,0.02665350050043442,0.36315306310274037,0.1951794413620175,0.06933230848077157
UGCA281,external_151,low_mass_dwarf,1,7.714193953728418e+18,0.25,14.9,8.738786291488674e-12,0.43523169174261817,0.7763784105696677,0.547654109475918,0.05161266793289543,0.3970673890178772,0.1904084315297828,0.07363390285762861
UGCA281,external_151,low_mass_dwarf,2,1.2651278084114604e+19,0.41,21.1,8.96089341530407e-12,0.36786328033476456,0.8093120083026203,0.5406617463351139,0.07574166401029853,0.4265810979730573,0.1860243466145515,0.07696956522339071
UGCA281,external_151,low_mass_dwarf,3,1.7896929972649929e+19,0.58,26.0,9.38450749488309e-12,0.3645486932579285,0.7414535520097735,0.5242791260514285,0.09799521264171863,0.500512666275671,0.20461253107653002,0.09818851662797883
UGCA281,external_151,low_mass_dwarf,4,2.2834014103036117e+19,0.74,27.5,9.80095924117083e-12,0.3678893606835381,0.6678533980611147,0.5080128892138903,0.11795000906583672,0.5727777109046338,0.22764620450485598,0.12337707686552499
UGCA281,external_151,low_mass_dwarf,5,2.7771098233422303e+19,0.9,28.8,1.015740346341775e-11,0.36965855819081983,0.6006817602632001,0.49217832483203294,0.13758945398359104,0.6413722086941971,0.25275340554172243,0.15122123059036394
UGCA281,external_151,low_mass_dwarf,6,3.3325317880106766e+19,1.08,29.5,1.0405188350432621e-11,0.3676365327363463,0.5415273464776096,0.47546661229200216,0.156793428340732,0.7037776431856078,0.2797373590411624,0.18101871208756606
UGCA442,external_151,low_mass_dwarf,0,1.295984584226374e+19,0.41999999999999993,14.2,4.629160533937687e-12,0.3533288283365814,0.3304153857515401,0.40541456899686096,0.09508994509765845,0.6069719061041787,0.4274322400651131,0.24380002624765232
UGCA442,external_151,low_mass_dwarf,1,3.8879537526791225e+19,1.26,28.6,4.8512710844085066e-12,0.29550975252239414,0.2753338056437015,0.3629571148465016,0.16647186819683576,0.7927947451269574,0.5001641445788375,0.356275705057564
UGCA442,external_151,low_mass_dwarf,2,6.510779696946784e+19,2.11,41.0,5.0186245304051875e-12,0.27309249830096705,0.20850014129599664,0.3248311856064264,0.2217396881257539,0.9249635924260772,0.5962056941518787,0.47612918250735786
UGCA442,external_151,low_mass_dwarf,3,9.133605641214447e+19,2.96,49.0,4.903125125813118e-12,0.2470231159046691,0.16229649920353445,0.2904115505426348,0.2648090795823555,1.0063925539765384,0.6796582064989113,0.5742484382742468
UGCA442,external_151,low_mass_dwarf,4,1.1694718033852282e+20,3.79,54.8,4.604779159391344e-12,0.2207619269460399,0.12993213638961476,0.2595634759407874,0.2996558455415525,1.060510981319804,0.7477997658117813,0.6525339439773225
UGCA442,external_151,low_mass_dwarf,5,1.4348400753934859e+20,4.65,56.4,4.220593243168544e-12,0.19442241558427192,0.1044185171310827,0.2299405369886103,0.32787751668182413,1.0984622538974265,0.8063862572436175,0.7180940509896987
UGCA442,external_151,low_mass_dwarf,6,1.6909513146572692e+20,5.48,57.8,3.825319023271132e-12,0.17057039816337005,0.08501726674604713,0.20341127259618022,0.3508801809492325,1.1259193003332528,0.8525623774339445,0.7695770192972501
UGCA442,external_151,low_mass_dwarf,7,1.9532339090840355e+20,6.33,56.5,3.420650411626965e-12,0.1480990931600828,0.06912997121638104,0.17832713842759165,0.37000720326864805,1.146725965534629,0.890251963985216,0.8113949126830844
UGCA444,calibration_24,low_mass_dwarf,0,3.70281309778964e+18,0.12,6.48,3.5469507402151803e-12,0.3883328884259928,0.37320064831122096,0.4320035881556096,0.009244900800930303,0.312592347501969,0.38281318967833866,0.11772515757414752
UGCA444,calibration_24,low_mass_dwarf,1,5.862787404833597e+18,0.19,8.6,3.5862530941722878e-12,0.36863317507131776,0.37804331605818686,0.42710348003862875,0.018218421942994903,0.3338459994601569,0.38246239216939265,0.12532493290691282
UGCA444,calibration_24,low_mass_dwarf,2,8.022761711877555e+18,0.26,10.2,3.6255554481293952e-12,0.3489334617166428,0.3828859838051528,0.422203371921648,0.02693064442317612,0.3536479544379737,0.38218154461112547,0.13235799427826955
UGCA444,calibration_24,low_mass_dwarf,3,1.0182736018921513e+19,0.33000000000000007,11.7,3.664857802086503e-12,0.3292337483619678,0.3877286515521187,0.4173032638046672,0.035391132396458545,0.37208520531620215,0.3819703402568082,0.13886865498220188
UGCA444,calibration_24,low_mass_dwarf,4,1.234271032596547e+19,0.4,12.7,3.704160156043611e-12,0.3095340350072928,0.3925713192990846,0.41240315568768643,0.043608965396133396,0.3892408212037146,0.38182854887011586,0.1448986399694624
UGCA444,calibration_24,low_mass_dwarf,5,1.4502684633009424e+19,0.47,14.1,3.766654495257417e-12,0.301759083362661,0.3852627999690965,0.40706515030921514,0.05214883766583734,0.4176091459589107,0.38936707122810515,0.15791802779927888
UGCA444,calibration_24,low_mass_dwarf,6,1.697122669820252e+19,0.55,16.0,3.853294851383129e-12,0.30069828506588525,0.36893676858590024,0.4006772307167102,0.06040705609545266,0.4511062648807845,0.4035112536535039,0.1759153313628732
UGCA444,calibration_24,low_mass_dwarf,7,1.9131201005246476e+19,0.62,18.1,3.929105162993126e-12,0.29977008655620646,0.3546514911256035,0.3950878010732683,0.06788105939459547,0.4810507519928995,0.4164610775736148,0.19270109340090413
UGCA444,calibration_24,low_mass_dwarf,8,2.129117531229043e+19,0.69,21.2,4.0049154746031234e-12,0.29884188804652767,0.34036621366530684,0.3894983714298264,0.07513383856187866,0.5099428282570833,0.4299742146943516,0.20988217388409813
UGCA444,calibration_24,low_mass_dwarf,9,2.345114961933439e+19,0.76,21.6,4.080725786213121e-12,0.2979136895368489,0.3260809362050101,0.38390894178638457,0.0821729293322429,0.5378108416670443,0.44407854907160704,0.22748239019478764
UGCA444,calibration_24,low_mass_dwarf,10,2.5611123926378344e+19,0.83,23.3,4.156536097823118e-12,0.2969854910271701,0.3117956587447134,0.3783195121429427,0.08900549706047635,0.564686120356054,0.45880318668954373,0.24552884214750556
UGCA444,calibration_24,low_mass_dwarf,11,2.7771098233422303e+19,0.9,24.5,4.210519885901976e-12,0.29482393031644394,0.3002836982435082,0.37291991687721315,0.09564171199270816,0.588970147996727,0.47173867430331967,0.26205318382672615
UGCA444,calibration_24,low_mass_dwarf,12,2.993107254046626e+19,0.9700000000000001,24.4,4.255108779069604e-12,0.29213148761483215,0.28996546982469457,0.36760203293058596,0.10208934246421222,0.6116055839188494,0.48404609205664084,0.2779309089132815
UGCA444,calibration_24,low_mass_dwarf,13,3.209104684751022e+19,1.04,25.3,4.299697672237232e-12,0.28943904491322037,0.279647241405881,0.3622841489839587,0.10835437495125273,0.6333367051289106,0.4967419616972445,0.2939905817669623
UGCA444,calibration_24,low_mass_dwarf,14,3.425102115455418e+19,1.11,25.4,4.344286565404861e-12,0.28674660221160864,0.26932901298706735,0.3569662650373315,0.11487420483751727,0.6554901396435888,0.5098363443973386,0.3107696600046962
UGCA444,calibration_24,low_mass_dwarf,15,3.6719563219747267e+19,1.19,25.9,4.3952453004535785e-12,0.283669524838338,0.2575367519369947,0.3508886833840432,0.12119076706721903,0.6770566642269825,0.5253018689195936,0.32910248554489274
UGCA444,calibration_24,low_mass_dwarf,16,3.8879537526791225e+19,1.26,26.7,4.4398341936212065e-12,0.2809770821367263,0.24721852351818108,0.345570799437416,0.12691787451392686,0.6962201397704937,0.5392826919144794,0.34585390603580224
UGCA444,calibration_24,low_mass_dwarf,17,4.1039511833835184e+19,1.33,27.1,4.449526416838924e-12,0.27784799535452853,0.23846682159392987,0.3403461150205606,0.13248589754976658,0.7138257172064172,0.5519944056883923,0.3614074473080204
UGCA444,calibration_24,low_mass_dwarf,18,4.3199486140879135e+19,1.4,28.6,4.448374256566231e-12,0.2745832183799574,0.23020192869986142,0.3351503930073793,0.1382840843035242,0.7315138739195912,0.5644861438361669,0.3770750339692675
UGCA444,calibration_24,low_mass_dwarf,19,4.566802820607223e+19,1.48,28.9,4.4470575019688676e-12,0.27085204469473334,0.220756336820926,0.329212424992315,0.14390457607566856,0.7486946880156133,0.5791201843611867,0.3941973208252683
UGCA444,calibration_24,low_mass_dwarf,20,4.782800251311619e+19,1.55,30.4,4.445905341696175e-12,0.2675872677201622,0.2124914439268575,0.3240167029791337,0.1490033529615535,0.7639684451571793,0.5922389090166215,0.40970642644305727
UGCA444,calibration_24,low_mass_dwarf,21,4.998797682016015e+19,1.62,30.8,4.444753181423482e-12,0.2643224907455911,0.20422655103278903,0.3188209809659524,0.15396143249551403,0.7786535654393003,0.605650564699449,0.4253614636169565
UGCA444,calibration_24,low_mass_dwarf,22,5.21479511272041e+19,1.69,30.5,4.443601021150789e-12,0.26105771377102005,0.19596165813872057,0.31362525895277116,0.1584401134138466,0.7919341824713887,0.619354100489826,0.4408025557471082
UGCA444,calibration_24,low_mass_dwarf,23,5.399935767609893e+19,1.7500000000000002,33.0,4.424173112094604e-12,0.25785626878559137,0.19012253731407694,0.30924876382268435,0.1631443821128589,0.8045976986696681,0.6297421169965405,0.4537617813665861
UGCA444,calibration_24,low_mass_dwarf,24,5.646789974129202e+19,1.83,32.1,4.392040495236489e-12,0.25345152916575403,0.18275760090089171,0.30343943941355567,0.1680336085851946,0.8176628716879799,0.6432693978138664,0.469296800550176
UGCA444,calibration_24,low_mass_dwarf,25,5.862787404833597e+19,1.9,32.9,4.363924455485638e-12,0.24959738199839634,0.17631328153935463,0.29835628055556807,0.1724704414337188,0.8293026682905554,0.6552900670663789,0.483250592575235
UGCA444,calibration_24,low_mass_dwarf,26,6.078784835537993e+19,1.97,34.2,4.3358084157347865e-12,0.24574323483103866,0.16986896217781755,0.29327312169758046,0.17678580324509158,0.8405002658501036,0.6674765345578868,0.49725462332354925
UGCA444,calibration_24,low_mass_dwarf,27,6.294782266242389e+19,2.04,32.6,4.307692375983935e-12,0.24188908766368097,0.16342464281628044,0.2881899628395928,0.18098274881815635,0.8512790256835936,0.6798219384314327,0.5113103451727288
UGCA444,calibration_24,low_mass_dwarf,28,6.510779696946784e+19,2.11,33.7,4.279576336233085e-12,0.2380349404963233,0.1569803234547434,0.2831068039816052,0.18535418353210942,0.8622980352475654,0.6923184610809393,0.5257050204854237
UGCA444,calibration_24,low_mass_dwarf,29,6.757633903466094e+19,2.19,33.8,4.234427555696634e-12,0.23343146494220993,0.15083517887348893,0.27744562095616754,0.1895931658938051,0.8724773543962752,0.7049771960706627,0.5399589918666107
UGCA444,calibration_24,low_mass_dwarf,30,6.973631334170489e+19,2.26,34.9,4.19169609666192e-12,0.22935416377356618,0.14576052337784004,0.27252880515358724,0.1934408579813432,0.8814197519020297,0.7156969599317319,0.5522623333673562
UGCA444,calibration_24,low_mass_dwarf,31,7.1896287648748855e+19,2.33,36.1,4.1489646376272044e-12,0.22527686260492244,0.1406858678821911,0.26761198935100694,0.1971837433634062,0.890030966582873,0.7264842938006149,0.5645445791800133
UGCA444,calibration_24,low_mass_dwarf,32,7.405626195579281e+19,2.4,37.2,4.106233178592489e-12,0.22119956143627872,0.13561121238654217,0.26269517354842664,0.20108299913276392,0.898857735919867,0.7373303912074606,0.5770468239449364
UGCA444,calibration_24,low_mass_dwarf,33,7.65248040209859e+19,2.48,37.6,4.057397225409958e-12,0.21653978867211446,0.12981160610580056,0.2570759554883349,0.20486235030632152,0.9074440331754967,0.7497856962159952,0.590780479637949
UGCA444,calibration_24,low_mass_dwarf,34,7.868477832802986e+19,2.55,35.6,4.0146657663752425e-12,0.21246248750347074,0.12473695061015164,0.25215913968575465,0.20829106354390536,0.9151175014626772,0.7607249157972619,0.6029766099195566
UGCA444,calibration_24,low_mass_dwarf,35,8.084475263507382e+19,2.62,38.3,3.965178486166827e-12,0.20840986015983257,0.12066151875729376,0.24745541833729987,0.21162719178483458,0.9221061841903644,0.7700698693402187,0.613650061114126
