galaxy,subset,class,radial_index,S_Psi_local,alpha_B_local,g_chi_local_Spsi,v_GMR_local_Spsi_kms
CamB,calibration_24,low_mass_dwarf,0,0.2837616012059209,1.0197785833242772,1.396398304462072e-11,9.964701272540465
CamB,calibration_24,low_mass_dwarf,1,0.26314478172512373,0.9579971967945154,1.3290739975236692e-11,15.5035589228464
CamB,calibration_24,low_mass_dwarf,2,0.24509370836671385,0.9432718215233622,1.4470601154522617e-11,18.62836740334252
CamB,calibration_24,low_mass_dwarf,3,0.22565606940625624,0.9285342307323039,1.5872243975650432e-11,21.574988069649343
CamB,calibration_24,low_mass_dwarf,4,0.20549099263910037,0.9061377460799358,1.6944612421530043e-11,24.308376706098713
CamB,calibration_24,low_mass_dwarf,5,0.18945333909783335,0.8753609010752981,1.6944696092149967e-11,26.164434814215497
CamB,calibration_24,low_mass_dwarf,6,0.17275488710881945,0.8390585149419463,1.668838533298408e-11,27.66178338118672
CamB,calibration_24,low_mass_dwarf,7,0.15030693464010725,0.7786645744291536,1.5602808543636604e-11,29.1774872647905
CamB,calibration_24,low_mass_dwarf,8,0.12362883442768666,0.6897590719336482,1.352687159818336e-11,29.86863700852184
D512-2,calibration_24,low_mass_dwarf,0,0.21930278290398109,0.9062490773952229,1.565866169261825e-11,24.602439882366518
D512-2,calibration_24,low_mass_dwarf,1,0.15609489879612343,0.787752595085203,1.7264525804351586e-11,35.50605212699091
D512-2,calibration_24,low_mass_dwarf,2,0.09999832886416105,0.5903494357266397,1.271963229853416e-11,37.23931772428236
D512-2,calibration_24,low_mass_dwarf,3,0.05909098690502054,0.382610395890516,7.275761554346701e-12,33.08487234623765
D564-8,external_151,low_mass_dwarf,0,0.17911161278259832,0.8253286481895811,1.2452281000643244e-11,15.307499287950852
D564-8,external_151,low_mass_dwarf,1,0.12834452424438916,0.6923136393132769,1.1543641418784827e-11,20.650484765992775
D564-8,external_151,low_mass_dwarf,2,0.08890877086027316,0.5341979480093704,8.648414800639986e-12,21.97123789663545
D564-8,external_151,low_mass_dwarf,3,0.05919961221653966,0.3806063821078832,5.5890772845228674e-12,20.65344682807909
D564-8,external_151,low_mass_dwarf,4,0.037941049528191564,0.2530900215210471,3.2588169742919955e-12,18.073622394307346
D564-8,external_151,low_mass_dwarf,5,0.024887370636595196,0.16887554164871532,1.9002348194417944e-12,15.56942698696751
D631-7,external_151,low_mass_dwarf,0,0.3524231140704254,0.931207467971299,7.380132787570534e-12,17.023480830626028
D631-7,external_151,low_mass_dwarf,1,0.31242231742257237,0.9895101188882888,1.2938078814406861e-11,26.398110946398575
D631-7,external_151,low_mass_dwarf,2,0.2750237463929852,0.9992004950197284,1.8506221059412618e-11,34.75622243041151
D631-7,external_151,low_mass_dwarf,3,0.23715677472147462,0.9750979823002488,2.2514495188833287e-11,41.56936123443934
D631-7,external_151,low_mass_dwarf,4,0.19812653479796247,0.9151043885758507,2.3468562379001837e-11,45.89547076476903
D631-7,external_151,low_mass_dwarf,5,0.1605034202675988,0.8251632459653749,2.1613110061581986e-11,47.40618707537543
D631-7,external_151,low_mass_dwarf,6,0.12518373513104267,0.7086616193174461,1.798860064379756e-11,46.48039395989536
D631-7,external_151,low_mass_dwarf,7,0.09504722866827969,0.5805976084815739,1.3837480824838507e-11,43.70547815011396
D631-7,external_151,low_mass_dwarf,8,0.07088350459154893,0.4568513218542168,1.003197605463195e-11,39.846414080036524
D631-7,external_151,low_mass_dwarf,9,0.052393101525974976,0.3495286470588294,6.995035874446114e-12,35.614706507821204
D631-7,external_151,low_mass_dwarf,10,0.038680188547380624,0.26354021975861247,4.781066822604212e-12,31.519978509762282
D631-7,external_151,low_mass_dwarf,11,0.02869268578264439,0.19801235809568885,3.2511059624091696e-12,27.830044955967146
D631-7,external_151,low_mass_dwarf,12,0.02147393511780721,0.14939698660415768,2.2211888833784085e-12,24.63072351567875
D631-7,external_151,low_mass_dwarf,13,0.016255604234707587,0.11370808475745575,1.5334499448993794e-12,21.906949491861802
D631-7,external_151,low_mass_dwarf,14,0.01277757742717591,0.08934719618452255,1.0951718617414588e-12,19.719780207824755
D631-7,external_151,low_mass_dwarf,15,0.010256925068884322,0.07155720940210555,7.990580032696522e-13,17.88232448590446
DDO064,external_151,low_mass_dwarf,0,0.3168057665845741,1.0338954255428,1.0940507066347304e-11,7.425128660416121
DDO064,external_151,low_mass_dwarf,1,0.30782901964726495,1.0124358309309993,1.099853206828964e-11,12.82556607435007
DDO064,external_151,low_mass_dwarf,2,0.2990798478965372,0.990248680714668,1.1038618282760608e-11,16.34159475210684
DDO064,external_151,low_mass_dwarf,3,0.28991016818681237,0.9784079305746497,1.1495540693932054e-11,19.537392836358894
DDO064,external_151,low_mass_dwarf,4,0.2808112091903529,0.9806331472949922,1.2500345190513474e-11,22.663754066856832
DDO064,external_151,low_mass_dwarf,5,0.2714760386880673,0.9826597868612417,1.3629017896894636e-11,25.67720725644107
DDO064,external_151,low_mass_dwarf,6,0.26303987132158885,0.9809341366999537,1.4543435208871853e-11,28.443989804952206
DDO064,external_151,low_mass_dwarf,7,0.2559091991659113,0.9756703313624001,1.513717440648183e-11,30.799193346110762
DDO064,external_151,low_mass_dwarf,8,0.24825261968009188,0.9696007662938685,1.5779494497268974e-11,33.196555660676516
DDO064,external_151,low_mass_dwarf,9,0.24110576766079278,0.9626487612581743,1.6288198430394548e-11,35.40680699876156
DDO064,external_151,low_mass_dwarf,10,0.23453191950255697,0.9548421383259352,1.6637534250814683e-11,37.40773270837581
DDO064,external_151,low_mass_dwarf,11,0.22818039721507363,0.9468921912542531,1.695532407952494e-11,39.229584350748745
DDO064,external_151,low_mass_dwarf,12,0.22479496811562907,0.9424832626319797,1.7115632976480713e-11,40.15881642339989
DDO064,external_151,low_mass_dwarf,13,0.2062074557035221,0.9118608396631525,1.7498099838001798e-11,44.974630900520374
DDO154,calibration_24,low_mass_dwarf,0,0.2645580480662421,1.005557688482493,1.6823927772797428e-11,18.88591159270184
DDO154,calibration_24,low_mass_dwarf,1,0.22904847746095622,0.9408837636183118,1.721424394310405e-11,26.33692931605998
DDO154,calibration_24,low_mass_dwarf,2,0.20903917645944853,0.9177320860254532,1.6545830548013622e-11,30.69354287902213
DDO154,calibration_24,low_mass_dwarf,3,0.19310694825330268,0.8885437569794064,1.5626308673383325e-11,33.92926683394367
DDO154,calibration_24,low_mass_dwarf,4,0.18018136154895256,0.8540818062902664,1.4938981213189862e-11,36.98191792520589
DDO154,calibration_24,low_mass_dwarf,5,0.17048024019650848,0.828882982423843,1.4635853429667965e-11,39.973243780534546
DDO154,calibration_24,low_mass_dwarf,6,0.1610301410555307,0.8031769120627285,1.4332122935969448e-11,42.68696165830836
DDO154,calibration_24,low_mass_dwarf,7,0.15242671902390934,0.7784010822047268,1.4013012488647146e-11,45.043513088602566
DDO154,calibration_24,low_mass_dwarf,8,0.14394224068655329,0.7522740105489466,1.361613416276219e-11,47.03144211253558
DDO154,calibration_24,low_mass_dwarf,9,0.13549136483541907,0.7244463866844947,1.3132942004020629e-11,48.69025859365704
DDO154,calibration_24,low_mass_dwarf,10,0.12752483388510702,0.696407946973615,1.2585659140441503e-11,49.9546077008007
DDO154,calibration_24,low_mass_dwarf,11,0.1195917684468022,0.6667635334115914,1.1977622931628509e-11,50.88072494196566
DDO161,calibration_24,low_mass_dwarf,0,0.29513394697099526,1.0264876409284829,1.5514923642224638e-11,21.43285476408034
DDO161,calibration_24,low_mass_dwarf,1,0.2912467385721432,1.021908280241507,1.5785136508098898e-11,23.716213461462424
DDO161,calibration_24,low_mass_dwarf,2,0.2876202972052713,1.0175159071760074,1.6037014981048057e-11,25.667303763911175
DDO161,calibration_24,low_mass_dwarf,3,0.28364954085100474,1.0125689210951425,1.631217222468522e-11,27.64961187187919
DDO161,calibration_24,low_mass_dwarf,4,0.2808745245804016,1.0090236630561575,1.6503832463388065e-11,28.956456043522874
DDO161,calibration_24,low_mass_dwarf,5,0.2660262543047958,0.9887421018172338,1.751259141834637e-11,35.14909253982277
DDO161,calibration_24,low_mass_dwarf,6,0.25347896628683986,0.9723411937994941,1.8290546867086446e-11,40.49559572560532
DDO161,calibration_24,low_mass_dwarf,7,0.2453330309603573,0.965446805110042,1.8686334315361574e-11,44.84502885820633
DDO161,calibration_24,low_mass_dwarf,8,0.23700735971783907,0.9578495810008576,1.9029463398777603e-11,48.71892144957905
DDO161,calibration_24,low_mass_dwarf,9,0.22849593752774996,0.9494655635332109,1.930226100757677e-11,52.18334784448683
DDO161,calibration_24,low_mass_dwarf,10,0.22160612962388254,0.940372335898904,1.9424761645298473e-11,55.39823992647993
DDO161,calibration_24,low_mass_dwarf,11,0.21606644244379802,0.9308103729920082,1.945530490702914e-11,58.44227632494349
DDO161,calibration_24,low_mass_dwarf,12,0.21020644207862177,0.9202563815315252,1.945448813154024e-11,61.372167463433854
DDO161,calibration_24,low_mass_dwarf,13,0.20438046214634534,0.909292619229054,1.941811969996928e-11,64.01811006752958
DDO161,calibration_24,low_mass_dwarf,14,0.19963154898472035,0.8998986552983392,1.9357479975619657e-11,66.48067717828457
DDO161,calibration_24,low_mass_dwarf,15,0.1951805738826139,0.8907486113949593,1.9277457582194116e-11,68.80290642902057
DDO161,calibration_24,low_mass_dwarf,16,0.1906798167868734,0.8811821317023114,1.9174844883451624e-11,70.97043377101635
DDO161,calibration_24,low_mass_dwarf,17,0.1861284378195736,0.8711737854706251,1.9048336333870862e-11,72.98831639651003
DDO161,calibration_24,low_mass_dwarf,18,0.18198316238471363,0.8615391964586316,1.888833585018013e-11,74.86694088463918
DDO161,calibration_24,low_mass_dwarf,19,0.17786086287791442,0.851625418333209,1.8706729618359346e-11,76.6120452071733
DDO161,calibration_24,low_mass_dwarf,20,0.17360774994720626,0.8410734267587445,1.849972270213083e-11,78.25812343327334
DDO161,calibration_24,low_mass_dwarf,21,0.1694082831526708,0.8303150948485466,1.8274858667038212e-11,79.73725615954726
DDO161,calibration_24,low_mass_dwarf,22,0.16546695828792657,0.8197135584803495,1.801939943506905e-11,81.07928762003213
DDO161,calibration_24,low_mass_dwarf,23,0.1614880503243533,0.8086933040266888,1.7744602097910227e-11,82.29620623798392
DDO161,calibration_24,low_mass_dwarf,24,0.15747101911766023,0.7972328274807924,1.7449944243813326e-11,83.38742780130005
DDO161,calibration_24,low_mass_dwarf,25,0.153457714920596,0.785413783684972,1.713539592998374e-11,84.35433683856184
DDO161,calibration_24,low_mass_dwarf,26,0.14964041793293692,0.7737172995661288,1.6804522231036966e-11,85.21150490054647
DDO161,calibration_24,low_mass_dwarf,27,0.14570620442536844,0.7613144943927049,1.6448213105614305e-11,85.96047977529612
DDO161,calibration_24,low_mass_dwarf,28,0.1418185193782183,0.7487006789844688,1.6081030607600334e-11,86.56803581385415
DDO161,calibration_24,low_mass_dwarf,29,0.13782823429663166,0.7353398794736038,1.568524749204513e-11,87.08733235987938
DDO161,calibration_24,low_mass_dwarf,30,0.13416125451185762,0.7226475160419299,1.5301473493604268e-11,87.50105515570412
DDO168,external_151,low_mass_dwarf,0,0.34258281627546044,0.9959743359846359,8.29652626270757e-12,14.887171190982139
DDO168,external_151,low_mass_dwarf,1,0.33314637282975923,0.9789920547539416,8.732095757274834e-12,21.33833357346404
DDO168,external_151,low_mass_dwarf,2,0.3222967507614919,0.9931849431660744,1.0348279307597864e-11,27.468974356976908
DDO168,external_151,low_mass_dwarf,3,0.31234739213896584,1.002668357956224,1.1961182584640572e-11,32.90905112084651
DDO168,external_151,low_mass_dwarf,4,0.3025655336513561,1.0065527711063567,1.3497001548722694e-11,38.20325343771215
DDO168,external_151,low_mass_dwarf,5,0.2933770574458722,1.007555537215502,1.4853277335257615e-11,42.94424707652973
DDO168,external_151,low_mass_dwarf,6,0.2840391834653004,1.0069135599263037,1.6205683978757418e-11,47.549923809079715
DDO168,external_151,low_mass_dwarf,7,0.2752198719841776,1.003008118172952,1.723955603700516e-11,51.554549202996455
DDO168,external_151,low_mass_dwarf,8,0.2662869002286715,0.9979955434102858,1.825831630459728e-11,55.408716969932144
DDO168,external_151,low_mass_dwarf,9,0.2575010338299622,0.9905315742974301,1.9026342022123934e-11,58.84841219401424
DDO170,calibration_24,low_mass_dwarf,0,0.2017777554901848,0.8881091692806246,1.7661820424332032e-11,36.12022431095787
DDO170,calibration_24,low_mass_dwarf,1,0.17134492435503246,0.8278272207953962,1.7997149126227876e-11,48.19903009136402
DDO170,calibration_24,low_mass_dwarf,2,0.14672711680227152,0.7595200159238141,1.709123120470137e-11,56.22642132207058
DDO170,calibration_24,low_mass_dwarf,3,0.1272545744528064,0.6944054179764946,1.560885641042431e-11,61.3068404342831
DDO170,calibration_24,low_mass_dwarf,4,0.11115383914471481,0.6322356742824912,1.394262269179062e-11,64.42133748042168
DDO170,calibration_24,low_mass_dwarf,5,0.09759408540447727,0.5737785783409256,1.2290072175942487e-11,66.05522833502127
DDO170,calibration_24,low_mass_dwarf,6,0.0858684878285811,0.5186067492872625,1.0714895342415663e-11,66.56248511979538
DDO170,calibration_24,low_mass_dwarf,7,0.07542038484689022,0.4658056826704124,9.228780526196662e-12,66.12243435287303
ESO079-G014,external_151,bulge_rich_hsb,0,0.32839013882466933,1.0399401512598623,2.3007667143564644e-11,27.784487543671197
ESO079-G014,external_151,bulge_rich_hsb,1,0.3214121127292717,1.0290823062127614,2.3631523451163897e-11,42.961888712454254
ESO079-G014,external_151,bulge_rich_hsb,2,0.3113701993861352,1.0125061211821627,2.452180493799182e-11,57.91840204064084
ESO079-G014,external_151,bulge_rich_hsb,3,0.29958002318521076,0.9914818503664337,2.5544902139417756e-11,71.23190116810724
ESO079-G014,external_151,bulge_rich_hsb,4,0.2904399985449456,0.9830923466188869,2.691490123200428e-11,79.83456794027937
ESO079-G014,external_151,bulge_rich_hsb,5,0.27562818414226536,0.98115942991247,3.018793110659549e-11,92.18942915037303
ESO079-G014,external_151,bulge_rich_hsb,6,0.2566459122370473,0.9772059772643261,3.488146492374803e-11,106.43544019022725
ESO079-G014,external_151,bulge_rich_hsb,7,0.2463000793760031,0.9703671731720528,3.696860093762347e-11,113.42441249558722
ESO079-G014,external_151,bulge_rich_hsb,8,0.2382816976554488,0.9607693466727915,3.791765050704653e-11,118.19246413612078
ESO079-G014,external_151,bulge_rich_hsb,9,0.2163009275908949,0.9310989451371777,4.01315754676923e-11,129.60656077758
ESO079-G014,external_151,bulge_rich_hsb,10,0.19119260534848392,0.8856464245055502,4.0623346472766294e-11,139.41214269320412
ESO079-G014,external_151,bulge_rich_hsb,11,0.16745526957535736,0.8304454959814624,3.9094636279098124e-11,144.87411178683504
ESO079-G014,external_151,bulge_rich_hsb,12,0.14480574414404077,0.7646049496701962,3.589289168295127e-11,147.24165955574193
ESO079-G014,external_151,bulge_rich_hsb,13,0.12234439115966281,0.686331869219668,3.1494815439064e-11,145.7855900531888
ESO079-G014,external_151,bulge_rich_hsb,14,0.10569245823949999,0.6182682941129137,2.741288876012481e-11,143.16159036794753
ESO116-G012,external_151,bulge_rich_hsb,0,0.3789450735147782,0.9910664126469874,1.0455866355747028e-11,18.841649773591687
ESO116-G012,external_151,bulge_rich_hsb,1,0.3605949972673633,0.9922391681789279,1.2386676193221217e-11,34.05853008034526
ESO116-G012,external_151,bulge_rich_hsb,2,0.3421635040023388,0.9924155290703336,1.480220384931138e-11,43.8651101623827
ESO116-G012,external_151,bulge_rich_hsb,3,0.3257619170791469,0.9961532219763013,1.723449944284856e-11,50.65845408901683
ESO116-G012,external_151,bulge_rich_hsb,4,0.2951760873385617,1.0114257125831176,2.23995337736139e-11,60.58775968293895
ESO116-G012,external_151,bulge_rich_hsb,5,0.2749665144043715,1.0206787100168007,2.6701676305552938e-11,66.68070053201909
ESO116-G012,external_151,bulge_rich_hsb,6,0.2581384521538676,1.0062124451403462,2.8282121965574923e-11,71.24914461895386
ESO116-G012,external_151,bulge_rich_hsb,7,0.24258328777385252,0.9865292969933465,2.903723236894633e-11,74.7036145440386
ESO116-G012,external_151,bulge_rich_hsb,8,0.20606914771559612,0.9274218198810088,2.9062814811226783e-11,80.5864992683661
ESO116-G012,external_151,bulge_rich_hsb,9,0.18431507562257843,0.878635781304185,2.74199271697883e-11,82.86807770650461
ESO116-G012,external_151,bulge_rich_hsb,10,0.16610106271332062,0.8307913807798354,2.5381193263348766e-11,83.67561087484584
ESO116-G012,external_151,bulge_rich_hsb,11,0.1524193276114995,0.7894219874674495,2.3435482923679873e-11,84.18278800380597
ESO116-G012,external_151,bulge_rich_hsb,12,0.13917027830250492,0.7452109138520973,2.1310644644859797e-11,83.76005396174932
ESO116-G012,external_151,bulge_rich_hsb,13,0.12931473640315666,0.7094685547791354,1.961269025282943e-11,83.71206676263024
ESO116-G012,external_151,bulge_rich_hsb,14,0.1194989264063047,0.6712925445861424,1.7823361335944734e-11,82.8658233015881
ESO444-G084,external_151,low_mass_dwarf,0,0.3333737326541685,1.0083477858519339,9.408229094383896e-12,12.124526059457535
ESO444-G084,external_151,low_mass_dwarf,1,0.30910334920458976,0.9875007058927258,1.0707883815441721e-11,21.013885679204797
ESO444-G084,external_151,low_mass_dwarf,2,0.28596553512622247,0.9988032905211895,1.3470132578763618e-11,28.554122635518777
ESO444-G084,external_151,low_mass_dwarf,3,0.2672711143593271,0.9910799345863928,1.5320735605391463e-11,34.90348761438129
ESO444-G084,external_151,low_mass_dwarf,4,0.25052834950926806,0.9774391159997297,1.6692539110229324e-11,40.35445277358884
ESO444-G084,external_151,low_mass_dwarf,5,0.21667706546585247,0.932432286506186,1.833877198541817e-11,49.638460720263595
ESO444-G084,external_151,low_mass_dwarf,6,0.1838179732694743,0.8675738627019175,1.828294495134912e-11,55.7548639176103
ESO563-G021,external_151,bulge_rich_hsb,0,0.35463983980634733,1.0763090203557475,3.90443512085274e-11,51.78744255340873
ESO563-G021,external_151,bulge_rich_hsb,1,0.3464687674520034,1.0728770273079657,4.130641694449722e-11,88.79324484046288
ESO563-G021,external_151,bulge_rich_hsb,2,0.33808812960228557,1.069044143421136,4.3757414764766086e-11,113.85990435758899
ESO563-G021,external_151,bulge_rich_hsb,3,0.3294897593615716,1.0647611740554264,4.641386125216837e-11,133.93508667244117
ESO563-G021,external_151,bulge_rich_hsb,4,0.32066505989062244,1.059970951792465,4.929251064533026e-11,151.08550132957504
ESO563-G021,external_151,bulge_rich_hsb,5,0.3116049757364439,1.0546066810530568,5.2409612576753264e-11,166.2814039750263
ESO563-G021,external_151,bulge_rich_hsb,6,0.30229996183694824,1.0485898585583258,5.5779747580745306e-11,180.08022581303476
ESO563-G021,external_151,bulge_rich_hsb,7,0.29263104551563746,1.0417470225435517,5.945642243152769e-11,192.98074594797367
ESO563-G021,external_151,bulge_rich_hsb,8,0.2828023608118297,1.0341185297075846,6.336302886366325e-11,204.94819294135596
ESO563-G021,external_151,bulge_rich_hsb,9,0.2726966941266454,1.0254998525661847,6.753406350194042e-11,216.30979575840792
ESO563-G021,external_151,bulge_rich_hsb,10,0.2539764970293705,1.0068659841076926,7.343681472159738e-11,234.58525528514676
ESO563-G021,external_151,bulge_rich_hsb,11,0.2366021192905223,0.9862945707064434,7.488539600178797e-11,246.28930455937498
ESO563-G021,external_151,bulge_rich_hsb,12,0.222955322132074,0.9681097856730974,7.513727701429043e-11,252.40412840770472
ESO563-G021,external_151,bulge_rich_hsb,13,0.20503702008925484,0.9411100924110535,7.402393933860828e-11,256.4048315840491
ESO563-G021,external_151,bulge_rich_hsb,14,0.18726509513118356,0.9102608406716017,7.102601058731846e-11,255.63559731306125
ESO563-G021,external_151,bulge_rich_hsb,15,0.16775768943345956,0.8708441606281296,6.52704606689641e-11,248.70235445380737
ESO563-G021,external_151,bulge_rich_hsb,16,0.15138307374341428,0.822934951658021,5.94798556681207e-11,245.59884458696183
ESO563-G021,external_151,bulge_rich_hsb,17,0.13659171812322543,0.7707735589878774,5.405418165102127e-11,242.79822585418577
ESO563-G021,external_151,bulge_rich_hsb,18,0.12032408419399039,0.7066033412679922,4.7631014684658884e-11,236.62749480789367
ESO563-G021,external_151,bulge_rich_hsb,19,0.10353061198893185,0.6320864602487604,4.0548880654800604e-11,226.70104139700155
ESO563-G021,external_151,bulge_rich_hsb,20,0.08690523538929086,0.5493491489950805,3.318079615954737e-11,213.0543389770552
ESO563-G021,external_151,bulge_rich_hsb,21,0.07118679314959829,0.46267118927367756,2.5998091212668346e-11,196.9465720734933
ESO563-G021,external_151,bulge_rich_hsb,22,0.06499275454948145,0.42671828895842223,2.3016039460768775e-11,191.85874317881488
ESO563-G021,external_151,bulge_rich_hsb,23,0.05900768164871006,0.39086494537577643,2.0176610613494314e-11,185.6687043645538
ESO563-G021,external_151,bulge_rich_hsb,24,0.05264958276372412,0.3516274105322448,1.7226465604894625e-11,177.69190891761087
ESO563-G021,external_151,bulge_rich_hsb,25,0.046167471608014175,0.31047603112750827,1.4314708408078612e-11,168.0212540481577
ESO563-G021,external_151,bulge_rich_hsb,26,0.03993816474771736,0.2699228134529374,1.1635668983428153e-11,157.1869467590318
ESO563-G021,external_151,bulge_rich_hsb,27,0.03604348167636236,0.24413310186893525,9.981778009959314e-12,150.39839443971843
ESO563-G021,external_151,bulge_rich_hsb,28,0.033684137541441554,0.228377222480116,8.965100665464521e-12,146.4572084538333
ESO563-G021,external_151,bulge_rich_hsb,29,0.03142311031963984,0.21317737749336502,8.020263421526436e-12,142.10739873840598
F561-1,external_151,low_mass_dwarf,0,0.23050821051966955,0.9330168186152837,2.264565736526128e-11,40.479246680034656
F561-1,external_151,low_mass_dwarf,1,0.19237447865053742,0.8707825911125924,2.4507917845687468e-11,57.802102898962374
F561-1,external_151,low_mass_dwarf,2,0.15802594285217572,0.7923149447861453,2.393253184090052e-11,68.78994486438795
F561-1,external_151,low_mass_dwarf,3,0.12869715612255547,0.7003587547953081,2.128352431722244e-11,74.4601692105572
F561-1,external_151,low_mass_dwarf,4,0.10470283929167679,0.6065895406461477,1.784619151767902e-11,76.22659831731548
F561-1,external_151,low_mass_dwarf,5,0.0857394545248696,0.5194325376418499,1.4511140824003934e-11,75.55448547578384
F563-1,external_151,low_mass_dwarf,0,0.18279513642875644,0.868144574265862,2.2120533116494037e-11,30.664037679641154
F563-1,external_151,low_mass_dwarf,1,0.17100333580731003,0.8354005749460715,2.1708530383705085e-11,39.11748336114501
F563-1,external_151,low_mass_dwarf,2,0.15886625505994492,0.7986736597268685,2.1137032209889413e-11,45.61434151755335
F563-1,external_151,low_mass_dwarf,3,0.15045754390000887,0.7712689332296284,2.064789280144136e-11,49.234858575616485
F563-1,external_151,low_mass_dwarf,4,0.14921720638678618,0.7670830042117521,2.056903167850459e-11,49.71807280295066
F563-1,external_151,low_mass_dwarf,5,0.14654710614868233,0.7579427067860014,2.0393288720263668e-11,50.717242187335735
F563-1,external_151,low_mass_dwarf,6,0.10253473465349408,0.593164237149071,1.5302196712867453e-11,64.72799487546459
F563-1,external_151,low_mass_dwarf,7,0.08843503615059956,0.5303286186586065,1.3073909287126559e-11,66.55308925884277
F563-1,external_151,low_mass_dwarf,8,0.08462878420633953,0.5117673684006617,1.2430420140933153e-11,67.47673977671671
F563-1,external_151,low_mass_dwarf,9,0.08107392734849321,0.49402931356070334,1.1823965306393128e-11,68.07997334174563
F563-1,external_151,low_mass_dwarf,10,0.07999640212969499,0.48857562703161084,1.1639250124039558e-11,68.21494190569614
F563-1,external_151,low_mass_dwarf,11,0.06989367709410156,0.4356985782095399,9.893895275391778e-12,68.44375009909731
F563-1,external_151,low_mass_dwarf,12,0.060584794703760624,0.3842473375491954,8.203302964274935e-12,69.43055624208928
F563-1,external_151,low_mass_dwarf,13,0.057689021178004764,0.3677215795298604,7.680531173699292e-12,69.28411775848664
F563-1,external_151,low_mass_dwarf,14,0.051480249327393805,0.3314835916209882,6.565538921949374e-12,69.36143597634461
F563-1,external_151,low_mass_dwarf,15,0.049020223133751976,0.3168321000013616,6.1302190862816995e-12,69.17262341239207
F563-1,external_151,low_mass_dwarf,16,0.046638890778222676,0.3024972974677099,5.71443447571159e-12,68.80754336611268
F563-V1,external_151,low_mass_dwarf,0,0.15214427198655617,0.7571350384158879,1.3909464140456448e-11,26.064898468027284
F563-V1,external_151,low_mass_dwarf,1,0.13225358417204128,0.7000675247630166,1.4548581190285677e-11,37.97485422428828
F563-V1,external_151,low_mass_dwarf,2,0.11417378738273536,0.6365507643390315,1.4132867483002558e-11,46.012030789296034
F563-V1,external_151,low_mass_dwarf,3,0.09734017117757247,0.5678033506952016,1.2869614188432655e-11,50.99044195656214
F563-V1,external_151,low_mass_dwarf,4,0.08213873593164714,0.49729337306794325,1.1180937657837687e-11,53.50857236292987
F563-V1,external_151,low_mass_dwarf,5,0.06866439257020222,0.42823548035949893,9.369945842608174e-12,54.16589305503914
F563-V2,external_151,low_mass_dwarf,0,0.26972407864363246,1.013983541881682,2.0694109350109673e-11,16.410103195863538
F563-V2,external_151,low_mass_dwarf,1,0.25553232603225634,0.9875336943538237,2.123708661480584e-11,29.02592737120654
F563-V2,external_151,low_mass_dwarf,2,0.24077805339607516,0.9571904909869443,2.1690037918291714e-11,37.67622081335795
F563-V2,external_151,low_mass_dwarf,3,0.22610886319964557,0.9263242531857762,2.210069535616542e-11,44.67564485178779
F563-V2,external_151,low_mass_dwarf,4,0.2198917442159873,0.9180374616503902,2.2447278681884367e-11,47.89224670344068
F563-V2,external_151,low_mass_dwarf,5,0.17154799722210948,0.8300900100176831,2.3179134234140192e-11,66.85720970053205
F563-V2,external_151,low_mass_dwarf,6,0.12588150609010637,0.6905876747494225,1.9324787206555162e-11,77.57235584795261
F563-V2,external_151,low_mass_dwarf,7,0.11738483005321132,0.6581163609986878,1.815926312786495e-11,79.06651590284854
F563-V2,external_151,low_mass_dwarf,8,0.10330888769180363,0.599752839600368,1.604695924772597e-11,80.4205387237818
F563-V2,external_151,low_mass_dwarf,9,0.1009955295124718,0.589566605301187,1.567432612474151e-11,80.62132422557409
F565-V2,external_151,low_mass_dwarf,0,0.18899360081946903,0.8557542022124865,1.5587327892059745e-11,27.426730284763046
F565-V2,external_151,low_mass_dwarf,1,0.162964283792676,0.800516103820699,1.631658720407786e-11,39.38069639829701
F565-V2,external_151,low_mass_dwarf,2,0.13993647099090759,0.7342841230202427,1.5879517508704202e-11,47.63283813571264
F565-V2,external_151,low_mass_dwarf,3,0.12046969221295067,0.6668881965675106,1.4639817359905304e-11,52.78528575696286
F565-V2,external_151,low_mass_dwarf,4,0.10366588023280904,0.5992692789248719,1.3026261160528585e-11,55.792129604689606
F565-V2,external_151,low_mass_dwarf,5,0.08941444234093374,0.5348650812451335,1.1345282865731756e-11,57.19740282332574
F565-V2,external_151,low_mass_dwarf,6,0.07711345906069025,0.47401846475526976,9.716494761986643e-12,57.44472850589903
F567-2,external_151,low_mass_dwarf,0,0.16682400527265343,0.8144804379543494,2.124373525180799e-11,40.32044203729736
F567-2,external_151,low_mass_dwarf,1,0.13041935493272636,0.6983144916760835,1.871066708937284e-11,53.22036458838988
F567-2,external_151,low_mass_dwarf,2,0.10023526655774875,0.5836664064711664,1.5238201740168682e-11,58.86459577574117
F567-2,external_151,low_mass_dwarf,3,0.07696847430303448,0.4730213535706277,1.1706836037867903e-11,60.09154820861046
F567-2,external_151,low_mass_dwarf,4,0.062121288477094555,0.3932829657635692,9.101111352164723e-12,59.78866202713866
F568-1,external_151,ordinary_disk,0,0.2238456225972705,0.9490031468914535,2.473452418197931e-11,21.617969707380272
F568-1,external_151,ordinary_disk,1,0.21245352655504685,0.91977248051815,2.4706570821831806e-11,37.366520290531106
F568-1,external_151,ordinary_disk,2,0.2007220313154559,0.8871970562453109,2.4570348798486108e-11,48.064088284494986
F568-1,external_151,ordinary_disk,3,0.1893473479570854,0.857115473413992,2.454748313134716e-11,56.727539529401085
F568-1,external_151,ordinary_disk,4,0.17902939313121047,0.8363265328492693,2.4869902335928647e-11,64.4270170481364
F568-1,external_151,ordinary_disk,5,0.16844539912907833,0.8132083063863009,2.5060674280879837e-11,71.20364618917479
F568-1,external_151,ordinary_disk,6,0.1599537588552102,0.7932293028374319,2.509911409482572e-11,75.96597800513248
F568-1,external_151,ordinary_disk,7,0.13963510858584402,0.7333874514326958,2.395878757106535e-11,86.0789505689994
F568-1,external_151,ordinary_disk,8,0.13015213016455968,0.7021331066427323,2.3193335060048575e-11,89.58035679206714
F568-1,external_151,ordinary_disk,9,0.12263476819511222,0.6750812966559203,2.2258250382619188e-11,92.19379398915703
F568-1,external_151,ordinary_disk,10,0.1148089468714458,0.645323496594636,2.1200941672293035e-11,94.2561630313503
F568-1,external_151,ordinary_disk,11,0.0909264223283292,0.5426120667166507,1.7194242976630727e-11,97.49704650010898
F568-3,external_151,ordinary_disk,0,0.20385031120014974,0.9109123975382285,2.4826962702495702e-11,25.753188579699046
F568-3,external_151,ordinary_disk,1,0.1961160949655856,0.8893895118416938,2.4652176711079328e-11,34.8291254379878
F568-3,external_151,ordinary_disk,2,0.1870486681952165,0.8626490319909221,2.4380712856466927e-11,42.77176537198822
F568-3,external_151,ordinary_disk,3,0.18363271064828238,0.8521299672856666,2.4258555627904675e-11,45.3105532727371
F568-3,external_151,ordinary_disk,4,0.17237612731974317,0.8160728159947221,2.379187707418756e-11,52.53577243465642
F568-3,external_151,ordinary_disk,5,0.16956235402492048,0.8094850855041976,2.3776886639779914e-11,54.50202802706878
F568-3,external_151,ordinary_disk,6,0.16126695770013727,0.7892313707872526,2.367093655861084e-11,59.74189148853753
F568-3,external_151,ordinary_disk,7,0.15400454615169493,0.7704252604275219,2.349882712497116e-11,63.74323222303295
F568-3,external_151,ordinary_disk,8,0.14850839534068244,0.7554857083918874,2.3316881084105798e-11,66.45451118595983
F568-3,external_151,ordinary_disk,9,0.1411596541433017,0.7345039999632477,2.3001125584858864e-11,69.69168241095723
F568-3,external_151,ordinary_disk,10,0.13771433069491668,0.7242525224754274,2.2823686207827307e-11,71.06507331080986
F568-3,external_151,ordinary_disk,11,0.1273140889277612,0.6892083664624771,2.1889906539303357e-11,75.29098291097323
F568-3,external_151,ordinary_disk,12,0.09780729370059636,0.572471493343981,1.8078477623485836e-11,82.60439338042808
F568-3,external_151,ordinary_disk,13,0.08822385971409305,0.5286157244304033,1.6423093858061467e-11,83.52629296524309
F568-3,external_151,ordinary_disk,14,0.07397284697279145,0.4578060469182075,1.3697760626692813e-11,83.48748208027916
F568-3,external_151,ordinary_disk,15,0.0604797494342142,0.3845941740552242,1.0899354787433645e-11,81.48081304046032
F568-3,external_151,ordinary_disk,16,0.050700444167897804,0.32793925349309055,8.78136416699916e-12,78.92867236386053
F568-3,external_151,ordinary_disk,17,0.042300828889751445,0.27711821432292943,6.965944016442481e-12,75.72342082366612
F568-V1,external_151,ordinary_disk,0,0.26134091981314567,1.007981069125612,2.298939577607902e-11,20.348939342707748
F568-V1,external_151,ordinary_disk,1,0.24099181334686084,0.9717018196955137,2.388122330807878e-11,35.558758609611765
F568-V1,external_151,ordinary_disk,2,0.22004913705619555,0.928581112616208,2.4500529504293637e-11,45.750550127108205
F568-V1,external_151,ordinary_disk,3,0.1993877834260065,0.8837060506268473,2.4741218325119345e-11,53.86899326578605
F568-V1,external_151,ordinary_disk,4,0.18127872882840243,0.8476065346644099,2.4561307201138157e-11,60.14970390642152
F568-V1,external_151,ordinary_disk,5,0.1628219880557329,0.8053054844972849,2.3886170698128918e-11,64.7899423996141
F568-V1,external_151,ordinary_disk,6,0.14456456375458102,0.7557729201133601,2.2595557789541422e-11,68.06421194026359
F568-V1,external_151,ordinary_disk,7,0.13063552418109953,0.7087151616577467,2.0992690738149207e-11,70.30166057578627
F568-V1,external_151,ordinary_disk,8,0.12090919554534234,0.6729284411553573,1.9731697425222304e-11,71.11986380720998
F568-V1,external_151,ordinary_disk,9,0.10191624374330459,0.595378078514631,1.6936213025500886e-11,71.11355183539055
F568-V1,external_151,ordinary_disk,10,0.09277455671400124,0.5537899531681847,1.5324141407416958e-11,71.15355952326388
F568-V1,external_151,ordinary_disk,11,0.08319995984631232,0.5074926107098794,1.3576513891163479e-11,70.29742720971943
F568-V1,external_151,ordinary_disk,12,0.07429600769233537,0.46187764438554146,1.191249956880032e-11,68.68027503566245
F568-V1,external_151,ordinary_disk,13,0.05820439790972002,0.37277300199024405,8.717801081326227e-12,65.31799549185746
F568-V1,external_151,ordinary_disk,14,0.03343527030661761,0.22137677311567255,3.957585442592977e-12,55.384922998398636
F571-8,external_151,bulge_rich_hsb,0,0.4104287080861492,0.9020898789952111,9.072165092992798e-12,26.67425872174647
F571-8,external_151,bulge_rich_hsb,1,0.4034638988707279,0.9136419580103321,9.905658407317276e-12,49.55272510760386
F571-8,external_151,bulge_rich_hsb,2,0.39646140713862477,0.9256007686546329,1.0854953184723817e-11,63.8730115931416
F571-8,external_151,bulge_rich_hsb,3,0.38329923175915037,0.9491081784273223,1.3022820736252378e-11,82.69083423867465
F571-8,external_151,bulge_rich_hsb,4,0.368000250515214,0.9783544262668541,1.643246101452486e-11,98.4610665743276
F571-8,external_151,bulge_rich_hsb,5,0.36316105043896185,0.988091799119094,1.779191956226204e-11,102.73585997946844
F571-8,external_151,bulge_rich_hsb,6,0.3482545845842813,1.007286082497282,2.1187836173992877e-11,112.34809234249697
F571-8,external_151,bulge_rich_hsb,7,0.3375828769552931,1.0157116785964748,2.3153819744279718e-11,116.91610930395252
F571-8,external_151,bulge_rich_hsb,8,0.3265558736954427,1.0243854756684256,2.5393156817792883e-11,120.78681982813406
F571-8,external_151,bulge_rich_hsb,9,0.30745640682557196,1.03937176287367,2.980664587390816e-11,126.10322590921714
F571-8,external_151,bulge_rich_hsb,10,0.2663783032262855,1.0326916566744109,3.661659753732867e-11,135.09128846642608
F571-8,external_151,bulge_rich_hsb,11,0.22620181400084316,0.9760496706184476,3.708681000315358e-11,138.93813265327535
F571-8,external_151,bulge_rich_hsb,12,0.12933777334059024,0.7231461133327359,2.3974897165217067e-11,122.98378703555767
F571-V1,external_151,ordinary_disk,0,0.2128688263959697,0.9037052763488668,2.0907837535653676e-11,41.47107411834073
F571-V1,external_151,ordinary_disk,1,0.17054590753851384,0.825123698614079,2.1757945238583953e-11,58.132699108164516
F571-V1,external_151,ordinary_disk,2,0.13583179192499567,0.7243537747406821,1.9626004398056473e-11,67.1438462144683
F571-V1,external_151,ordinary_disk,3,0.10921218775418666,0.624589347199038,1.644490832949139e-11,70.9244981267461
F571-V1,external_151,ordinary_disk,4,0.0891201916959834,0.5347009204432699,1.3369819982437322e-11,71.68805964283197
F571-V1,external_151,ordinary_disk,5,0.07368338375094352,0.4569159412914048,1.0750660913046353e-11,70.78267258294403
F571-V1,external_151,ordinary_disk,6,0.061549300998491124,0.3905869068493363,8.616871511043773e-12,68.89516016101537
F574-1,external_151,ordinary_disk,0,0.23126249961204015,0.9636664627733965,2.5014907926449396e-11,22.63088163819967
F574-1,external_151,ordinary_disk,1,0.21502173930153423,0.9260751616387327,2.5144329311446624e-11,39.10069244918765
F574-1,external_151,ordinary_disk,2,0.19807994659735653,0.8820846896473686,2.5038649544758107e-11,50.183481599460656
F574-1,external_151,ordinary_disk,3,0.18225087788700284,0.8436445833060997,2.493965005133581e-11,58.9137162537231
F574-1,external_151,ordinary_disk,4,0.16741108227043328,0.8102152029688008,2.477850025750249e-11,66.03457195587228
F574-1,external_151,ordinary_disk,5,0.15168554998731174,0.7703894701077582,2.425337520461346e-11,71.90509251200218
F574-1,external_151,ordinary_disk,6,0.13791886825112212,0.7288860291289518,2.3211862854096073e-11,76.2705380300485
F574-1,external_151,ordinary_disk,7,0.12510036043730738,0.6845426653867244,2.1819814346099614e-11,79.38282488975268
F574-1,external_151,ordinary_disk,8,0.1118948954257027,0.6343409711997429,2.0146603945409806e-11,81.28518227049977
F574-1,external_151,ordinary_disk,9,0.10117323410448346,0.5894726046407419,1.846114418737851e-11,82.35725011953224
F574-1,external_151,ordinary_disk,10,0.0911643364883497,0.5442586345583376,1.6692274843960608e-11,82.59662073537528
F574-1,external_151,ordinary_disk,11,0.08125673244336853,0.496486453808259,1.4854560052900473e-11,81.81456929513057
F574-1,external_151,ordinary_disk,12,0.0728332406599672,0.45318440294945306,1.3152699520665903e-11,80.88478986409255
F574-1,external_151,ordinary_disk,13,0.06670026698031317,0.4201979787258723,1.1872655811464287e-11,79.75467113033164
F574-2,external_151,low_mass_dwarf,0,0.14799918726850253,0.7485787767284247,1.8301705722474387e-11,39.447750238191794
F574-2,external_151,low_mass_dwarf,1,0.11793715587181547,0.6522973329892252,1.681241328106603e-11,53.367109269339416
F574-2,external_151,low_mass_dwarf,2,0.09343853509359178,0.5508218968340592,1.4250720124675807e-11,60.64793674579289
F574-2,external_151,low_mass_dwarf,3,0.07440148730776479,0.4585448498332233,1.1453763673708044e-11,63.373573193707266
F574-2,external_151,low_mass_dwarf,4,0.05962459181125903,0.37855010546096485,8.952944680893334e-12,63.44899626353718
F579-V1,external_151,ordinary_disk,0,0.2827853177580987,1.0332997283923806,2.6701183744110302e-11,24.560784252011896
F579-V1,external_151,ordinary_disk,1,0.2601750357808754,1.0007085276785637,2.8593066522644652e-11,46.27693886508718
F579-V1,external_151,ordinary_disk,2,0.2456805508345617,0.9769359067734208,2.9656738466474556e-11,55.62882662665506
F579-V1,external_151,ordinary_disk,3,0.22843856824583572,0.9452233169845814,3.0702042668107355e-11,64.6696084721403
F579-V1,external_151,ordinary_disk,4,0.20425075786536184,0.8964940779322073,3.146138365771039e-11,75.24260191116434
F579-V1,external_151,ordinary_disk,5,0.1881415357818951,0.8653740753919228,3.117418236761232e-11,81.37046478290524
F579-V1,external_151,ordinary_disk,6,0.1691184139819043,0.8234172713800816,3.021812804571049e-11,86.51469096928182
F579-V1,external_151,ordinary_disk,7,0.15600369604074624,0.7907129706900454,2.913888226770265e-11,88.79957158383698
F579-V1,external_151,ordinary_disk,8,0.13518026548807452,0.7300448704544866,2.6617075783309055e-11,90.78306341183952
F579-V1,external_151,ordinary_disk,9,0.12344190045146117,0.6870972196791029,2.4622963739107302e-11,92.02691221770681
F579-V1,external_151,ordinary_disk,10,0.10977640315234428,0.6323759754570943,2.2073991156840554e-11,92.0192658494694
F579-V1,external_151,ordinary_disk,11,0.08548756558997518,0.521384303291498,1.7011987375422643e-11,88.3424829720808
F579-V1,external_151,ordinary_disk,12,0.07459797033704611,0.46536845817083206,1.4425401313376832e-11,86.65613201632671
F579-V1,external_151,ordinary_disk,13,0.053718820240124456,0.3477424320252116,9.419617096906018e-12,79.21521338756315
F583-1,external_151,low_mass_dwarf,0,0.18178760504554614,0.8686473163925474,1.850854874574308e-11,13.541308862979374
F583-1,external_151,low_mass_dwarf,1,0.1774438971925002,0.856800369864789,1.837701592013946e-11,17.544066385874757
F583-1,external_151,low_mass_dwarf,2,0.16935947277376714,0.8337577422607478,1.8092594257952307e-11,23.011502889497677
F583-1,external_151,low_mass_dwarf,3,0.16638014054353853,0.8249262529322735,1.7974403154541662e-11,24.653975962860713
F583-1,external_151,low_mass_dwarf,4,0.15807567728097313,0.7992933777856149,1.760559093851092e-11,28.558315918552545
F583-1,external_151,low_mass_dwarf,5,0.14960409218741486,0.7715221068021764,1.716755829724891e-11,31.78832783599696
F583-1,external_151,low_mass_dwarf,6,0.14307185270487155,0.748921991962427,1.678550769142996e-11,33.88354247678059
F583-1,external_151,low_mass_dwarf,7,0.1321389627741234,0.7086372001724839,1.6056271223723786e-11,36.76255377483795
F583-1,external_151,low_mass_dwarf,8,0.12942995387903417,0.6981570050189163,1.5857694584954335e-11,37.367701968218775
F583-1,external_151,low_mass_dwarf,9,0.12313458741902639,0.6730052503695867,1.536809775146275e-11,38.62114517145
F583-1,external_151,low_mass_dwarf,10,0.11336681033088312,0.6346519670865437,1.4359163348927607e-11,41.255315767263234
F583-1,external_151,low_mass_dwarf,11,0.1085086077391305,0.6153813413252798,1.3779242499330243e-11,42.50195277961372
F583-1,external_151,low_mass_dwarf,12,0.10209776378562134,0.5889328819179542,1.2984170060815461e-11,43.76771788365983
F583-1,external_151,low_mass_dwarf,13,0.09863071312237415,0.5741343206548798,1.2540961215382952e-11,44.28354764863504
F583-1,external_151,low_mass_dwarf,14,0.09437364713883865,0.555478403014585,1.1985011214779764e-11,44.7625205460628
F583-1,external_151,low_mass_dwarf,15,0.08837670837491376,0.5282739885194582,1.1181824420690579e-11,45.158542086785566
F583-1,external_151,low_mass_dwarf,16,0.0789224953429991,0.4830341487746986,9.872103094584655e-12,45.286264187285425
F583-1,external_151,low_mass_dwarf,17,0.075203528595733,0.46380832831256913,9.325951516232491e-12,45.912294260256274
F583-1,external_151,low_mass_dwarf,18,0.07341425570160487,0.45440758635215855,9.062284055772644e-12,46.133011352252055
F583-1,external_151,low_mass_dwarf,19,0.07055337176930589,0.43917369281187335,8.639887149204793e-12,46.381267230512876
F583-1,external_151,low_mass_dwarf,20,0.06610461595441872,0.4149911566831772,7.982189879425236e-12,46.51997649186359
F583-1,external_151,low_mass_dwarf,21,0.05783697508223862,0.36847936585623103,6.76399713355841e-12,46.01265147524512
F583-1,external_151,low_mass_dwarf,22,0.04712867113575236,0.3053857968913694,5.137217616777979e-12,45.9871985198671
F583-1,external_151,low_mass_dwarf,23,0.032881363548185404,0.2169714213487628,3.0958080082929715e-12,44.62489052910719
F583-1,external_151,low_mass_dwarf,24,0.03131305262834839,0.20697411131449742,2.8874484906524452e-12,44.28455662585046
F583-4,external_151,ordinary_disk,0,0.27547662551181784,1.0194478699626905,1.8228503559643655e-11,13.546404316967031
F583-4,external_151,ordinary_disk,1,0.2550014490988186,0.9812115585910768,1.895792075974093e-11,25.332146645397852
F583-4,external_151,ordinary_disk,2,0.2329222368742586,0.9334846627243824,1.9518821268065328e-11,33.35324160957049
F583-4,external_151,ordinary_disk,3,0.2089410185886211,0.9000522737147105,2.0702643969277234e-11,40.87476881045282
F583-4,external_151,ordinary_disk,4,0.13551898203373333,0.7263405331474613,1.893381964846926e-11,53.7881299501623
F583-4,external_151,ordinary_disk,5,0.12327818714042377,0.6828117417765014,1.7624012309842954e-11,54.61145847574951
F583-4,external_151,ordinary_disk,6,0.10517306020232482,0.6105788944855584,1.534250970841181e-11,54.657227220039424
F583-4,external_151,ordinary_disk,7,0.10374933589346338,0.6044984631193877,1.5150074970324923e-11,54.59315807291152
F583-4,external_151,ordinary_disk,8,0.08594100594519112,0.5225151507580428,1.2496752485991386e-11,53.467995888331
F583-4,external_151,ordinary_disk,9,0.08068934819431103,0.49631746388731934,1.165519066697029e-11,52.86915437119896
F583-4,external_151,ordinary_disk,10,0.06802850798427831,0.4295849581582723,9.577522464970469e-12,50.73259090654793
F583-4,external_151,ordinary_disk,11,0.06046260780948129,0.38716867232233093,8.276661311081065e-12,49.29320029297438
IC2574,external_151,low_mass_dwarf,0,0.1813243570911991,0.8570795289956653,1.662653100958693e-11,23.11108559441835
IC2574,external_151,low_mass_dwarf,1,0.17475783064940578,0.8374095704117847,1.6464010466186933e-11,26.630999269356103
IC2574,external_151,low_mass_dwarf,2,0.1683170029082166,0.8172066592217064,1.627395718791978e-11,29.55267489985147
IC2574,external_151,low_mass_dwarf,3,0.16153929336282988,0.7949233969389478,1.6039390201375447e-11,32.205717949176645
IC2574,external_151,low_mass_dwarf,4,0.15587177250538578,0.7774340991396527,1.5844911551241637e-11,34.52203566930657
IC2574,external_151,low_mass_dwarf,5,0.15081257214908914,0.7633402120561694,1.5678400634017924e-11,36.726341712154635
IC2574,external_151,low_mass_dwarf,6,0.1460474618748426,0.7495706943274165,1.5498827212973352e-11,38.59162767156816
IC2574,external_151,low_mass_dwarf,7,0.14086945295281314,0.7340415565435373,1.527820681564053e-11,40.41336853130923
IC2574,external_151,low_mass_dwarf,8,0.1356282664129969,0.7176976625284277,1.502741646121597e-11,42.06015144277631
IC2574,external_151,low_mass_dwarf,9,0.13050677211788728,0.7010945060651526,1.4755276528003973e-11,43.4924040759249
IC2574,external_151,low_mass_dwarf,10,0.12523651855416648,0.6832724015418495,1.4442543118205289e-11,44.820095781093855
IC2574,external_151,low_mass_dwarf,11,0.12138437078330279,0.6690216238884421,1.4137623693236358e-11,45.99918513990264
IC2574,external_151,low_mass_dwarf,12,0.11749814596722268,0.6542429643593122,1.381660913059684e-11,47.05922518365664
IC2574,external_151,low_mass_dwarf,13,0.113436718485608,0.6383563446274056,1.3466842807322488e-11,48.03492132468631
IC2574,external_151,low_mass_dwarf,14,0.10933773537087382,0.6218543990751111,1.3099188857931827e-11,48.88839417742348
IC2574,external_151,low_mass_dwarf,15,0.10534397028747913,0.6053133736420785,1.2726993381761342e-11,49.59745561662298
IC2574,external_151,low_mass_dwarf,16,0.10116963658208922,0.5875262121137674,1.2323461082789424e-11,50.21285646829388
IC2574,external_151,low_mass_dwarf,17,0.097912801179405,0.5732146136457396,1.1970968864138133e-11,50.74345950462916
IC2574,external_151,low_mass_dwarf,18,0.09488242910848124,0.5595475041377511,1.1611800647339222e-11,51.26619531969806
IC2574,external_151,low_mass_dwarf,19,0.09183162861831853,0.5455089408834572,1.1244401003683807e-11,51.69492531979456
IC2574,external_151,low_mass_dwarf,20,0.08886644983616034,0.5315933568010928,1.0882009558407637e-11,52.020154787428
IC2574,external_151,low_mass_dwarf,21,0.08577489023950906,0.5167979658566131,1.0498930033371201e-11,52.26523698919638
IC2574,external_151,low_mass_dwarf,22,0.08287762243300631,0.5026650770946933,1.0135385938849638e-11,52.40929046648552
IC2574,external_151,low_mass_dwarf,23,0.07983448809265091,0.48753219850180335,9.746648322750413e-12,52.494120433936935
IC2574,external_151,low_mass_dwarf,24,0.07754919256108027,0.4759028906350623,9.42986608527445e-12,52.67904798264
IC2574,external_151,low_mass_dwarf,25,0.07533190344210712,0.4644664226972946,9.121187651896503e-12,52.79027322101933
IC2574,external_151,low_mass_dwarf,26,0.07302416017772762,0.4524032650356648,8.798759895168565e-12,52.835928833884296
IC2574,external_151,low_mass_dwarf,27,0.07086519262819477,0.44097019897504086,8.496265745622164e-12,52.814847995724215
IC2574,external_151,low_mass_dwarf,28,0.06853507180646676,0.4284711872477481,8.169115190770625e-12,52.72378375803359
IC2574,external_151,low_mass_dwarf,29,0.0661932344642622,0.4157431624015746,7.839886166469497e-12,52.561579308959324
IC2574,external_151,low_mass_dwarf,30,0.06429680247050705,0.40529657316192774,7.565929885637903e-12,52.478872421714485
IC2574,external_151,low_mass_dwarf,31,0.06254154306943155,0.39551988730837434,7.307708047282253e-12,52.41883182070322
IC2574,external_151,low_mass_dwarf,32,0.06077968600816689,0.3856151825951262,7.049061452687686e-12,52.305071567022395
IC2574,external_151,low_mass_dwarf,33,0.059133372769052714,0.37627804366477247,6.8080073757972966e-12,52.15087795355993
IC4202,calibration_24,bulge_rich_hsb,0,0.3354658768220731,1.0559715258261013,2.955895488159489e-11,47.70802995672329
IC4202,calibration_24,bulge_rich_hsb,1,0.325112264825632,1.047975612885745,3.143449775606441e-11,68.38895665286125
IC4202,calibration_24,bulge_rich_hsb,2,0.31509189436600166,1.039565969136838,3.332967254122367e-11,83.1861375601999
IC4202,calibration_24,bulge_rich_hsb,3,0.3047694852457992,1.0301503326970023,3.5357632736637996e-11,95.71426049209472
IC4202,calibration_24,bulge_rich_hsb,4,0.29342910456256727,1.0188405236971185,3.7661888705217096e-11,107.50232383691771
IC4202,calibration_24,bulge_rich_hsb,5,0.2822931708577825,1.0066482620269663,3.998390204120872e-11,117.69738620831873
IC4202,calibration_24,bulge_rich_hsb,6,0.2710188875037363,0.9932736965972231,4.234647967617309e-11,126.99709187982943
IC4202,calibration_24,bulge_rich_hsb,7,0.2610655464266576,0.9851053495025579,4.386450911797402e-11,134.34220557101062
IC4202,calibration_24,bulge_rich_hsb,8,0.25029752656820947,0.9754433455624976,4.53848859824473e-11,141.28232703135632
IC4202,calibration_24,bulge_rich_hsb,9,0.23962748963580172,0.9649493331365238,4.6721384495357096e-11,147.24549603573828
IC4202,calibration_24,bulge_rich_hsb,10,0.22836368730654813,0.9527833176236242,4.789181256961306e-11,152.6227394903801
IC4202,calibration_24,bulge_rich_hsb,11,0.21690833852578587,0.9391484163264525,4.8762140507452884e-11,157.14649305049102
IC4202,calibration_24,bulge_rich_hsb,12,0.20510774296322173,0.9236271019200198,4.92443956385285e-11,160.78784835994512
IC4202,calibration_24,bulge_rich_hsb,13,0.19339630360885438,0.9058117909823377,4.914463317572312e-11,163.46472954852604
IC4202,calibration_24,bulge_rich_hsb,14,0.1840221167347408,0.8834720276398635,4.8027007936038724e-11,166.05615461913345
IC4202,calibration_24,bulge_rich_hsb,15,0.17556055851484975,0.8619749748275803,4.684132411348589e-11,167.7565980327037
IC4202,calibration_24,bulge_rich_hsb,16,0.1644754095010882,0.8317363270454379,4.50312999911966e-11,169.07167926706427
IC4202,calibration_24,bulge_rich_hsb,17,0.15441275243178829,0.8020712633707384,4.313562288848406e-11,169.36340426648053
IC4202,calibration_24,bulge_rich_hsb,18,0.14801635847107905,0.7820323130464163,4.180652542453361e-11,169.09610497097108
IC4202,calibration_24,bulge_rich_hsb,19,0.14274759305489684,0.7647945280106057,4.0640210760710924e-11,168.60717353287438
IC4202,calibration_24,bulge_rich_hsb,20,0.13215145360856415,0.7280066373195572,3.8103201413467233e-11,166.8724797210684
IC4202,calibration_24,bulge_rich_hsb,21,0.12202900007078125,0.6899946588803358,3.543434681880711e-11,164.47710689066471
IC4202,calibration_24,bulge_rich_hsb,22,0.11751925104085341,0.6719161708489897,3.4109332896679657e-11,164.11495901715176
IC4202,calibration_24,bulge_rich_hsb,23,0.11138086108378166,0.6463758046853105,3.225559795400279e-11,163.15559338816868
IC4202,calibration_24,bulge_rich_hsb,24,0.1052368292557996,0.6197029308963906,3.0346254403210656e-11,161.65431209641073
IC4202,calibration_24,bulge_rich_hsb,25,0.09737495336669089,0.5839040151937471,2.783287917864695e-11,158.93501296115608
IC4202,calibration_24,bulge_rich_hsb,26,0.08778979561524308,0.5376509769756298,2.4680401889066112e-11,154.3827715523803
IC4202,calibration_24,bulge_rich_hsb,27,0.0774617412660269,0.4845147941390891,2.118773492136165e-11,148.24383545476573
IC4202,calibration_24,bulge_rich_hsb,28,0.07372980597123288,0.46441413493634576,1.9854514448541633e-11,146.54798626854634
IC4202,calibration_24,bulge_rich_hsb,29,0.07122502956746239,0.45068037094967767,1.896090943977922e-11,145.19718330067224
IC4202,calibration_24,bulge_rich_hsb,30,0.06490341880278398,0.4151607600153655,1.6716746673374556e-11,141.02403438179795
IC4202,calibration_24,bulge_rich_hsb,31,0.06106897666986778,0.39302633337617954,1.536849731569704e-11,137.9535714019512
KK98-251,calibration_24,low_mass_dwarf,0,0.28971780041556555,0.9989527569239983,9.208041140338383e-12,9.917089003693969
KK98-251,calibration_24,low_mass_dwarf,1,0.2849026042076423,0.9819742431961883,9.214620240408344e-12,12.744390121085132
KK98-251,calibration_24,low_mass_dwarf,2,0.2798890336123586,0.9729965190176882,9.557126356661937e-12,15.294894814084872
KK98-251,calibration_24,low_mass_dwarf,3,0.2743278418887005,0.9733792185498369,1.0362034907339408e-11,18.05486591605693
KK98-251,calibration_24,low_mass_dwarf,4,0.26901474025150757,0.9736368120534493,1.1181261069819892e-11,20.58323759219802
KK98-251,calibration_24,low_mass_dwarf,5,0.2634165741675458,0.9723820269973517,1.1989793472077068e-11,23.129943009941666
KK98-251,calibration_24,low_mass_dwarf,6,0.2578742136072903,0.9694360405310066,1.2706632867523237e-11,25.52446293084137
KK98-251,calibration_24,low_mass_dwarf,7,0.25258113983574815,0.9664384493276267,1.341801337934245e-11,27.76014969411328
KK98-251,calibration_24,low_mass_dwarf,8,0.24696214708778233,0.9622880567745478,1.4074576321577856e-11,29.97889011478785
KK98-251,calibration_24,low_mass_dwarf,9,0.24200514141703972,0.9577989804754982,1.4561635976675093e-11,31.79539841786407
KK98-251,calibration_24,low_mass_dwarf,10,0.23630771567401546,0.952384409987186,1.5128545105788817e-11,33.831161476138476
KK98-251,calibration_24,low_mass_dwarf,11,0.23060763576707546,0.9459552972425306,1.560038041719304e-11,35.725593770535895
KK98-251,calibration_24,low_mass_dwarf,12,0.21705533480643088,0.9275751083419967,1.6448314867886902e-11,39.750507768233895
KK98-251,calibration_24,low_mass_dwarf,13,0.20594901758088952,0.9089722599064027,1.68096392951981e-11,42.54471767781273
KK98-251,calibration_24,low_mass_dwarf,14,0.19447017891968485,0.8872420207548349,1.6988839087403664e-11,45.067023654544165
NGC0024,external_151,bulge_rich_hsb,0,0.4069583432637757,0.9035194227192443,6.676623086379631e-12,18.6852077932375
NGC0024,external_151,bulge_rich_hsb,1,0.4038391766267053,0.9062715161137229,6.9218254528725616e-12,22.954200699773953
NGC0024,external_151,bulge_rich_hsb,2,0.4006870253156376,0.9090846136688838,7.182573116017117e-12,26.482785137742432
NGC0024,external_151,bulge_rich_hsb,3,0.3975013633381801,0.9119616325301334,7.460317069014627e-12,29.540602532657086
NGC0024,external_151,bulge_rich_hsb,4,0.3945757756414183,0.9146352021221233,7.728931523469929e-12,32.028684876945164
NGC0024,external_151,bulge_rich_hsb,5,0.3916216374172899,0.9173667000161398,8.014319579694088e-12,34.304233110622725
NGC0024,external_151,bulge_rich_hsb,6,0.38833860801717973,0.9204414707788442,8.349470874681765e-12,36.612274148967344
NGC0024,external_151,bulge_rich_hsb,7,0.38501995354627183,0.923593437735808,8.709122765096994e-12,38.755015054184085
NGC0024,external_151,bulge_rich_hsb,8,0.3816650909748372,0.9268267481956768,9.095937817931602e-12,40.762673148178344
NGC0024,external_151,bulge_rich_hsb,9,0.3785832945395705,0.9298404728188855,9.473722822484906e-12,42.490565828079795
NGC0024,external_151,bulge_rich_hsb,10,0.3748594661046742,0.9349660947791734,9.938705771885785e-12,44.23891749435994
NGC0024,external_151,bulge_rich_hsb,11,0.37093863350029305,0.9426020194857807,1.0425776875477108e-11,45.64864178888466
NGC0024,external_151,bulge_rich_hsb,12,0.36696830816965215,0.9504045240387524,1.0952588217009287e-11,46.995061221687365
NGC0024,external_151,bulge_rich_hsb,13,0.3625426599337641,0.959188105314862,1.1583775937828515e-11,48.416773739514575
NGC0024,external_151,bulge_rich_hsb,14,0.35805469488591607,0.9681917900084711,1.2276506434551862e-11,49.790733479782915
NGC0024,external_151,bulge_rich_hsb,15,0.3539195354001201,0.9765769514833942,1.2967272186745929e-11,51.010909985773594
NGC0024,external_151,bulge_rich_hsb,16,0.34930888921670333,0.9860312075068512,1.380427715154618e-11,52.33570064904074
NGC0024,external_151,bulge_rich_hsb,17,0.34463196381759054,0.9957388999090935,1.4734887858456755e-11,53.65842456833801
NGC0024,external_151,bulge_rich_hsb,18,0.33988731968510083,1.0057131643889032,1.5775240021076088e-11,54.99754097244147
NGC0024,external_151,bulge_rich_hsb,19,0.3355139968246813,1.01502386654533,1.6833060088950037e-11,56.2468067025109
NGC0024,external_151,bulge_rich_hsb,20,0.33063592093272076,1.0255471764414248,1.814311809670565e-11,57.678723189802724
NGC0024,external_151,bulge_rich_hsb,21,0.32613873834029705,1.0353830383757248,1.949307635348177e-11,59.0566245600561
NGC0024,external_151,bulge_rich_hsb,22,0.3219696092795401,1.039357685619015,2.0419600235366438e-11,60.298175755643555
NGC0024,external_151,bulge_rich_hsb,23,0.31763346797541897,1.038913925298385,2.1024610383116644e-11,61.4904475626421
NGC0024,external_151,bulge_rich_hsb,24,0.31324150870513406,1.0383946039588074,2.1652454120313632e-11,62.66743654471214
NGC0024,external_151,bulge_rich_hsb,25,0.16006540227982816,0.817578868887743,2.3899954724459303e-11,82.0018025062225
NGC0024,external_151,bulge_rich_hsb,26,0.1306432505531529,0.7179305587167554,1.9029460994517683e-11,79.22273929031705
NGC0024,external_151,bulge_rich_hsb,27,0.10894549448549849,0.630096221708086,1.5019805645086375e-11,75.55595480927902
NGC0024,external_151,bulge_rich_hsb,28,0.09288068656986653,0.5566923240413137,1.2043180753519597e-11,71.94005450303182
NGC0055,external_151,low_mass_dwarf,0,0.2802700777949649,0.990919396553939,1.668595451873154e-11,31.890977363285742
NGC0055,external_151,low_mass_dwarf,1,0.2743178242637335,0.9760362942667834,1.703093613401473e-11,39.43556639051881
NGC0055,external_151,low_mass_dwarf,2,0.2682804096273579,0.9750234039250579,1.8406208565979825e-11,47.06334419329185
NGC0055,external_151,low_mass_dwarf,3,0.2622415226531762,0.9738376118256996,1.986667859241409e-11,54.2316703255112
NGC0055,external_151,low_mass_dwarf,4,0.25615371972033557,0.9715132689438224,2.1282380619873115e-11,61.03133671534344
NGC0055,external_151,low_mass_dwarf,5,0.24997658250675636,0.9668101687979622,2.2452576910476167e-11,67.33660677772899
NGC0055,external_151,low_mass_dwarf,6,0.24379812666148404,0.9618170731895428,2.365803129972773e-11,73.41618564682076
NGC0055,external_151,low_mass_dwarf,7,0.23759916774773893,0.9557837210263713,2.4679612893394234e-11,79.02017336720094
NGC0055,external_151,low_mass_dwarf,8,0.23128656464596478,0.9484630735564639,2.547364939630847e-11,84.14005144008135
NGC0055,external_151,low_mass_dwarf,9,0.2249729198405373,0.9407475625191336,2.625776658603532e-11,89.04185170072074
NGC0055,external_151,low_mass_dwarf,10,0.21857729471373846,0.9315934894863976,2.6803558115580043e-11,93.47345191342393
NGC0055,external_151,low_mass_dwarf,11,0.21225269154682755,0.9215524014628736,2.717726135523063e-11,97.42666418088093
NGC0055,external_151,low_mass_dwarf,12,0.20582487407682512,0.9108304643421838,2.7513862748213987e-11,101.20081688074781
NGC0055,external_151,low_mass_dwarf,13,0.1994167831922285,0.8988098978596042,2.7610746862222788e-11,104.49379854374945
NGC0055,external_151,low_mass_dwarf,14,0.19306917688848615,0.8861088299956887,2.760219204201199e-11,107.42859992723143
NGC0055,external_151,low_mass_dwarf,15,0.1866201092419018,0.8725645751508172,2.7533795078846282e-11,110.14089815943656
NGC0055,external_151,low_mass_dwarf,16,0.18032561593093296,0.858056979550175,2.726304106483153e-11,112.41385143022063
NGC0055,external_151,low_mass_dwarf,17,0.17405407995368313,0.8428779596993151,2.6925761843928212e-11,114.38966868299975
NGC0055,external_151,low_mass_dwarf,18,0.16763917692685568,0.8265404473573524,2.6505364641414623e-11,116.12172558649036
NGC0055,external_151,low_mass_dwarf,19,0.16162930925340235,0.8101262367560873,2.5974176741618855e-11,117.47621041737183
NGC0055,external_151,low_mass_dwarf,20,0.15553202470406505,0.7927090361112124,2.5379066860710968e-11,118.5621667594761
NGC0100,external_151,bulge_rich_hsb,0,0.32930396554246366,1.0485097302902284,1.676247039046356e-11,16.07833692070245
NGC0100,external_151,bulge_rich_hsb,1,0.31194330486057575,1.0363555850566384,1.8579876304986143e-11,28.15667901450336
NGC0100,external_151,bulge_rich_hsb,2,0.29366001683778664,1.021539900150247,2.0630605067182392e-11,36.856164330607804
NGC0100,external_151,bulge_rich_hsb,3,0.2752387329192715,1.0041983703462891,2.2806568212919446e-11,44.01835348144023
NGC0100,external_151,bulge_rich_hsb,4,0.25492396546863266,0.9817725691539801,2.52650310181616e-11,50.89217572079097
NGC0100,external_151,bulge_rich_hsb,5,0.23343752699176193,0.9535329393337953,2.7800918858889464e-11,57.35520751192754
NGC0100,external_151,bulge_rich_hsb,6,0.21444769527805554,0.9237598806220605,2.922133882032853e-11,62.59676272192353
NGC0100,external_151,bulge_rich_hsb,7,0.20061526463031484,0.8988946650273182,2.8899113598208486e-11,65.88172528412036
NGC0100,external_151,bulge_rich_hsb,8,0.1859627215862576,0.8696346373472617,2.8194435281264023e-11,68.41205970854271
NGC0100,external_151,bulge_rich_hsb,9,0.17076299309534956,0.8356771429563559,2.7037481965136924e-11,70.01140765177468
NGC0100,external_151,bulge_rich_hsb,10,0.15533422989291457,0.7969204777048216,2.5398491973204518e-11,70.53228757672304
NGC0100,external_151,bulge_rich_hsb,11,0.1393204474656216,0.7514569592326822,2.319718675519196e-11,69.82372285454905
NGC0100,external_151,bulge_rich_hsb,12,0.1250076665436131,0.7043951740673489,2.080241737463467e-11,68.49332076401991
NGC0100,external_151,bulge_rich_hsb,13,0.11716556191436196,0.6724342501043171,1.9340776536562925e-11,68.59259236086517
NGC0100,external_151,bulge_rich_hsb,14,0.09962292060137053,0.5943727866685946,1.5909702962866188e-11,67.01075112881918
NGC0100,external_151,bulge_rich_hsb,15,0.09313567205530794,0.56310075262696,1.4596778404853542e-11,65.78970737051092
NGC0100,external_151,bulge_rich_hsb,16,0.08470910698556476,0.5204792024285783,1.2869102373748748e-11,63.6766187227935
NGC0100,external_151,bulge_rich_hsb,17,0.0771545831423399,0.480363980348196,1.1301881134664299e-11,61.431042174463585
NGC0100,external_151,bulge_rich_hsb,18,0.07400449634112008,0.4632780156963078,1.0608209252391527e-11,61.12182285046205
NGC0100,external_151,bulge_rich_hsb,19,0.07090201081885389,0.446150115326968,9.927568447431457e-12,60.61229884326992
NGC0100,external_151,bulge_rich_hsb,20,0.06903052052305683,0.4356751437135503,9.518674868366674e-12,60.20706359429175
NGC0247,calibration_24,ordinary_disk,0,0.24758955691026308,0.9728842329531487,2.353073590200442e-11,34.31167991036305
NGC0247,calibration_24,ordinary_disk,1,0.23770404779446186,0.949753224678939,2.3711752371570153e-11,41.89608298035017
NGC0247,calibration_24,ordinary_disk,2,0.22736123629616495,0.9238197936446118,2.382951000245228e-11,48.37272579648041
NGC0247,calibration_24,ordinary_disk,3,0.21778657185225545,0.910607080840583,2.4573641057212022e-11,54.529103963845294
NGC0247,calibration_24,ordinary_disk,4,0.20857586064208938,0.8976264160794316,2.5267947186451148e-11,59.865231352142494
NGC0247,calibration_24,ordinary_disk,5,0.1985947370182964,0.8824183344415936,2.593570530607613e-11,65.07695445065987
NGC0247,calibration_24,ordinary_disk,6,0.1885470861374918,0.8658005585139527,2.6499258804726472e-11,69.80806881472567
NGC0247,calibration_24,ordinary_disk,7,0.17993971710273451,0.8470598987795475,2.6469062248657948e-11,73.68846646258385
NGC0247,calibration_24,ordinary_disk,8,0.17146287178815148,0.8270194260214986,2.6295345197071613e-11,77.07730685564222
NGC0247,calibration_24,ordinary_disk,9,0.1626439286311015,0.8047683415059546,2.6002286663969104e-11,80.14712386010481
NGC0247,calibration_24,ordinary_disk,10,0.1536352281651977,0.7804471032048369,2.5578684915298157e-11,82.82183621292288
NGC0247,calibration_24,ordinary_disk,11,0.1463026581791692,0.7585482717561876,2.493766316039377e-11,84.91249511063671
NGC0247,calibration_24,ordinary_disk,12,0.13897224353109133,0.7352732561427555,2.4177374110876007e-11,86.65294988349751
NGC0247,calibration_24,ordinary_disk,13,0.13151485090883316,0.7102701005570708,2.332227576578661e-11,88.01513980296669
NGC0247,calibration_24,ordinary_disk,14,0.12378538870990319,0.6828645542095125,2.2349865326896e-11,88.99811826570944
NGC0247,calibration_24,ordinary_disk,15,0.1178217673728044,0.6601929395413153,2.145396723593487e-11,89.77259573622456
NGC0247,calibration_24,ordinary_disk,16,0.1117465655632321,0.6359683324822024,2.047221942052323e-11,90.3069937423971
NGC0247,calibration_24,ordinary_disk,17,0.10569986113562288,0.6108107515456083,1.945201621816463e-11,90.49382620508337
NGC0247,calibration_24,ordinary_disk,18,0.09968454216566691,0.584715597707949,1.8396929159111774e-11,90.3396030271981
NGC0247,calibration_24,ordinary_disk,19,0.09468658490387771,0.5620490957117548,1.7452862577493543e-11,90.26110990137965
NGC0247,calibration_24,ordinary_disk,20,0.09000254766795195,0.5400581789983956,1.6534536584065117e-11,90.03524279504798
NGC0247,calibration_24,ordinary_disk,21,0.08526978849297588,0.5171526840632885,1.5590632422156848e-11,89.53559729905498
NGC0247,calibration_24,ordinary_disk,22,0.08057655769369187,0.49375158949751785,1.464097372478398e-11,88.77124351252637
NGC0247,calibration_24,ordinary_disk,23,0.0764316778835149,0.4724621645638192,1.3772280358113347e-11,88.14369101047564
NGC0247,calibration_24,ordinary_disk,24,0.0728700910441045,0.45372344803573805,1.301304167514121e-11,87.50912962915397
NGC0247,calibration_24,ordinary_disk,25,0.06928092853523805,0.43444545440959,1.2245793593273157e-11,86.66744825796158
NGC0289,calibration_24,bulge_rich_hsb,0,0.39194995078218137,0.977481170456538,2.107754794805289e-11,105.01025128754807
NGC0289,calibration_24,bulge_rich_hsb,1,0.3860254742048289,0.9851076343243873,2.2599108075405436e-11,134.1560937979995
NGC0289,calibration_24,bulge_rich_hsb,2,0.38046251430220346,0.9923976764187212,2.41728897239186e-11,155.11889521634455
NGC0289,calibration_24,bulge_rich_hsb,3,0.3752839564269876,0.999303498929221,2.5782600231322236e-11,171.24054035017306
NGC0289,calibration_24,bulge_rich_hsb,4,0.3684706279525209,1.008577041709212,2.814766564836701e-11,189.0478444196139
NGC0289,calibration_24,bulge_rich_hsb,5,0.3625202619501045,1.0168629005742382,3.048356888920751e-11,202.3071923865023
NGC0289,calibration_24,bulge_rich_hsb,6,0.35490655582230046,1.0277399294136826,3.39199568606688e-11,217.02668768372268
NGC0289,calibration_24,bulge_rich_hsb,7,0.3372425515607446,1.0454189187216159,3.9902566714024464e-11,239.7728260719435
NGC0289,calibration_24,bulge_rich_hsb,8,0.32000701968883505,1.0589189567289528,4.420684826953354e-11,247.31740546203488
NGC0289,calibration_24,bulge_rich_hsb,9,0.30122290817950226,1.0736603499829824,4.7732908345174506e-11,242.42540430374558
NGC0289,calibration_24,bulge_rich_hsb,10,0.27308535874292433,1.0459258347867375,4.967806408167325e-11,247.51361148608976
NGC0289,calibration_24,bulge_rich_hsb,11,0.24296046342117592,1.0060367644258676,4.9247573852184795e-11,246.1117901417457
NGC0289,calibration_24,bulge_rich_hsb,12,0.21050531485596477,0.9505796093942004,4.4733191370551663e-11,234.38494522728865
NGC0289,calibration_24,bulge_rich_hsb,13,0.18458746778229587,0.890254391724846,4.02576877369736e-11,229.16906409263333
NGC0289,calibration_24,bulge_rich_hsb,14,0.15594554941140049,0.8089997915426776,3.3395855035209725e-11,214.2968459152898
NGC0289,calibration_24,bulge_rich_hsb,15,0.13160828681737843,0.7250074699014397,2.6328367625938545e-11,195.29411071608948
NGC0289,calibration_24,bulge_rich_hsb,16,0.11562872041503156,0.6613652605282657,2.185649442928609e-11,184.09694767355842
NGC0289,calibration_24,bulge_rich_hsb,17,0.09959984868620547,0.5900219405412738,1.7070208290629197e-11,167.41144328173857
NGC0289,calibration_24,bulge_rich_hsb,18,0.08770502868908905,0.5321838994326799,1.3571564271883588e-11,153.70172074221074
NGC0289,calibration_24,bulge_rich_hsb,19,0.07985260396586427,0.49185908572119413,1.1446792153440228e-11,145.28359442910772
NGC0289,calibration_24,bulge_rich_hsb,20,0.07159243180676145,0.44735926239354,9.200001165599727e-12,133.71399556983332
NGC0289,calibration_24,bulge_rich_hsb,21,0.0662048915029464,0.4174515670132972,7.92033144771487e-12,127.4933247152718
NGC0289,calibration_24,bulge_rich_hsb,22,0.06171384363265248,0.3919558604273297,6.9368294899902375e-12,122.39728022374017
NGC0289,calibration_24,bulge_rich_hsb,23,0.0570453014558013,0.36482782357442467,5.927413471504814e-12,115.92164751171808
NGC0289,calibration_24,bulge_rich_hsb,24,0.05393754977552183,0.3465919447707101,5.391913152023025e-12,113.32070343633532
NGC0289,calibration_24,bulge_rich_hsb,25,0.05070355539026352,0.32733153484854227,4.843359412719714e-12,110.03239344063013
NGC0289,calibration_24,bulge_rich_hsb,26,0.04769045276471994,0.3091495220009551,4.353074644595545e-12,106.6937928364215
NGC0289,calibration_24,bulge_rich_hsb,27,0.045133199297625395,0.29359769308090894,3.991070799213615e-12,104.5603934383516
NGC0300,external_151,ordinary_disk,0,0.34732080576577495,1.0014657171108372,1.2038238970602601e-11,30.671555989192267
NGC0300,external_151,ordinary_disk,1,0.3322912799923202,0.9988053216162169,1.3822461660988274e-11,37.829815294024804
NGC0300,external_151,ordinary_disk,2,0.31633772795977066,0.9995191801047107,1.584667179775861e-11,44.023371815823815
NGC0300,external_151,ordinary_disk,3,0.3000942198345641,1.003252625140007,1.8026461692652776e-11,49.362908849931316
NGC0300,external_151,ordinary_disk,4,0.2830600490235621,1.0063839224470894,2.0633841139451476e-11,54.57962360618546
NGC0300,external_151,ordinary_disk,5,0.26542230869424877,1.0071707270915584,2.3534035222080076e-11,59.79164575335456
NGC0300,external_151,ordinary_disk,6,0.249325663581421,0.988695512007823,2.4457670738441207e-11,63.69832991539406
NGC0300,external_151,ordinary_disk,7,0.23288138452413298,0.9673026413948538,2.5149492790660617e-11,67.03624064934809
NGC0300,external_151,ordinary_disk,8,0.2153099700960016,0.9411853718550329,2.5517090500074023e-11,69.83676389489081
NGC0300,external_151,ordinary_disk,9,0.20046572269212484,0.9134324757285477,2.5162853793578946e-11,71.8122637077381
NGC0300,external_151,ordinary_disk,10,0.1864934888779089,0.8824773944762541,2.4332986382219662e-11,73.14320741575709
NGC0300,external_151,ordinary_disk,11,0.17234424677901186,0.8476948669852237,2.3199971215489814e-11,73.7160049658247
NGC0300,external_151,ordinary_disk,12,0.1584173809230538,0.8093830178625069,2.1771284078531245e-11,73.64077132300861
NGC0300,external_151,ordinary_disk,13,0.14834348261085886,0.7780155708379516,2.0492821623788182e-11,73.65738792310971
NGC0300,external_151,ordinary_disk,14,0.1380254896195099,0.7434075743899897,1.9060786073834156e-11,73.0963002178863
NGC0300,external_151,ordinary_disk,15,0.1274544213765653,0.7051389363208419,1.747189356881267e-11,71.89408557960394
NGC0300,external_151,ordinary_disk,16,0.11928524212418326,0.6733233334184361,1.615780238936782e-11,71.02615121625011
NGC0300,external_151,ordinary_disk,17,0.11216005456892093,0.6439592553489456,1.4962509402992013e-11,70.0976072596285
NGC0300,external_151,ordinary_disk,18,0.10491863783825989,0.6125901554082653,1.3710524831504871e-11,68.73191399353698
NGC0300,external_151,ordinary_disk,19,0.09811619629511799,0.581683907103624,1.2510213980920885e-11,67.21940462332317
NGC0300,external_151,ordinary_disk,20,0.09332225174855384,0.559070952322204,1.1663341617424784e-11,66.30959831485761
NGC0300,external_151,ordinary_disk,21,0.08779687880650744,0.5321235098671493,1.0677609642455751e-11,64.94310514568377
NGC0300,external_151,ordinary_disk,22,0.08231857976181207,0.5044612717040323,9.69352933769264e-12,63.24322628964795
NGC0300,external_151,ordinary_disk,23,0.0789762390067045,0.4871845591212528,9.113484253399801e-12,62.3957340232663
NGC0300,external_151,ordinary_disk,24,0.07495602227766378,0.4659528744292147,8.419157310491962e-12,61.22141588924738
NGC0801,external_151,bulge_rich_hsb,0,0.37361384493527156,1.0528706103629852,4.570771051345596e-11,126.48971387796679
NGC0801,external_151,bulge_rich_hsb,1,0.37177343695385373,1.0523548118121469,4.637783611257324e-11,145.53236459337796
NGC0801,external_151,bulge_rich_hsb,2,0.3698745708216356,1.0518075442544892,4.708130936499438e-11,162.52360078184185
NGC0801,external_151,bulge_rich_hsb,3,0.36618674753326336,1.0506999330762232,4.848348576777389e-11,190.44205334050903
NGC0801,external_151,bulge_rich_hsb,4,0.3623580031246975,1.0494856789170555,4.999118792358553e-11,214.66131709244306
NGC0801,external_151,bulge_rich_hsb,5,0.3330815596836127,1.0608732256894229,6.493425470077544e-11,338.8553936492326
NGC0801,external_151,bulge_rich_hsb,6,0.30812308809732497,1.0895113727226966,7.906124589041715e-11,380.4204275342899
NGC0801,external_151,bulge_rich_hsb,7,0.2710842209709065,1.0643828750135924,8.578963435121194e-11,395.63267044939874
NGC0801,external_151,bulge_rich_hsb,8,0.22001838548119973,0.9865635753573808,8.176731338473517e-11,390.87307040608937
NGC0801,external_151,bulge_rich_hsb,9,0.16080342255877178,0.8405468384525083,6.500472606589686e-11,363.35699538177926
NGC0801,external_151,bulge_rich_hsb,10,0.10844169875267118,0.645946303976886,4.313643594090343e-11,316.4429355374842
NGC0801,external_151,bulge_rich_hsb,11,0.07170764149111725,0.4614927684292712,2.554986165323049e-11,264.13923010430176
NGC0801,external_151,bulge_rich_hsb,12,0.048107526555096695,0.3209556528472171,1.4444048137471248e-11,216.10608211865824
NGC0891,external_151,bulge_rich_hsb,0,0.4112028382919701,0.9058219549830059,2.0422029081860075e-11,121.36623446194547
NGC0891,external_151,bulge_rich_hsb,1,0.39418549381315837,0.9413865808945397,2.6227625476864752e-11,182.12956961541926
NGC0891,external_151,bulge_rich_hsb,2,0.3833923950118474,0.9712260977036419,3.143107848555491e-11,206.19225805046165
NGC0891,external_151,bulge_rich_hsb,3,0.37711376629329046,1.0182033826745052,3.587843288544546e-11,218.22298705958315
NGC0891,external_151,bulge_rich_hsb,4,0.37070595747639895,1.0667474614675814,4.1429256486557514e-11,223.01388088609147
NGC0891,external_151,bulge_rich_hsb,5,0.36416494038432357,1.1167302252285638,4.864647407157353e-11,221.48757011196128
NGC0891,external_151,bulge_rich_hsb,6,0.3548034156210881,1.1325765859821366,5.3852778175818585e-11,224.66625510316092
NGC0891,external_151,bulge_rich_hsb,7,0.3446188700182526,1.1419779653519289,5.891582782455924e-11,226.8093212909213
NGC0891,external_151,bulge_rich_hsb,8,0.3343372320452294,1.151625536070362,6.438058209056907e-11,226.29537510973324
NGC0891,external_151,bulge_rich_hsb,9,0.3207929390907158,1.1508963136468198,6.917000688918577e-11,226.81241596844066
NGC0891,external_151,bulge_rich_hsb,10,0.3041255407064259,1.1374141388481789,7.238106327481838e-11,229.0834107635286
NGC0891,external_151,bulge_rich_hsb,11,0.2860274141048285,1.120670926550245,7.466688628811185e-11,229.13329797499566
NGC0891,external_151,bulge_rich_hsb,12,0.2668130005019459,1.0987843824753076,7.487435229073359e-11,226.8033758665281
NGC0891,external_151,bulge_rich_hsb,13,0.24573833768751274,1.064004070015913,7.242186918361373e-11,225.83198292165858
NGC0891,external_151,bulge_rich_hsb,14,0.22341628344377099,1.0212084640730568,6.836336319355469e-11,221.91425975119816
NGC0891,external_151,bulge_rich_hsb,15,0.19999226472671658,0.9681790854814547,6.244422182411019e-11,214.305650858692
NGC0891,external_151,bulge_rich_hsb,16,0.18174339342621681,0.9202353526877737,5.7153572176187285e-11,209.10282996680206
NGC0891,external_151,bulge_rich_hsb,17,0.16569692652382717,0.8725888198383916,5.209704268392346e-11,203.2813446603963
NGC1003,calibration_24,bulge_rich_hsb,0,0.34221146960365023,0.9968614436058627,1.508344388871203e-11,43.981244671231494
NGC1003,calibration_24,bulge_rich_hsb,1,0.31707404762983826,0.9883871750219261,1.8091260086833307e-11,57.14145760458722
NGC1003,calibration_24,bulge_rich_hsb,2,0.29027878703447824,0.9759498433136693,2.193449581902658e-11,68.51469635989952
NGC1003,calibration_24,bulge_rich_hsb,3,0.26092690166137833,0.9573987279958158,2.6944952696306266e-11,79.69614696149169
NGC1003,calibration_24,bulge_rich_hsb,4,0.22904247068395428,0.9297759501595068,3.320019230417825e-11,91.23288062636495
NGC1003,calibration_24,bulge_rich_hsb,5,0.1942829457304134,0.8876288994596943,4.023483290993377e-11,103.09408859459926
NGC1003,calibration_24,bulge_rich_hsb,6,0.1755839889845246,0.8539081334010674,4.112278902878388e-11,109.35781966102122
NGC1003,calibration_24,bulge_rich_hsb,7,0.16624711454926247,0.8306382772742573,3.874580997613285e-11,111.64619898775763
NGC1003,calibration_24,bulge_rich_hsb,8,0.15657850537405657,0.80478121260629,3.595569919187936e-11,112.38082999839372
NGC1003,calibration_24,bulge_rich_hsb,9,0.14668302133647526,0.776305707565232,3.27448501430463e-11,111.3814085556613
NGC1003,calibration_24,bulge_rich_hsb,10,0.13642906202266009,0.7444673695038883,2.9023349420380304e-11,108.34370558284155
NGC1003,calibration_24,bulge_rich_hsb,11,0.12643162197107902,0.7109485722186724,2.497832864777722e-11,103.13842600925635
NGC1003,calibration_24,bulge_rich_hsb,12,0.11529331027723366,0.6704830017998088,1.9896956459248755e-11,94.0111625505745
NGC1003,calibration_24,bulge_rich_hsb,13,0.11079609052439911,0.6505529235165158,1.8181711152792642e-11,92.45522841102623
NGC1003,calibration_24,bulge_rich_hsb,14,0.10702657867050709,0.6319425745344139,1.701952806988765e-11,92.47435162105452
NGC1003,calibration_24,bulge_rich_hsb,15,0.10322497133974007,0.6127094272709787,1.584272133163294e-11,92.00692084582388
NGC1003,calibration_24,bulge_rich_hsb,16,0.09983322648544361,0.5951534190534684,1.4788853825753e-11,91.17602265797598
NGC1003,calibration_24,bulge_rich_hsb,17,0.09596999224067151,0.5746993831509689,1.3583865668306073e-11,89.74473989688238
NGC1003,calibration_24,bulge_rich_hsb,18,0.09252304097468034,0.5560372542580745,1.2504201056133333e-11,88.01554648910454
NGC1003,calibration_24,bulge_rich_hsb,19,0.08859666904861949,0.5343065406616581,1.126815407910424e-11,85.49421269396042
NGC1003,calibration_24,bulge_rich_hsb,20,0.08691504944660258,0.5258169759673543,1.088473894242513e-11,85.86972308354558
NGC1003,calibration_24,bulge_rich_hsb,21,0.08508579035423211,0.5165406749522459,1.0475732839594135e-11,86.20950816693828
NGC1003,calibration_24,bulge_rich_hsb,22,0.08324918713472282,0.5071220444452871,1.0064245731818335e-11,86.37620121649361
NGC1003,calibration_24,bulge_rich_hsb,23,0.08161752577657463,0.4986660314705958,9.698054695443076e-12,86.37948983834225
NGC1003,calibration_24,bulge_rich_hsb,24,0.07976695766015998,0.48897490363877255,9.282116798480033e-12,86.21950406784629
NGC1003,calibration_24,bulge_rich_hsb,25,0.07812286608630367,0.48027539255271723,8.912103522878955e-12,85.9316474465999
NGC1003,calibration_24,bulge_rich_hsb,26,0.07630188288293491,0.47056587797492383,8.512727772403088e-12,85.55423468351431
NGC1003,calibration_24,bulge_rich_hsb,27,0.07478571462061907,0.46258086770834017,8.25973580290678e-12,85.86360701458112
NGC1003,calibration_24,bulge_rich_hsb,28,0.07343966049859839,0.4554325882280896,8.035283225337883e-12,86.05354659442352
NGC1003,calibration_24,bulge_rich_hsb,29,0.07191407375246263,0.4472637231585503,7.781158765695341e-12,86.174194211298
NGC1003,calibration_24,bulge_rich_hsb,30,0.07055964489611255,0.43995167162601767,7.555860045629747e-12,86.19830290778003
NGC1003,calibration_24,bulge_rich_hsb,31,0.06902455163090265,0.4315966431430958,7.300963955448156e-12,86.13248847216398
NGC1003,calibration_24,bulge_rich_hsb,32,0.06764394362450973,0.424021262533415,7.072218805179339e-12,85.98966734868738
NGC1003,calibration_24,bulge_rich_hsb,33,0.0661558532937562,0.41580226690665845,6.83287566995525e-12,85.84409744464807
NGC1003,calibration_24,bulge_rich_hsb,34,0.06481741651561465,0.40838340622052954,6.636737878157331e-12,85.90704904450064
NGC1003,calibration_24,bulge_rich_hsb,35,0.06362961848352584,0.40175486069216426,6.463109714540776e-12,85.90139243357518
NGC1090,external_151,bulge_rich_hsb,0,0.3787740899718562,1.0254037166018213,2.2177104623907914e-11,40.30835267041015
NGC1090,external_151,bulge_rich_hsb,1,0.369358547521629,1.0267749803702584,2.411577212219536e-11,69.70624019179188
NGC1090,external_151,bulge_rich_hsb,2,0.36224323082559967,1.027677484879186,2.5720843557982942e-11,84.58990922408664
NGC1090,external_151,bulge_rich_hsb,3,0.33239815587558147,1.0300795030731096,3.409835990903225e-11,125.56621557124889
NGC1090,external_151,bulge_rich_hsb,4,0.31105809246062993,1.0302217563259153,4.2271857703927863e-11,146.2620245271957
NGC1090,external_151,bulge_rich_hsb,5,0.2895602437352271,1.0274121540969197,4.799719144376418e-11,160.9591351871987
NGC1090,external_151,bulge_rich_hsb,6,0.266320053686622,1.0220900172742073,5.376546932299441e-11,171.8956959941009
NGC1090,external_151,bulge_rich_hsb,7,0.2515674615999082,1.0173734496277829,5.700646762078428e-11,176.6902898916875
NGC1090,external_151,bulge_rich_hsb,8,0.23083632354774652,1.0087065505185884,6.01884273537752e-11,180.35616342433514
NGC1090,external_151,bulge_rich_hsb,9,0.21565298844682806,0.9792349995759421,5.873985807066307e-11,183.30694679730433
NGC1090,external_151,bulge_rich_hsb,10,0.17372611459943277,0.8786250102858079,5.176971534169418e-11,183.6829737138602
NGC1090,external_151,bulge_rich_hsb,11,0.14602469441219043,0.79286746359934,4.480714046842276e-11,177.2294646149962
NGC1090,external_151,bulge_rich_hsb,12,0.12716281453301922,0.7233545286481614,3.9035474572801326e-11,171.7099591832786
NGC1090,external_151,bulge_rich_hsb,13,0.11459799837973006,0.6715877328830591,3.484396523522426e-11,167.97743403091133
NGC1090,external_151,bulge_rich_hsb,14,0.101773682301468,0.613868531478409,3.036448664974515e-11,162.16394722785375
NGC1090,external_151,bulge_rich_hsb,15,0.08724200890239896,0.542157408329921,2.5106974135393458e-11,152.9932424572909
NGC1090,external_151,bulge_rich_hsb,16,0.07735588717647429,0.48947208490319705,2.1410283896185986e-11,145.97139042022778
NGC1090,external_151,bulge_rich_hsb,17,0.07142140550370622,0.4564066535296152,1.9106522120597012e-11,142.07047904646976
NGC1090,external_151,bulge_rich_hsb,18,0.06491390398749863,0.4188868772535159,1.6608166301410963e-11,136.67104669213688
NGC1090,external_151,bulge_rich_hsb,19,0.05881775976607637,0.38257399402332315,1.4310375745724548e-11,130.50979315386263
NGC1090,external_151,bulge_rich_hsb,20,0.05364834060617495,0.35097899470172617,1.2395304470014713e-11,124.78799745337095
NGC1090,external_151,bulge_rich_hsb,21,0.050408935146983684,0.3309354010212248,1.1188161338872332e-11,121.6906100140797
NGC1090,external_151,bulge_rich_hsb,22,0.04739515583826309,0.3120385514460528,1.0088094092219952e-11,118.2616627301856
NGC1090,external_151,bulge_rich_hsb,23,0.04436218556466213,0.29278815150834575,9.006169998718745e-12,114.25900601886813
NGC1705,calibration_24,low_mass_dwarf,0,0.4258858893912163,0.8324474856619282,5.627793889983502e-12,23.99397867484006
NGC1705,calibration_24,low_mass_dwarf,1,0.4012802307504997,0.9079470393772756,7.812634781381117e-12,36.274229998909036
NGC1705,calibration_24,low_mass_dwarf,2,0.3612989186815866,1.088913950567675,1.824100929058719e-11,43.118843392538686
NGC1705,calibration_24,low_mass_dwarf,3,0.32689732442381386,1.114167248854506,2.5554469454034446e-11,48.7621940492035
NGC1705,calibration_24,low_mass_dwarf,4,0.2912267529254498,1.0856916137920058,2.8383157536740348e-11,52.83320916690574
NGC1705,calibration_24,low_mass_dwarf,5,0.25817288037609465,1.0364302261472536,2.8062565533849215e-11,55.368122792795575
NGC1705,calibration_24,low_mass_dwarf,6,0.23065442032066844,0.986085162116542,2.677681050735144e-11,57.12805338576284
NGC1705,calibration_24,low_mass_dwarf,7,0.20655840949138002,0.9357133770121983,2.5189866855169683e-11,58.471323697583905
NGC1705,calibration_24,low_mass_dwarf,8,0.18570313888765647,0.8864056759262727,2.3516274815518084e-11,59.36106621156634
NGC1705,calibration_24,low_mass_dwarf,9,0.16662899236983028,0.835326010187573,2.1721925216453088e-11,59.764063652744134
NGC1705,calibration_24,low_mass_dwarf,10,0.14892475719687914,0.7816097117525627,1.981525795992729e-11,59.63618696575935
NGC1705,calibration_24,low_mass_dwarf,11,0.132073645042419,0.7238524465349042,1.7782497234049703e-11,58.944810407943166
NGC1705,calibration_24,low_mass_dwarf,12,0.11654442703005762,0.6641551430092902,1.573251919326444e-11,57.736528772388525
NGC1705,calibration_24,low_mass_dwarf,13,0.10256151488098751,0.6045837392849878,1.3755045908463994e-11,56.08148131383218
NGC2366,external_151,low_mass_dwarf,0,0.3236889256068286,1.0497318284398407,1.345225164475013e-11,9.4897809624882
NGC2366,external_151,low_mass_dwarf,1,0.31261509074502936,1.0378717349081266,1.4139889620951005e-11,16.511746035272942
NGC2366,external_151,low_mass_dwarf,2,0.3016569479648874,1.0251433914317332,1.482346760911077e-11,21.240291149369714
NGC2366,external_151,low_mass_dwarf,3,0.2898435619392533,1.01020184288771,1.555513451411481e-11,25.32766842904196
NGC2366,external_151,low_mass_dwarf,4,0.27762362075278596,0.9932669766907679,1.6294058460195096e-11,28.91395120229959
NGC2366,external_151,low_mass_dwarf,5,0.26851356464548576,0.9834548379791329,1.6819660145956744e-11,31.992603286432676
NGC2366,external_151,low_mass_dwarf,6,0.26254138415179223,0.9811644006186667,1.7131521752293146e-11,34.52134654750045
NGC2366,external_151,low_mass_dwarf,7,0.25593828560501586,0.9783983018450171,1.7434471390659726e-11,36.99537122557453
NGC2366,external_151,low_mass_dwarf,8,0.24975813229263497,0.9755764700972892,1.766888063759429e-11,39.0461006067713
NGC2366,external_151,low_mass_dwarf,9,0.2431988628396022,0.9723226830832642,1.785398373945106e-11,40.967460450263836
NGC2366,external_151,low_mass_dwarf,10,0.2381718197741132,0.9674221679517366,1.7936862852165622e-11,42.776950401633385
NGC2366,external_151,low_mass_dwarf,11,0.23384076222661598,0.9605197233425709,1.7977416770879614e-11,44.75094670997036
NGC2366,external_151,low_mass_dwarf,12,0.22981246754937537,0.9538999004284627,1.8000342663154955e-11,46.45990665555357
NGC2366,external_151,low_mass_dwarf,13,0.22556361809748512,0.9467009814993563,1.8008361410916796e-11,48.141261390465644
NGC2366,external_151,low_mass_dwarf,14,0.22144758070104426,0.9395070486540533,1.7999629357051624e-11,49.65997158284504
NGC2366,external_151,low_mass_dwarf,15,0.21754566549397505,0.9327007966371339,1.801939816121575e-11,51.316254792521
NGC2366,external_151,low_mass_dwarf,16,0.21433088587114066,0.927112214440206,1.8058868199090075e-11,52.838639922273025
NGC2366,external_151,low_mass_dwarf,17,0.21094804779297083,0.9210845765606545,1.809093281049536e-11,54.364615750032605
NGC2366,external_151,low_mass_dwarf,18,0.20753595292271998,0.914847613101651,1.811309550571564e-11,55.829286298761964
NGC2366,external_151,low_mass_dwarf,19,0.20409422006683273,0.9083915916201866,1.8124743496494692e-11,57.23466984161961
NGC2366,external_151,low_mass_dwarf,20,0.20095326963078777,0.9022719767332408,1.811940243965853e-11,58.52829646574641
NGC2366,external_151,low_mass_dwarf,21,0.197763838786849,0.8958574542818586,1.8100557873929684e-11,59.825819458064295
NGC2366,external_151,low_mass_dwarf,22,0.19454884439247394,0.8892353484563914,1.8071925538314384e-11,61.07084139515953
NGC2366,external_151,low_mass_dwarf,23,0.1913079778700875,0.8823966765568849,1.8033047522120334e-11,62.26413119452191
NGC2366,external_151,low_mass_dwarf,24,0.18817757977129768,0.8756309842921759,1.798574445780856e-11,63.35959005013157
NGC2366,external_151,low_mass_dwarf,25,0.1850002919676927,0.8684778311097278,1.7909105644790467e-11,64.42788180582811
NGC2403,calibration_24,bulge_rich_hsb,0,0.42304319659579775,0.8416126369725913,6.837152513860294e-12,23.646208839605862
NGC2403,calibration_24,bulge_rich_hsb,1,0.42038355786205933,0.8468499477617811,7.07991307764354e-12,29.989643677552035
NGC2403,calibration_24,bulge_rich_hsb,2,0.41769928491931146,0.8522039508382255,7.336858329968776e-12,35.10943795004273
NGC2403,calibration_24,bulge_rich_hsb,3,0.41499003392328143,0.8576791398333605,7.609182764543543e-12,39.486366902767095
NGC2403,calibration_24,bulge_rich_hsb,4,0.4122554546006134,0.8632802480032606,7.89821542170442e-12,43.34796042583971
NGC2403,calibration_24,bulge_rich_hsb,5,0.4094951900979014,0.8690122641170093,8.20543920358629e-12,46.82387219607236
NGC2403,calibration_24,bulge_rich_hsb,6,0.40670887682644896,0.874880449578249,8.532513605426754e-12,49.99668476159304
NGC2403,calibration_24,bulge_rich_hsb,7,0.4038961443026124,0.8808903568870357,8.881301588990054e-12,52.92314528787489
NGC2403,calibration_24,bulge_rich_hsb,8,0.40105661498358075,0.88704784955906,9.253901505996386e-12,55.64450223732084
NGC2403,calibration_24,bulge_rich_hsb,9,0.39818990409844063,0.8933591236301578,9.65268521429755e-12,58.192099638953856
NGC2403,calibration_24,bulge_rich_hsb,10,0.39529561947436515,0.8998307308858673,1.0080343835055367e-11,60.59065530625206
NGC2403,calibration_24,bulge_rich_hsb,11,0.39207958138282684,0.9071429698243485,1.0587790438298412e-11,63.080856478224526
NGC2403,calibration_24,bulge_rich_hsb,12,0.38942272223022184,0.9132830835296941,1.1034989966062674e-11,65.01796354671094
NGC2403,calibration_24,bulge_rich_hsb,13,0.38614374301354715,0.9209888784360055,1.1625312798125927e-11,67.27941356249981
NGC2403,calibration_24,bulge_rich_hsb,14,0.38313214166727566,0.9281949101026301,1.2208670136988236e-11,69.24750915137217
NGC2403,calibration_24,bulge_rich_hsb,15,0.3800908445789359,0.9356012285647651,1.2842155367341869e-11,71.14422979352688
NGC2403,calibration_24,bulge_rich_hsb,16,0.37701941035231124,0.9432171818950743,1.3532182143907057e-11,72.98072035757497
NGC2403,calibration_24,bulge_rich_hsb,17,0.3739173887997682,0.9510527037913515,1.4286291519685523e-11,74.76782997206347
NGC2403,calibration_24,bulge_rich_hsb,18,0.370784320722284,0.9591183577881803,1.5113410328705508e-11,76.51644173070999
NGC2403,calibration_24,bulge_rich_hsb,19,0.3673015277398334,0.968269817755768,1.6120333717540278e-11,78.40889203397136
NGC2403,calibration_24,bulge_rich_hsb,20,0.36410172588611417,0.9768562123260423,1.713800827296209e-11,80.11413443634261
NGC2403,calibration_24,bulge_rich_hsb,21,0.3608693942356394,0.9857100300406935,1.826938700369476e-11,81.81856313459149
NGC2403,calibration_24,bulge_rich_hsb,22,0.357932070899307,0.9939184113614348,1.9400798487314353e-11,83.3641107028555
NGC2403,calibration_24,bulge_rich_hsb,23,0.3546365505586666,1.0033188168595133,2.080550883664406e-11,85.10987183900048
NGC2403,calibration_24,bulge_rich_hsb,24,0.3513070260745578,1.013028951703376,2.2394238610318697e-11,86.90494987661513
NGC2403,calibration_24,bulge_rich_hsb,25,0.34846128833958673,1.0162209873492518,2.2987234111366175e-11,88.10091868524228
NGC2403,calibration_24,bulge_rich_hsb,26,0.34586639023404747,1.0190243647230315,2.352470007639809e-11,89.12453877295603
NGC2403,calibration_24,bulge_rich_hsb,27,0.34325073995848226,1.0218524113570735,2.4081095594506766e-11,90.10267759155929
NGC2403,calibration_24,bulge_rich_hsb,28,0.34061408757157247,1.0247057373492545,2.465724466213236e-11,91.03817972042367
NGC2403,calibration_24,bulge_rich_hsb,29,0.33795617910206155,1.0275849784961102,2.5254003511800505e-11,91.93378388295112
NGC2403,calibration_24,bulge_rich_hsb,30,0.335007620863726,1.030782867780296,2.593530258831805e-11,92.8760299541429
NGC2403,calibration_24,bulge_rich_hsb,31,0.3323042295521116,1.0337187226874036,2.6578265584892393e-11,93.69639982004708
NGC2403,calibration_24,bulge_rich_hsb,32,0.32957876834437,1.0366826427725253,2.7244681697451394e-11,94.48488469532909
NGC2403,calibration_24,bulge_rich_hsb,33,0.3268309658720887,1.0396753849564766,2.7935518778270686e-11,95.24396340143787
NGC2403,calibration_24,bulge_rich_hsb,34,0.3240605462996004,1.0426977400912165,2.8651760702254068e-11,95.97607920763222
NGC2403,calibration_24,bulge_rich_hsb,35,0.3212672292316789,1.0457505349253815,2.9394399209697324e-11,96.68364482869309
NGC2403,calibration_24,bulge_rich_hsb,36,0.3184507296189359,1.048834634207534,3.016442292479552e-11,97.3690439880018
NGC2403,calibration_24,bulge_rich_hsb,37,0.31532545818454677,1.0522643814332342,3.104423670564053e-11,98.10018713521723
NGC2403,calibration_24,bulge_rich_hsb,38,0.31274701870638094,1.0551004087850193,3.179047251664523e-11,98.68271321468953
NGC2403,calibration_24,bulge_rich_hsb,39,0.29866062865505105,1.0707122116038745,3.619483936789072e-11,101.61849468904211
NGC2403,calibration_24,bulge_rich_hsb,40,0.28335986988237555,1.0879508522501802,4.154412259431974e-11,104.51016977712175
NGC2403,calibration_24,bulge_rich_hsb,41,0.26823976108326236,1.0790208571033841,4.3039694898521953e-11,106.9619614260222
NGC2403,calibration_24,bulge_rich_hsb,42,0.2532591728652784,1.0534369276811202,4.1930542837893584e-11,108.45522383068324
NGC2403,calibration_24,bulge_rich_hsb,43,0.2373270994837139,1.0232319604367979,4.0293789436769975e-11,108.95378969781022
NGC2403,calibration_24,bulge_rich_hsb,44,0.22070036840700832,0.9879067471737867,3.8055063671094787e-11,108.23153292612123
NGC2403,calibration_24,bulge_rich_hsb,45,0.20368747505202964,0.9470769362326077,3.5176785440492e-11,106.08053145946684
NGC2403,calibration_24,bulge_rich_hsb,46,0.19055589708442303,0.9122581575147986,3.2568917722028055e-11,104.338671213899
NGC2403,calibration_24,bulge_rich_hsb,47,0.1827842408802072,0.8907370313642949,3.092887280942385e-11,104.25632626781012
NGC2403,calibration_24,bulge_rich_hsb,48,0.1750218548587424,0.8680208038758724,2.9192572767919975e-11,103.61641365098167
NGC2403,calibration_24,bulge_rich_hsb,49,0.16694755693219268,0.8430099981850719,2.728111956392319e-11,102.34097147734728
NGC2403,calibration_24,bulge_rich_hsb,50,0.1587136458829261,0.8159562262930291,2.5219550251218028e-11,100.36687102482055
NGC2403,calibration_24,bulge_rich_hsb,51,0.15168302623100147,0.7917484381754861,2.3407934071265697e-11,98.53557164761578
NGC2403,calibration_24,bulge_rich_hsb,52,0.14740929768518996,0.7770402059301262,2.2384884377775877e-11,98.35401127496951
NGC2403,calibration_24,bulge_rich_hsb,53,0.14309228994536397,0.761719462052682,2.1322580148342552e-11,97.86758560554533
NGC2403,calibration_24,bulge_rich_hsb,54,0.13881899615041912,0.7460808423493801,2.02421901458565e-11,97.07932584626246
NGC2403,calibration_24,bulge_rich_hsb,55,0.13441433318878318,0.729454081481731,1.9098133910530642e-11,95.93653818903438
NGC2403,calibration_24,bulge_rich_hsb,56,0.13012765856867714,0.7128239856847751,1.7977025655634844e-11,94.62352549412506
NGC2403,calibration_24,bulge_rich_hsb,57,0.12699608009068886,0.7008118861274403,1.731290118651936e-11,94.47892693779498
NGC2403,calibration_24,bulge_rich_hsb,58,0.12390518001117731,0.6886921142808422,1.6646112574169357e-11,94.15730864902697
NGC2403,calibration_24,bulge_rich_hsb,59,0.12072855709494291,0.6759580412601042,1.594931185246511e-11,93.6393177711798
NGC2403,calibration_24,bulge_rich_hsb,60,0.11752881418147217,0.6628409953020521,1.523579166322384e-11,92.92194055199238
NGC2403,calibration_24,bulge_rich_hsb,61,0.11437039098176911,0.6496025830963137,1.4520146252015244e-11,92.01647587291714
NGC2403,calibration_24,bulge_rich_hsb,62,0.11167235635229479,0.6382797992083644,1.4017929246212396e-11,91.77588661286661
NGC2403,calibration_24,bulge_rich_hsb,63,0.10899488160688157,0.626850995742291,1.352352459677497e-11,91.46340281884667
NGC2403,calibration_24,bulge_rich_hsb,64,0.10635525079138539,0.6153765148342834,1.3031009720026652e-11,91.02864845917654
NGC2403,calibration_24,bulge_rich_hsb,65,0.10364557906353046,0.6033810003487157,1.2520432751878175e-11,90.45033473567297
NGC2403,calibration_24,bulge_rich_hsb,66,0.10091942505529779,0.591088631898079,1.2001934371415671e-11,89.73180858775866
NGC2403,calibration_24,bulge_rich_hsb,67,0.09851471897315658,0.5801333927239103,1.1590482973598747e-11,89.33062432767625
NGC2403,calibration_24,bulge_rich_hsb,68,0.09613505972551338,0.5691452722468772,1.119770499903771e-11,88.95317350173322
NGC2403,calibration_24,bulge_rich_hsb,69,0.09374280400867296,0.5579243776335335,1.080045094386416e-11,88.4739210249599
NGC2403,calibration_24,bulge_rich_hsb,70,0.09138607567143774,0.5466977850377073,1.0406996639072707e-11,87.90343528421035
NGC2403,calibration_24,bulge_rich_hsb,71,0.08896858206364107,0.5350029636632693,1.000150403915594e-11,87.21606752945694
NGC2403,calibration_24,bulge_rich_hsb,72,0.08671743819476672,0.5239775281547945,9.641882845865097e-12,86.66035204286078
NGC2683,external_151,bulge_rich_hsb,0,0.39029138401084423,0.9458248599744749,2.1380117794099086e-11,155.99689025197392
NGC2683,external_151,bulge_rich_hsb,1,0.3516559876867656,1.1016838761121588,4.069308022307298e-11,172.86105427755322
NGC2683,external_151,bulge_rich_hsb,2,0.2957095549595749,1.1153499850557866,6.118950974285863e-11,183.61682162933576
NGC2683,external_151,bulge_rich_hsb,3,0.21516898701579157,1.0011545160083557,6.071781998558208e-11,183.11573347667192
NGC2683,external_151,bulge_rich_hsb,4,0.138590650265126,0.7820287156169702,4.1129722501688375e-11,162.79838004032274
NGC2683,external_151,bulge_rich_hsb,5,0.08884075382413462,0.5598547014850863,2.4030656828788313e-11,136.22969763990832
NGC2683,external_151,bulge_rich_hsb,6,0.05937988252176297,0.3921852402232535,1.3446848700185637e-11,111.28598079461915
NGC2683,external_151,bulge_rich_hsb,7,0.04195678260665848,0.28176127736480683,7.698724093981652e-12,91.13539126398467
NGC2683,external_151,bulge_rich_hsb,8,0.02397081887742931,0.1620841468734098,2.9266615909734833e-12,64.1431819075829
NGC2683,external_151,bulge_rich_hsb,9,0.018755370239161753,0.12684297980248987,1.899188154404246e-12,54.74303749128529
NGC2683,external_151,bulge_rich_hsb,10,0.014832757911823896,0.10028395875728491,1.2586525751473474e-12,47.048790487908796
NGC2841,external_151,bulge_rich_hsb,0,0.34950569076516896,1.0244657072642942,3.2173595315186766e-11,139.48322465612284
NGC2841,external_151,bulge_rich_hsb,1,0.3452704786802677,1.0262380610894688,3.362076589964762e-11,145.49466551038117
NGC2841,external_151,bulge_rich_hsb,2,0.34058690029576544,1.028175088908661,3.532095005433366e-11,151.7314860423472
NGC2841,external_151,bulge_rich_hsb,3,0.3361015752213726,1.0300073701711197,3.7055490881959796e-11,157.3662338134694
NGC2841,external_151,bulge_rich_hsb,4,0.3316894309404534,1.0317878739650497,3.887181451553802e-11,162.6404418714768
NGC2841,external_151,bulge_rich_hsb,5,0.32721824974631447,1.0335698793025214,4.0833270228259666e-11,167.75982227615316
NGC2841,external_151,bulge_rich_hsb,6,0.32241024513057337,1.0354608187930003,4.309024610911522e-11,173.05869523659726
NGC2841,external_151,bulge_rich_hsb,7,0.31753302549392476,1.037351898473229,4.5550811394738754e-11,178.26190983895282
NGC2841,external_151,bulge_rich_hsb,8,0.3128697567743117,1.0391342118559885,4.808018764171587e-11,183.11560479460263
NGC2841,external_151,bulge_rich_hsb,9,0.30785371902376657,1.041022815534546,5.101315662460327e-11,188.24635630333623
NGC2841,external_151,bulge_rich_hsb,10,0.30276390877438486,1.0429085156818416,5.42375410864528e-11,193.4005215474122
NGC2841,external_151,bulge_rich_hsb,11,0.29804441661433323,1.0446289605711836,5.747461729008534e-11,198.17112579175966
NGC2841,external_151,bulge_rich_hsb,12,0.29311005269296386,1.0463983609085625,6.114108066974034e-11,203.18900779767452
NGC2841,external_151,bulge_rich_hsb,13,0.2887431656361491,1.0462694481358232,6.355937329290347e-11,207.28119000342295
NGC2841,external_151,bulge_rich_hsb,14,0.2849058846020119,1.0439940857754144,6.435970217530362e-11,210.20420651534766
NGC2841,external_151,bulge_rich_hsb,15,0.28102697416799255,1.0416096314585515,6.513602859094228e-11,212.91781940989324
NGC2841,external_151,bulge_rich_hsb,16,0.27743415452999104,1.039323199178361,6.582202544640753e-11,215.2236282340627
NGC2841,external_151,bulge_rich_hsb,17,0.2736947107963265,1.0368616838622162,6.649818906356933e-11,217.4184477105746
NGC2841,external_151,bulge_rich_hsb,18,0.26969288027778954,1.0341323536631548,6.717413421698036e-11,219.54176659076936
NGC2841,external_151,bulge_rich_hsb,19,0.26598559928447313,1.0315135458098104,6.77514904529934e-11,221.30502394482176
NGC2841,external_151,bulge_rich_hsb,20,0.2621264025562793,1.0286922490941155,6.829728376814473e-11,222.93521157344065
NGC2841,external_151,bulge_rich_hsb,21,0.258341704658987,1.0258282233636888,6.877235488324607e-11,224.3318879505837
NGC2841,external_151,bulge_rich_hsb,22,0.25451798168398926,1.0228338454562924,6.918592802510844e-11,225.5398035215351
NGC2841,external_151,bulge_rich_hsb,23,0.25053693035968244,1.0196050992154384,6.95389212553433e-11,226.57895487342756
NGC2841,external_151,bulge_rich_hsb,24,0.23809126908761885,1.0087367204793034,7.004866848366845e-11,228.3460217968466
NGC2841,external_151,bulge_rich_hsb,25,0.2124375967757602,0.982134764301833,6.730220237371455e-11,223.89581919125052
NGC2841,external_151,bulge_rich_hsb,26,0.18790498631433497,0.9361932098519019,5.97105638397367e-11,216.0306558397128
NGC2841,external_151,bulge_rich_hsb,27,0.16457886808141933,0.8666695042953806,5.208880500171025e-11,212.12576280381796
NGC2841,external_151,bulge_rich_hsb,28,0.1397508041407173,0.7785886952419933,4.3144603764276183e-11,201.94094425529644
NGC2841,external_151,bulge_rich_hsb,29,0.11534652231976546,0.6750535535888589,3.3585856117430647e-11,185.20397253774118
NGC2841,external_151,bulge_rich_hsb,30,0.10236207410296258,0.6134230488162475,2.8123274886060358e-11,176.47913521395571
NGC2841,external_151,bulge_rich_hsb,31,0.09403887815187721,0.5719391049420186,2.4470305643279278e-11,170.89309354962168
NGC2841,external_151,bulge_rich_hsb,32,0.0855598867585092,0.5273821435809415,2.0730768759349702e-11,162.69118749712007
NGC2841,external_151,bulge_rich_hsb,33,0.07758782447057597,0.4833683600334703,1.7217986442172848e-11,152.43764276715757
NGC2841,external_151,bulge_rich_hsb,34,0.07372471634048278,0.4620142348700358,1.5634298368819677e-11,149.7687464691046
NGC2841,external_151,bulge_rich_hsb,35,0.06987687369487969,0.44030003041122184,1.4065032882025824e-11,146.10626839152553
NGC2841,external_151,bulge_rich_hsb,36,0.06601557042353678,0.41805462745282435,1.2497586801616015e-11,141.29070446559263
NGC2841,external_151,bulge_rich_hsb,37,0.06270172554465303,0.39870340358562284,1.12062884064103e-11,136.8337762370351
NGC2841,external_151,bulge_rich_hsb,38,0.06009363768227868,0.3835785859157102,1.0358021607831052e-11,134.90175691335952
NGC2841,external_151,bulge_rich_hsb,39,0.0574709950029277,0.36817088388755526,9.51230170197305e-12,132.365968320264
NGC2841,external_151,bulge_rich_hsb,40,0.05484632922168671,0.3525556331753947,8.674015699148499e-12,129.21416823485475
NGC2841,external_151,bulge_rich_hsb,41,0.0526582748327785,0.33947419047402777,8.038596661497799e-12,126.947622786592
NGC2841,external_151,bulge_rich_hsb,42,0.05055628395485178,0.3268749412990562,7.49660747377257e-12,125.31102022964721
NGC2841,external_151,bulge_rich_hsb,43,0.04845506887020818,0.31416213185984115,6.961577815926568e-12,123.30338264187004
NGC2841,external_151,bulge_rich_hsb,44,0.046334363331257095,0.30121415915040073,6.4290315836926e-12,120.89443650934716
NGC2841,external_151,bulge_rich_hsb,45,0.04461830411118445,0.2907031641962491,6.042524554919152e-12,119.41312832308468
NGC2841,external_151,bulge_rich_hsb,46,0.042844449588810854,0.27977706417971476,5.660699713264192e-12,117.8668066668829
NGC2841,external_151,bulge_rich_hsb,47,0.04105541991874866,0.268679636411945,5.28138452849623e-12,116.04277164100326
NGC2841,external_151,bulge_rich_hsb,48,0.03927526232625727,0.2575633042451969,4.911387666061896e-12,113.99733523618727
NGC2841,external_151,bulge_rich_hsb,49,0.03775234255772799,0.24802349378044977,4.620899430950274e-12,112.62061237793034
NGC2903,external_151,bulge_rich_hsb,0,0.4170825004867983,0.9035811450143504,2.428135352105417e-11,91.1376675152957
NGC2903,external_151,bulge_rich_hsb,1,0.41353617698121203,0.9061964286620726,2.520811030661709e-11,127.13783259787907
NGC2903,external_151,bulge_rich_hsb,2,0.4099464394746293,0.9088881056267076,2.6198760174001305e-11,153.5439832288944
NGC2903,external_151,bulge_rich_hsb,3,0.40631248584766494,0.9116609901526078,2.726006735559885e-11,174.76673940498986
NGC2903,external_151,bulge_rich_hsb,4,0.4026334940984837,0.9145203559269177,2.8399800917330327e-11,192.53436145011895
NGC2903,external_151,bulge_rich_hsb,5,0.39890862172291625,0.9174719934820739,2.9626932080722144e-11,207.7421740571253
NGC2903,external_151,bulge_rich_hsb,6,0.3951370050712377,0.9205222764512869,3.095188067070234e-11,220.92694262308663
NGC2903,external_151,bulge_rich_hsb,7,0.3921853704865871,0.9361718315544033,3.2688020513720746e-11,230.98376155235866
NGC2903,external_151,bulge_rich_hsb,8,0.389614618532426,0.9580124737914856,3.473445556985606e-11,238.64218110991877
NGC2903,external_151,bulge_rich_hsb,9,0.38702202822233983,0.9802224700390095,3.6986826581093756e-11,244.7125226391087
NGC2903,external_151,bulge_rich_hsb,10,0.38440732009640005,1.002791092659339,3.9482455754528245e-11,249.33117859077043
NGC2903,external_151,bulge_rich_hsb,11,0.38177020990601446,1.0257059221404614,4.226961561515528e-11,252.603384729068
NGC2903,external_151,bulge_rich_hsb,12,0.37399248740359897,1.0913626353263692,5.2241263211551866e-11,256.50637497909185
NGC2903,external_151,bulge_rich_hsb,13,0.3680361684131455,1.1221254528707567,5.84714984742807e-11,262.29569794138064
NGC2903,external_151,bulge_rich_hsb,14,0.3619654145622099,1.1537717465981878,6.61727693691227e-11,262.1495358062156
NGC2903,external_151,bulge_rich_hsb,15,0.3550733344251874,1.1731959396041631,7.332293911970468e-11,263.0313272342329
NGC2903,external_151,bulge_rich_hsb,16,0.34769315184707483,1.18706692500067,8.039637102366983e-11,263.4050789417361
NGC2903,external_151,bulge_rich_hsb,17,0.33841745116199895,1.1958083434991886,8.762433692927146e-11,262.4502021721581
NGC2903,external_151,bulge_rich_hsb,18,0.32322712958238653,1.1858546892169985,9.225724212156846e-11,264.2230485240959
NGC2903,external_151,bulge_rich_hsb,19,0.3073228579892638,1.1740256678956633,9.567789003655808e-11,263.12356211186614
NGC2903,external_151,bulge_rich_hsb,20,0.2865074758316518,1.1483944677386413,9.537388506662334e-11,262.5563233811007
NGC2903,external_151,bulge_rich_hsb,21,0.26330241199607546,1.113447569075838,9.236879112664246e-11,259.5186319496545
NGC2903,external_151,bulge_rich_hsb,22,0.23952186809935416,1.0711906008180943,8.692928062522477e-11,254.06995214180643
NGC2903,external_151,bulge_rich_hsb,23,0.21600359083386125,1.0221363186427608,8.028000008611381e-11,248.5386926999591
NGC2903,external_151,bulge_rich_hsb,24,0.190984256592041,0.9599898965265059,7.191028764644574e-11,239.24800221287296
NGC2903,external_151,bulge_rich_hsb,25,0.17135518885286874,0.9040234292410319,6.480395374530817e-11,232.16140573663617
NGC2903,external_151,bulge_rich_hsb,26,0.15136986127849436,0.8383193439104998,5.705364394878064e-11,222.67665569341935
NGC2903,external_151,bulge_rich_hsb,27,0.13385580932087418,0.7726589755089132,4.983558388196184e-11,212.92157256004944
NGC2903,external_151,bulge_rich_hsb,28,0.11944308985837249,0.7127007306101958,4.366352881858059e-11,204.0484568665826
NGC2903,external_151,bulge_rich_hsb,29,0.10475971014528362,0.6449815328880687,3.717783091175582e-11,192.85810373378456
NGC2903,external_151,bulge_rich_hsb,30,0.09460139825558597,0.594659470318879,3.260075227258685e-11,184.92436613048147
NGC2903,external_151,bulge_rich_hsb,31,0.08420990728639625,0.5396325439900255,2.7893210213470544e-11,175.2124460495995
NGC2903,external_151,bulge_rich_hsb,32,0.07562585225321306,0.4917165241297926,2.4020733723520805e-11,166.50062205853584
NGC2903,external_151,bulge_rich_hsb,33,0.06824971407491992,0.4488410070351759,2.073408441501096e-11,158.34725394993615
NGC2915,calibration_24,low_mass_dwarf,0,0.394810536472657,0.9688956315023998,1.0277584806931798e-11,27.514082084529324
NGC2915,calibration_24,low_mass_dwarf,1,0.3754054060745167,0.9968790407355249,1.3235463688101775e-11,37.68480218840662
NGC2915,calibration_24,low_mass_dwarf,2,0.35471461791985265,1.0291853471987369,1.7982964673864632e-11,45.474338464649506
NGC2915,calibration_24,low_mass_dwarf,3,0.3346256189943599,1.0618017395472263,2.43950677014832e-11,52.332864205707054
NGC2915,calibration_24,low_mass_dwarf,4,0.31839832992384043,1.085602365183447,2.889397941929257e-11,56.92295159392518
NGC2915,calibration_24,low_mass_dwarf,5,0.3018730305482781,1.110297545150473,3.4541806258633186e-11,61.086554598425764
NGC2915,calibration_24,low_mass_dwarf,6,0.2845265156507622,1.136853232881549,4.1765356254965805e-11,65.49070877153176
NGC2915,calibration_24,low_mass_dwarf,7,0.2620281525150124,1.1130790836025501,4.1293473219808625e-11,67.37255863408255
NGC2915,calibration_24,low_mass_dwarf,8,0.23533395564017598,1.0557322580090995,3.6841842027857856e-11,67.10543830285395
NGC2915,calibration_24,low_mass_dwarf,9,0.20663609635254973,0.9810639886003736,3.1929866161164924e-11,65.42887015490936
NGC2915,calibration_24,low_mass_dwarf,10,0.17816136038520544,0.8900850425268886,2.676732558532924e-11,62.365650901596084
NGC2915,calibration_24,low_mass_dwarf,11,0.16768187717167074,0.8564405545188012,2.480572017579217e-11,62.51568729014649
NGC2915,calibration_24,low_mass_dwarf,12,0.15725183295508038,0.820374240326141,2.2772028612735968e-11,62.07960212014594
NGC2915,calibration_24,low_mass_dwarf,13,0.14655706699549118,0.7804989605151393,2.060261729589944e-11,61.0165809312322
NGC2915,calibration_24,low_mass_dwarf,14,0.13772482359328583,0.7460261539474347,1.8797401707722285e-11,60.16558502815729
NGC2915,calibration_24,low_mass_dwarf,15,0.13224527851767903,0.7249410177900694,1.772760558901209e-11,60.18541509901634
NGC2915,calibration_24,low_mass_dwarf,16,0.12652636673600837,0.7020490183572823,1.6582589509511444e-11,59.89016816829698
NGC2915,calibration_24,low_mass_dwarf,17,0.12073157422734586,0.6778989526524194,1.5394003243114035e-11,59.25812765497855
NGC2915,calibration_24,low_mass_dwarf,18,0.1163619895384867,0.6597307753030618,1.4587879775439565e-11,59.153855361529736
NGC2915,calibration_24,low_mass_dwarf,19,0.11226867516772347,0.6424254455053763,1.3853554627651786e-11,59.045774549439386
NGC2915,calibration_24,low_mass_dwarf,20,0.10813726103327037,0.6244576946887799,1.3100601587873744e-11,58.7402853222188
NGC2915,calibration_24,low_mass_dwarf,21,0.1039456361831945,0.6057482524335989,1.233765071840788e-11,58.29287290519959
NGC2915,calibration_24,low_mass_dwarf,22,0.10036649602014573,0.589634180885668,1.1754973982755845e-11,58.16082905885964
NGC2915,calibration_24,low_mass_dwarf,23,0.0968651747751092,0.5734939169101383,1.1179071974284515e-11,57.88465930328446
NGC2915,calibration_24,low_mass_dwarf,24,0.09322913292075391,0.55633379885799,1.0575640827043248e-11,57.44383327493683
NGC2915,calibration_24,low_mass_dwarf,25,0.08992274350930371,0.5404338440947006,1.0046379455421376e-11,57.05897743716591
NGC2915,calibration_24,low_mass_dwarf,26,0.08683290753656982,0.5253312757916726,9.573156291711638e-12,56.737212753594335
NGC2915,calibration_24,low_mass_dwarf,27,0.08362741900717102,0.5093499653906307,9.08004753337776e-12,56.28093107029651
NGC2915,calibration_24,low_mass_dwarf,28,0.08049461464699569,0.49342149237626076,8.596648519406952e-12,55.71414713276632
NGC2915,calibration_24,low_mass_dwarf,29,0.07759867032218598,0.47847224905200514,8.170948184493521e-12,55.27076112645861
NGC2955,calibration_24,bulge_rich_hsb,0,0.35093121374582326,1.0382790308316079,3.003361262090634e-11,56.798784007741276
NGC2955,calibration_24,bulge_rich_hsb,1,0.3484874426647909,1.0339812329234082,3.037626024889894e-11,81.69852440942884
NGC2955,calibration_24,bulge_rich_hsb,2,0.3461796355040031,1.029852259529661,3.070058134725121e-11,99.57304818022507
NGC2955,calibration_24,bulge_rich_hsb,3,0.34382431948939984,1.0255662739455413,3.1032181357768547e-11,114.91468175513573
NGC2955,calibration_24,bulge_rich_hsb,4,0.34135797533512163,1.0209984829930236,3.137990861515679e-11,128.97213260144656
NGC2955,calibration_24,bulge_rich_hsb,5,0.3389677287259897,1.0164919413234714,3.1717227736985533e-11,141.20862653878095
NGC2955,calibration_24,bulge_rich_hsb,6,0.3365918638455576,1.01193295196724,3.2052661438914357e-11,152.348738725239
NGC2955,calibration_24,bulge_rich_hsb,7,0.33416683545189235,1.0071958988243543,3.239500223737918e-11,162.88632954405995
NGC2955,calibration_24,bulge_rich_hsb,8,0.3316343004403136,1.0025893791169447,3.279366784937034e-11,173.19883991951397
NGC2955,calibration_24,bulge_rich_hsb,9,0.32932797617488485,1.00543419328574,3.3856437892288055e-11,182.70500458497057
NGC2955,calibration_24,bulge_rich_hsb,10,0.3269746073640986,1.008342859145136,3.498776662148286e-11,191.96114824182482
NGC2955,calibration_24,bulge_rich_hsb,11,0.32560456654161585,1.010038992628132,3.566924968731201e-11,197.17243263787535
NGC2955,calibration_24,bulge_rich_hsb,12,0.32451077174375037,1.0113946664672337,3.6225874381253655e-11,201.2497068464203
NGC2955,calibration_24,bulge_rich_hsb,13,0.3194332735623973,1.0177065985086455,3.8964953508074155e-11,219.36385889716811
NGC2955,calibration_24,bulge_rich_hsb,14,0.3170738226175695,1.0206507612091669,4.033097704352537e-11,227.40806528125842
NGC2955,calibration_24,bulge_rich_hsb,15,0.31437562312218226,1.0240267881377159,4.1971970050622986e-11,236.38017719122166
NGC2955,calibration_24,bulge_rich_hsb,16,0.3087279772259416,1.0296921612061232,4.532937812869318e-11,254.225822329691
NGC2955,calibration_24,bulge_rich_hsb,17,0.30041605091402873,1.0310425526283034,4.8872976236655514e-11,277.05313136316056
NGC2955,calibration_24,bulge_rich_hsb,18,0.2922196647297628,1.0321845095776625,5.267129073428735e-11,297.6570506498663
NGC2955,calibration_24,bulge_rich_hsb,19,0.28364476394178784,1.0300750778760253,5.5753937656911305e-11,315.4691184241609
NGC2955,calibration_24,bulge_rich_hsb,20,0.27523084454601404,1.0255020015488563,5.7969487732680516e-11,329.5779370980964
NGC2955,calibration_24,bulge_rich_hsb,21,0.26627537810140745,1.0200978310152402,6.0235348292645e-11,342.723415391986
NGC2955,calibration_24,bulge_rich_hsb,22,0.25699859854724744,1.0100283607481126,6.123102267806414e-11,352.36239526479034
NGC2955,calibration_24,bulge_rich_hsb,23,0.23724649555212876,0.9850147657904259,6.221047829675869e-11,366.7987515828856
NGC2976,external_151,bulge_rich_hsb,0,0.4349779471807705,0.7373731010951475,3.206774887825772e-12,13.859642283137369
NGC2976,external_151,bulge_rich_hsb,1,0.4346009668155753,0.7296672447003907,3.1614206871879296e-12,17.189593501322676
NGC2976,external_151,bulge_rich_hsb,2,0.4341605201082449,0.7206173315279729,3.1086604192335968e-12,20.36843756068483
NGC2976,external_151,bulge_rich_hsb,3,0.43371938664862275,0.7115038328205388,3.05606342604638e-12,23.0854306671226
NGC2976,external_151,bulge_rich_hsb,4,0.4332775648292612,0.7023275956409976,3.003628599033782e-12,25.488718112505396
NGC2976,external_151,bulge_rich_hsb,5,0.43283505303769204,0.6930895208385095,2.9513552655683774e-12,27.660209976512007
NGC2976,external_151,bulge_rich_hsb,6,0.4322917204781928,0.6847464600244739,2.9093656374226203e-12,29.651116424185417
NGC2976,external_151,bulge_rich_hsb,7,0.4290843023337718,0.7020397443042528,3.148759050750337e-12,31.505819419176426
NGC2976,external_151,bulge_rich_hsb,8,0.4258404359503594,0.7201655727840974,3.418034524662185e-12,33.248829696385904
NGC2976,external_151,bulge_rich_hsb,9,0.42255949649573393,0.7391766315430118,3.722462879579082e-12,34.90136276635983
NGC2976,external_151,bulge_rich_hsb,10,0.4192408447735925,0.7591287941240937,4.068579236866192e-12,36.48105135220694
NGC2976,external_151,bulge_rich_hsb,11,0.41588382680840114,0.7800811226161503,4.464584180781633e-12,38.003432918416785
NGC2976,external_151,bulge_rich_hsb,12,0.41248777341576204,0.8020957986117639,4.9209090414345905e-12,39.48306446051942
NGC2976,external_151,bulge_rich_hsb,13,0.4090519997577061,0.8252379616992994,5.451029883575034e-12,40.934488627417295
NGC2976,external_151,bulge_rich_hsb,14,0.40585235640862316,0.8415041699649651,5.877476153709142e-12,42.25481438767504
NGC2976,external_151,bulge_rich_hsb,15,0.4032140527533357,0.8520435719589512,6.186552028903393e-12,43.303864459029256
NGC2976,external_151,bulge_rich_hsb,16,0.4001062638116791,0.8646797493794579,6.5801341286762585e-12,44.496241961046984
NGC2976,external_151,bulge_rich_hsb,17,0.3965146335713581,0.8795879582317847,7.079785128233763e-12,45.82646734786366
NGC2976,external_151,bulge_rich_hsb,18,0.3937925602592813,0.8911091858356812,7.494701391909963e-12,46.80785874638889
NGC2976,external_151,bulge_rich_hsb,19,0.39058560744158216,0.9049339692176263,8.029229016662907e-12,47.94255542009462
NGC2976,external_151,bulge_rich_hsb,20,0.38734454338650265,0.9191875019859514,8.626784356623203e-12,49.0744196630096
NGC2976,external_151,bulge_rich_hsb,21,0.38410633579432407,0.9331846528037772,9.26765475937881e-12,50.18895747095413
NGC2976,external_151,bulge_rich_hsb,22,0.38114212519777535,0.9417660931826106,9.712118030709761e-12,51.10302377628002
NGC2976,external_151,bulge_rich_hsb,23,0.37642599302549057,0.955617404948794,1.0484649635690092e-11,52.511374940542375
NGC2976,external_151,bulge_rich_hsb,24,0.36810838297017057,0.9806593080353253,1.2082654194866111e-11,54.91967487700123
NGC2976,external_151,bulge_rich_hsb,25,0.36061697996903996,1.0021545258794906,1.37471268688331e-11,57.0676481337789
NGC2976,external_151,bulge_rich_hsb,26,0.3536132229456846,1.0142519696593848,1.5036161500233612e-11,58.91936900165915
NGC2998,external_151,bulge_rich_hsb,0,0.36974320411025113,1.044853763618215,2.8367327572140954e-11,42.203471442954346
NGC2998,external_151,bulge_rich_hsb,1,0.36456803806544275,1.0442169836399926,2.9583422684751246e-11,72.66422860682587
NGC2998,external_151,bulge_rich_hsb,2,0.3566439480360474,1.0430629746745188,3.156472142673882e-11,101.88157464151244
NGC2998,external_151,bulge_rich_hsb,3,0.3512505047144189,1.042147940222045,3.3001467142988124e-11,116.99982016830755
NGC2998,external_151,bulge_rich_hsb,4,0.34298862483593967,1.0405313055653775,3.535200578497242e-11,136.1362550062395
NGC2998,external_151,bulge_rich_hsb,5,0.30793522192772416,1.0306496798899571,4.750900536733739e-11,192.04899767388372
NGC2998,external_151,bulge_rich_hsb,6,0.26546377940709814,1.0196568219419313,5.836255820885413e-11,225.9715469604403
NGC2998,external_151,bulge_rich_hsb,7,0.21529394563115586,0.9608131830298553,6.147481355756721e-11,242.4163824694383
NGC2998,external_151,bulge_rich_hsb,8,0.15731850859392166,0.8199138591215563,5.116290568489985e-11,237.22149368962715
NGC2998,external_151,bulge_rich_hsb,9,0.11611855984312443,0.6717902482977501,3.7992880655666093e-11,222.9916481989358
NGC2998,external_151,bulge_rich_hsb,10,0.08416744060575447,0.5230192110473095,2.5631881405661208e-11,198.8567567223237
NGC2998,external_151,bulge_rich_hsb,11,0.060936990601162734,0.394377928906596,1.6223667453308366e-11,171.48287445347296
NGC2998,external_151,bulge_rich_hsb,12,0.048960136051216324,0.32179768364729194,1.1452167366769824e-11,154.3907430048062
NGC3109,external_151,low_mass_dwarf,0,0.2409472564526163,0.9718876209759517,1.2965325758450672e-11,11.369068557801596
NGC3109,external_151,low_mass_dwarf,1,0.2334222574758318,0.95460466968341,1.3083814152930523e-11,16.132719427295672
NGC3109,external_151,low_mass_dwarf,2,0.226044624045363,0.9367810191914906,1.3179723562885035e-11,19.684001210505915
NGC3109,external_151,low_mass_dwarf,3,0.21828119508246274,0.9172698126453421,1.3266452355749586e-11,22.819982318185186
NGC3109,external_151,low_mass_dwarf,4,0.21216296834715895,0.9084788934089779,1.3606460679909647e-11,25.79317803968133
NGC3109,external_151,low_mass_dwarf,5,0.2059482159014893,0.8990990507929193,1.3939304627703316e-11,28.543934926531612
NGC3109,external_151,low_mass_dwarf,6,0.19963463529037853,0.8890792342293166,1.4261670056932603e-11,31.12553010768952
NGC3109,external_151,low_mass_dwarf,7,0.1935383285756252,0.87878981247451,1.454610842567856e-11,33.465584114855226
NGC3109,external_151,low_mass_dwarf,8,0.1880814793802765,0.867454007844531,1.465693288952283e-11,35.60188386489621
NGC3109,external_151,low_mass_dwarf,9,0.1825502805622678,0.8554795437615076,1.4749035002155222e-11,37.61570580156129
NGC3109,external_151,low_mass_dwarf,10,0.17694320217736326,0.8428184960205337,1.4820123941176473e-11,39.51753430724814
NGC3109,external_151,low_mass_dwarf,11,0.17138691079667137,0.8296573204373217,1.4851316041350623e-11,41.29030338938014
NGC3109,external_151,low_mass_dwarf,12,0.16674533234391747,0.8177966521498166,1.4762731161480605e-11,42.755195279387735
NGC3109,external_151,low_mass_dwarf,13,0.16186260511675188,0.8048691354291841,1.4650488309402662e-11,44.17615467604572
NGC3109,external_151,low_mass_dwarf,14,0.15692231672892562,0.7912994766409503,1.451654083905073e-11,45.495313884820646
NGC3109,external_151,low_mass_dwarf,15,0.15204929389228705,0.7773479162761799,1.4352258362591334e-11,46.70150659614531
NGC3109,external_151,low_mass_dwarf,16,0.1478960997971913,0.7647434812203047,1.414120292794215e-11,47.711330847365424
NGC3109,external_151,low_mass_dwarf,17,0.14353339936793105,0.7510811254461841,1.3904042047518688e-11,48.66779165187971
NGC3109,external_151,low_mass_dwarf,18,0.1391257957181113,0.7368240619889985,1.364831387303354e-11,49.52894854524467
NGC3109,external_151,low_mass_dwarf,19,0.13479707764538706,0.7223225966290847,1.3373564437369846e-11,50.29394495415511
NGC3109,external_151,low_mass_dwarf,20,0.13090829502289342,0.7087350797362933,1.3082835451188783e-11,50.96577745580343
NGC3109,external_151,low_mass_dwarf,21,0.12713597137017485,0.6951835706789584,1.2789655252252618e-11,51.528261430779935
NGC3109,external_151,low_mass_dwarf,22,0.12317785836485876,0.680561500500071,1.2470385835707144e-11,52.02572723296465
NGC3109,external_151,low_mass_dwarf,23,0.11930540443183937,0.6658209841392352,1.2141375200433779e-11,52.44294156593751
NGC3109,external_151,low_mass_dwarf,24,0.11578773067082465,0.6519902724237547,1.1815938429179613e-11,52.80674493930414
NGC3198,external_151,bulge_rich_hsb,0,0.3678409979305001,1.0346975582300597,2.1296369835462414e-11,32.51866626737643
NGC3198,external_151,bulge_rich_hsb,1,0.3625659934437979,1.0342096479156084,2.2202304278971644e-11,45.846432142417925
NGC3198,external_151,bulge_rich_hsb,2,0.3572022144072842,1.0336201835877898,2.31677673798246e-11,55.991592592797595
NGC3198,external_151,bulge_rich_hsb,3,0.3517474007853718,1.0329210126894681,2.419779289983295e-11,64.48965159818893
NGC3198,external_151,bulge_rich_hsb,4,0.3460243036782072,1.0320755969559874,2.5333463470736286e-11,72.16186075883537
NGC3198,external_151,bulge_rich_hsb,5,0.34037729463834504,1.03112502301595,2.6512145809596043e-11,78.86238529093927
NGC3198,external_151,bulge_rich_hsb,6,0.33481297126433207,1.0300709463259567,2.77329815781241e-11,84.83963012001196
NGC3198,external_151,bulge_rich_hsb,7,0.3287855673301561,1.0287923330412225,2.912541766322182e-11,90.77728852071522
NGC3198,external_151,bulge_rich_hsb,8,0.3228355709606972,1.027384667939445,3.057503146988213e-11,96.20919026520488
NGC3198,external_151,bulge_rich_hsb,9,0.3167791433591904,1.0257966911472052,3.2131045563957846e-11,101.39104614561265
NGC3198,external_151,bulge_rich_hsb,10,0.3104189299851884,1.0239525689240125,3.3856787630072636e-11,106.5321707645489
NGC3198,external_151,bulge_rich_hsb,11,0.30433536360774766,1.0220110941206888,3.5599409070950596e-11,111.21945120210968
NGC3198,external_151,bulge_rich_hsb,12,0.29794192880126846,1.0197738620981585,3.7531845913046766e-11,115.95289647321064
NGC3198,external_151,bulge_rich_hsb,13,0.2912244390873806,1.0171939212113634,3.9678127545290465e-11,120.75958063588531
NGC3198,external_151,bulge_rich_hsb,14,0.28458659441189976,1.01440023245787,4.191951994089414e-11,125.38084393123498
NGC3198,external_151,bulge_rich_hsb,15,0.27760982866277206,1.011185754496924,4.440787371403197e-11,130.13634925379486
NGC3198,external_151,bulge_rich_hsb,16,0.2709307958726773,1.0078241507401873,4.691920997528645e-11,134.6195599025002
NGC3198,external_151,bulge_rich_hsb,17,0.26390551657756345,1.003967756729506,4.969728897462235e-11,139.2865828045902
NGC3198,external_151,bulge_rich_hsb,18,0.256941737098051,0.9995649908828423,5.242954371967768e-11,143.82866697636007
NGC3198,external_151,bulge_rich_hsb,19,0.2516144852792333,0.9935528466534553,5.2923257871631834e-11,146.61048854040362
NGC3198,external_151,bulge_rich_hsb,20,0.24654004332991494,0.9875998388014607,5.333631399879035e-11,149.04352534949103
NGC3198,external_151,bulge_rich_hsb,21,0.24122922069284514,0.9811229040824666,5.3703614690733324e-11,151.37061065585453
NGC3198,external_151,bulge_rich_hsb,22,0.22448882263825368,0.9589261801937353,5.43651052781061e-11,157.2849300154095
NGC3198,external_151,bulge_rich_hsb,23,0.2066278098942359,0.9318994743290375,5.408934681054558e-11,161.23138837126447
NGC3198,external_151,bulge_rich_hsb,24,0.187924678211584,0.8992654656651089,5.250501999814808e-11,162.6177638250273
NGC3198,external_151,bulge_rich_hsb,25,0.16831843279040049,0.8593994526680441,4.922205649073725e-11,160.72169715918665
NGC3198,external_151,bulge_rich_hsb,26,0.14753113578676438,0.8095049906730694,4.377953330847127e-11,154.35159423656626
NGC3198,external_151,bulge_rich_hsb,27,0.12211524411882599,0.7140693413459334,3.5967373910668684e-11,150.4308116706676
NGC3198,external_151,bulge_rich_hsb,28,0.09579306908246875,0.5934738926362879,2.722188081195881e-11,140.38655014314136
NGC3198,external_151,bulge_rich_hsb,29,0.06727272284069243,0.4372740707628168,1.73425393056456e-11,120.8030433048155
NGC3198,external_151,bulge_rich_hsb,30,0.05840985337178011,0.3840585132594391,1.4088076712537625e-11,115.16828609168377
NGC3198,external_151,bulge_rich_hsb,31,0.049564530811612204,0.3287957637161611,1.0934073874628378e-11,107.34552955108465
NGC3198,external_151,bulge_rich_hsb,32,0.041254200893209386,0.27500998309736924,8.141734585104435e-12,97.40641305845926
NGC3198,external_151,bulge_rich_hsb,33,0.037160596970427916,0.2481464238065573,6.78890302363638e-12,93.00777862821607
NGC3198,external_151,bulge_rich_hsb,34,0.03374521976326087,0.2255326081198285,5.692195115160509e-12,88.63458089136661
NGC3198,external_151,bulge_rich_hsb,35,0.03054006729369328,0.2041058412126336,4.707955502353468e-12,83.40471438911983
NGC3198,external_151,bulge_rich_hsb,36,0.02842648162503909,0.19006128048199972,4.112003802927514e-12,80.64561095411678
NGC3198,external_151,bulge_rich_hsb,37,0.02663748610567945,0.17815608525235083,3.6297386744936438e-12,78.03927947700785
NGC3198,external_151,bulge_rich_hsb,38,0.024710702092890145,0.16527584654397576,3.127099360890946e-12,74.5808879107822
NGC3198,external_151,bulge_rich_hsb,39,0.023247736103351825,0.15555403259284956,2.7914288549357957e-12,72.5410379782041
NGC3198,external_151,bulge_rich_hsb,40,0.021968945577088377,0.14704964394720155,2.5132944838470677e-12,70.61657222690138
NGC3198,external_151,bulge_rich_hsb,41,0.020579244913447103,0.1377811219738484,2.219988127527528e-12,68.12305936151516
NGC3198,external_151,bulge_rich_hsb,42,0.019521025795801727,0.1307445367650001,2.0216907761007303e-12,66.59661613736101
NGC3521,external_151,bulge_rich_hsb,0,0.4259215417142705,0.8332579231742578,1.638796830671178e-11,105.6942530976375
NGC3521,external_151,bulge_rich_hsb,1,0.42374828718048807,0.8399115940817401,1.6974911625014448e-11,121.99533764944508
NGC3521,external_151,bulge_rich_hsb,2,0.4216806062790313,0.8463510318772018,1.756208608954826e-11,135.19746386820034
NGC3521,external_151,bulge_rich_hsb,3,0.4195980336213689,0.8529471417011477,1.8183932442989792e-11,146.8594216983387
NGC3521,external_151,bulge_rich_hsb,4,0.41750040774698755,0.8597057783082265,1.884348939662714e-11,157.3261805025206
NGC3521,external_151,bulge_rich_hsb,5,0.41526280255058623,0.8670459501012244,1.958673587004795e-11,167.3573435765267
NGC3521,external_151,bulge_rich_hsb,6,0.4131336663264914,0.8741588351063903,2.0335117385876537e-11,176.00437249591866
NGC3521,external_151,bulge_rich_hsb,7,0.4111155608226416,0.8810196491612271,2.108462928652856e-11,183.5153805349554
NGC3521,external_151,bulge_rich_hsb,8,0.40882853717912976,0.8889383491322914,2.1985365344550393e-11,191.33192786666908
NGC3521,external_151,bulge_rich_hsb,9,0.4066521992594697,0.8966194746186062,2.2897744705172347e-11,198.17036591315386
NGC3521,external_151,bulge_rich_hsb,10,0.40445977819568746,0.9045050996506332,2.3876546932265727e-11,204.53802915558512
NGC3521,external_151,bulge_rich_hsb,11,0.40212066220706005,0.9130865582489468,2.4993488063427572e-11,210.818690293196
NGC3521,external_151,bulge_rich_hsb,12,0.39989456237230336,0.9214193531906195,2.6133375237458565e-11,216.3555209806458
NGC3521,external_151,bulge_rich_hsb,13,0.3976518235934144,0.929982892731438,2.7365893925224223e-11,221.54300595619867
NGC3521,external_151,bulge_rich_hsb,14,0.39539225861934707,0.938786627655635,2.870258212097078e-11,226.41067465282964
NGC3521,external_151,bulge_rich_hsb,15,0.3931156773787659,0.9478404750257018,3.015698800633548e-11,230.98509233294226
NGC3521,external_151,bulge_rich_hsb,16,0.39124425030515064,0.9571484682868449,3.145549897774773e-11,234.9352476782616
NGC3521,external_151,bulge_rich_hsb,17,0.39033716264744783,0.966566354656324,3.215066120624871e-11,237.74511823861957
NGC3521,external_151,bulge_rich_hsb,18,0.389373765792533,0.9765901379593194,3.29095034962279e-11,240.34163820080752
NGC3521,external_151,bulge_rich_hsb,19,0.38846109109287824,0.9861047675738139,3.364878202567566e-11,242.44833944929886
NGC3521,external_151,bulge_rich_hsb,20,0.38754568404425593,0.9956644515783252,3.441112589301562e-11,244.22922440999415
NGC3521,external_151,bulge_rich_hsb,21,0.3866275323581865,1.0052678659018661,3.5197709914067684e-11,245.69242081928184
NGC3521,external_151,bulge_rich_hsb,22,0.38570662367239106,1.0149136438731423,3.6009792939667634e-11,246.84468838813783
NGC3521,external_151,bulge_rich_hsb,23,0.38478294555023734,1.0246003769918877,3.6848723352012384e-11,247.69155114942427
NGC3521,external_151,bulge_rich_hsb,24,0.38380190092531613,1.0348999461372543,3.776787068277013e-11,248.26021224132725
NGC3521,external_151,bulge_rich_hsb,25,0.38287248154231485,1.0446663901953914,3.866672925782126e-11,248.49096078308918
NGC3521,external_151,bulge_rich_hsb,26,0.3819402542140433,1.054469230990908,3.959716480158989e-11,248.42648799222806
NGC3521,external_151,bulge_rich_hsb,27,0.38100520619627914,1.0643069001621852,4.056093077911063e-11,248.06812691384638
NGC3521,external_151,bulge_rich_hsb,28,0.380067324667561,1.0741777928925018,4.155988071691473e-11,247.41627542449947
NGC3521,external_151,bulge_rich_hsb,29,0.37912659672860316,1.0840802692580938,4.259595957298468e-11,246.47039654046813
NGC3521,external_151,bulge_rich_hsb,30,0.37812741493949686,1.094597808847647,4.373569817302476e-11,245.14672379253764
NGC3521,external_151,bulge_rich_hsb,31,0.3771807857922997,1.1045600048630408,4.4854624091006346e-11,243.5896851747919
NGC3521,external_151,bulge_rich_hsb,32,0.37623127028889924,1.1145485658788428,4.601693494440059e-11,241.73082791255322
NGC3521,external_151,bulge_rich_hsb,33,0.3752227402093373,1.1251514623589571,4.7297077716655453e-11,239.42827437281787
NGC3521,external_151,bulge_rich_hsb,34,0.3743235272474544,1.1345976890116063,4.8479315622590835e-11,237.0870108236355
NGC3521,external_151,bulge_rich_hsb,35,0.3718597994507843,1.1412607454560548,4.9939906546442694e-11,236.7592496250374
NGC3521,external_151,bulge_rich_hsb,36,0.35070551296550984,1.1694260099119436,6.03407624500451e-11,232.68196610852854
NGC3521,external_151,bulge_rich_hsb,37,0.3144581995891302,1.1586655465576983,6.917917059904814e-11,226.65099261228895
NGC3521,external_151,bulge_rich_hsb,38,0.26488557906275995,1.10201827477887,6.845060812089001e-11,216.47242622778003
NGC3521,external_151,bulge_rich_hsb,39,0.20675452067405398,0.9866887836550552,5.625175291346451e-11,200.56173315258872
NGC3521,external_151,bulge_rich_hsb,40,0.15710600806359806,0.8441046876129418,4.128576147960736e-11,178.80586961097936
NGC3726,external_151,bulge_rich_hsb,0,0.3367373164759409,1.0128880837502676,3.189446963445693e-11,122.74649878051599
NGC3726,external_151,bulge_rich_hsb,1,0.3128386038588994,1.0275514566463955,3.9353742743412194e-11,143.36884026843006
NGC3726,external_151,bulge_rich_hsb,2,0.2874789462466945,1.0486899058392467,4.963763934401294e-11,158.3650210156467
NGC3726,external_151,bulge_rich_hsb,3,0.2577243629759421,1.0311811519291774,5.605131710416372e-11,170.8903310486078
NGC3726,external_151,bulge_rich_hsb,4,0.22384125006186575,0.981850706856197,5.737082709485625e-11,178.63143274938227
NGC3726,external_151,bulge_rich_hsb,5,0.19195281659021693,0.918466594330775,5.464431411687934e-11,181.39756716420007
NGC3726,external_151,bulge_rich_hsb,6,0.161779100846056,0.8381109375063887,4.883012460546263e-11,180.0468238319175
NGC3726,external_151,bulge_rich_hsb,7,0.12974851720800917,0.7298501149290179,4.014528337911234e-11,173.11471354679517
NGC3726,external_151,bulge_rich_hsb,8,0.07134709972575111,0.4543863577358273,1.9684928199411553e-11,144.3316445611953
NGC3726,external_151,bulge_rich_hsb,9,0.04996302717712591,0.3277709338148308,1.1704767370666639e-11,125.62075457964288
NGC3726,external_151,bulge_rich_hsb,10,0.042987433027840576,0.28403255684076834,9.25257198638689e-12,117.63529538136969
NGC3726,external_151,bulge_rich_hsb,11,0.03811584045849216,0.25299778725567745,7.644110473225043e-12,111.88035704137121
NGC3741,calibration_24,low_mass_dwarf,0,0.2835394134926966,1.0519728306238278,1.8323272669985907e-11,13.730044263806704
NGC3741,calibration_24,low_mass_dwarf,1,0.2580382370833124,1.0087220425560717,1.891096844148012e-11,19.502910877004293
NGC3741,calibration_24,low_mass_dwarf,2,0.23183599476362607,0.9553340107858368,1.9083940256171457e-11,23.476196223601665
NGC3741,calibration_24,low_mass_dwarf,3,0.21527175174059934,0.9314835140412475,1.8746686572505767e-11,26.309075991017224
NGC3741,calibration_24,low_mass_dwarf,4,0.19806837700351557,0.9052445779089745,1.7854276087758856e-11,28.25327713107659
NGC3741,calibration_24,low_mass_dwarf,5,0.18085881895908665,0.8750878485407627,1.6299035396964228e-11,29.01276197037276
NGC3741,calibration_24,low_mass_dwarf,6,0.17009295125908236,0.8440014171646388,1.523823652974326e-11,30.23162193844757
NGC3741,calibration_24,low_mass_dwarf,7,0.16060855900044294,0.8121299760345437,1.4298779463392988e-11,31.204292928146735
NGC3741,calibration_24,low_mass_dwarf,8,0.1509048805097498,0.7772333009167643,1.3285893925542158e-11,31.810003924377938
NGC3741,calibration_24,low_mass_dwarf,9,0.14475198975257234,0.7560017896206338,1.2774796697059518e-11,32.82096319086183
NGC3741,calibration_24,low_mass_dwarf,10,0.13919543878777563,0.736905079640622,1.2355744502816982e-11,33.87287264917963
NGC3741,calibration_24,low_mass_dwarf,11,0.13380223435208533,0.7176239501543908,1.1929016209593374e-11,34.717164533552825
NGC3741,calibration_24,low_mass_dwarf,12,0.12462159079865555,0.6841712466877357,1.1281874167418428e-11,36.41508261087077
NGC3741,calibration_24,low_mass_dwarf,13,0.11566632359361927,0.6496177069331,1.0622718430961209e-11,37.80106880671502
NGC3741,calibration_24,low_mass_dwarf,14,0.10706121674089934,0.6144278976403147,9.950739084008667e-12,38.892922642631895
NGC3741,calibration_24,low_mass_dwarf,15,0.09934901482077653,0.5810151351578116,9.295003424679622e-12,39.62659940481474
NGC3741,calibration_24,low_mass_dwarf,16,0.09171088435499587,0.5461358672491037,8.604153468547814e-12,40.05148756207302
NGC3741,calibration_24,low_mass_dwarf,17,0.08451871752734236,0.5116096182367488,7.912289107426547e-12,40.19145018706427
NGC3741,calibration_24,low_mass_dwarf,18,0.07794840748558034,0.4786310507350958,7.248578477408588e-12,40.09088409725377
NGC3741,calibration_24,low_mass_dwarf,19,0.07149119580961329,0.44490037285443285,6.5769381645848e-12,39.732325451529235
NGC3741,calibration_24,low_mass_dwarf,20,0.06565250599373292,0.41327606753641366,5.951992360368401e-12,39.20443274760701
NGC3769,external_151,bulge_rich_hsb,0,0.396292717157545,0.9237267727193206,1.2047153988836598e-11,80.63721506781336
NGC3769,external_151,bulge_rich_hsb,1,0.3746969662910892,0.9683754062178697,1.682191641658349e-11,109.84813651157599
NGC3769,external_151,bulge_rich_hsb,2,0.3525317793150001,1.0070772659224756,2.1717502542765622e-11,125.3585513716
NGC3769,external_151,bulge_rich_hsb,3,0.328936696979105,1.0471495171682021,2.797285439392741e-11,133.4475468498849
NGC3769,external_151,bulge_rich_hsb,4,0.3030670055761474,1.0561198648129673,3.3301895100831397e-11,140.64014256674602
NGC3769,external_151,bulge_rich_hsb,5,0.27459342845020834,1.0366649525124951,3.614104612115484e-11,146.0667145227577
NGC3769,external_151,bulge_rich_hsb,6,0.24523774301977314,1.0046077010234227,3.6633838257423504e-11,148.41951400941812
NGC3769,external_151,bulge_rich_hsb,7,0.21232851186464582,0.9467104006046453,3.371695884962677e-11,147.4617178941284
NGC3769,external_151,bulge_rich_hsb,8,0.1813369100522189,0.8752510546545776,2.860273470856042e-11,142.41062393758426
NGC3769,external_151,bulge_rich_hsb,9,0.0942503523572841,0.5601363107879801,1.0431331550262991e-11,111.02435243038843
NGC3769,external_151,bulge_rich_hsb,10,0.08515109097268116,0.5160126676507045,8.9717261958617e-12,107.22858382334775
NGC3769,external_151,bulge_rich_hsb,11,0.07790497953791706,0.47919822198127393,7.912250376012953e-12,104.34144015524372
NGC3877,external_151,bulge_rich_hsb,0,0.4077658177217898,0.8891736398810692,1.1751543028103478e-11,67.91009927226864
NGC3877,external_151,bulge_rich_hsb,1,0.39786910273354303,0.8858805281772892,1.2833155248243705e-11,93.22810115772748
NGC3877,external_151,bulge_rich_hsb,2,0.3844038491046253,0.9262365420350537,1.5734218177791056e-11,109.22409584407929
NGC3877,external_151,bulge_rich_hsb,3,0.36886524667012877,0.9879231569884221,2.0916339756505212e-11,120.48324505807378
NGC3877,external_151,bulge_rich_hsb,4,0.35335068054117824,1.0299491862204824,2.6685316974086233e-11,129.51412264385144
NGC3877,external_151,bulge_rich_hsb,5,0.33746695631227025,1.0527717312994125,3.228923076075083e-11,137.27969762855693
NGC3877,external_151,bulge_rich_hsb,6,0.32061778506754435,1.0703862252492564,3.9000277708696276e-11,144.5130894934687
NGC3877,external_151,bulge_rich_hsb,7,0.30246391541254414,1.070685632357075,4.4351500583234575e-11,151.05232548156457
NGC3877,external_151,bulge_rich_hsb,8,0.2832665710892489,1.0690162338771574,5.0350396627514815e-11,157.10498528558648
NGC3877,external_151,bulge_rich_hsb,9,0.2619744034809975,1.0469504049339466,5.303610323908783e-11,161.96311377506944
NGC3877,external_151,bulge_rich_hsb,10,0.23911067108281586,1.0188555445473002,5.473497456220335e-11,165.09950011107892
NGC3877,external_151,bulge_rich_hsb,11,0.21682280098936935,0.9801417886784812,5.384145100710432e-11,166.59664497022064
NGC3877,external_151,bulge_rich_hsb,12,0.1933385040798681,0.9302810830273309,5.120770228784776e-11,165.7374199827835
NGC3893,external_151,bulge_rich_hsb,0,0.4074139445695122,0.889312476177399,1.5969639649192744e-11,132.9145302841373
NGC3893,external_151,bulge_rich_hsb,1,0.38249235765434675,0.9759120430090649,2.603032213868741e-11,175.16909365441398
NGC3893,external_151,bulge_rich_hsb,2,0.3677676128625216,1.0507431023171128,3.309853652092616e-11,187.40292534484414
NGC3893,external_151,bulge_rich_hsb,3,0.3526699414248212,1.1309661029390934,4.2961507516018405e-11,181.2581318876629
NGC3893,external_151,bulge_rich_hsb,4,0.3233986273783154,1.122199676238563,4.8678588688107834e-11,184.46378069234441
NGC3893,external_151,bulge_rich_hsb,5,0.28599729686820724,1.0940739468759348,5.1212328843600745e-11,179.53266262550167
NGC3893,external_151,bulge_rich_hsb,6,0.24595287406970534,1.0308046103241977,4.7343529161207094e-11,176.22798006787613
NGC3893,external_151,bulge_rich_hsb,7,0.2113954979897251,0.9592020333494217,4.0025608926351614e-11,166.66505799251772
NGC3893,external_151,bulge_rich_hsb,8,0.18670141623288591,0.8956305234240702,3.336468184515011e-11,157.23305572202295
NGC3893,external_151,bulge_rich_hsb,9,0.1712162570859511,0.8508382013575103,2.8952708816011384e-11,151.24319490792058
NGC3917,external_151,bulge_rich_hsb,0,0.33521246132821997,1.031564530863967,2.050878701519241e-11,39.72382471223208
NGC3917,external_151,bulge_rich_hsb,1,0.31565363852912476,1.0111897308253042,2.2886267953964926e-11,56.07960506617697
NGC3917,external_151,bulge_rich_hsb,2,0.29491657050569925,0.991841224830339,2.5751671939158427e-11,68.62817919323356
NGC3917,external_151,bulge_rich_hsb,3,0.27238600406927765,0.9875762616879564,2.9772054732314416e-11,79.34278200302712
NGC3917,external_151,bulge_rich_hsb,4,0.24892513607583125,0.9805077440588953,3.42572759623891e-11,88.93730764956807
NGC3917,external_151,bulge_rich_hsb,5,0.225886035135233,0.9583769974784376,3.691499729254022e-11,96.82593234996128
NGC3917,external_151,bulge_rich_hsb,6,0.20337972223793632,0.9184907169538117,3.699660902637705e-11,102.2664805225427
NGC3917,external_151,bulge_rich_hsb,7,0.17952554089117648,0.868147215142529,3.597909463673527e-11,105.68849596894984
NGC3917,external_151,bulge_rich_hsb,8,0.16000491476133127,0.8165154579770126,3.3796886986939925e-11,107.52845848603013
NGC3917,external_151,bulge_rich_hsb,9,0.14145121007566555,0.7587186906735504,3.089510785776882e-11,107.6787281693339
NGC3917,external_151,bulge_rich_hsb,10,0.12194689884515483,0.6887609473279376,2.720272645495448e-11,105.60515564733731
NGC3917,external_151,bulge_rich_hsb,11,0.10931231493134731,0.6367413550541627,2.435183460179228e-11,104.31807337972812
NGC3917,external_151,bulge_rich_hsb,12,0.09615714348235554,0.5775404774220407,2.1197285467830544e-11,101.47680646883961
NGC3917,external_151,bulge_rich_hsb,13,0.0845374595671907,0.5207231075674281,1.8268838752183355e-11,97.92566356421108
NGC3917,external_151,bulge_rich_hsb,14,0.07583756599111587,0.4752545785472479,1.59615290248303e-11,95.27889307805052
NGC3917,external_151,bulge_rich_hsb,15,0.06802835848112844,0.4324238676342074,1.3885547688488963e-11,91.99519876559309
NGC3917,external_151,bulge_rich_hsb,16,0.06093947392836067,0.39194303804120767,1.1991702464749386e-11,88.70608826349795
NGC3949,external_151,bulge_rich_hsb,0,0.41737378709059525,0.8255070385437673,9.944224823253024e-12,106.69239885628757
NGC3949,external_151,bulge_rich_hsb,1,0.4102362067886358,0.8455339686785777,1.117311528426718e-11,127.25825790644814
NGC3949,external_151,bulge_rich_hsb,2,0.4013855567494066,0.8909108420493279,1.3292650755263488e-11,141.50392141443405
NGC3949,external_151,bulge_rich_hsb,3,0.39247321694487486,0.9393606419727393,1.60762503698929e-11,151.7546469090747
NGC3949,external_151,bulge_rich_hsb,4,0.38381877090412225,0.9734708113841543,1.8645560418322947e-11,159.72016425011515
NGC3949,external_151,bulge_rich_hsb,5,0.37520033889066745,0.9997613422560806,2.113313966794527e-11,165.70722817056142
NGC3949,external_151,bulge_rich_hsb,6,0.3654046628120835,1.029649742197375,2.4520804595374166e-11,170.38282899107202
NGC3953,external_151,bulge_rich_hsb,0,0.37535689644243525,0.9443988335626886,2.113374538346346e-11,144.57436813586088
NGC3953,external_151,bulge_rich_hsb,1,0.3591145575111889,0.9971288140455221,2.8024802704559953e-11,170.8713200716016
NGC3953,external_151,bulge_rich_hsb,2,0.3429413280913987,1.0325334012372236,3.558179482567677e-11,191.02031542603245
NGC3953,external_151,bulge_rich_hsb,3,0.32655620561309145,1.0556914037111989,4.3674680160959825e-11,207.17424601745063
NGC3953,external_151,bulge_rich_hsb,4,0.30898204668106094,1.062053374573521,5.0460377543569975e-11,219.75975912088649
NGC3953,external_151,bulge_rich_hsb,5,0.29031175592683284,1.0624785715227565,5.733341440686926e-11,229.9867300920188
NGC3953,external_151,bulge_rich_hsb,6,0.26837499283366495,1.0460844271804137,6.200687252100314e-11,238.17721151981777
NGC3953,external_151,bulge_rich_hsb,7,0.24458381121054537,1.0189692203484269,6.464079826301742e-11,243.79983544179785
NGC3972,external_151,bulge_rich_hsb,0,0.3760326095866185,0.964973103698165,1.1931149317496877e-11,40.90638519966402
NGC3972,external_151,bulge_rich_hsb,1,0.3580100173902307,0.9580709112465561,1.3932457278074564e-11,56.90478663523684
NGC3972,external_151,bulge_rich_hsb,2,0.33411932441487185,0.9929029876467317,1.853089784764749e-11,68.55056029708774
NGC3972,external_151,bulge_rich_hsb,3,0.30800780485237683,1.0287062010736645,2.5909657998490493e-11,79.9481695573658
NGC3972,external_151,bulge_rich_hsb,4,0.2830406112422843,1.0210237439969132,3.033814890294851e-11,89.12145917296131
NGC3972,external_151,bulge_rich_hsb,5,0.25663093502257844,1.0074193835095255,3.503441108362297e-11,97.69778448544673
NGC3972,external_151,bulge_rich_hsb,6,0.23142738325017315,0.9747596855964774,3.656658039319958e-11,103.66880165192222
NGC3972,external_151,bulge_rich_hsb,7,0.20532053363483752,0.9323979677827188,3.678489705981928e-11,107.6763513270012
NGC3972,external_151,bulge_rich_hsb,8,0.18228702951658632,0.8806779617328044,3.4976528273226575e-11,109.5381144913192
NGC3972,external_151,bulge_rich_hsb,9,0.15921476895950112,0.8188224658587984,3.208098965483299e-11,109.18134715751918
NGC3992,external_151,bulge_rich_hsb,0,0.28740329878660137,1.0451781026861677,6.051692829778693e-11,215.03173601764266
NGC3992,external_151,bulge_rich_hsb,1,0.2342734323758851,1.0039203335643736,7.016366980694082e-11,239.07481150267841
NGC3992,external_151,bulge_rich_hsb,2,0.17226910955769892,0.8725636771616965,6.20845892198037e-11,241.74110997201225
NGC3992,external_151,bulge_rich_hsb,3,0.11584256305606574,0.6790953249432579,4.397718966011586e-11,223.60634865014336
NGC3992,external_151,bulge_rich_hsb,4,0.07727174400712136,0.49310794873932945,2.7817048841860997e-11,197.47169813701865
NGC3992,external_151,bulge_rich_hsb,5,0.05450000052854688,0.3610159852723774,1.762359748938805e-11,173.94978842494635
NGC3992,external_151,bulge_rich_hsb,6,0.039872512034043094,0.26838495429300285,1.1309630471261472e-11,153.1393613788689
NGC3992,external_151,bulge_rich_hsb,7,0.03029900588563326,0.20516288712974495,7.467595795773754e-12,135.68339735158057
NGC3992,external_151,bulge_rich_hsb,8,0.024187570584539603,0.1640423101931855,5.222097716747878e-12,122.05505328587533
NGC4010,external_151,bulge_rich_hsb,0,0.33526216970180844,1.0414119681149059,2.3260781924546024e-11,43.099192477894384
NGC4010,external_151,bulge_rich_hsb,1,0.31792943085573583,1.025210258030959,2.5678830471011283e-11,60.76005715151093
NGC4010,external_151,bulge_rich_hsb,2,0.29966860590137423,1.0054611467913739,2.8384716797149987e-11,74.33649046775885
NGC4010,external_151,bulge_rich_hsb,3,0.28105704461079517,0.9919937039615778,3.140230631665942e-11,85.60933894765506
NGC4010,external_151,bulge_rich_hsb,4,0.2627473169788019,0.9846277346344967,3.455020656098187e-11,94.83115904638477
NGC4010,external_151,bulge_rich_hsb,5,0.2434806089676996,0.9747562515157565,3.775947114900929e-11,102.97590669167174
NGC4010,external_151,bulge_rich_hsb,6,0.22379737109188655,0.9596703351132316,4.030927575486314e-11,109.92362001516553
NGC4010,external_151,bulge_rich_hsb,7,0.20703360301795085,0.9282043246598092,3.989407490413493e-11,114.92467535011106
NGC4010,external_151,bulge_rich_hsb,8,0.18952975187866333,0.8909845138942485,3.884028496450937e-11,118.4436295762645
NGC4010,external_151,bulge_rich_hsb,9,0.17123570189263881,0.846514556957956,3.7007306737046314e-11,120.23967181385521
NGC4010,external_151,bulge_rich_hsb,10,0.15711867523516865,0.8065588637836668,3.4887236558162726e-11,121.58242110927573
NGC4010,external_151,bulge_rich_hsb,11,0.14493794457532852,0.7678994013453465,3.2646826972106845e-11,122.24160415181107
NGC4013,external_151,bulge_rich_hsb,0,0.33117912955078666,1.0352318491585384,3.828176813036252e-11,161.59565103638468
NGC4013,external_151,bulge_rich_hsb,1,0.322791135029652,1.0387629308646245,4.064608638685412e-11,167.63329010664057
NGC4013,external_151,bulge_rich_hsb,2,0.3132922502299587,1.042611417463789,4.3459719716967995e-11,173.2587811652653
NGC4013,external_151,bulge_rich_hsb,3,0.30325878501394876,1.0465005485236532,4.656778247189611e-11,178.04954804635167
NGC4013,external_151,bulge_rich_hsb,4,0.2942867418376667,1.0498222353610631,4.943175003860623e-11,181.48620483608536
NGC4013,external_151,bulge_rich_hsb,5,0.28382564044880154,1.053504726568735,5.28009374153781e-11,184.59836750095957
NGC4013,external_151,bulge_rich_hsb,6,0.2730497334424292,1.0570772726975592,5.616891951679287e-11,186.83238808153158
NGC4013,external_151,bulge_rich_hsb,7,0.2631295077538632,1.060160986490231,5.897361801590039e-11,187.93255980546164
NGC4013,external_151,bulge_rich_hsb,8,0.25039887799869726,1.043580181940706,5.918858695971745e-11,190.46397810542763
NGC4013,external_151,bulge_rich_hsb,9,0.23658657092271818,1.0204045131452497,5.851342716864805e-11,192.5117317254843
NGC4013,external_151,bulge_rich_hsb,10,0.22376961167567314,0.9968381900143528,5.744800627648537e-11,193.3896581964961
NGC4013,external_151,bulge_rich_hsb,11,0.21031951004980146,0.9697039443728394,5.5851828959694625e-11,193.21679262812313
NGC4013,external_151,bulge_rich_hsb,12,0.19639507725176675,0.9386830394070261,5.366459479927745e-11,191.80052707448513
NGC4013,external_151,bulge_rich_hsb,13,0.1796568822559418,0.896875861767974,5.029969110572265e-11,188.32024297052791
NGC4013,external_151,bulge_rich_hsb,14,0.16461981206922288,0.8544759530930259,4.65908568549864e-11,183.3993292425729
NGC4013,external_151,bulge_rich_hsb,15,0.1531331910432349,0.8184761097501879,4.340085952907019e-11,179.69592527287145
NGC4013,external_151,bulge_rich_hsb,16,0.1433598873035038,0.7852002017930203,4.05828836668141e-11,177.47543582249978
NGC4013,external_151,bulge_rich_hsb,17,0.13495952629616814,0.7546650776529739,3.804209343170537e-11,174.80971535522613
NGC4013,external_151,bulge_rich_hsb,18,0.12626737968175022,0.7210643325145509,3.53041867989881e-11,171.28939914960108
NGC4013,external_151,bulge_rich_hsb,19,0.11598874601207403,0.6785383510978321,3.193567948795604e-11,166.08208432357839
NGC4013,external_151,bulge_rich_hsb,20,0.10690917168017275,0.6383165485507802,2.885687458057057e-11,160.48904396384762
NGC4013,external_151,bulge_rich_hsb,21,0.09764115138851169,0.5945684242208373,2.5633426813720158e-11,153.75545786206203
NGC4013,external_151,bulge_rich_hsb,22,0.08939441849478878,0.5532952139782749,2.2709080858366695e-11,147.07559102089456
NGC4013,external_151,bulge_rich_hsb,23,0.08473100871903229,0.5290589971488262,2.100684440575316e-11,144.12327327630575
NGC4013,external_151,bulge_rich_hsb,24,0.08076975358447575,0.5079245641301662,1.9561598680470925e-11,141.21944719593006
NGC4013,external_151,bulge_rich_hsb,25,0.07671589706517017,0.48577638640612053,1.8086422777532135e-11,137.8605286040256
NGC4013,external_151,bulge_rich_hsb,26,0.0726261266983036,0.4629023664019923,1.6605561717526417e-11,134.0617668475937
NGC4013,external_151,bulge_rich_hsb,27,0.06784822538240091,0.4355133368823764,1.489001044343195e-11,129.07939730971418
NGC4013,external_151,bulge_rich_hsb,28,0.06367934008280247,0.4110386895156617,1.3410762880305258e-11,124.22693079967907
NGC4013,external_151,bulge_rich_hsb,29,0.0595333547270283,0.3861776624257691,1.1960806823793012e-11,118.90296911190185
NGC4013,external_151,bulge_rich_hsb,30,0.057004135588032946,0.3708707566907027,1.1086897316120039e-11,116.22848728685666
NGC4013,external_151,bulge_rich_hsb,31,0.05512219513840004,0.35938576136133044,1.0443155849610717e-11,114.20553247737374
NGC4013,external_151,bulge_rich_hsb,32,0.05320528894176273,0.3475863195041467,9.794019799352081e-12,111.95100802488356
NGC4013,external_151,bulge_rich_hsb,33,0.05097742463206768,0.33374725313387305,9.048536657910914e-12,109.0759119305729
NGC4013,external_151,bulge_rich_hsb,34,0.049043647063525805,0.3216280658805896,8.409804235287094e-12,106.34845930688662
NGC4013,external_151,bulge_rich_hsb,35,0.04710197267328501,0.3093618955825199,7.776746972727704e-12,103.3815016797827
NGC4051,external_151,bulge_rich_hsb,0,0.38471897892287626,0.9360738413653779,1.6795493093047365e-11,92.39231038274292
NGC4051,external_151,bulge_rich_hsb,1,0.3684782929712604,0.9498567479674322,2.0233670072316895e-11,127.95173016437383
NGC4051,external_151,bulge_rich_hsb,2,0.34863936949724167,1.008422471931669,2.887175724695736e-11,153.8813685570897
NGC4051,external_151,bulge_rich_hsb,3,0.32996106290801563,1.0332620217104214,3.6393132156478346e-11,173.72332769009185
NGC4051,external_151,bulge_rich_hsb,4,0.3105100084811848,1.0479475692261377,4.4573119421250223e-11,190.13612652732024
NGC4051,external_151,bulge_rich_hsb,5,0.2899064470390547,1.0516640776775834,5.2470672287678425e-11,203.63540809475774
NGC4051,external_151,bulge_rich_hsb,6,0.2671314613914031,1.036417936984973,5.771539545981121e-11,214.00800427240915
NGC4068,external_151,low_mass_dwarf,0,0.3308574164443344,1.023195890042291,1.0863371311728332e-11,11.669798188596067
NGC4068,external_151,low_mass_dwarf,1,0.30659268731054806,0.9787143623045117,1.1464109565632273e-11,20.148395016074723
NGC4068,external_151,low_mass_dwarf,2,0.2786409849725421,0.9955078133745273,1.503170230890399e-11,27.24579397319372
NGC4068,external_151,low_mass_dwarf,3,0.2567351832690421,0.9828530031731431,1.6823247034624598e-11,32.78550767833873
NGC4068,external_151,low_mass_dwarf,4,0.23700812033159824,0.9626644644089142,1.7857031984450603e-11,37.423028446554646
NGC4068,external_151,low_mass_dwarf,5,0.21984985423148226,0.9383398174478444,1.8229828219481576e-11,41.089875780588216
NGC4085,external_151,bulge_rich_hsb,0,0.42881126776940814,0.7721738356603469,6.9894819284166595e-12,72.03268963544564
NGC4085,external_151,bulge_rich_hsb,1,0.41437854852462447,0.8312974158668912,9.490667801052447e-12,96.27349368492278
NGC4085,external_151,bulge_rich_hsb,2,0.3941032274700501,0.9351378241497083,1.372349029762007e-11,107.26700473876278
NGC4085,external_151,bulge_rich_hsb,3,0.3745978802498841,1.0341704588431326,2.0317251822559733e-11,110.81549161708182
NGC4085,external_151,bulge_rich_hsb,4,0.35321629289982187,1.0674703660654195,2.5924042758883637e-11,115.56258985632843
NGC4085,external_151,bulge_rich_hsb,5,0.3300987740333716,1.0983061053941832,3.38901218362189e-11,119.45936358896984
NGC4085,external_151,bulge_rich_hsb,6,0.3036147956298486,1.090651884760069,3.916455489070005e-11,124.19080842490818
NGC4088,external_151,bulge_rich_hsb,0,0.37739182031209967,1.0103953048481926,2.8119478564792878e-11,117.17658070921847
NGC4088,external_151,bulge_rich_hsb,1,0.3520823364713859,1.0275867337770455,3.766305118739986e-11,157.88362805214229
NGC4088,external_151,bulge_rich_hsb,2,0.33431831539649,1.0691179828198927,4.739882510438866e-11,177.87420171735783
NGC4088,external_151,bulge_rich_hsb,3,0.3174777052688275,1.1186142052268149,6.016425928066649e-11,186.471280564099
NGC4088,external_151,bulge_rich_hsb,4,0.28912729753538585,1.1104728722959134,6.782331223787344e-11,194.58414085524032
NGC4088,external_151,bulge_rich_hsb,5,0.2519462118343801,1.0573634045422386,6.774050856818955e-11,198.37188472050136
NGC4088,external_151,bulge_rich_hsb,6,0.21753884296695195,0.9922681052434223,6.290086997806199e-11,197.11972901472845
NGC4088,external_151,bulge_rich_hsb,7,0.18639277765224582,0.9161507912178997,5.581819171803029e-11,194.1398866873404
NGC4088,external_151,bulge_rich_hsb,8,0.15792152052479896,0.8299280311537123,4.738218166508394e-11,186.59993952855612
NGC4088,external_151,bulge_rich_hsb,9,0.13950172212596382,0.7646411967416316,4.112127493718092e-11,181.82254795159162
NGC4088,external_151,bulge_rich_hsb,10,0.12070785931581318,0.6887338136380233,3.4196673127586516e-11,173.2683586820314
NGC4088,external_151,bulge_rich_hsb,11,0.10720318009938358,0.6290827963915305,2.8950089370524525e-11,167.47592082729633
NGC4100,external_151,bulge_rich_hsb,0,0.3618996165641791,1.0033590058154138,2.63796139258998e-11,116.45876893766936
NGC4100,external_151,bulge_rich_hsb,1,0.34672233004523295,1.0263714861269975,3.2050309623701716e-11,129.84824477760955
NGC4100,external_151,bulge_rich_hsb,2,0.3331613226292345,1.0560759718303603,3.7878172419046965e-11,138.072019850793
NGC4100,external_151,bulge_rich_hsb,3,0.3190253702949438,1.0878093638588782,4.5682725925457185e-11,144.20593616179005
NGC4100,external_151,bulge_rich_hsb,4,0.3042771173198487,1.1218560379171667,5.6658803321452566e-11,149.79798940687104
NGC4100,external_151,bulge_rich_hsb,5,0.2814207173503948,1.0978684027404892,5.93359567472622e-11,155.8240745939325
NGC4100,external_151,bulge_rich_hsb,6,0.25664262523337256,1.064345354660749,6.030541187032517e-11,159.6888500395172
NGC4100,external_151,bulge_rich_hsb,7,0.23009470666653303,1.0210855962638128,5.926589950917283e-11,160.55782353892494
NGC4100,external_151,bulge_rich_hsb,8,0.20518080649150514,0.970561130614734,5.5902745046576256e-11,159.49737593198003
NGC4100,external_151,bulge_rich_hsb,9,0.1843733959224478,0.9188426749567278,5.179196168234235e-11,158.5956011749827
NGC4100,external_151,bulge_rich_hsb,10,0.1621883933829468,0.8543983422581519,4.650526560725694e-11,155.0124732152124
NGC4100,external_151,bulge_rich_hsb,11,0.13985596787702137,0.7778318900757571,4.02728847692782e-11,148.46477496172133
NGC4100,external_151,bulge_rich_hsb,12,0.12532884025724259,0.7210814611615345,3.5732189550780265e-11,144.75197917264404
NGC4100,external_151,bulge_rich_hsb,13,0.11344851889767434,0.6701952233859776,3.1830917657779956e-11,140.72455608744156
NGC4100,external_151,bulge_rich_hsb,14,0.09972926513778205,0.6059849172451637,2.7165488587450037e-11,134.30118959430396
NGC4100,external_151,bulge_rich_hsb,15,0.08959395656602623,0.5547810660179997,2.3608550257624106e-11,128.78580453011156
NGC4100,external_151,bulge_rich_hsb,16,0.08248914157969144,0.5172580421479103,2.102419794154228e-11,125.20751796023427
NGC4100,external_151,bulge_rich_hsb,17,0.07621010637299021,0.48274248928663643,1.87460022015669e-11,121.23521448865205
NGC4100,external_151,bulge_rich_hsb,18,0.06889402123965481,0.44094107176104047,1.6115605839973553e-11,115.61030154736787
NGC4100,external_151,bulge_rich_hsb,19,0.06492476302158028,0.41784773105545653,1.469523769855825e-11,112.92709641141218
NGC4100,external_151,bulge_rich_hsb,20,0.06070575794543712,0.3928519018714654,1.3202314523725406e-11,109.73301716337502
NGC4100,external_151,bulge_rich_hsb,21,0.05644850850196317,0.367101420103617,1.1721694321288711e-11,105.90074544359885
NGC4100,external_151,bulge_rich_hsb,22,0.05281730525095,0.34484760606653697,1.04975973068748e-11,102.54103399738653
NGC4100,external_151,bulge_rich_hsb,23,0.050303705146851375,0.32936948960297446,9.681702374962393e-12,100.37829754849372
NGC4138,calibration_24,bulge_rich_hsb,0,0.3853906415620213,0.9518454684141758,2.131072923940015e-11,144.66540280105588
NGC4138,calibration_24,bulge_rich_hsb,1,0.3594356978593625,1.177057456768903,5.09015758036973e-11,163.36115978633137
NGC4138,calibration_24,bulge_rich_hsb,2,0.29258843228145665,1.1801339444578631,7.171922461107567e-11,165.4101341107751
NGC4138,calibration_24,bulge_rich_hsb,3,0.1836320582814661,0.9353740005126523,4.287731394303407e-11,138.91872769654196
NGC4138,calibration_24,bulge_rich_hsb,4,0.11604912270636582,0.6802951084743729,2.230112067771958e-11,110.04159430294612
NGC4138,calibration_24,bulge_rich_hsb,5,0.08787826748898458,0.5389394436049755,1.3162421650201128e-11,90.86622293446754
NGC4138,calibration_24,bulge_rich_hsb,6,0.07395324094708071,0.46267985374646026,9.086823770209615e-12,80.45575795909161
NGC4157,external_151,bulge_rich_hsb,0,0.38577568432635817,0.9783701618370572,2.3298117361233226e-11,118.88430228948707
NGC4157,external_151,bulge_rich_hsb,1,0.3573870674436842,1.0256793228982988,3.533942675299773e-11,159.8833031397728
NGC4157,external_151,bulge_rich_hsb,2,0.33672434613443714,1.0742984087579743,4.821283340944002e-11,181.49368359887995
NGC4157,external_151,bulge_rich_hsb,3,0.32024261592555037,1.1228014919645846,6.048200840134606e-11,189.13802342249917
NGC4157,external_151,bulge_rich_hsb,4,0.29683045139373015,1.1441981272980266,7.191592927550766e-11,192.46779997915272
NGC4157,external_151,bulge_rich_hsb,5,0.2556654089623084,1.0799400326852497,6.86229581060986e-11,195.29612196584023
NGC4157,external_151,bulge_rich_hsb,6,0.21022277275451204,0.9836192141917868,5.925012071808018e-11,186.6707162626979
NGC4157,external_151,bulge_rich_hsb,7,0.18235716263017265,0.9102173155802787,5.1530339103246775e-11,182.9942648240326
NGC4157,external_151,bulge_rich_hsb,8,0.1543478131177867,0.8205908060838741,4.2568091031035026e-11,173.87308804965417
NGC4157,external_151,bulge_rich_hsb,9,0.1344328384014478,0.7457799528937765,3.542532453658861e-11,165.57612926696834
NGC4157,external_151,bulge_rich_hsb,10,0.12090344052009826,0.6897545737948769,3.025020293047546e-11,159.3592821363193
NGC4157,external_151,bulge_rich_hsb,11,0.10840765761754233,0.6334260697490747,2.533212588882366e-11,151.2740742353516
NGC4157,external_151,bulge_rich_hsb,12,0.10054901168941895,0.5966800539002995,2.233424447389601e-11,147.21337397178402
NGC4157,external_151,bulge_rich_hsb,13,0.0925967082688202,0.5575232433356646,1.9251122321880898e-11,141.10401592969328
NGC4157,external_151,bulge_rich_hsb,14,0.08663934984606134,0.5275776813982773,1.7173159221510375e-11,137.5378633748877
NGC4157,external_151,bulge_rich_hsb,15,0.08090374324879566,0.49782459970863124,1.5211051784013166e-11,133.29414818304082
NGC4157,external_151,bulge_rich_hsb,16,0.07572457514094334,0.47027790963621674,1.3548536335884862e-11,129.3883463650399
NGC4183,external_151,bulge_rich_hsb,0,0.32670901239933,1.0339585468261894,1.9921815934526298e-11,36.35495996359544
NGC4183,external_151,bulge_rich_hsb,1,0.3078378005358926,1.0168154420499533,2.2281029028426297e-11,51.72021249662092
NGC4183,external_151,bulge_rich_hsb,2,0.28787822719440065,0.9955019149911623,2.4956173466579116e-11,63.916630898164065
NGC4183,external_151,bulge_rich_hsb,3,0.26888006390683017,0.983812038238051,2.75039595261116e-11,73.9299172205816
NGC4183,external_151,bulge_rich_hsb,4,0.249748116088474,0.9719334427393039,3.000423876583048e-11,82.41036738633298
NGC4183,external_151,bulge_rich_hsb,5,0.22958797275740633,0.956568974580158,3.238416491829139e-11,89.91551114161291
NGC4183,external_151,bulge_rich_hsb,6,0.21217790188674987,0.93049840084063,3.2884172626131125e-11,95.71087368162199
NGC4183,external_151,bulge_rich_hsb,7,0.19541188800585177,0.8971547166404852,3.237953358835782e-11,100.042479156983
NGC4183,external_151,bulge_rich_hsb,8,0.17791674630350787,0.8576128163007897,3.12979434389538e-11,102.97032454569174
NGC4183,external_151,bulge_rich_hsb,9,0.163567511814162,0.8199955555125651,2.979544217649347e-11,105.02006103724344
NGC4183,external_151,bulge_rich_hsb,10,0.1513597939968229,0.7837423339181472,2.8082787775675576e-11,106.39862698418153
NGC4183,external_151,bulge_rich_hsb,11,0.13893537999445119,0.7433453777961587,2.6089281623798393e-11,106.60075852049427
NGC4183,external_151,bulge_rich_hsb,12,0.1282757443014505,0.705389250936457,2.4149602637990805e-11,106.44364773790257
NGC4183,external_151,bulge_rich_hsb,13,0.11927563513343381,0.670646225119687,2.233647434410153e-11,106.39036625017994
NGC4183,external_151,bulge_rich_hsb,14,0.11153596799001123,0.638948638304349,2.0701794974013157e-11,105.59002738356916
NGC4183,external_151,bulge_rich_hsb,15,0.10373961028497977,0.6052353283582106,1.898806466057591e-11,104.53901057160628
NGC4183,external_151,bulge_rich_hsb,16,0.0977091419283096,0.5778973819284121,1.7619329483022975e-11,103.92616474032937
NGC4183,external_151,bulge_rich_hsb,17,0.09080226791775642,0.5452175971712441,1.6022272377749042e-11,102.48810896607075
NGC4183,external_151,bulge_rich_hsb,18,0.08567726688981361,0.5200562251875402,1.483215322824787e-11,101.4060268343358
NGC4183,external_151,bulge_rich_hsb,19,0.08117215789533061,0.49730374378231385,1.3787879955184632e-11,100.44818467072156
NGC4183,external_151,bulge_rich_hsb,20,0.07603208800438468,0.47057239946971907,1.2592613066204101e-11,98.82985220501
NGC4183,external_151,bulge_rich_hsb,21,0.07178478930270303,0.4479307222699981,1.1625968513701693e-11,97.61696548227998
NGC4183,external_151,bulge_rich_hsb,22,0.0676989306864303,0.4256494685546847,1.0705662939097845e-11,96.20815469724234
NGC4214,external_151,low_mass_dwarf,0,0.41191309351835614,0.9289107007399723,8.635669824588354e-12,24.21053294375328
NGC4214,external_151,low_mass_dwarf,1,0.39057356033181245,0.9660716793158106,1.1523849013072683e-11,39.79318042195653
NGC4214,external_151,low_mass_dwarf,2,0.36883877293271083,1.0125397698981122,1.623754672954364e-11,48.79565397394578
NGC4214,external_151,low_mass_dwarf,3,0.3504926662926327,1.0846095128837736,2.2170082875523595e-11,54.05588736876832
NGC4214,external_151,low_mass_dwarf,4,0.3310480892733821,1.1635604878219572,3.3849645920084e-11,59.61959629495673
NGC4214,external_151,low_mass_dwarf,5,0.30301747224146364,1.1485907601720535,3.742537356480198e-11,63.87064996787369
NGC4214,external_151,low_mass_dwarf,6,0.27053617191864265,1.0862609415091873,3.405604550341e-11,64.3966676948103
NGC4214,external_151,low_mass_dwarf,7,0.24121588056872934,1.0190329538374416,3.024704366558931e-11,63.868461259382485
NGC4214,external_151,low_mass_dwarf,8,0.22507644344041766,0.9820211593402695,2.8143656373939504e-11,64.71164314253937
NGC4214,external_151,low_mass_dwarf,9,0.20823550952090572,0.9387124476447479,2.559067098090663e-11,64.36682159072141
NGC4214,external_151,low_mass_dwarf,10,0.19814573208711855,0.9137144523370911,2.4265487105481205e-11,65.42606749797861
NGC4214,external_151,low_mass_dwarf,11,0.18811827431001968,0.8872962351805098,2.2823089577744675e-11,65.94046828960751
NGC4214,external_151,low_mass_dwarf,12,0.17943600958388908,0.863927286542892,2.164521719516547e-11,66.57683186852401
NGC4214,external_151,low_mass_dwarf,13,0.17186226631547885,0.8431998876918602,2.0683912412395944e-11,67.2761789085323
NGC4217,external_151,bulge_rich_hsb,0,0.31913147397260794,1.0373876207348034,2.2236618565756644e-11,37.449716403835936
NGC4217,external_151,bulge_rich_hsb,1,0.30034962667154835,1.01724841292963,2.451441903924048e-11,53.22499256972512
NGC4217,external_151,bulge_rich_hsb,2,0.2805021853950325,0.9925020876176145,2.699498694521946e-11,65.63220125356997
NGC4217,external_151,bulge_rich_hsb,3,0.2610655110079726,0.9755182571987547,2.945863915745722e-11,75.94868803616554
NGC4217,external_151,bulge_rich_hsb,4,0.24177425796178573,0.9602358728329093,3.1774650682196634e-11,84.52746453031831
NGC4217,external_151,bulge_rich_hsb,5,0.22144873564020462,0.9408503594031175,3.383821782136684e-11,91.9674925215442
NGC4217,external_151,bulge_rich_hsb,6,0.2025362358188611,0.9128557198480811,3.445295057156907e-11,97.79419037185066
NGC4217,external_151,bulge_rich_hsb,7,0.18545078764915296,0.8756151036752606,3.358859154936268e-11,101.92086720420568
NGC4217,external_151,bulge_rich_hsb,8,0.16761720864810192,0.8313790421268924,3.2103393052249734e-11,104.5352647670963
NGC4217,external_151,bulge_rich_hsb,9,0.15053229886002006,0.782693010243218,3.0040552298470937e-11,105.72928146214223
NGC4217,external_151,bulge_rich_hsb,10,0.13822370526659836,0.7422248880635794,2.800385265748136e-11,106.70621963584661
NGC4217,external_151,bulge_rich_hsb,11,0.12569924569190327,0.6971605164365845,2.5692500497492615e-11,106.43907889526052
NGC4217,external_151,bulge_rich_hsb,12,0.11265495709467749,0.6456803067799954,2.304799759376727e-11,104.78658853758617
NGC4217,external_151,bulge_rich_hsb,13,0.10488921899276106,0.6123120714896966,2.1287837647855068e-11,104.32701016176924
NGC4217,external_151,bulge_rich_hsb,14,0.0962711985493733,0.5731486783489792,1.9265514511285397e-11,102.98496075825432
NGC4217,external_151,bulge_rich_hsb,15,0.08853366997051673,0.5360343424570984,1.740296821626322e-11,100.97546760964573
NGC4217,external_151,bulge_rich_hsb,16,0.08209419256565406,0.5037108865711427,1.580462294797521e-11,99.45778184800864
NGC4217,external_151,bulge_rich_hsb,17,0.07652529710388763,0.47471182304091974,1.4399900587626085e-11,97.98296153628037
NGC4217,external_151,bulge_rich_hsb,18,0.0708884166767929,0.44437638182278927,1.2977575338412685e-11,95.88098886660454
NGC4389,external_151,ordinary_disk,0,0.42379798686557085,0.7609814936979858,6.019827136229608e-12,58.08976538885548
NGC4389,external_151,ordinary_disk,1,0.41098229728508856,0.8049998008525001,7.816097440115172e-12,81.8818228980034
NGC4389,external_151,ordinary_disk,2,0.39194032443591564,0.899464306888315,1.2363869755455412e-11,101.90501573583103
NGC4389,external_151,ordinary_disk,3,0.37571736570418535,0.9614130610261762,1.7251065735058586e-11,116.01875456791255
NGC4389,external_151,ordinary_disk,4,0.3605599547707553,1.0054030670028358,2.2296397364465492e-11,126.46586146171067
NGC4389,external_151,ordinary_disk,5,0.3454324898599113,1.0361982654285722,2.7689298795795747e-11,135.00976924807196
NGC4559,external_151,bulge_rich_hsb,0,0.3841163790242301,0.978604622733615,1.4111451366719195e-11,44.64018051079576
NGC4559,external_151,bulge_rich_hsb,1,0.36984723484001675,0.9879692010846981,1.63970041315909e-11,61.806735781631176
NGC4559,external_151,bulge_rich_hsb,2,0.3549012170644772,0.9978069057262129,1.934639202832329e-11,74.72231079776893
NGC4559,external_151,bulge_rich_hsb,3,0.33922899318571637,1.0081915485333737,2.326130356417357e-11,85.71541582938384
NGC4559,external_151,bulge_rich_hsb,4,0.3225167973861645,1.0193958524907338,2.874335651489599e-11,96.18012905274165
NGC4559,external_151,bulge_rich_hsb,5,0.30720346988406655,1.02466807139079,3.352214068292957e-11,104.76593143861841
NGC4559,external_151,bulge_rich_hsb,6,0.29321450571081564,1.0231678664233945,3.622175989597596e-11,110.73982183476338
NGC4559,external_151,bulge_rich_hsb,7,0.27887759903998155,1.0208211984096711,3.898511703792062e-11,115.76464443742194
NGC4559,external_151,bulge_rich_hsb,8,0.2629932943715428,1.0171692968096098,4.187955328060393e-11,120.20202548145313
NGC4559,external_151,bulge_rich_hsb,9,0.24739058826800475,1.0123822347120668,4.428427670459508e-11,123.3791551993546
NGC4559,external_151,bulge_rich_hsb,10,0.23085303709859867,1.0058378083448527,4.590088459996848e-11,125.16495512697283
NGC4559,external_151,bulge_rich_hsb,11,0.2174243034740861,0.9787590096869586,4.4434669672572875e-11,127.36385622222177
NGC4559,external_151,bulge_rich_hsb,12,0.20444076570041428,0.9495182534119883,4.264482044269992e-11,128.4993927230068
NGC4559,external_151,bulge_rich_hsb,13,0.19080583884779792,0.9157776932767986,4.042142187697231e-11,128.5852931608938
NGC4559,external_151,bulge_rich_hsb,14,0.1760322481695776,0.875258658342809,3.7612671681990696e-11,127.3675308428393
NGC4559,external_151,bulge_rich_hsb,15,0.1616262938899547,0.8312557058441563,3.4477025975806436e-11,124.80252794371778
NGC4559,external_151,bulge_rich_hsb,16,0.15099585398721815,0.7958610161799851,3.19019216299026e-11,123.01943813199958
NGC4559,external_151,bulge_rich_hsb,17,0.14468859694558056,0.7738994429465066,3.026427645477581e-11,122.88034701122474
NGC4559,external_151,bulge_rich_hsb,18,0.13828692519348182,0.7505723815078085,2.8543611614906502e-11,122.19748295276372
NGC4559,external_151,bulge_rich_hsb,19,0.13178870277242397,0.7257768787240333,2.6739080425442236e-11,120.93957397586438
NGC4559,external_151,bulge_rich_hsb,20,0.12519172880486115,0.6994039395044399,2.4850423369071538e-11,119.06674840591589
NGC4559,external_151,bulge_rich_hsb,21,0.11849373500892771,0.6713391551613972,2.2878097593081545e-11,116.52851942630598
NGC4559,external_151,bulge_rich_hsb,22,0.11495936865299979,0.6563759742765712,2.1861852356077155e-11,116.26023708562799
NGC4559,external_151,bulge_rich_hsb,23,0.1115376762107504,0.6415715633191077,2.0869200895209172e-11,115.82831431487608
NGC4559,external_151,bulge_rich_hsb,24,0.10808942358778648,0.6262985657603317,1.9857069825738518e-11,115.1058815567248
NGC4559,external_151,bulge_rich_hsb,25,0.10461430032730576,0.610542001623298,1.882584353821219e-11,114.08316589981578
NGC4559,external_151,bulge_rich_hsb,26,0.1006248953573871,0.5919960614212672,1.7629146664380608e-11,112.53764201501205
NGC4559,external_151,bulge_rich_hsb,27,0.09804933609922113,0.5798788427369176,1.688978621363798e-11,111.74300773826695
NGC4559,external_151,bulge_rich_hsb,28,0.09528339883720122,0.5668355294891485,1.615743565832522e-11,111.37549919523536
NGC4559,external_151,bulge_rich_hsb,29,0.0928398267549783,0.5551158339257205,1.5506879570224847e-11,110.86184936892622
NGC4559,external_151,bulge_rich_hsb,30,0.0903830191125013,0.5431456263717489,1.4849841992581274e-11,110.16611171235432
NGC4559,external_151,bulge_rich_hsb,31,0.08791286808251941,0.5309204221330063,1.4186655917516088e-11,109.28401011208992
NGC5005,external_151,bulge_rich_hsb,0,0.4312602154386235,0.7542201206743107,7.317956433689826e-12,59.67842490089133
NGC5005,external_151,bulge_rich_hsb,1,0.43032212358214306,0.7429193198490726,7.32285929209832e-12,85.46553949296002
NGC5005,external_151,bulge_rich_hsb,2,0.429380931994392,0.7314413849323689,7.322088576258179e-12,105.96355399970035
NGC5005,external_151,bulge_rich_hsb,3,0.4269048040739637,0.7349722780378026,7.774821111871802e-12,124.83840471609955
NGC5005,external_151,bulge_rich_hsb,4,0.4221635649042485,0.762709993878629,9.066965458642904e-12,142.969622948398
NGC5005,external_151,bulge_rich_hsb,5,0.417343222391987,0.7924151462661911,1.0647479247407864e-11,160.35079864035242
NGC5005,external_151,bulge_rich_hsb,6,0.4124417802309154,0.8242608848464594,1.2608370336354775e-11,177.26722928017415
NGC5005,external_151,bulge_rich_hsb,7,0.40827470020408035,0.8463939015945612,1.4260679553807809e-11,192.68264245684793
NGC5005,external_151,bulge_rich_hsb,8,0.40427065962315784,0.8662805236816983,1.596488547834469e-11,207.4301051166948
NGC5005,external_151,bulge_rich_hsb,9,0.400128656979788,0.8874634480460047,1.7999487235211554e-11,222.22473283861194
NGC5005,external_151,bulge_rich_hsb,10,0.39423998088180007,0.9166305358511108,2.1176390512418138e-11,243.94268697853144
NGC5005,external_151,bulge_rich_hsb,11,0.38921156185405237,0.9400554491213804,2.4082352133609983e-11,262.92506488031745
NGC5005,external_151,bulge_rich_hsb,12,0.38462002867432793,0.9612120941919021,2.704373795331582e-11,280.02605919660243
NGC5005,external_151,bulge_rich_hsb,13,0.3807792958739332,0.9776173393616195,2.950053309592401e-11,294.555097282124
NGC5005,external_151,bulge_rich_hsb,14,0.37704301232536297,0.9935534976873458,3.21280906547498e-11,308.0284492711719
NGC5005,external_151,bulge_rich_hsb,15,0.37394838492205856,1.005635617790964,3.4145882861335075e-11,318.9576819369404
NGC5005,external_151,bulge_rich_hsb,16,0.37083440171386695,1.0178965117561967,3.636961691949134e-11,329.1512517133472
NGC5005,external_151,bulge_rich_hsb,17,0.36819371214440344,1.027082705145083,3.7994903889824244e-11,337.18039687242697
NGC5033,external_151,bulge_rich_hsb,0,0.4037423595137228,0.9391842769924669,1.671196493159285e-11,75.31810665323118
NGC5033,external_151,bulge_rich_hsb,1,0.39303322069588326,0.9542691333167319,1.9095369829995353e-11,126.78540439481405
NGC5033,external_151,bulge_rich_hsb,2,0.38193236145217657,0.970723452100702,2.212649661759774e-11,159.03980337448328
NGC5033,external_151,bulge_rich_hsb,3,0.3707733728488232,0.9898385529903092,2.5775017947778272e-11,182.13322670161472
NGC5033,external_151,bulge_rich_hsb,4,0.36107494407088664,1.0140276889342348,2.8732306982379396e-11,195.07715295083963
NGC5033,external_151,bulge_rich_hsb,5,0.353536309743128,1.0332723138383098,3.1318022284579144e-11,201.20941580947658
NGC5033,external_151,bulge_rich_hsb,6,0.337505822782656,1.0698049808415713,3.728791712540044e-11,206.66705693849823
NGC5033,external_151,bulge_rich_hsb,7,0.31543186607114737,1.0683445960393718,4.197813671909111e-11,214.22065028949942
NGC5033,external_151,bulge_rich_hsb,8,0.29108603130225486,1.0647477369130594,4.6608476100780274e-11,216.0606972801191
NGC5033,external_151,bulge_rich_hsb,9,0.26355518696516694,1.0358020847605274,4.8406695728763874e-11,219.47279091194457
NGC5033,external_151,bulge_rich_hsb,10,0.23356385262868232,0.9947235432412338,4.766161250991427e-11,217.01482342715966
NGC5033,external_151,bulge_rich_hsb,11,0.2048539311066193,0.94046033801347,4.422337837285064e-11,212.28072453377789
NGC5033,external_151,bulge_rich_hsb,12,0.17429377127525747,0.865607739261157,3.840296293880792e-11,202.48310730426266
NGC5033,external_151,bulge_rich_hsb,13,0.1489315566779774,0.7888907947843745,3.2138977461362225e-11,190.0765387247331
NGC5033,external_151,bulge_rich_hsb,14,0.1279370396444853,0.713327932257827,2.6538461540963726e-11,178.01048126331654
NGC5033,external_151,bulge_rich_hsb,15,0.10773988505798568,0.6292097957506244,2.066525369259277e-11,161.88444007075026
NGC5033,external_151,bulge_rich_hsb,16,0.09469468390650772,0.5687008939583899,1.695244315280407e-11,151.1427589868785
NGC5033,external_151,bulge_rich_hsb,17,0.08176868458824472,0.5035151541838506,1.3203507384809805e-11,137.07706844241935
NGC5033,external_151,bulge_rich_hsb,18,0.07337237700587494,0.4587515211818673,1.0976573875983656e-11,128.78233622566626
NGC5033,external_151,bulge_rich_hsb,19,0.06525786830881437,0.41341885855491073,8.840550416256784e-12,118.581632393802
NGC5033,external_151,bulge_rich_hsb,20,0.05972779307116367,0.3816435442811939,7.548351072780107e-12,112.4621898625042
NGC5033,external_151,bulge_rich_hsb,21,0.05413561357894179,0.34865842047561335,6.292613146093133e-12,105.36956905068561
NGC5055,calibration_24,bulge_rich_hsb,0,0.40272338039880995,0.9605102447497136,2.6605677170656002e-11,108.78148005475234
NGC5055,calibration_24,bulge_rich_hsb,1,0.3953859128073622,0.9733201646884738,2.9254516977148333e-11,150.54803354831043
NGC5055,calibration_24,bulge_rich_hsb,2,0.38765138269947386,0.9871992690787841,3.2470043367996916e-11,181.56688731480153
NGC5055,calibration_24,bulge_rich_hsb,3,0.37993653595247906,1.0014570327478556,3.621086817526781e-11,205.47040716670273
NGC5055,calibration_24,bulge_rich_hsb,4,0.3719119386402868,1.016761150842333,4.081453754834146e-11,225.5858972948023
NGC5055,calibration_24,bulge_rich_hsb,5,0.3637927700713922,1.032778125451579,4.642721997456902e-11,242.54384928032601
NGC5055,calibration_24,bulge_rich_hsb,6,0.35522308202164843,1.0503154277616051,5.374368125903822e-11,257.87126465102614
NGC5055,calibration_24,bulge_rich_hsb,7,0.3465415974840951,1.0688028768301874,6.318509856396263e-11,271.65905830548655
NGC5055,calibration_24,bulge_rich_hsb,8,0.34281021515615934,1.085987267875202,6.86651065453427e-11,280.7714354200231
NGC5055,calibration_24,bulge_rich_hsb,9,0.34125282645516813,1.1025853980958258,7.18176264795553e-11,286.4636536972627
NGC5055,calibration_24,bulge_rich_hsb,10,0.339666253410315,1.1194224591716633,7.525338042670614e-11,290.26818885326713
NGC5055,calibration_24,bulge_rich_hsb,11,0.3381157996823488,1.1357979141166767,7.884956974997042e-11,292.1791441401158
NGC5055,calibration_24,bulge_rich_hsb,12,0.33177356191746277,1.2018202020573407,9.60366594053537e-11,282.80674636876915
NGC5055,calibration_24,bulge_rich_hsb,13,0.28685733578363803,1.1560700733435807,9.588937092028943e-11,281.9579020886171
NGC5055,calibration_24,bulge_rich_hsb,14,0.2246677215936878,1.0421112824612255,7.98162688918792e-11,262.7125927318352
NGC5055,calibration_24,bulge_rich_hsb,15,0.17527152914111577,0.9141438969904981,6.157051320449005e-11,241.96764492520845
NGC5055,calibration_24,bulge_rich_hsb,16,0.1277832488265812,0.7445795597860582,4.26555484469769e-11,212.42280669346903
NGC5055,calibration_24,bulge_rich_hsb,17,0.09782805707797343,0.6051498909144755,2.953321833531191e-11,186.7155766083816
NGC5055,calibration_24,bulge_rich_hsb,18,0.0768319897056473,0.49149762346408155,2.0253725049655222e-11,162.83422595704803
NGC5055,calibration_24,bulge_rich_hsb,19,0.06309034956807244,0.4100024114520032,1.4364165208541199e-11,143.62845411298474
NGC5055,calibration_24,bulge_rich_hsb,20,0.05402317081133175,0.3537835916452531,1.0649681913284542e-11,128.76793975778145
NGC5055,calibration_24,bulge_rich_hsb,21,0.04721697886360022,0.3105087752616641,8.079746081112618e-12,116.27247240441442
NGC5055,calibration_24,bulge_rich_hsb,22,0.042313914484713076,0.27906106275570425,6.4125733902692496e-12,107.09374098303876
NGC5055,calibration_24,bulge_rich_hsb,23,0.038188625887092105,0.25237535240373354,5.1439493942445385e-12,98.90384467502365
NGC5055,calibration_24,bulge_rich_hsb,24,0.03504468724130392,0.23203901202841526,4.315038653349522e-12,93.25756982594834
NGC5055,calibration_24,bulge_rich_hsb,25,0.032019424002245764,0.21235546997078375,3.584076541626073e-12,87.46748235112362
NGC5055,calibration_24,bulge_rich_hsb,26,0.02949080703753949,0.19591129424496578,3.0698319347366464e-12,83.35139299888296
NGC5055,calibration_24,bulge_rich_hsb,27,0.027100189425402686,0.1802853236845566,2.6179207680413765e-12,79.14441467619865
NGC5371,external_151,bulge_rich_hsb,0,0.37153378517553853,1.0322667998403743,3.687471888990859e-11,119.57011891989004
NGC5371,external_151,bulge_rich_hsb,1,0.3632667676529419,1.0217443110817634,3.85583026164886e-11,166.3157310269772
NGC5371,external_151,bulge_rich_hsb,2,0.3546590480272858,1.0099729890079492,4.0361842649056516e-11,201.19250499258936
NGC5371,external_151,bulge_rich_hsb,3,0.34681644379570953,1.0106213210982833,4.316786527161474e-11,228.28442421996888
NGC5371,external_151,bulge_rich_hsb,4,0.3400237212621346,1.0272070166238747,4.7504795211143014e-11,249.3281271012233
NGC5371,external_151,bulge_rich_hsb,5,0.3330882334632909,1.0443841617046226,5.2633652603642495e-11,266.9401972308847
NGC5371,external_151,bulge_rich_hsb,6,0.3182292085055365,1.0661860554970448,6.275110199106046e-11,295.3858930687794
NGC5371,external_151,bulge_rich_hsb,7,0.30185878518813547,1.0714253494188184,7.109057559499596e-11,316.74025847901424
NGC5371,external_151,bulge_rich_hsb,8,0.28385182893966,1.0643655281860251,7.730198557039853e-11,331.96290970161095
NGC5371,external_151,bulge_rich_hsb,9,0.26327452280746577,1.0487221198546537,8.178682934463836e-11,341.91130530030836
NGC5371,external_151,bulge_rich_hsb,10,0.2385416843587235,1.014279042107484,8.263384362839838e-11,348.60613590190616
NGC5371,external_151,bulge_rich_hsb,11,0.21195208586974976,0.9677811260848742,8.021036156379636e-11,348.5808441210917
NGC5371,external_151,bulge_rich_hsb,12,0.18543854822025996,0.9077788387835515,7.479307609741467e-11,345.1655245653377
NGC5371,external_151,bulge_rich_hsb,13,0.15793253130835655,0.8314549482122406,6.650395238118885e-11,335.0741758393325
NGC5371,external_151,bulge_rich_hsb,14,0.13227255465143903,0.7442478989229124,5.688185218340194e-11,320.9982858469025
NGC5371,external_151,bulge_rich_hsb,15,0.11068812105643551,0.6571250437712747,4.749981881252984e-11,304.471858989556
NGC5371,external_151,bulge_rich_hsb,16,0.09020341790561533,0.5614284052863545,3.7820007855278564e-11,283.5276389072867
NGC5371,external_151,bulge_rich_hsb,17,0.07468360654055264,0.4800189369872885,3.0092215576180406e-11,264.3735306725487
NGC5371,external_151,bulge_rich_hsb,18,0.060279121657232655,0.3976164987034584,2.2890765071370148e-11,241.9435998173193
NGC5585,external_151,ordinary_disk,0,0.3936776385739613,0.9636815286786019,8.700616317369386e-12,11.751449252170895
NGC5585,external_151,ordinary_disk,1,0.3883916586435369,0.9668691132768874,9.184524664707577e-12,19.887860112760286
NGC5585,external_151,ordinary_disk,2,0.3830127007015142,0.9701115933646717,9.713629397569592e-12,25.477177234284273
NGC5585,external_151,ordinary_disk,3,0.37753828981928894,0.9734115827478061,1.0294031952028105e-11,29.993324512561816
NGC5585,external_151,ordinary_disk,4,0.3719658624436255,0.9767719484806913,1.0932934970732698e-11,33.88280169390924
NGC5585,external_151,ordinary_disk,5,0.3662927623938775,0.9801958460953121,1.1638895866236233e-11,37.35759087373354
NGC5585,external_151,ordinary_disk,6,0.3605162366402859,0.9836867610004397,1.2422152629739828e-11,40.54184874404115
NGC5585,external_151,ordinary_disk,7,0.3546334308492569,0.987248557352844,1.3295046823319128e-11,43.51900520468182
NGC5585,external_151,ordinary_disk,8,0.3482854443611248,0.9911019172110155,1.4333712836940043e-11,46.514705109958705
NGC5585,external_151,ordinary_disk,9,0.3421743818270164,0.9948237519457827,1.5442178863729443e-11,49.24963717860264
NGC5585,external_151,ordinary_disk,10,0.32696840003481975,1.0025761424243325,1.8102582925546147e-11,55.19856533835015
NGC5585,external_151,ordinary_disk,11,0.30123756443120986,1.0115542029522404,2.2121770594165095e-11,62.902807844665716
NGC5585,external_151,ordinary_disk,12,0.27387939614791823,1.0194536558944047,2.7296362473433504e-11,70.17511103889814
NGC5585,external_151,ordinary_disk,13,0.24735979420489804,1.0033253152136117,3.0389353467069464e-11,76.34458733066863
NGC5585,external_151,ordinary_disk,14,0.22206474751064262,0.9630616822929113,3.045894233499519e-11,80.15543550644091
NGC5585,external_151,ordinary_disk,15,0.19459841136095518,0.9098285467966928,2.927256886766546e-11,81.91906155747374
NGC5585,external_151,ordinary_disk,16,0.17574059661566144,0.8632694715934395,2.73265245858112e-11,82.95573987462615
NGC5585,external_151,ordinary_disk,17,0.15744013451568925,0.8107012776073493,2.484434100496366e-11,82.67173629948606
NGC5585,external_151,ordinary_disk,18,0.1397967392334202,0.7527636693780934,2.1985386273204824e-11,80.94027278095996
NGC5585,external_151,ordinary_disk,19,0.12904951036308857,0.7132114082951793,1.9998338396126022e-11,80.31497942204665
NGC5585,external_151,ordinary_disk,20,0.11786620844289925,0.6687082977076436,1.7805222501941218e-11,78.62802372350156
NGC5585,external_151,ordinary_disk,21,0.1085863157570143,0.6291107633141619,1.5912107370091225e-11,76.8718407332485
NGC5585,external_151,ordinary_disk,22,0.10108221064953404,0.5953676937988702,1.4358651725062348e-11,75.64600071081546
NGC5585,external_151,ordinary_disk,23,0.0943857628143182,0.5637979392539247,1.2946047054024543e-11,73.9295605678016
NGC5907,external_151,bulge_rich_hsb,0,0.3456212397166061,0.9985797994598655,2.808272926789519e-11,146.88486443795932
NGC5907,external_151,bulge_rich_hsb,1,0.31923814559812774,1.0328393484341634,3.9756157163513844e-11,178.58131020657146
NGC5907,external_151,bulge_rich_hsb,2,0.2924627107992773,1.0432909334060836,5.0749656541129344e-11,202.04970451544722
NGC5907,external_151,bulge_rich_hsb,3,0.2623518996354846,1.0274929659684435,5.90299459138399e-11,219.48363287951557
NGC5907,external_151,bulge_rich_hsb,4,0.22800646436622612,0.9845273242106457,6.264344541075264e-11,230.79228720167774
NGC5907,external_151,bulge_rich_hsb,5,0.1911582422930861,0.9136199162919846,6.046644097933442e-11,234.54294460938254
NGC5907,external_151,bulge_rich_hsb,6,0.1543384661589214,0.815399505526359,5.332670220262097e-11,230.28752880645604
NGC5907,external_151,bulge_rich_hsb,7,0.12061850187443982,0.696637055213483,4.341656789316903e-11,218.99506708283886
NGC5907,external_151,bulge_rich_hsb,8,0.09205648552598168,0.5702944316779652,3.3076939585120146e-11,202.75721139777886
NGC5907,external_151,bulge_rich_hsb,9,0.06909337972876126,0.4498202240071535,2.3890490980733884e-11,183.91134106847045
NGC5907,external_151,bulge_rich_hsb,10,0.05147942112271814,0.34607253816772876,1.6662026657698353e-11,164.74501662656382
NGC5907,external_151,bulge_rich_hsb,11,0.038376399701418984,0.26312189130516955,1.1423956908028827e-11,146.82582849008367
NGC5907,external_151,bulge_rich_hsb,12,0.02870074047996121,0.1991819189373861,7.775873676916706e-12,130.72379414159505
NGC5907,external_151,bulge_rich_hsb,13,0.021798441697158985,0.15219881139938915,5.3388666069171075e-12,116.81812473018984
NGC5907,external_151,bulge_rich_hsb,14,0.017122172995365715,0.11947184667280934,3.768514722240512e-12,105.20547838237849
NGC5907,external_151,bulge_rich_hsb,15,0.013594621879991194,0.09467880572793864,2.687308467001482e-12,95.04001075879584
NGC5907,external_151,bulge_rich_hsb,16,0.010859336287323102,0.07549672269741038,1.9312936492123573e-12,86.08578816260552
NGC5907,external_151,bulge_rich_hsb,17,0.008707095309129418,0.060440262354870745,1.3945580204450332e-12,78.10875309581427
NGC5907,external_151,bulge_rich_hsb,18,0.007010223311006248,0.048597288794812295,1.0124962060785365e-12,71.0041579397012
NGC5985,external_151,bulge_rich_hsb,0,0.3114714713984137,1.0383139987664838,3.982901717448661e-11,114.97766868945175
NGC5985,external_151,bulge_rich_hsb,1,0.30505935447559857,1.031324781177418,4.1172649097956844e-11,125.44590175577547
NGC5985,external_151,bulge_rich_hsb,2,0.29804852810750454,1.0232677945221456,4.265995363806096e-11,135.72483390205795
NGC5985,external_151,bulge_rich_hsb,3,0.2906017118251109,1.0142032041669171,4.425415877432614e-11,145.606458179936
NGC5985,external_151,bulge_rich_hsb,4,0.2833943568993743,1.0048981186645873,4.5803468575741305e-11,154.3569757966501
NGC5985,external_151,bulge_rich_hsb,5,0.27637843060742767,0.998755916472295,4.7293105051338275e-11,162.2285382528973
NGC5985,external_151,bulge_rich_hsb,6,0.26904324522149664,0.9940067567778526,4.8821321148279704e-11,169.7043274821623
NGC5985,external_151,bulge_rich_hsb,7,0.2618412956796427,0.9890033581649924,5.0287033029709886e-11,176.36511550299957
NGC5985,external_151,bulge_rich_hsb,8,0.25507362267401723,0.9839767697215007,5.161888822553988e-11,182.07955370538534
NGC5985,external_151,bulge_rich_hsb,9,0.2475923549348452,0.978032276316105,5.302184288808747e-11,187.837212066045
NGC5985,external_151,bulge_rich_hsb,10,0.23955853808530728,0.9711665324387699,5.4422826318725305e-11,193.41027308110648
NGC5985,external_151,bulge_rich_hsb,11,0.23206756147479818,0.9642845520502146,5.560454668509162e-11,198.06240892037215
NGC5985,external_151,bulge_rich_hsb,12,0.2244275319539732,0.956755046769789,5.665744460473864e-11,202.27503060250928
NGC5985,external_151,bulge_rich_hsb,13,0.21567539233653765,0.9474487204610492,5.763535561700347e-11,206.43399878154963
NGC5985,external_151,bulge_rich_hsb,14,0.208653143445947,0.9342906601793823,5.7421085456541705e-11,209.71187216833056
NGC5985,external_151,bulge_rich_hsb,15,0.20034754215499292,0.9172581129528826,5.6904243316616064e-11,213.0417806768264
NGC5985,external_151,bulge_rich_hsb,16,0.1931031412091852,0.901547059462075,5.629600089188448e-11,215.4219514236522
NGC5985,external_151,bulge_rich_hsb,17,0.18572627986092016,0.8846738309570427,5.552113216275064e-11,217.34533851415276
NGC5985,external_151,bulge_rich_hsb,18,0.17692977328534268,0.863317540164839,5.438675109831486e-11,218.97622559878835
NGC5985,external_151,bulge_rich_hsb,19,0.16925281915733142,0.8435013871087905,5.32060770051085e-11,219.8042060135084
NGC5985,external_151,bulge_rich_hsb,20,0.16009478892283033,0.8183149080210722,5.1562141915567545e-11,220.0531933124869
NGC5985,external_151,bulge_rich_hsb,21,0.1519853471966326,0.7945020301158394,4.989161900922357e-11,219.58743298451137
NGC5985,external_151,bulge_rich_hsb,22,0.1429090606767441,0.76596739313392,4.776845360025527e-11,218.42926825577914
NGC5985,external_151,bulge_rich_hsb,23,0.13733313933689348,0.7469225852693002,4.6238091007808724e-11,218.3683081459799
NGC5985,external_151,bulge_rich_hsb,24,0.13176315726258514,0.7271190473662713,4.4638308133683935e-11,217.90369086983293
NGC5985,external_151,bulge_rich_hsb,25,0.12515988636383446,0.7025907455022907,4.2652173856692275e-11,216.82645380506673
NGC5985,external_151,bulge_rich_hsb,26,0.11943107508987892,0.6803498111953512,4.0852982003487396e-11,215.42422963409422
NGC5985,external_151,bulge_rich_hsb,27,0.11263815790170373,0.6527742896339811,3.8632187495928326e-11,213.18995877899377
NGC5985,external_151,bulge_rich_hsb,28,0.10674362569006664,0.6277500554597075,3.6632556912102395e-11,210.7396140509496
NGC5985,external_151,bulge_rich_hsb,29,0.09677191458829558,0.5830095379491279,3.3110180727651814e-11,205.483769895933
NGC5985,external_151,bulge_rich_hsb,30,0.07858059165788459,0.49292403586623684,2.6155791813200866e-11,194.41734066112738
NGC5985,external_151,bulge_rich_hsb,31,0.064108338029714,0.41357550046946007,2.0388481097573785e-11,182.19299132855116
NGC5985,external_151,bulge_rich_hsb,32,0.05130581069117514,0.3380281387207886,1.5299555374026002e-11,168.0574174449268
NGC6015,external_151,bulge_rich_hsb,0,0.39731388555820296,0.9599845845684707,1.3277467719135829e-11,35.82426438794201
NGC6015,external_151,bulge_rich_hsb,1,0.3912044480298183,0.9654379220492306,1.4184365275731515e-11,49.84616833774163
NGC6015,external_151,bulge_rich_hsb,2,0.3849698791365726,0.9710594445888566,1.519701599305196e-11,60.37764131570974
NGC6015,external_151,bulge_rich_hsb,3,0.37880106481030007,0.97668300847472,1.6297152193053113e-11,68.82028959010547
NGC6015,external_151,bulge_rich_hsb,4,0.3723085116522954,0.9826736942374962,1.7575373984168656e-11,76.3539719866064
NGC6015,external_151,bulge_rich_hsb,5,0.3656788092869888,0.9888742586198398,1.9027157983239126e-11,83.0547128794951
NGC6015,external_151,bulge_rich_hsb,6,0.3589075655985979,0.9953024525107943,2.0687741218447572e-11,89.1544436317653
NGC6015,external_151,bulge_rich_hsb,7,0.3522020085880162,1.0017722868474115,2.2539995487829328e-11,94.65553317006263
NGC6015,external_151,bulge_rich_hsb,8,0.3451383824402157,1.0087105270182337,2.4756701267339112e-11,100.03750226236964
NGC6015,external_151,bulge_rich_hsb,9,0.3381401203534189,1.0157212899992158,2.7275627446922913e-11,105.09377795706422
NGC6015,external_151,bulge_rich_hsb,10,0.3307647568210339,1.0232722699956633,3.0355207089413576e-11,110.26724808328692
NGC6015,external_151,bulge_rich_hsb,11,0.3242706245937015,1.0261797169873226,3.2018032978758155e-11,113.9599394274179
NGC6015,external_151,bulge_rich_hsb,12,0.31778657284460055,1.0284230638524443,3.3539865799670325e-11,117.18714650401819
NGC6015,external_151,bulge_rich_hsb,13,0.3111768782987588,1.0306180567929553,3.515269790007238e-11,120.16187669298641
NGC6015,external_151,bulge_rich_hsb,14,0.30423158139385875,1.0328227931910676,3.691103582559321e-11,122.9948671009092
NGC6015,external_151,bulge_rich_hsb,15,0.2967234333020454,1.035086466683167,3.887836786078307e-11,125.7681018866607
NGC6015,external_151,bulge_rich_hsb,16,0.2896971915398594,1.0370894550970793,4.0771768724902507e-11,128.1265304718013
NGC6015,external_151,bulge_rich_hsb,17,0.28252913850223826,1.0390148175100025,4.274022834437676e-11,130.32169566601056
NGC6015,external_151,bulge_rich_hsb,18,0.27566246460005656,1.040744217931141,4.464071473753979e-11,132.23763280070946
NGC6015,external_151,bulge_rich_hsb,19,0.23044699523026185,1.0077068294926732,4.952810535215693e-11,140.98072943208618
NGC6015,external_151,bulge_rich_hsb,20,0.17889330435432146,0.8892642366802749,4.228564739391045e-11,139.83274166477833
NGC6015,external_151,bulge_rich_hsb,21,0.1589169272583331,0.8297192953924588,3.785588320078671e-11,135.91761529993843
NGC6015,external_151,bulge_rich_hsb,22,0.14804665511745052,0.7935086052497028,3.50970543231301e-11,135.0033717849913
NGC6015,external_151,bulge_rich_hsb,23,0.13758026097968626,0.755861758088174,3.227854025771871e-11,133.0521566306467
NGC6015,external_151,bulge_rich_hsb,24,0.1255822861705965,0.7090728620746936,2.886543833580158e-11,129.4784201689021
NGC6015,external_151,bulge_rich_hsb,25,0.11339121796813986,0.6572513425194497,2.522050072629719e-11,124.3009610969136
NGC6015,external_151,bulge_rich_hsb,26,0.10642460737070175,0.6258725048026095,2.303455123220231e-11,122.01806025688484
NGC6015,external_151,bulge_rich_hsb,27,0.10154604421262288,0.6031074014624288,2.1468991417383557e-11,120.3882533329323
NGC6015,external_151,bulge_rich_hsb,28,0.09572990907367647,0.5749945110405098,1.9583792772083272e-11,117.80203491025749
NGC6015,external_151,bulge_rich_hsb,29,0.0899069338295455,0.5457737746286697,1.768130010216981e-11,114.48770997258876
NGC6015,external_151,bulge_rich_hsb,30,0.08499961088424723,0.5204543588297866,1.6094675132161707e-11,111.65572820302496
NGC6015,external_151,bulge_rich_hsb,31,0.08210257289846314,0.5053708336854162,1.519214318527786e-11,110.48755387666907
NGC6015,external_151,bulge_rich_hsb,32,0.07866599968666915,0.487135924557621,1.4121433439930825e-11,108.74060615184725
NGC6015,external_151,bulge_rich_hsb,33,0.0752035969702227,0.46838924206836235,1.3044032787193891e-11,106.57503214340348
NGC6015,external_151,bulge_rich_hsb,34,0.07176050339380603,0.44937722330039037,1.1975929971703439e-11,104.00868620041346
NGC6015,external_151,bulge_rich_hsb,35,0.06960590809459988,0.4374950476435883,1.1382632032834094e-11,103.06318156387367
NGC6015,external_151,bulge_rich_hsb,36,0.06711865902616355,0.4236026150765749,1.0700494606409098e-11,101.74156095194536
NGC6015,external_151,bulge_rich_hsb,37,0.06458857743109768,0.40927934480853634,1.0010333902581306e-11,100.14062821654633
NGC6015,external_151,bulge_rich_hsb,38,0.06207439383861982,0.39485670820108154,9.328958379496564e-12,98.28797353202359
NGC6015,external_151,bulge_rich_hsb,39,0.06011100450650217,0.3835196066612512,8.828256685986068e-12,96.9905996691447
NGC6015,external_151,bulge_rich_hsb,40,0.05808206247852073,0.3717485612322017,8.345476350124455e-12,95.85245498627035
NGC6015,external_151,bulge_rich_hsb,41,0.056020316070063594,0.3596664668671306,7.858917202683234e-12,94.51532638333605
NGC6015,external_151,bulge_rich_hsb,42,0.054263133417873526,0.34927440695689094,7.447782565172233e-12,93.23027064340208
NGC6015,external_151,bulge_rich_hsb,43,0.05220403155583856,0.3369909369352064,6.972543028707683e-12,91.57964646259938
NGC6195,external_151,bulge_rich_hsb,0,0.3218296846939297,1.043434900008409,3.4019678812616066e-11,65.27522550930166
NGC6195,external_151,bulge_rich_hsb,1,0.3170628259898717,1.0361796640029652,3.469928084681995e-11,86.62224472370595
NGC6195,external_151,bulge_rich_hsb,2,0.31232487417712623,1.0287263363130421,3.537410682545296e-11,103.3847719155097
NGC6195,external_151,bulge_rich_hsb,3,0.307422977596101,1.0207498672903952,3.6070198277385864e-11,118.08977036188607
NGC6195,external_151,bulge_rich_hsb,4,0.30245069574200995,1.012370818398408,3.677250899806197e-11,131.1867477471598
NGC6195,external_151,bulge_rich_hsb,5,0.29750709460804514,1.0037391946270409,3.7465221428603306e-11,142.89176339662745
NGC6195,external_151,bulge_rich_hsb,6,0.29260219223340866,0.9979714464175026,3.844956619239733e-11,153.88721696400208
NGC6195,external_151,bulge_rich_hsb,7,0.2879881533027575,0.9975536702826644,3.9915658877951676e-11,164.10398971240227
NGC6195,external_151,bulge_rich_hsb,8,0.2831214234126598,0.9970186614201896,4.1520465004564977e-11,174.22995529530937
NGC6195,external_151,bulge_rich_hsb,9,0.2780902871960502,0.9963606172288961,4.324338106772767e-11,184.13295141767222
NGC6195,external_151,bulge_rich_hsb,10,0.2732843540986421,0.995629170320763,4.4950320703566814e-11,193.15603719531444
NGC6195,external_151,bulge_rich_hsb,11,0.2684140035665742,0.9947819698897215,4.674116876136252e-11,201.9420367427012
NGC6195,external_151,bulge_rich_hsb,12,0.2634779317104015,0.9938107907778547,4.8618450877762564e-11,210.54117992275573
NGC6195,external_151,bulge_rich_hsb,13,0.25854723829327564,0.991290813737465,5.0180897958912035e-11,218.52658687360818
NGC6195,external_151,bulge_rich_hsb,14,0.2527121627488983,0.9853180145864234,5.131258392462067e-11,226.86646914384485
NGC6195,external_151,bulge_rich_hsb,15,0.24826251107279526,0.9805685658155313,5.215400557869496e-11,232.89075643244507
NGC6195,external_151,bulge_rich_hsb,16,0.24019091230572526,0.971500053342145,5.362112235557235e-11,243.1428345233224
NGC6195,external_151,bulge_rich_hsb,17,0.23400933667226362,0.9641381137933303,5.4682095540848696e-11,250.44773589020642
NGC6195,external_151,bulge_rich_hsb,18,0.21615532695393141,0.9380752240439136,5.6378761406485787e-11,268.0751851785768
NGC6195,external_151,bulge_rich_hsb,19,0.1975888215092414,0.9036592403652998,5.60922220117447e-11,280.7096220093444
NGC6195,external_151,bulge_rich_hsb,20,0.17969084043159192,0.8641011650632002,5.4372706960675906e-11,288.6517943278335
NGC6195,external_151,bulge_rich_hsb,21,0.16164954536716927,0.8166477103434586,5.114541064256259e-11,292.1145388459811
NGC6195,external_151,bulge_rich_hsb,22,0.14477937727492657,0.7655210616627486,4.710908709928611e-11,291.6997997667591
NGC6503,calibration_24,bulge_rich_hsb,0,0.422792856524421,0.8160592621588585,7.21812116056013e-12,57.88020668340268
NGC6503,calibration_24,bulge_rich_hsb,1,0.41086301299353745,0.8544165370909756,8.932979433770326e-12,79.09310779883444
NGC6503,calibration_24,bulge_rich_hsb,2,0.39842962486008354,0.8993147540056359,1.146842027921055e-11,93.67248764030478
NGC6503,calibration_24,bulge_rich_hsb,3,0.38437846578474644,0.9445778457147168,1.4097472568036334e-11,102.19635119576677
NGC6503,calibration_24,bulge_rich_hsb,4,0.369660840792109,0.9928862758831385,1.7502066370600432e-11,107.12383105134215
NGC6503,calibration_24,bulge_rich_hsb,5,0.35401131545450504,1.0473094672288323,2.2681933309432913e-11,110.18030360897185
NGC6503,calibration_24,bulge_rich_hsb,6,0.3365064140699439,1.0671092353583165,2.7139732442336322e-11,114.26926480956837
NGC6503,calibration_24,bulge_rich_hsb,7,0.31753088001223284,1.0692257579459072,3.093271139089638e-11,118.31001051947268
NGC6503,calibration_24,bulge_rich_hsb,8,0.29743801218325094,1.070423739270075,3.528850439487471e-11,121.74980855177087
NGC6503,calibration_24,bulge_rich_hsb,9,0.27659223842034986,1.0582599927217287,3.8117695183395306e-11,124.91060795355753
NGC6503,calibration_24,bulge_rich_hsb,10,0.2548815028522167,1.031671118915255,3.887297632680599e-11,127.06645159467992
NGC6503,calibration_24,bulge_rich_hsb,11,0.23182729276036046,0.9983170924859874,3.8474046939521944e-11,127.19724485723575
NGC6503,calibration_24,bulge_rich_hsb,12,0.21018429941107866,0.9591084415594798,3.6640458125990285e-11,125.7355269778435
NGC6503,calibration_24,bulge_rich_hsb,13,0.1906708155357683,0.9140484881013923,3.4009817153495084e-11,124.02991303487772
NGC6503,calibration_24,bulge_rich_hsb,14,0.1712453174446338,0.862392646502352,3.06796639700196e-11,120.24565994564927
NGC6503,calibration_24,bulge_rich_hsb,15,0.15272576148063974,0.8056197997458068,2.689489514540279e-11,114.89539576665258
NGC6503,calibration_24,bulge_rich_hsb,16,0.140207884897343,0.762371552081986,2.421546414582379e-11,111.68637880628293
NGC6503,calibration_24,bulge_rich_hsb,17,0.12554251816078,0.7064903165135948,2.083893397939652e-11,106.26875595235339
NGC6503,calibration_24,bulge_rich_hsb,18,0.1129248812321821,0.6535405013266399,1.7765979595213015e-11,100.19069194780256
NGC6503,calibration_24,bulge_rich_hsb,19,0.10520427426182102,0.6190905173504931,1.5936742111663933e-11,97.02589415555283
NGC6503,calibration_24,bulge_rich_hsb,20,0.09745517961994453,0.5826724537729008,1.406375724914227e-11,93.03724226026591
NGC6503,calibration_24,bulge_rich_hsb,21,0.08946173212308758,0.5431251570226295,1.210138759989348e-11,87.98466777943159
NGC6503,calibration_24,bulge_rich_hsb,22,0.08342622976401025,0.5122667803565826,1.0726935935279754e-11,84.72559234831223
NGC6503,calibration_24,bulge_rich_hsb,23,0.07838654221114488,0.48567813665215476,9.595954092269136e-12,81.66375722560846
NGC6503,calibration_24,bulge_rich_hsb,24,0.07329112783223315,0.4579852385694547,8.45281124047738e-12,78.01523244256258
NGC6503,calibration_24,bulge_rich_hsb,25,0.06938190793495745,0.43639334421230797,7.65853367620328e-12,75.60811600136249
NGC6503,calibration_24,bulge_rich_hsb,26,0.0657900309847181,0.41621828970647273,6.962696896100972e-12,73.36790959237707
NGC6503,calibration_24,bulge_rich_hsb,27,0.06167901700617336,0.39265240634543,6.172993321485373e-12,70.39907183652595
NGC6503,calibration_24,bulge_rich_hsb,28,0.0586193020821147,0.3749004724117143,5.639241696890251e-12,68.41572587826583
NGC6503,calibration_24,bulge_rich_hsb,29,0.05585187183101935,0.3586727173628823,5.187841130733616e-12,66.69259899626334
NGC6503,calibration_24,bulge_rich_hsb,30,0.05302987493053563,0.3419031090435788,4.733319001965813e-12,64.72038253135824
NGC6674,external_151,bulge_rich_hsb,0,0.3410593804815595,1.050618791152188,3.5232660791875247e-11,107.81704643325685
NGC6674,external_151,bulge_rich_hsb,1,0.29146410767654646,1.02704690575206,5.1192618880795706e-11,183.41680989786994
NGC6674,external_151,bulge_rich_hsb,2,0.24022543301918522,0.982501276973743,6.149407917509853e-11,222.34257265236062
NGC6674,external_151,bulge_rich_hsb,3,0.18573814316625722,0.9040505449046998,5.976018213374291e-11,230.29082332629847
NGC6674,external_151,bulge_rich_hsb,4,0.13308670078237805,0.7430607420757718,4.605975576389028e-11,224.2629934885088
NGC6674,external_151,bulge_rich_hsb,5,0.08689203239608695,0.5412858981759421,2.902062217242333e-11,197.15804938302898
NGC6674,external_151,bulge_rich_hsb,6,0.05858767083751825,0.38474406888137885,1.7440036527958248e-11,169.57961807755046
NGC6674,external_151,bulge_rich_hsb,7,0.04131861135480075,0.27735541468869196,1.0576757622089313e-11,145.50550648069049
NGC6674,external_151,bulge_rich_hsb,8,0.02951099657927595,0.19969794421232015,6.282029757136885e-12,122.44542122222995
NGC6674,external_151,bulge_rich_hsb,9,0.024047288840199882,0.16288917045956885,4.442536133593486e-12,110.2910651762885
NGC6674,external_151,bulge_rich_hsb,10,0.01944807920766804,0.1315967319279532,3.0442681950165713e-12,97.02180035492314
NGC6674,external_151,bulge_rich_hsb,11,0.016684791105057842,0.11276114586508429,2.284435526274257e-12,88.39707565238412
NGC6674,external_151,bulge_rich_hsb,12,0.014501442443226134,0.09788040838278923,1.7459203349419826e-12,80.82867897276357
NGC6674,external_151,bulge_rich_hsb,13,0.012777212218480525,0.08615044512629746,1.3651232988643925e-12,74.38406383501498
NGC6674,external_151,bulge_rich_hsb,14,0.011432597125617403,0.07704089641002602,1.109040484155256e-12,69.74969661906121
NGC6789,external_151,low_mass_dwarf,0,0.3696271424123956,1.042133396596804,1.0636092763750297e-11,9.86508661845986
NGC6789,external_151,low_mass_dwarf,1,0.358439075489052,0.997325708847555,9.974697882458976e-12,16.37009423809952
NGC6789,external_151,low_mass_dwarf,2,0.3413190105856623,0.9806682020340193,1.0659527093956386e-11,20.69764824030716
NGC6789,external_151,low_mass_dwarf,3,0.31664781333459896,1.0177223841885166,1.4362958317829466e-11,24.803985871010777
NGC6946,calibration_24,bulge_rich_hsb,0,0.4077215890801741,0.9393746516896893,1.4471021880738994e-11,34.37102706892606
NGC6946,calibration_24,bulge_rich_hsb,1,0.4022204591930428,0.9462742291822572,1.5429224124317753e-11,58.32113913015537
NGC6946,calibration_24,bulge_rich_hsb,2,0.39646325563556994,0.9536338767128553,1.6528477301210275e-11,74.65828919011405
NGC6946,calibration_24,bulge_rich_hsb,3,0.39214963793681973,0.9592468581705217,1.742499883266933e-11,84.30764805799953
NGC6946,calibration_24,bulge_rich_hsb,4,0.38635402303171695,0.9669296928002438,1.8741259590087534e-11,95.14317364001016
NGC6946,calibration_24,bulge_rich_hsb,5,0.380446826406557,0.9749379608949997,2.0233773841583812e-11,104.44632860272891
NGC6946,calibration_24,bulge_rich_hsb,6,0.37426041154746365,0.9835307255296616,2.1988070192238006e-11,112.84457445752115
NGC6946,calibration_24,bulge_rich_hsb,7,0.3681169193844834,0.9922879368772497,2.395957910891648e-11,120.1757501607297
NGC6946,calibration_24,bulge_rich_hsb,8,0.3633870027674688,0.9991929984149043,2.566141870332148e-11,125.29549891069826
NGC6946,calibration_24,bulge_rich_hsb,9,0.35685340646370006,1.0089811718722543,2.8327668129245625e-11,131.79949583271747
NGC6946,calibration_24,bulge_rich_hsb,10,0.3508448638160505,1.0184810536170972,3.0865915961322806e-11,137.2646181391203
NGC6946,calibration_24,bulge_rich_hsb,11,0.345569994333817,1.027451210571724,3.26223466365165e-11,141.31402606259843
NGC6946,calibration_24,bulge_rich_hsb,12,0.3416280638096704,1.0341975152450125,3.401824486572728e-11,143.9509006844236
NGC6946,calibration_24,bulge_rich_hsb,13,0.33634566249917497,1.0432987426681317,3.6010362382161885e-11,147.03561755646697
NGC6946,calibration_24,bulge_rich_hsb,14,0.3308315271032334,1.0528778265412677,3.825180616542875e-11,149.78641732852245
NGC6946,calibration_24,bulge_rich_hsb,15,0.3253737366118606,1.0624430558840758,4.0649632322798255e-11,152.1158213211894
NGC6946,calibration_24,bulge_rich_hsb,16,0.31982618569373145,1.0722566654196002,4.328836750030727e-11,154.15721723641389
NGC6946,calibration_24,bulge_rich_hsb,17,0.31556701257386455,1.0798570086134833,4.5464863643274154e-11,155.54572515659189
NGC6946,calibration_24,bulge_rich_hsb,18,0.3097006566328501,1.090424447991392,4.869643673844504e-11,157.26614254473398
NGC6946,calibration_24,bulge_rich_hsb,19,0.3038912375717977,1.1010091700192226,5.218648956847387e-11,158.82022772347736
NGC6946,calibration_24,bulge_rich_hsb,20,0.29744400125946596,1.1086154947224418,5.55769216323762e-11,160.53682044097553
NGC6946,calibration_24,bulge_rich_hsb,21,0.29126825327318306,1.1014856083729818,5.610367503782043e-11,162.31091195553188
NGC6946,calibration_24,bulge_rich_hsb,22,0.28293895447567646,1.0913901797668122,5.669321657812232e-11,164.40332132415276
NGC6946,calibration_24,bulge_rich_hsb,23,0.27417826275920504,1.080137097125947,5.714762501271247e-11,166.2328427563097
NGC6946,calibration_24,bulge_rich_hsb,24,0.26543994764476797,1.0682138124488434,5.741355211145765e-11,167.6744711695947
NGC6946,calibration_24,bulge_rich_hsb,25,0.2562437085006461,1.0548495765569095,5.747125763619458e-11,168.76819387904808
NGC6946,calibration_24,bulge_rich_hsb,26,0.24931881794620808,1.044190589369766,5.735189976746526e-11,169.29567988576525
NGC6946,calibration_24,bulge_rich_hsb,27,0.23996782058044414,1.0289189630594713,5.695201525289856e-11,169.58693347849874
NGC6946,calibration_24,bulge_rich_hsb,28,0.23038091982496112,1.0121253995837154,5.623814673126438e-11,169.35735889208738
NGC6946,calibration_24,bulge_rich_hsb,29,0.2202798615930485,0.9930647818339033,5.513150644475479e-11,168.4989139667434
NGC6946,calibration_24,bulge_rich_hsb,30,0.2126656545772543,0.9776840673783235,5.4044628186313946e-11,167.4052358792275
NGC6946,calibration_24,bulge_rich_hsb,31,0.205265461707644,0.9612719145736875,5.277004117089856e-11,167.1489281492643
NGC6946,calibration_24,bulge_rich_hsb,32,0.19850309209899486,0.9452301643492426,5.1491034042940235e-11,167.15036675916295
NGC6946,calibration_24,bulge_rich_hsb,33,0.1918071770728454,0.9285740444840637,5.0133280449776135e-11,166.84729153698473
NGC6946,calibration_24,bulge_rich_hsb,34,0.18481282818455566,0.9103047793830877,4.861818227427591e-11,166.20354541852743
NGC6946,calibration_24,bulge_rich_hsb,35,0.1795811336838129,0.896025030685293,4.742049702802169e-11,165.5003213982648
NGC6946,calibration_24,bulge_rich_hsb,36,0.17256394469744454,0.8759988007484648,4.572811537182723e-11,164.2535140815004
NGC6946,calibration_24,bulge_rich_hsb,37,0.165231045825575,0.8539411027646224,4.385547350432313e-11,162.57014196563404
NGC6946,calibration_24,bulge_rich_hsb,38,0.1579651452515588,0.8308737662472706,4.1896665509972415e-11,160.50671615153888
NGC6946,calibration_24,bulge_rich_hsb,39,0.15057164802174353,0.8060863264284173,3.980028579452829e-11,157.98806592607914
NGC6946,calibration_24,bulge_rich_hsb,40,0.14488968638040026,0.7860849755878029,3.812040994465284e-11,155.75407924617494
NGC6946,calibration_24,bulge_rich_hsb,41,0.13941624270609634,0.766062160923361,3.643746325594952e-11,153.93955050011525
NGC6946,calibration_24,bulge_rich_hsb,42,0.13566928862428837,0.7519556260065916,3.52496274053214e-11,153.09325747387405
NGC6946,calibration_24,bulge_rich_hsb,43,0.13178695004208488,0.7369370702637584,3.399941248706915e-11,152.02776399890396
NGC6946,calibration_24,bulge_rich_hsb,44,0.12890388809944958,0.7255131298078648,3.3058585685668464e-11,151.11091472630596
NGC6946,calibration_24,bulge_rich_hsb,45,0.12506462981229,0.7099337565167445,3.178992627779086e-11,149.72151023288725
NGC6946,calibration_24,bulge_rich_hsb,46,0.12108622106869729,0.6933385362273918,3.0457090565580955e-11,148.07541149638305
NGC6946,calibration_24,bulge_rich_hsb,47,0.11717758797839817,0.676577263997735,2.913062343214612e-11,146.24944152280062
NGC6946,calibration_24,bulge_rich_hsb,48,0.11323403529315211,0.6591975356762155,2.7776393861732133e-11,144.19246229633757
NGC6946,calibration_24,bulge_rich_hsb,49,0.11011842747650535,0.6451278301323786,2.66960422272828e-11,142.41103694501064
NGC6946,calibration_24,bulge_rich_hsb,50,0.10611141322380385,0.6265857658241905,2.5294293281690784e-11,139.911343881619
NGC6946,calibration_24,bulge_rich_hsb,51,0.10288829271783759,0.6113772885266094,2.415832549867085e-11,138.00639128794023
NGC6946,calibration_24,bulge_rich_hsb,52,0.10072961995278669,0.6011447063602585,2.3394550736908627e-11,137.11797485642552
NGC6946,calibration_24,bulge_rich_hsb,53,0.09913235960680163,0.5934794746890308,2.2827589512319474e-11,136.3893383931681
NGC6946,calibration_24,bulge_rich_hsb,54,0.09701297085231302,0.5831846383735623,2.2073132623949935e-11,135.32802896965475
NGC6946,calibration_24,bulge_rich_hsb,55,0.09482589607629209,0.5724121395907891,2.1292287790973648e-11,134.1185488595748
NGC6946,calibration_24,bulge_rich_hsb,56,0.09268617198175669,0.5617258604658719,2.0526419851425428e-11,132.8212953868063
NGC6946,calibration_24,bulge_rich_hsb,57,0.09047806196535088,0.5505450303654328,1.9734430708346383e-11,131.36240187582322
NGC7331,external_151,bulge_rich_hsb,0,0.3909147168774957,0.9667905359430717,3.1326008388294864e-11,208.1247800148832
NGC7331,external_151,bulge_rich_hsb,1,0.38722683771826494,0.9708377956222141,3.278386437126505e-11,225.69058209690314
NGC7331,external_151,bulge_rich_hsb,2,0.38356356725460894,0.9749262186560927,3.433337761271003e-11,240.94833171400347
NGC7331,external_151,bulge_rich_hsb,3,0.37985623396856194,0.9791364954726292,3.6015281516571654e-11,254.61291739486506
NGC7331,external_151,bulge_rich_hsb,4,0.37666846206455096,0.9861591109534135,3.7638149170341274e-11,266.24857598788924
NGC7331,external_151,bulge_rich_hsb,5,0.37443458393184464,0.9973331513641323,3.8982340040708005e-11,275.03705092944824
NGC7331,external_151,bulge_rich_hsb,6,0.37222644955175826,1.0084464086163727,4.037306379085198e-11,282.3099725122717
NGC7331,external_151,bulge_rich_hsb,7,0.37000267131033027,1.0197054548414508,4.184023010544825e-11,288.35289375965027
NGC7331,external_151,bulge_rich_hsb,8,0.3654648009031217,1.042883928209324,4.50612941819813e-11,297.1310708614955
NGC7331,external_151,bulge_rich_hsb,9,0.3608610836450585,1.0666667465173587,4.867933083884305e-11,301.7127692642324
NGC7331,external_151,bulge_rich_hsb,10,0.3559045429049496,1.0842735601885247,5.199429654875115e-11,305.0415108550118
NGC7331,external_151,bulge_rich_hsb,11,0.3505848331357946,1.0916974784613696,5.4290751041789554e-11,309.3827325661952
NGC7331,external_151,bulge_rich_hsb,12,0.34496670690029557,1.099621808820653,5.6745229123924694e-11,311.4261014229858
NGC7331,external_151,bulge_rich_hsb,13,0.33919713317873296,1.10785554491724,5.924363509903402e-11,310.97022809124775
NGC7331,external_151,bulge_rich_hsb,14,0.3331254627297494,1.115144233897522,6.163335882426594e-11,308.6581941203962
NGC7331,external_151,bulge_rich_hsb,15,0.32474044247576467,1.113216916973856,6.380494277585483e-11,310.0635454877874
NGC7331,external_151,bulge_rich_hsb,16,0.31622175834264565,1.1109891638424618,6.578826759200063e-11,309.79342714935945
NGC7331,external_151,bulge_rich_hsb,17,0.3082219423615936,1.1086335201716713,6.734200393251178e-11,307.9653910446378
NGC7331,external_151,bulge_rich_hsb,18,0.2992786249155833,1.1056767740165312,6.855889350233993e-11,303.99329306136593
NGC7331,external_151,bulge_rich_hsb,19,0.28757445502402423,1.0943298512728517,6.944272083370995e-11,303.1190256232711
NGC7331,external_151,bulge_rich_hsb,20,0.27487730551397344,1.0792453496938854,6.983655844706309e-11,302.16147163245057
NGC7331,external_151,bulge_rich_hsb,21,0.2615952910061656,1.0619125827887013,6.947920917768902e-11,299.33187594016806
NGC7331,external_151,bulge_rich_hsb,22,0.24794636354217772,1.042232663189654,6.814127340923709e-11,294.2238496200474
NGC7331,external_151,bulge_rich_hsb,23,0.23522389427124415,1.0209671409365895,6.631380993866903e-11,289.9848352835479
NGC7331,external_151,bulge_rich_hsb,24,0.22098562349372192,0.9935861560416588,6.402644754723009e-11,286.6035631209862
NGC7331,external_151,bulge_rich_hsb,25,0.20634526173052586,0.9624077695016237,6.09898514623714e-11,281.2259926505578
NGC7331,external_151,bulge_rich_hsb,26,0.19100060148581033,0.9259649598429852,5.704409058955052e-11,273.3317929370735
NGC7331,external_151,bulge_rich_hsb,27,0.17615005160998407,0.8864985231389321,5.259989286317457e-11,264.08556477597
NGC7331,external_151,bulge_rich_hsb,28,0.1641522060062289,0.8513505666794758,4.90649761291568e-11,258.1440206029087
NGC7331,external_151,bulge_rich_hsb,29,0.15306286074030034,0.8160269584575326,4.5528277427175866e-11,251.28131581038485
NGC7331,external_151,bulge_rich_hsb,30,0.1403779719833121,0.771943339738442,4.117901034673053e-11,241.68839482997038
NGC7331,external_151,bulge_rich_hsb,31,0.12742905367001797,0.7225011060031947,3.642787257777061e-11,229.78816677020896
NGC7331,external_151,bulge_rich_hsb,32,0.11850195291342333,0.6859387158039877,3.3189150294329135e-11,222.35035011909352
NGC7331,external_151,bulge_rich_hsb,33,0.11005112801928787,0.6492246936733985,3.007242882830412e-11,214.5444573242713
NGC7331,external_151,bulge_rich_hsb,34,0.1013561579048348,0.6091608528644372,2.679260997172777e-11,205.23117535224847
NGC7331,external_151,bulge_rich_hsb,35,0.09331033631585083,0.5699514481518172,2.3708548332063744e-11,195.35532984373114
NGC7793,external_151,bulge_rich_hsb,0,0.42984674719313765,0.8080343553860242,5.670372539337695e-12,19.21162992175944
NGC7793,external_151,bulge_rich_hsb,1,0.4291696552307225,0.8092491156254448,5.723319229057853e-12,21.627695786080867
NGC7793,external_151,bulge_rich_hsb,2,0.4284909531797484,0.8104737300945063,5.777125506422294e-12,23.781917198102075
NGC7793,external_151,bulge_rich_hsb,3,0.4275835025875478,0.8121221112097002,5.8502398073281164e-12,26.357056481533668
NGC7793,external_151,bulge_rich_hsb,4,0.4269010212551721,0.8133702467053495,5.906132495978967e-12,28.11668023091525
NGC7793,external_151,bulge_rich_hsb,5,0.42598851057370496,0.8150504941221518,5.982107236777142e-12,30.28277993476298
NGC7793,external_151,bulge_rich_hsb,6,0.42507308938739286,0.8167494161233684,6.059790243668193e-12,32.28095629649602
NGC7793,external_151,bulge_rich_hsb,7,0.42438460509216636,0.8180360724798846,6.119207483387082e-12,33.68752545446242
NGC7793,external_151,bulge_rich_hsb,8,0.42346405690856254,0.8197685202973293,6.200017573699714e-12,35.45814064670807
NGC7793,external_151,bulge_rich_hsb,9,0.42277171121541474,0.8210807351595875,6.261848855036752e-12,36.7170282328038
NGC7793,external_151,bulge_rich_hsb,10,0.4218459928414401,0.8228478261342883,6.345973081595165e-12,38.31462540991794
NGC7793,external_151,bulge_rich_hsb,11,0.4211497531737753,0.8241864563075217,6.4103642274006855e-12,39.45833337422072
NGC7793,external_151,bulge_rich_hsb,12,0.42021882092980334,0.8259893586453947,6.498004784255737e-12,40.91815361925868
NGC7793,external_151,bulge_rich_hsb,13,0.41951865434355057,0.8273553001495106,6.565113541814963e-12,41.96848085524558
NGC7793,external_151,bulge_rich_hsb,14,0.41858246405653726,0.8291952358134003,6.656489328694372e-12,43.31489825202982
NGC7793,external_151,bulge_rich_hsb,15,0.4178783372349538,0.8305894261239543,6.726486614749402e-12,44.28733536274727
NGC7793,external_151,bulge_rich_hsb,16,0.41717250287718105,0.8319960208258794,6.797777720669043e-12,45.23008958712266
NGC7793,external_151,bulge_rich_hsb,17,0.4162287234798374,0.8338910943628755,6.894906305278368e-12,46.444119029960646
NGC7793,external_151,bulge_rich_hsb,18,0.4121833251467267,0.8422054218321295,7.336176505149125e-12,51.133599173491575
NGC7793,external_151,bulge_rich_hsb,19,0.4078383990453658,0.8514994957685644,7.860311041328893e-12,55.432543349367194
NGC7793,external_151,bulge_rich_hsb,20,0.40367546445161323,0.8607841692123336,8.419147240379814e-12,59.00644954967854
NGC7793,external_151,bulge_rich_hsb,21,0.3976686631374703,0.8813203303834815,9.239603238580074e-12,61.95711315622546
NGC7793,external_151,bulge_rich_hsb,22,0.39157429654462705,0.9037139148343398,1.0172546158725985e-11,64.29118226778377
NGC7793,external_151,bulge_rich_hsb,23,0.38498556198611195,0.9286045927797916,1.1337155613474775e-11,66.44123663596956
NGC7793,external_151,bulge_rich_hsb,24,0.3786304849809669,0.9533007171975256,1.2652005832355106e-11,68.23649563495393
NGC7793,external_151,bulge_rich_hsb,25,0.3717568438208349,0.9807924381692463,1.4346638129378314e-11,69.96940464211856
NGC7793,external_151,bulge_rich_hsb,26,0.36512396190558205,1.008108013020541,1.6337194996506007e-11,71.5417365527316
NGC7793,external_151,bulge_rich_hsb,27,0.3579465266626792,1.0385548950555912,1.9036866340433716e-11,73.28158568882988
NGC7793,external_151,bulge_rich_hsb,28,0.3515377951035915,1.0503444277023053,2.075237647322245e-11,75.02623504328437
NGC7793,external_151,bulge_rich_hsb,29,0.34523444714981566,1.0542327979234993,2.1965133185651274e-11,76.68728460829168
NGC7793,external_151,bulge_rich_hsb,30,0.3384253575776198,1.0584095983498991,2.3374379299528637e-11,78.38492234292795
NGC7793,external_151,bulge_rich_hsb,31,0.3310826406367567,1.0628884916387016,2.5020632364316716e-11,80.1391217918323
NGC7793,external_151,bulge_rich_hsb,32,0.3243732965891753,1.0669602334689723,2.6650987754947173e-11,81.70399078220396
NGC7793,external_151,bulge_rich_hsb,33,0.3171210104573757,1.071341540302612,2.8562187155384494e-11,83.3874604944249
NGC7793,external_151,bulge_rich_hsb,34,0.31012720480829903,1.0755495411011815,3.056585089239179e-11,85.03353828825335
NGC7793,external_151,bulge_rich_hsb,35,0.3034200867185613,1.0749421933735508,3.195790160399656e-11,86.58394840203424
NGC7793,external_151,bulge_rich_hsb,36,0.2965269953569023,1.0701210671745665,3.281212346957575e-11,88.04005111999925
NGC7793,external_151,bulge_rich_hsb,37,0.2898904069545674,1.0652034678542002,3.360163231597018e-11,89.3368096347289
NGC7793,external_151,bulge_rich_hsb,38,0.2827255688615981,1.0595728690995276,3.440668127065059e-11,90.61942254335607
NGC7793,external_151,bulge_rich_hsb,39,0.26837176532382734,1.0472042677471978,3.581732738767402e-11,92.80049053258372
NGC7793,external_151,bulge_rich_hsb,40,0.2481433824673678,1.0227869774180185,3.657487639185371e-11,95.21333986969131
NGC7793,external_151,bulge_rich_hsb,41,0.2289633351113622,0.9902045916832423,3.579465787151177e-11,96.61009665607327
NGC7793,external_151,bulge_rich_hsb,42,0.20969186569059822,0.952423389523935,3.419784476345738e-11,96.63221490080872
NGC7793,external_151,bulge_rich_hsb,43,0.19522994917811323,0.9188887751232062,3.239796969643128e-11,96.81397841124968
NGC7793,external_151,bulge_rich_hsb,44,0.17993492239012254,0.8794001953207727,3.00864987763356e-11,95.83934063771495
NGC7793,external_151,bulge_rich_hsb,45,0.16780411878283244,0.8448890577269942,2.8013460455707163e-11,95.00226773554901
NGC7814,external_151,bulge_rich_hsb,0,0.40730200472368705,0.8888545700236024,7.92212820879864e-12,39.63064233087182
NGC7814,external_151,bulge_rich_hsb,1,0.3895027375463422,0.9161449935439318,1.0175452249926204e-11,63.60222147353271
NGC7814,external_151,bulge_rich_hsb,2,0.3678051521141722,0.9611239488492697,1.3675731621841392e-11,77.64975345940766
NGC7814,external_151,bulge_rich_hsb,3,0.3416476321509377,1.023333266977456,2.0140023773789724e-11,88.46139603044482
NGC7814,external_151,bulge_rich_hsb,4,0.3135033489665431,1.040328579771969,2.6233514726357434e-11,98.25078604235719
NGC7814,external_151,bulge_rich_hsb,5,0.283205268194068,1.0422056546217162,3.2921656341628133e-11,107.43724655974866
NGC7814,external_151,bulge_rich_hsb,6,0.2505944068071445,1.0101044863559354,3.598780930669427e-11,114.1923451468993
NGC7814,external_151,bulge_rich_hsb,7,0.21570321195670364,0.9618311773195627,3.686391700803617e-11,117.72915510760447
NGC7814,external_151,bulge_rich_hsb,8,0.18178221474431996,0.8875484055456141,3.401138165003329e-11,117.55708534060032
NGC7814,external_151,bulge_rich_hsb,9,0.1470816640517447,0.7887114959075925,2.8835617493847942e-11,112.6567061886553
NGC7814,external_151,bulge_rich_hsb,10,0.11955719994630798,0.6878138458338721,2.3462136344758424e-11,106.08618500386355
NGC7814,external_151,bulge_rich_hsb,11,0.09473384116774845,0.5780483472605089,1.7929937338553608e-11,96.83213372827717
NGC7814,external_151,bulge_rich_hsb,12,0.07372187205825828,0.4698521507703925,1.300812674005846e-11,86.60326646201482
NGC7814,external_151,bulge_rich_hsb,13,0.05857186979917475,0.3832028442624921,9.468173683397491e-12,77.22798985413
NGC7814,external_151,bulge_rich_hsb,14,0.046532250313188576,0.30958329914224536,6.771841055879385e-12,68.25915038959347
NGC7814,external_151,bulge_rich_hsb,15,0.03711083376519622,0.2493827444596424,4.798934473705469e-12,60.14316816701315
NGC7814,external_151,bulge_rich_hsb,16,0.02996626930433917,0.2024468034896532,3.423498746322341e-12,52.90496947387908
NGC7814,external_151,bulge_rich_hsb,17,0.025196714417372913,0.17062057189233465,2.581108649121316e-12,47.678196387489244
PGC51017,external_151,low_mass_dwarf,0,0.3046150700785786,1.0325677127423512,1.4373721013530956e-11,15.552794393347465
PGC51017,external_151,low_mass_dwarf,1,0.2610695332284314,0.9756264409455707,1.6267973002432866e-11,26.81407606806485
PGC51017,external_151,low_mass_dwarf,2,0.2256401272549481,0.9504508141235104,1.783204694945167e-11,34.2120085115317
PGC51017,external_151,low_mass_dwarf,3,0.20026103479999624,0.9016069413208394,1.721251397190449e-11,39.055992791288844
PGC51017,external_151,low_mass_dwarf,4,0.18170804828595405,0.8597189962042677,1.6491937734666445e-11,42.94347973425439
PGC51017,external_151,low_mass_dwarf,5,0.16610711820441365,0.8196575039652017,1.577051367972174e-11,46.17466088611344
UGC00128,external_151,low_mass_dwarf,0,0.17858559669567536,0.8586590130609479,2.9089983219825807e-11,39.248138832799086
UGC00128,external_151,low_mass_dwarf,1,0.1490611705274661,0.7661833485573579,2.704967137252938e-11,65.49629608937784
UGC00128,external_151,low_mass_dwarf,2,0.12178028088630287,0.6658090279046424,2.3884907310273265e-11,79.65824195306342
UGC00128,external_151,low_mass_dwarf,3,0.10053955344370279,0.582369737742576,2.030576518161492e-11,87.00806978682195
UGC00128,external_151,low_mass_dwarf,4,0.08071769227952262,0.49202105896185433,1.6389495522499035e-11,89.15744671046653
UGC00128,external_151,low_mass_dwarf,5,0.06738667643448358,0.4223009074138667,1.339324030832148e-11,89.91042847048602
UGC00128,external_151,low_mass_dwarf,6,0.054357332702725955,0.3489757072036391,1.0417601698041924e-11,87.4629820858448
UGC00128,external_151,low_mass_dwarf,7,0.04668277603333455,0.3034037422602766,8.559569565486459e-12,86.0937435198606
UGC00128,external_151,low_mass_dwarf,8,0.03857996069967509,0.2536367470215804,6.672570180963363e-12,82.44194577638083
UGC00128,external_151,low_mass_dwarf,9,0.03406215963948192,0.22512859733229287,5.610872388226904e-12,80.74502690802154
UGC00128,external_151,low_mass_dwarf,10,0.029501698993797423,0.19591546850880442,4.5897597812695346e-12,77.79116833061643
UGC00128,external_151,low_mass_dwarf,11,0.02642742904224822,0.17598676591937878,3.916274200545377e-12,75.95841081821017
UGC00128,external_151,low_mass_dwarf,12,0.023582126625907456,0.15739338393090077,3.31777200133165e-12,73.67225592154544
UGC00128,external_151,low_mass_dwarf,13,0.02137687428739644,0.14290020983847176,2.8706357647683424e-12,71.89717725713435
UGC00128,external_151,low_mass_dwarf,14,0.019416333686308566,0.12995849123935638,2.4882422267985814e-12,70.03765298247303
UGC00128,external_151,low_mass_dwarf,15,0.017690417708438735,0.11852908511625537,2.16575583698721e-12,68.29215538901126
UGC00128,external_151,low_mass_dwarf,16,0.016229495510196496,0.10883019985946317,1.9038554568487818e-12,66.65952718364076
UGC00128,external_151,low_mass_dwarf,17,0.014918247313133216,0.10010725496010235,1.6785587127395824e-12,65.04878942015722
UGC00128,external_151,low_mass_dwarf,18,0.013768963969255083,0.09245051541610189,1.4891750377812043e-12,63.554561477107434
UGC00128,external_151,low_mass_dwarf,19,0.012687000997585383,0.08523122257098616,1.3179936500611203e-12,61.96650708713123
UGC00128,external_151,low_mass_dwarf,20,0.011742686280869207,0.07892415596590673,1.1747399626614396e-12,60.539176720508955
UGC00128,external_151,low_mass_dwarf,21,0.010830193228551312,0.07282223948969056,1.0416255296907315e-12,58.96220565018931
UGC00191,external_151,low_mass_dwarf,0,0.32384195090708323,1.0300755546463474,1.5252662506631456e-11,24.726402013523153
UGC00191,external_151,low_mass_dwarf,1,0.314412121164572,1.0227594956551562,1.619179208145438e-11,29.483355659590107
UGC00191,external_151,low_mass_dwarf,2,0.30471555098302733,1.0145818093546997,1.7203356443569246e-11,33.70703032506999
UGC00191,external_151,low_mass_dwarf,3,0.2947407601110203,1.005415151103479,1.8289655417428777e-11,37.60126864833577
UGC00191,external_151,low_mass_dwarf,4,0.28447559990959326,0.9951069310001277,1.945094103025003e-11,41.28056374418989
UGC00191,external_151,low_mass_dwarf,5,0.2599946123424957,0.9781497837466466,2.1786918148432017e-11,49.414234287444216
UGC00191,external_151,low_mass_dwarf,6,0.17069793732065836,0.8387932262241606,2.2766525560649018e-11,67.06427591338384
UGC00191,external_151,low_mass_dwarf,7,0.12352874077332847,0.6860986910971446,1.6938786132329797e-11,69.68754098603748
UGC00191,external_151,low_mass_dwarf,8,0.09549552827139285,0.5664682198926867,1.2330602516226955e-11,68.51015126012737
UGC00634,external_151,low_mass_dwarf,0,0.19456490848977065,0.8822404165580008,2.6316781953870373e-11,71.17553508811422
UGC00634,external_151,low_mass_dwarf,1,0.13197842035077278,0.7139520776714237,2.080389115462136e-11,86.50991964278367
UGC00634,external_151,low_mass_dwarf,2,0.10154710026363313,0.5921375647952742,1.5764049766826656e-11,91.83154923385143
UGC00634,external_151,low_mass_dwarf,3,0.0813996953910905,0.4965502464491435,1.2103387321941765e-11,93.08454237045969
UGC00731,external_151,low_mass_dwarf,0,0.22008574466163408,0.9380880581007486,1.5147169330661858e-11,22.978138957770447
UGC00731,external_151,low_mass_dwarf,1,0.20593961353455773,0.9041345338804769,1.5287121830791374e-11,32.478072594738975
UGC00731,external_151,low_mass_dwarf,2,0.19484687283451446,0.8822163052397402,1.5538480460954297e-11,40.062446604783574
UGC00731,external_151,low_mass_dwarf,3,0.1843934388849836,0.8619091364901582,1.5761706286795013e-11,46.42213306872413
UGC00731,external_151,low_mass_dwarf,4,0.17501632189050015,0.8407115059713199,1.576426339096906e-11,51.776565446157555
UGC00731,external_151,low_mass_dwarf,5,0.16619433604213354,0.8184799705562626,1.5629911222413472e-11,56.32305868217946
UGC00731,external_151,low_mass_dwarf,6,0.15779793025493163,0.7956049620927956,1.53463859166348e-11,60.19049406465784
UGC00731,external_151,low_mass_dwarf,7,0.1498848129177337,0.7723511848914402,1.4917987101573242e-11,63.3919989540635
UGC00731,external_151,low_mass_dwarf,8,0.14225329514765125,0.7484414479592526,1.4418209982870467e-11,66.01366489969838
UGC00731,external_151,low_mass_dwarf,9,0.13522947746523634,0.7249106044543341,1.3847121673356742e-11,68.07471269769279
UGC00731,external_151,low_mass_dwarf,10,0.12814384488339062,0.6998779321255627,1.3222119750198297e-11,69.70213500659331
UGC00731,external_151,low_mass_dwarf,11,0.12161430253755079,0.675445524444916,1.2573586628968417e-11,70.93905381185672
UGC00891,external_151,low_mass_dwarf,0,0.26259648576094047,0.9759754349881645,1.4982783039413896e-11,31.196326992191324
UGC00891,external_151,low_mass_dwarf,1,0.22051379731801443,0.9351606255231566,1.8095091121411978e-11,46.36580117609926
UGC00891,external_151,low_mass_dwarf,2,0.18684655908758263,0.8725884544701519,1.8231589881199214e-11,55.83581708201684
UGC00891,external_151,low_mass_dwarf,3,0.1591609664448473,0.8021665437295197,1.6839712460117735e-11,61.34536234230861
UGC00891,external_151,low_mass_dwarf,4,0.1358351336215808,0.7286481307838321,1.488092950819521e-11,63.95159210157871
UGC01230,external_151,low_mass_dwarf,0,0.22471831009093393,0.9567657286162673,2.831101857413098e-11,31.25446407601312
UGC01230,external_151,low_mass_dwarf,1,0.20002065719944326,0.9021598127267662,2.845051058099672e-11,53.819186319662975
UGC01230,external_151,low_mass_dwarf,2,0.17387081538448348,0.8328214894256964,2.7825520418945084e-11,68.19249539370928
UGC01230,external_151,low_mass_dwarf,3,0.15287478960213358,0.7725573435535966,2.6326745558072628e-11,78.0258023556959
UGC01230,external_151,low_mass_dwarf,4,0.13516702188763074,0.7186639613206535,2.4276839495714148e-11,84.3281646689579
UGC01230,external_151,low_mass_dwarf,5,0.11645974803640097,0.653479185545388,2.1561821926519303e-11,87.54457959830839
UGC01230,external_151,low_mass_dwarf,6,0.08076943528064967,0.4935519092133563,1.472789830313109e-11,90.36969336861769
UGC01230,external_151,low_mass_dwarf,7,0.07370610852054879,0.4569857855228547,1.3163012024914514e-11,90.62094008224679
UGC01230,external_151,low_mass_dwarf,8,0.04292901804502814,0.28021092584024093,6.281691564899007e-12,84.48352784826793
UGC01230,external_151,low_mass_dwarf,9,0.03394790554641673,0.22400548836221598,4.458710771966006e-12,80.40201608987734
UGC01230,external_151,low_mass_dwarf,10,0.028880431404997426,0.19157950846634958,3.5187633069813754e-12,77.18245354000639
UGC01281,external_151,low_mass_dwarf,0,0.2821908147823786,1.0194231812797805,1.2631928138448761e-11,6.569844296970354
UGC01281,external_151,low_mass_dwarf,1,0.2775273500778868,1.009820605792201,1.2758819532661097e-11,11.17712187624029
UGC01281,external_151,low_mass_dwarf,2,0.27280289390299994,0.9997885874448622,1.2882418398325344e-11,14.413312530062107
UGC01281,external_151,low_mass_dwarf,3,0.26769489021862575,0.9885835480370267,1.3009901723901954e-11,17.238741675976932
UGC01281,external_151,low_mass_dwarf,4,0.26284053241518723,0.9775748511949478,1.3124569632209439e-11,19.54397346855646
UGC01281,external_151,low_mass_dwarf,5,0.257921387299014,0.9660457423291519,1.3233715777666316e-11,21.62388123813859
UGC01281,external_151,low_mass_dwarf,6,0.2530584926679017,0.9595692638372675,1.356002326670068e-11,23.796705589916062
UGC01281,external_151,low_mass_dwarf,7,0.24867033348135945,0.9564337493926016,1.3982376130462835e-11,25.800320884199788
UGC01281,external_151,low_mass_dwarf,8,0.24423031016655075,0.9531171357814802,1.4416465817331317e-11,27.73563240519266
UGC01281,external_151,low_mass_dwarf,9,0.2394360769361723,0.9493671828322392,1.4891923657105537e-11,29.742400506760372
UGC01281,external_151,low_mass_dwarf,10,0.23488591175826337,0.9456398295830604,1.5348663390605572e-11,31.581744250805695
UGC01281,external_151,low_mass_dwarf,11,0.23028097508200443,0.9416941050506468,1.5815215184581474e-11,33.38889819518552
UGC01281,external_151,low_mass_dwarf,12,0.2258287712867297,0.9360177649929463,1.6122964278516698e-11,35.106229176637356
UGC01281,external_151,low_mass_dwarf,13,0.22172469903486405,0.9301765381910552,1.636487769672271e-11,36.63307846701921
UGC01281,external_151,low_mass_dwarf,14,0.21757688148388457,0.9240791445317206,1.6602488133260126e-11,38.120114106126195
UGC01281,external_151,low_mass_dwarf,15,0.21310353316697775,0.9172764310788559,1.6849995490372583e-11,39.665484664861275
UGC01281,external_151,low_mass_dwarf,16,0.20886306332033955,0.9106021469407966,1.7075233809194044e-11,41.07802684009529
UGC01281,external_151,low_mass_dwarf,17,0.204576643312738,0.9036234341215409,1.72926011553339e-11,42.456718630381836
UGC01281,external_151,low_mass_dwarf,18,0.20256451664267125,0.8999237272166144,1.7331370005850644e-11,43.09177970619002
UGC01281,external_151,low_mass_dwarf,19,0.19476355005169801,0.884912213748415,1.7430034082343024e-11,45.41368773008353
UGC01281,external_151,low_mass_dwarf,20,0.1847299388367052,0.864252244389146,1.7480989778292626e-11,48.08582446034229
UGC01281,external_151,low_mass_dwarf,21,0.1758811021723022,0.8438428684043712,1.7330314606763036e-11,50.216413303738506
UGC01281,external_151,low_mass_dwarf,22,0.16658330858015652,0.820389902915943,1.702106391810082e-11,52.1525992405462
UGC01281,external_151,low_mass_dwarf,23,0.15779512319803715,0.796416635706501,1.6614003249752473e-11,53.72566649347221
UGC01281,external_151,low_mass_dwarf,24,0.15008466402480955,0.773610405611945,1.6132673904638017e-11,54.92761428155569
UGC02023,external_151,low_mass_dwarf,0,0.30497382798801337,1.004869338148478,1.460292225793187e-11,24.944349575883088
UGC02023,external_151,low_mass_dwarf,1,0.27672170776058763,0.9799903038424488,1.710305472519633e-11,36.033805261537495
UGC02023,external_151,low_mass_dwarf,2,0.2465890378589157,0.970106493466986,2.0980371728851226e-11,46.07709861241848
UGC02023,external_151,low_mass_dwarf,3,0.21953103946385755,0.9345128624069631,2.2470046352177408e-11,53.52631202732199
UGC02023,external_151,low_mass_dwarf,4,0.19476988773831655,0.8906948069092395,2.2720099529953486e-11,58.99614895080323
UGC02259,external_151,low_mass_dwarf,0,0.3143874694112208,0.9999132977959851,1.4220143280002827e-11,29.98373833800557
UGC02259,external_151,low_mass_dwarf,1,0.27723928170764467,0.9907353538463299,1.864990580841298e-11,43.92033363654351
UGC02259,external_151,low_mass_dwarf,2,0.2408903986614005,0.9681713328379621,2.2559068805767555e-11,55.204889462486456
UGC02259,external_151,low_mass_dwarf,3,0.2069737126869878,0.9180871817800852,2.369127551809682e-11,63.13058102157914
UGC02259,external_151,low_mass_dwarf,4,0.17716793424027444,0.8544536683723395,2.262940497445884e-11,67.69728091296174
UGC02259,external_151,low_mass_dwarf,5,0.1525868013856058,0.786344653541348,2.046576692154121e-11,69.82337276700864
UGC02259,external_151,low_mass_dwarf,6,0.1329042604245842,0.7209784313365922,1.808716254511002e-11,70.51782940277184
UGC02259,external_151,low_mass_dwarf,7,0.11655467190792214,0.658782059773313,1.577960216680189e-11,70.16517257442426
UGC02455,external_151,low_mass_dwarf,0,0.4145148657973169,0.8536003483472567,6.699831794640001e-12,35.97187701524143
UGC02455,external_151,low_mass_dwarf,1,0.3988020370008254,0.8872602530903265,8.543272768151019e-12,48.88198852770745
UGC02455,external_151,low_mass_dwarf,2,0.3798706766217328,0.940217981255603,1.1366389804822093e-11,56.91924661809964
UGC02455,external_151,low_mass_dwarf,3,0.3586360694163314,1.0087059544881094,1.580907913220022e-11,61.955184573717595
UGC02455,external_151,low_mass_dwarf,4,0.3362037186379822,1.0722939695004783,2.2892180337504078e-11,67.08810921977359
UGC02455,external_151,low_mass_dwarf,5,0.3159902173242906,1.0690079037728752,2.5817359962071248e-11,71.553402786923
UGC02455,external_151,low_mass_dwarf,6,0.2945069939234794,1.0637567367928429,2.9001558818616396e-11,75.34180956910276
UGC02455,external_151,low_mass_dwarf,7,0.27596645903235145,1.0471054966001867,3.0220130413110035e-11,78.57544216581772
UGC02487,external_151,bulge_rich_hsb,0,0.2981357233342987,1.0283943126369428,5.2435871503157465e-11,224.02796271223104
UGC02487,external_151,bulge_rich_hsb,1,0.29734664649948706,1.0286106971771285,5.273957884582545e-11,225.03394796932548
UGC02487,external_151,bulge_rich_hsb,2,0.295366170178702,1.0291472722172819,5.350781621486939e-11,227.50021436188464
UGC02487,external_151,bulge_rich_hsb,3,0.2608599548600322,1.021367038799298,6.460068335890838e-11,259.455720524274
UGC02487,external_151,bulge_rich_hsb,4,0.21504479500051138,0.9566166565240481,6.762714794327641e-11,279.2188437107073
UGC02487,external_151,bulge_rich_hsb,5,0.16817046774546954,0.8495635897510684,6.079595555606795e-11,282.88809401147387
UGC02487,external_151,bulge_rich_hsb,6,0.12456843726647233,0.7069562042228336,4.770335695500554e-11,269.49040013087017
UGC02487,external_151,bulge_rich_hsb,7,0.08689052131349899,0.540058067152685,3.266306780271593e-11,242.2820786018834
UGC02487,external_151,bulge_rich_hsb,8,0.060548834513034264,0.39653993150178346,2.1016621608550573e-11,212.55565456838045
UGC02487,external_151,bulge_rich_hsb,9,0.043019496942713814,0.2893314605103603,1.3329194403219624e-11,185.29230775453868
UGC02487,external_151,bulge_rich_hsb,10,0.030378782653201285,0.20715691682772996,8.196539449873974e-12,159.35785862430913
UGC02487,external_151,bulge_rich_hsb,11,0.021767827502477435,0.14932656715758735,5.0491665088876065e-12,136.8201358191163
UGC02487,external_151,bulge_rich_hsb,12,0.016561009314208536,0.11378083604852371,3.336390630987892e-12,120.29283850708975
UGC02487,external_151,bulge_rich_hsb,13,0.012865602733693566,0.08836779874110594,2.2516148368942525e-12,106.23250628091189
UGC02487,external_151,bulge_rich_hsb,14,0.010145111325354181,0.06958890702086243,1.5388621818512723e-12,93.84339219446933
UGC02487,external_151,bulge_rich_hsb,15,0.008146534779318464,0.05577277127491839,1.0713204183735215e-12,83.11073627101707
UGC02487,external_151,bulge_rich_hsb,16,0.006792443448940513,0.046421531356499054,7.888227533624527e-13,75.11389793913743
UGC02885,external_151,ordinary_disk,0,0.3161443214615293,1.0668731825033542,4.7736926716763223e-11,88.39010357647712
UGC02885,external_151,ordinary_disk,1,0.30633575349886905,1.0571329607277031,5.003965507355414e-11,124.77784239431186
UGC02885,external_151,ordinary_disk,2,0.2859112451700589,1.034443056513893,5.48819594810765e-11,175.45545376072457
UGC02885,external_151,ordinary_disk,3,0.24243037625266564,0.9746149936295497,6.38866016957575e-11,244.03253381194983
UGC02885,external_151,ordinary_disk,4,0.208521270591896,0.9238234182493456,6.489657045251847e-11,274.6526512433246
UGC02885,external_151,ordinary_disk,5,0.1842415695919518,0.8784107450367264,6.282234973817566e-11,284.40163803412884
UGC02885,external_151,ordinary_disk,6,0.1614169210330854,0.8222803963240343,5.821205743986671e-11,288.63853690675904
UGC02885,external_151,ordinary_disk,7,0.13985105623579952,0.7539102454750843,5.209407913825901e-11,289.4677283803176
UGC02885,external_151,ordinary_disk,8,0.1177318238656504,0.6716903329745975,4.450188110852344e-11,282.180361588447
UGC02885,external_151,ordinary_disk,9,0.09757613686977414,0.5844515883985102,3.6515820251625904e-11,269.4734465408604
UGC02885,external_151,ordinary_disk,10,0.08485841563576087,0.5228625588182596,3.0956192998567654e-11,261.09031120968393
UGC02885,external_151,ordinary_disk,11,0.0717771127071414,0.4542206493677618,2.5119853998791165e-11,247.3996088320995
UGC02885,external_151,ordinary_disk,12,0.05826603573021876,0.3777235904861729,1.9108968762551477e-11,227.7293008165941
UGC02885,external_151,ordinary_disk,13,0.05173293204297679,0.33869621479464906,1.612403104938293e-11,218.66126728264138
UGC02885,external_151,ordinary_disk,14,0.04509131360557885,0.2978317359939766,1.3192643504630308e-11,206.7008076717689
UGC02885,external_151,ordinary_disk,15,0.03835600378485959,0.2552569268742737,1.0362370282898388e-11,191.58733766174674
UGC02885,external_151,ordinary_disk,16,0.03428085387788851,0.22897807923556882,8.691606220281486e-12,182.32927347111882
UGC02885,external_151,ordinary_disk,17,0.030841890036002566,0.20652920231364874,7.324687352103486e-12,173.59537341952247
UGC02885,external_151,ordinary_disk,18,0.027465672970744308,0.18427284570902946,6.0486795876808256e-12,163.32978106529114
UGC02916,external_151,bulge_rich_hsb,0,0.32493758759026276,1.045234882093349,2.1360118917214134e-11,24.01029298139598
UGC02916,external_151,bulge_rich_hsb,1,0.32116961131052973,1.042633465006841,2.184720947171293e-11,33.986628865512515
UGC02916,external_151,bulge_rich_hsb,2,0.3173593357222356,1.0399162949697887,2.23479196531296e-11,41.668414943437995
UGC02916,external_151,bulge_rich_hsb,3,0.31350604452662256,1.0370772408889073,2.2862412852540848e-11,48.17121239599195
UGC02916,external_151,bulge_rich_hsb,4,0.3097149122030579,1.0341916987773907,2.337634261150028e-11,53.77974877181256
UGC02916,external_151,bulge_rich_hsb,5,0.30577458800631013,1.0310925092632597,2.391832328282233e-11,59.02440140105847
UGC02916,external_151,bulge_rich_hsb,6,0.3015722806398246,1.0276710986940196,2.4504715155432876e-11,64.12740082095414
UGC02916,external_151,bulge_rich_hsb,7,0.2976478185604087,1.0243639384830627,2.505969079459903e-11,68.5369100894452
UGC02916,external_151,bulge_rich_hsb,8,0.29533811499469526,1.0223654873617933,2.5389436308512138e-11,70.9992086722678
UGC02916,external_151,bulge_rich_hsb,9,0.2935681189834572,1.0208073080285807,2.5643609810421915e-11,72.82776041547235
UGC02916,external_151,bulge_rich_hsb,10,0.2894407476191434,1.01708169045659,2.62409681221928e-11,76.91752258759273
UGC02916,external_151,bulge_rich_hsb,11,0.2852648639808947,1.0131770741099784,2.6851367408531664e-11,80.83926095554469
UGC02916,external_151,bulge_rich_hsb,12,0.2810396077075252,1.0090826714897272,2.7474266706250772e-11,84.61854248414078
UGC02916,external_151,bulge_rich_hsb,13,0.2767640979722839,1.004786844677713,2.810896061143563e-11,88.27549820450211
UGC02916,external_151,bulge_rich_hsb,14,0.2724374328706923,1.0002770222525383,2.8754554977955656e-11,91.82616579117925
UGC02916,external_151,bulge_rich_hsb,15,0.26805868878627553,0.9955396065870533,2.9409939962100855e-11,95.28339015609393
UGC02916,external_151,bulge_rich_hsb,16,0.2638475772452517,0.9909731617068834,2.997493594015288e-11,98.51470835716157
UGC02916,external_151,bulge_rich_hsb,17,0.26035961143908687,0.9875755696018161,3.022980118829494e-11,101.13512685413396
UGC02916,external_151,bulge_rich_hsb,18,0.25977506781004517,0.986996760852765,3.027117402502834e-11,101.5605493051311
UGC02916,external_151,bulge_rich_hsb,19,0.25674014651977944,0.9839473533234365,3.0479459553541704e-11,103.70865575824783
UGC02916,external_151,bulge_rich_hsb,20,0.25298579888092393,0.98007030274694,3.072115352851891e-11,106.23075618391574
UGC02916,external_151,bulge_rich_hsb,21,0.24939389417808056,0.976249406112876,3.09346128427156e-11,108.51068546086337
UGC02916,external_151,bulge_rich_hsb,22,0.24556477395707713,0.972052218787599,3.114153274595211e-11,110.80442147201914
UGC02916,external_151,bulge_rich_hsb,23,0.2417986937523582,0.9677953893475499,3.132272425085936e-11,112.92791174729054
UGC02916,external_151,bulge_rich_hsb,24,0.23799482496877733,0.9633619947254929,3.148163220698219e-11,114.94344550827438
UGC02916,external_151,bulge_rich_hsb,25,0.23415259598670127,0.9587427905376703,3.1615847494806114e-11,116.85051863877125
UGC02916,external_151,bulge_rich_hsb,26,0.23027142359904823,0.9539279050739554,3.1722798607154015e-11,118.64770394794313
UGC02916,external_151,bulge_rich_hsb,27,0.2274142975862816,0.9502848111681363,3.1782071339996705e-11,119.888506220759
UGC02916,external_151,bulge_rich_hsb,28,0.22635071271617724,0.9489067875469942,3.179974753048201e-11,120.33266771517648
UGC02916,external_151,bulge_rich_hsb,29,0.22238985606171202,0.9436681514223068,3.184378653564059e-11,121.9021721229875
UGC02916,external_151,bulge_rich_hsb,30,0.2179531577851802,0.9375944621023278,3.185041527220792e-11,123.50144041901962
UGC02916,external_151,bulge_rich_hsb,31,0.21456482418826314,0.9328042385810806,3.182338893424332e-11,124.60890939131676
UGC02916,external_151,bulge_rich_hsb,32,0.2100381244260737,0.9261917383836458,3.174150686553588e-11,125.9323940703208
UGC02916,external_151,bulge_rich_hsb,33,0.1954689617934094,0.8987097630183063,3.083199106332495e-11,130.32676020344658
UGC02916,external_151,bulge_rich_hsb,34,0.19281150143201797,0.8927931923408167,3.0581683506786156e-11,131.07870855479706
UGC02916,external_151,bulge_rich_hsb,35,0.1672570993026738,0.829610817903117,2.74677572274716e-11,134.61735202328933
UGC02916,external_151,bulge_rich_hsb,36,0.14264043196014958,0.7553621588382202,2.327912282248216e-11,133.74085764568244
UGC02916,external_151,bulge_rich_hsb,37,0.12329983207702541,0.6857262671062211,1.9340498339501572e-11,130.15182590966674
UGC02916,external_151,bulge_rich_hsb,38,0.10756540596171033,0.6213362001866678,1.59143512223454e-11,125.44735310199911
UGC02916,external_151,bulge_rich_hsb,39,0.09440796296042661,0.5617554566530102,1.2984299725780435e-11,119.61462045339378
UGC02916,external_151,bulge_rich_hsb,40,0.08475034144511233,0.514732718841261,1.0934157426365998e-11,115.407250394346
UGC02916,external_151,bulge_rich_hsb,41,0.07582092075801528,0.4687106880520826,9.07459999476113e-12,110.01690387318438
UGC02916,external_151,bulge_rich_hsb,42,0.06951218795388235,0.4348559043042857,7.90562367018786e-12,107.0784557161999
UGC02953,external_151,bulge_rich_hsb,0,0.4046419472189794,0.9646459890518966,2.0803350844332885e-11,30.199107093294455
UGC02953,external_151,bulge_rich_hsb,1,0.40386435911992613,0.9653206946906672,2.097742532167032e-11,41.42362940413374
UGC02953,external_151,bulge_rich_hsb,2,0.4029871410266378,0.9660835034962748,2.1176214383219117e-11,51.11555019506671
UGC02953,external_151,bulge_rich_hsb,3,0.4022052214471786,0.9667649379449711,2.1355598935884636e-11,58.33821149460671
UGC02953,external_151,bulge_rich_hsb,4,0.40132311007916827,0.9675353989263692,2.1560492845120548e-11,65.46160246228605
UGC02953,external_151,bulge_rich_hsb,5,0.40053682272608926,0.9682237096265637,2.1745423709158664e-11,71.15105688539649
UGC02953,external_151,bulge_rich_hsb,6,0.39964977702555937,0.9690019914243803,2.195669600297709e-11,77.00286305649453
UGC02953,external_151,bulge_rich_hsb,7,0.3987601022523574,0.9697844838693028,2.2171461379912894e-11,82.39272085364836
UGC02953,external_151,bulge_rich_hsb,8,0.39796706364757517,0.9704836077647155,2.2365364100794645e-11,86.86575005202842
UGC02953,external_151,bulge_rich_hsb,9,0.39707239085440327,0.9712741900919345,2.2586958368449566e-11,91.59715524429156
UGC02953,external_151,bulge_rich_hsb,10,0.3961750549820187,0.972069129226736,2.281229524210334e-11,96.05552218667734
UGC02953,external_151,bulge_rich_hsb,11,0.39537517779895337,0.9727794416891259,2.301581080657655e-11,99.8190666283213
UGC02953,external_151,bulge_rich_hsb,12,0.3945731786360828,0.9734932753790423,2.3222422507833805e-11,103.41640289909702
UGC02953,external_151,bulge_rich_hsb,13,0.3936683826193316,0.9743005946380835,2.3458646805751235e-11,107.28567249491344
UGC02953,external_151,bulge_rich_hsb,14,0.39276087816253163,0.9751124737251686,2.3698976803210123e-11,110.98584508841743
UGC02953,external_151,bulge_rich_hsb,15,0.3918506530861807,0.975928968774407,2.394351634546735e-11,114.53347929060827
UGC02953,external_151,bulge_rich_hsb,16,0.3910392702489732,0.9766586634832294,2.4164505464650753e-11,117.57018891669442
UGC02953,external_151,bulge_rich_hsb,17,0.39012387273498894,0.9774840344553933,2.4417292196448816e-11,120.86603120293998
UGC02953,external_151,bulge_rich_hsb,18,0.38930787258122973,0.9782217119611222,2.4645790610675803e-11,123.69665546512513
UGC02953,external_151,bulge_rich_hsb,19,0.3883872584147279,0.9790561702100304,2.490723271307319e-11,126.77795866569593
UGC02953,external_151,bulge_rich_hsb,20,0.3875666014184969,0.9798020217445917,2.514361507057944e-11,129.43140655652317
UGC02953,external_151,bulge_rich_hsb,21,0.3866407258792114,0.980645786277205,2.5414147878073467e-11,132.32679023063469
UGC02953,external_151,bulge_rich_hsb,22,0.38571204662784725,0.9814945690494138,2.5689679607883816e-11,135.1331991790644
UGC02953,external_151,bulge_rich_hsb,23,0.3847805509099018,0.9823484349142451,2.5970345135825852e-11,137.85624972681356
UGC02953,external_151,bulge_rich_hsb,24,0.3839501799032957,0.9831117475010668,2.622424831146664e-11,140.2108388627794
UGC02953,external_151,bulge_rich_hsb,25,0.3831175643385319,0.9838791758711986,2.6482419661892147e-11,142.50674757446376
UGC02953,external_151,bulge_rich_hsb,26,0.3821781775308991,0.9847475123788976,2.677809485830724e-11,145.02313873462532
UGC02953,external_151,bulge_rich_hsb,27,0.38134076196004596,0.9855238476038631,2.7045688341675497e-11,147.20377355345803
UGC02953,external_151,bulge_rich_hsb,28,0.38039595179598745,0.9864023300127408,2.735224387266889e-11,149.59698500232074
UGC02953,external_151,bulge_rich_hsb,29,0.3794482514088556,0.9872862878058482,2.7664796123745888e-11,151.92974908466684
UGC02953,external_151,bulge_rich_hsb,30,0.37849764751632226,0.9881757948748766,2.79835169218634e-11,154.20501700941307
UGC02953,external_151,bulge_rich_hsb,31,0.377650217966142,0.9889711873832318,2.82721469105125e-11,156.1814140017592
UGC02953,external_151,bulge_rich_hsb,32,0.37680047428997654,0.9897710780033566,2.8565921562059202e-11,158.11631137107372
UGC02953,external_151,bulge_rich_hsb,33,0.3758417347299744,0.9906764000396198,2.890273501661756e-11,160.24553150684505
UGC02953,external_151,bulge_rich_hsb,34,0.3749870419551416,0.9914860327950982,2.920789409139495e-11,162.09763389493452
UGC02953,external_151,bulge_rich_hsb,35,0.3740227103368465,0.9924024583840412,2.955787580316844e-11,164.13752959902803
UGC02953,external_151,bulge_rich_hsb,36,0.37305539838839546,0.993324881312453,2.991513407678275e-11,166.13300665205992
UGC02953,external_151,bulge_rich_hsb,37,0.37208509227204645,0.9942533861829513,3.027989126934961e-11,168.08589412296348
UGC02953,external_151,bulge_rich_hsb,38,0.3712200730699324,0.9950838994604677,3.0610602181831375e-11,169.78743427297587
UGC02953,external_151,bulge_rich_hsb,39,0.37035266726913224,0.9959193483165185,3.0947589824925936e-11,171.45783075287872
UGC02953,external_151,bulge_rich_hsb,40,0.3622056201554762,1.0059629737335605,3.439893573556837e-11,185.8590459274685
UGC02953,external_151,bulge_rich_hsb,41,0.3615937182555159,1.0078979134202148,3.468005382160148e-11,186.95071007509765
UGC02953,external_151,bulge_rich_hsb,42,0.3609039236599627,1.0100822491508048,3.5000712883457186e-11,188.14329430772247
UGC02953,external_151,bulge_rich_hsb,43,0.36021263681324894,1.0122745963745132,3.532613110392874e-11,189.29906921480602
UGC02953,external_151,bulge_rich_hsb,44,0.35766507277137605,1.0203824241877235,3.65617959756816e-11,193.23476168276565
UGC02953,external_151,bulge_rich_hsb,45,0.3541582473639458,1.031616830514181,3.8362540503760434e-11,197.8858940138504
UGC02953,external_151,bulge_rich_hsb,46,0.35360929680127184,1.0333831990011666,3.865556265986403e-11,198.53971540070657
UGC02953,external_151,bulge_rich_hsb,47,0.3529021305017329,1.0356617674638884,3.903768985495562e-11,199.35394868020734
UGC02953,external_151,bulge_rich_hsb,48,0.35219341519514447,1.0379488407184303,3.9426011381961916e-11,200.13899811512255
UGC02953,external_151,bulge_rich_hsb,49,0.3515621415143104,1.0399889706331875,3.977650945366583e-11,200.81275349453023
UGC02953,external_151,bulge_rich_hsb,50,0.3508504863860002,1.0422922305049145,4.017695180080517e-11,201.5441291772678
UGC02953,external_151,bulge_rich_hsb,51,0.3501372674703396,1.0446041248264724,4.0584043600777464e-11,202.24783264026408
UGC02953,external_151,bulge_rich_hsb,52,0.3482276658653261,1.0508117350639719,4.170342876912105e-11,203.99285297829866
UGC02953,external_151,bulge_rich_hsb,53,0.3467880835563061,1.0555084715602985,4.257683365708308e-11,205.1802989741072
UGC02953,external_151,bulge_rich_hsb,54,0.3460659050400769,1.0578701588912391,4.302496562873207e-11,205.7363479501347
UGC02953,external_151,bulge_rich_hsb,55,0.3453421279031215,1.060240787941678,4.3480988991181056e-11,206.26788922893996
UGC02953,external_151,bulge_rich_hsb,56,0.34461674683147725,1.0626204057797999,4.394511698543679e-11,206.77537341457986
UGC02953,external_151,bulge_rich_hsb,57,0.3439706128292023,1.0647432060308148,4.4364657757157605e-11,207.20663606286317
UGC02953,external_151,bulge_rich_hsb,58,0.34332320353907,1.0668731793307313,4.479093780420349e-11,207.61955671909635
UGC02953,external_151,bulge_rich_hsb,59,0.34259333901387423,1.0692780151314305,4.527876577561238e-11,208.06255619417766
UGC02953,external_151,bulge_rich_hsb,60,0.3418618502651347,1.0716920198515927,4.577557938722263e-11,208.4831796025073
UGC02953,external_151,bulge_rich_hsb,61,0.34121027011097615,1.0738455382281225,4.622494096033671e-11,208.8386411271764
UGC02953,external_151,bulge_rich_hsb,62,0.3404756985556698,1.0762769940019565,4.673943144394003e-11,209.21821123161277
UGC02953,external_151,bulge_rich_hsb,63,0.3397394870303304,1.0787177589265444,4.7263672135346413e-11,209.57669294724062
UGC02953,external_151,bulge_rich_hsb,64,0.33850880849928716,1.0828065207940734,4.8159853992049e-11,210.1285271275085
UGC02953,external_151,bulge_rich_hsb,65,0.3369433474070398,1.0880232941986128,4.933723083050349e-11,210.74854465377692
UGC02953,external_151,bulge_rich_hsb,66,0.3362819869828778,1.0902325309458891,4.984775123381158e-11,210.98417129359981
UGC02953,external_151,bulge_rich_hsb,67,0.3319507755264323,1.104778868727251,5.339989569997937e-11,212.17615955042535
UGC02953,external_151,bulge_rich_hsb,68,0.33119539775341555,1.1073297284701877,5.4059267891461214e-11,212.3272403023673
UGC02953,external_151,bulge_rich_hsb,69,0.3305225153197581,1.109605500704323,5.465735368239296e-11,212.44904518294697
UGC02953,external_151,bulge_rich_hsb,70,0.32936751166228095,1.1095096591502733,5.504285173298657e-11,213.0280902520024
UGC02953,external_151,bulge_rich_hsb,71,0.32815756831597076,1.1090660458436614,5.539214057420099e-11,213.6528568108085
UGC02953,external_151,bulge_rich_hsb,72,0.3273485109880814,1.1087660307324163,5.562585818587109e-11,214.06247536886676
UGC02953,external_151,bulge_rich_hsb,73,0.31088978304572973,1.1020466012072168,6.036630087170635e-11,221.0802546455517
UGC02953,external_151,bulge_rich_hsb,74,0.29330750902550956,1.0934477377029463,6.518382820078458e-11,226.06606357630127
UGC02953,external_151,bulge_rich_hsb,75,0.27464758474232687,1.0824670480364402,6.94789218202416e-11,228.5866953182576
UGC02953,external_151,bulge_rich_hsb,76,0.25330895830736394,1.0554177191091973,7.060767015618098e-11,231.6582895175474
UGC02953,external_151,bulge_rich_hsb,77,0.23015776404308344,1.018150879680489,6.9685043892148e-11,232.66320230187594
UGC02953,external_151,bulge_rich_hsb,78,0.20531312905518453,0.9705257318834637,6.652569360949408e-11,229.75056833300056
UGC02953,external_151,bulge_rich_hsb,79,0.18171210590658785,0.9150810754750877,6.137376462325448e-11,224.4638140649539
UGC02953,external_151,bulge_rich_hsb,80,0.16075506709714113,0.8551910401002669,5.56692961678246e-11,219.38108231240813
UGC02953,external_151,bulge_rich_hsb,81,0.13869635895494498,0.7813284896152024,4.8680840223633126e-11,210.55103938759723
UGC02953,external_151,bulge_rich_hsb,82,0.11548559013426735,0.6893305493976201,4.0324573124868865e-11,196.9891578296861
UGC02953,external_151,bulge_rich_hsb,83,0.10171340007242329,0.627148712153742,3.496712614836428e-11,189.1228487392952
UGC02953,external_151,bulge_rich_hsb,84,0.08762481313225357,0.5572656541936383,2.931642282699469e-11,178.68434915971827
UGC02953,external_151,bulge_rich_hsb,85,0.07308725824812737,0.4782834378574419,2.3399557828300522e-11,165.1649310575603
UGC02953,external_151,bulge_rich_hsb,86,0.06259279297859922,0.4170008486587587,1.908818420153329e-11,154.26040012967275
UGC02953,external_151,bulge_rich_hsb,87,0.05481421804457325,0.36943173542425756,1.5908244803993474e-11,145.41312153892395
UGC02953,external_151,bulge_rich_hsb,88,0.04683900787932632,0.3188694358943137,1.2763698976449316e-11,134.82111038188938
UGC02953,external_151,bulge_rich_hsb,89,0.039621702682798236,0.2716886615263883,1.0045915384024743e-11,123.96193678487644
UGC02953,external_151,bulge_rich_hsb,90,0.03540122322099264,0.24354830388005452,8.488897029172012e-12,117.41623385209948
UGC02953,external_151,bulge_rich_hsb,91,0.031143485376616955,0.21479304546493033,6.994745578092563e-12,109.95438244888992
UGC02953,external_151,bulge_rich_hsb,92,0.027243332064018813,0.18816439921190772,5.702948909771482e-12,102.29643398079193
UGC02953,external_151,bulge_rich_hsb,93,0.024288031793419106,0.16784165027991346,4.766259812471352e-12,96.28428304566246
UGC02953,external_151,bulge_rich_hsb,94,0.021890420862797477,0.15127389905857003,4.038669183799457e-12,91.06708647250932
UGC02953,external_151,bulge_rich_hsb,95,0.019480997637141447,0.13455282434671537,3.3467554677472424e-12,85.23457872425863
UGC02953,external_151,bulge_rich_hsb,96,0.017375874597464647,0.11990236122994632,2.776376268335802e-12,79.74875536009287
UGC02953,external_151,bulge_rich_hsb,97,0.015935723723814063,0.10988121636030586,2.404702470490159e-12,75.98003839502853
UGC02953,external_151,bulge_rich_hsb,98,0.014479290932523925,0.09972856261014654,2.046502882184237e-12,71.77185812926896
UGC02953,external_151,bulge_rich_hsb,99,0.013030630719884771,0.089613926624058,1.7088641008267303e-12,67.14267193239075
UGC02953,external_151,bulge_rich_hsb,100,0.012066877238229398,0.08290645169870609,1.4979737028778543e-12,64.1767529225235
UGC02953,external_151,bulge_rich_hsb,101,0.011141466669494952,0.07646389653009236,1.3042075294831274e-12,61.103538999566645
UGC02953,external_151,bulge_rich_hsb,102,0.010214320785605217,0.07000429237711045,1.1186546306888278e-12,57.7227202875814
UGC02953,external_151,bulge_rich_hsb,103,0.009436200652238142,0.064592988746615,9.719711275833575e-13,54.832201499356714
UGC02953,external_151,bulge_rich_hsb,104,0.00880638464022856,0.06022543794181206,8.602314284436926e-13,52.51270601507705
UGC02953,external_151,bulge_rich_hsb,105,0.008175767224861361,0.055850463086109345,7.526257059192617e-13,49.97877494816541
UGC02953,external_151,bulge_rich_hsb,106,0.007566750799401201,0.05162602567964601,6.533441664863419e-13,47.35038116898512
UGC02953,external_151,bulge_rich_hsb,107,0.007115517703850866,0.04851188968168842,5.856829476149066e-13,45.5660170189363
UGC02953,external_151,bulge_rich_hsb,108,0.006660108671139748,0.04536808940574562,5.197206630411131e-13,43.612456434384846
UGC02953,external_151,bulge_rich_hsb,109,0.006208050558933929,0.04224664298033893,4.566207821756705e-13,41.504947939334954
UGC02953,external_151,bulge_rich_hsb,110,0.005839657659226328,0.039711606825307715,4.089172112374652e-13,39.872393541263804
UGC02953,external_151,bulge_rich_hsb,111,0.005502422264831402,0.03739477879519201,3.675204463172157e-13,38.36542689996416
UGC02953,external_151,bulge_rich_hsb,112,0.004850277551713722,0.03291617547686376,2.919470975107222e-13,35.18406454030841
UGC02953,external_151,bulge_rich_hsb,113,0.004329963977256806,0.029356473218052074,2.3854209314738207e-13,32.71446303274183
UGC02953,external_151,bulge_rich_hsb,114,0.003860099856490444,0.02614619868024588,1.9431846416975095e-13,30.34803659406269
UGC03205,external_151,bulge_rich_hsb,0,0.38346535820317507,1.0098072638004314,1.8739727758280185e-11,33.786007478579116
UGC03205,external_151,bulge_rich_hsb,1,0.37951865735511436,1.0110457224182747,1.9436367543960465e-11,47.13609326349246
UGC03205,external_151,bulge_rich_hsb,2,0.37537205487967823,1.0123208381140631,2.0203570001204367e-11,57.637841957342616
UGC03205,external_151,bulge_rich_hsb,3,0.36691033004711665,1.0148382160607876,2.1891101129785676e-11,73.93900735287498
UGC03205,external_151,bulge_rich_hsb,4,0.36290324832265897,1.0159897628106889,2.275241634643645e-11,80.2515633765814
UGC03205,external_151,bulge_rich_hsb,5,0.3405901512757568,1.0218990486335398,2.8430472669839916e-11,107.1505237636056
UGC03205,external_151,bulge_rich_hsb,6,0.3359049534235358,1.0230256633753005,2.9847922350512965e-11,111.72355872620332
UGC03205,external_151,bulge_rich_hsb,7,0.33132359534323735,1.0240866935307695,3.132394917059604e-11,115.97580045999945
UGC03205,external_151,bulge_rich_hsb,8,0.32650531084667866,1.0251580149931563,3.298056001437783e-11,120.25833588215883
UGC03205,external_151,bulge_rich_hsb,9,0.3216170840995555,1.0261967519514783,3.478013042713534e-11,124.44535763795542
UGC03205,external_151,bulge_rich_hsb,10,0.3166573810443952,1.0271994943810214,3.673979238957975e-11,128.56971918272382
UGC03205,external_151,bulge_rich_hsb,11,0.3118056399760013,1.0281288039215823,3.8799538747751825e-11,132.51766756519226
UGC03205,external_151,bulge_rich_hsb,12,0.3071323558620892,1.0283888315292538,4.05387626119336e-11,136.03366306255577
UGC03205,external_151,bulge_rich_hsb,13,0.3026479901935787,1.0275072330050896,4.155258527879891e-11,138.84029090461866
UGC03205,external_151,bulge_rich_hsb,14,0.2982684605798582,1.0265663756696257,4.254948662843415e-11,141.4087824884331
UGC03205,external_151,bulge_rich_hsb,15,0.2936682426048433,1.0254907451929762,4.360114166457485e-11,143.93767198868122
UGC03205,external_151,bulge_rich_hsb,16,0.28900731295394577,1.0243069719858515,4.466811201296588e-11,146.33617260297842
UGC03205,external_151,bulge_rich_hsb,17,0.28428446177417277,1.0230080535158645,4.5746764463232636e-11,148.6095343593072
UGC03205,external_151,bulge_rich_hsb,18,0.2796704778796137,1.0216393793547243,4.679371817304638e-11,150.68655514971556
UGC03205,external_151,bulge_rich_hsb,19,0.27482234730868615,1.0200915864612297,4.788110244424432e-11,152.72288870230648
UGC03205,external_151,bulge_rich_hsb,20,0.2699085144838346,1.0184042060991505,4.8963420843483995e-11,154.63943898993273
UGC03205,external_151,bulge_rich_hsb,21,0.2684923072180966,1.0178951201851993,4.927060482441797e-11,155.16478347225157
UGC03205,external_151,bulge_rich_hsb,22,0.2651066932293843,1.0166358039761338,4.999454419631503e-11,156.37213008262114
UGC03205,external_151,bulge_rich_hsb,23,0.2549432154353306,1.012483374974928,5.205290546866284e-11,159.58446744517084
UGC03205,external_151,bulge_rich_hsb,24,0.24994184844807366,1.0102250189777786,5.298215262183812e-11,160.93306331386128
UGC03205,external_151,bulge_rich_hsb,25,0.24487288200502694,1.007783452751567,5.3850627101454155e-11,162.13560741100824
UGC03205,external_151,bulge_rich_hsb,26,0.23954329889167683,1.0050433973978463,5.466808649149561e-11,163.21102845619092
UGC03205,external_151,bulge_rich_hsb,27,0.23413795010868746,1.0020750148262483,5.5377906510870313e-11,164.08877298867537
UGC03205,external_151,bulge_rich_hsb,28,0.2228932799715329,0.9952481392359706,5.6372633803979446e-11,165.1355541371685
UGC03205,external_151,bulge_rich_hsb,29,0.17648235249777527,0.8885035303096355,4.9540454775829914e-11,167.66533102751436
UGC03205,external_151,bulge_rich_hsb,30,0.1231423235793456,0.7093829609348846,3.586338650244585e-11,153.69106614151528
UGC03205,external_151,bulge_rich_hsb,31,0.12180277902285896,0.7039118557422174,3.544339833604461e-11,153.28888136892152
UGC03205,external_151,bulge_rich_hsb,32,0.1164000747359007,0.6813684183196113,3.371264419919768e-11,152.07658749886917
UGC03205,external_151,bulge_rich_hsb,33,0.1132527838525314,0.6678396309917035,3.2688988410699655e-11,151.20933541345948
UGC03205,external_151,bulge_rich_hsb,34,0.1110363066058627,0.6581336411657626,3.1961627193497844e-11,150.5268665413845
UGC03205,external_151,bulge_rich_hsb,35,0.10774403769088127,0.6434409038927802,3.0871885053459334e-11,149.40293122906036
UGC03205,external_151,bulge_rich_hsb,36,0.10453466897746998,0.6287966745415713,2.9799456536450925e-11,148.17937565018877
UGC03205,external_151,bulge_rich_hsb,37,0.10227433904992712,0.6182901253312701,2.9038561663971732e-11,147.2411041261461
UGC03205,external_151,bulge_rich_hsb,38,0.09891672800007595,0.6023858745559256,2.790044012173188e-11,145.72931373597268
UGC03205,external_151,bulge_rich_hsb,39,0.09782826349935005,0.597153223707148,2.7529615490147725e-11,145.20867360567047
UGC03205,external_151,bulge_rich_hsb,40,0.0701986623365336,0.4514743873295682,1.7953708043704147e-11,126.71150239226507
UGC03205,external_151,bulge_rich_hsb,41,0.0584802360119342,0.38247460621274143,1.3708946268520769e-11,118.03165838988288
UGC03205,external_151,bulge_rich_hsb,42,0.046545618975734455,0.3081492364346708,9.589199003453833e-12,105.10670992039637
UGC03205,external_151,bulge_rich_hsb,43,0.040598018106162974,0.2699863990489908,7.60090921621181e-12,98.61123785042288
UGC03205,external_151,bulge_rich_hsb,44,0.03508385995519309,0.23390935352588857,5.8557635493135484e-12,90.61417049460529
UGC03205,external_151,bulge_rich_hsb,45,0.03154051981896837,0.2106322789681901,4.827348605909693e-12,85.87251313218792
UGC03205,external_151,bulge_rich_hsb,46,0.02574856439757775,0.17227640575377154,3.3119341522419805e-12,76.63735799526704
UGC03205,external_151,bulge_rich_hsb,47,0.022323036082230654,0.14951078471095636,2.5469914282998245e-12,70.77525959126899
UGC03546,external_151,bulge_rich_hsb,0,0.41821684086475375,0.8662746622068329,1.2125541503564438e-11,71.92104030696446
UGC03546,external_151,bulge_rich_hsb,1,0.4169149108791763,0.8686087652298775,1.2343634118417634e-11,80.20662118223042
UGC03546,external_151,bulge_rich_hsb,2,0.4156071408367556,0.8709756183764921,1.2568579780301918e-11,87.59116296096705
UGC03546,external_151,bulge_rich_hsb,3,0.4142934913541169,0.8733760116209639,1.2800697297004379e-11,94.2872085846861
UGC03546,external_151,bulge_rich_hsb,4,0.4129739226929701,0.8758107610875969,1.3040325496333318e-11,100.43315789695016
UGC03546,external_151,bulge_rich_hsb,5,0.4116483947561025,0.8782807101307204,1.3287824826270406e-11,106.12522548240362
UGC03546,external_151,bulge_rich_hsb,6,0.4103168670833177,0.8807867304676422,1.3543579111532213e-11,111.43359435519997
UGC03546,external_151,bulge_rich_hsb,7,0.4077198059357288,0.8857481862385592,1.4064146286013008e-11,120.81478331774103
UGC03546,external_151,bulge_rich_hsb,8,0.4063704165357301,0.8883654944068745,1.4346620116079013e-11,125.2624627025728
UGC03546,external_151,bulge_rich_hsb,9,0.40501486447933077,0.8910226056900287,1.4639127491983984e-11,129.47943118816033
UGC03546,external_151,bulge_rich_hsb,10,0.4036531074526637,0.8937205504598507,1.4942200073807868e-11,133.48825842609781
UGC03546,external_151,bulge_rich_hsb,11,0.4001349852810752,0.9008279248639982,1.5771118110839e-11,142.93501177899103
UGC03546,external_151,bulge_rich_hsb,12,0.39953017756152515,0.902070244390155,1.5920720160546613e-11,144.44202551439284
UGC03546,external_151,bulge_rich_hsb,13,0.39814316968243507,0.9049425783457005,1.6272189270851945e-11,147.7825110036257
UGC03546,external_151,bulge_rich_hsb,14,0.38825789947583883,0.9446200141169413,1.8999968245263504e-11,164.231083420013
UGC03546,external_151,bulge_rich_hsb,15,0.3759028695032583,0.9991782513096665,2.3405566121201866e-11,175.51078677668457
UGC03546,external_151,bulge_rich_hsb,16,0.3623088477656834,1.0394287298872278,2.8314625191821263e-11,182.70089321191537
UGC03546,external_151,bulge_rich_hsb,17,0.34756488726830204,1.0624826613903773,3.306098665278102e-11,187.80515372136097
UGC03546,external_151,bulge_rich_hsb,18,0.33135691837973447,1.0808908850007468,3.858063524439443e-11,190.74682053528818
UGC03546,external_151,bulge_rich_hsb,19,0.31113860983061103,1.080298364244569,4.347595063431204e-11,194.51843656409847
UGC03546,external_151,bulge_rich_hsb,20,0.29028013420197685,1.0782422108355463,4.8380419968087846e-11,195.92074691144546
UGC03546,external_151,bulge_rich_hsb,21,0.26436307499658995,1.050037591359754,5.04388497084841e-11,198.3915773067665
UGC03546,external_151,bulge_rich_hsb,22,0.23436328044864607,1.0097519727583808,5.044180570056503e-11,196.59826297168428
UGC03546,external_151,bulge_rich_hsb,23,0.2059072903323258,0.9557323899878449,4.762765284715723e-11,193.19362716847533
UGC03546,external_151,bulge_rich_hsb,24,0.17598717673761127,0.8835749443318639,4.252584117816339e-11,185.47585834265757
UGC03546,external_151,bulge_rich_hsb,25,0.14802384586398812,0.7994146308897069,3.616728473909122e-11,174.79560061072524
UGC03546,external_151,bulge_rich_hsb,26,0.12096191622445271,0.699200463174939,2.918680280399102e-11,161.70618914569673
UGC03546,external_151,bulge_rich_hsb,27,0.08938175188370874,0.5553676616866484,2.0140860359104433e-11,140.40794918518304
UGC03546,external_151,bulge_rich_hsb,28,0.062198918008536684,0.40657403411280046,1.2279942550557795e-11,115.57168145611904
UGC03546,external_151,bulge_rich_hsb,29,0.03334617714416833,0.22567554598627432,4.805596026273965e-12,80.50382542385935
UGC03580,calibration_24,bulge_rich_hsb,0,0.4045068979987841,0.9252435985447196,8.420991864939555e-12,15.507390618635041
UGC03580,calibration_24,bulge_rich_hsb,1,0.4021707968944709,0.9279360316715233,8.64416521905389e-12,22.354778950755406
UGC03580,calibration_24,bulge_rich_hsb,2,0.40001321133730294,0.9304356033641099,8.85728696546724e-12,27.10444794757545
UGC03580,calibration_24,bulge_rich_hsb,3,0.3976416498097715,0.9331977234554883,9.099671063571948e-12,31.43317587287148
UGC03580,calibration_24,bulge_rich_hsb,4,0.3954511888389752,0.9357629124221084,9.331462456805513e-12,34.896831795397574
UGC03580,calibration_24,bulge_rich_hsb,5,0.3930433533187753,0.9385985907327845,9.595462906473587e-12,38.28554488063888
UGC03580,calibration_24,bulge_rich_hsb,6,0.39081925977828075,0.9412330944720927,9.848306033177447e-12,41.11954742609356
UGC03580,calibration_24,bulge_rich_hsb,7,0.3883743116165919,0.9441465360104524,1.0136734297723712e-11,43.9767724822932
UGC03580,calibration_24,bulge_rich_hsb,8,0.3861158049197185,0.9468543747449897,1.0413421206966958e-11,46.4200665579892
UGC03580,calibration_24,bulge_rich_hsb,9,0.38384055674856443,0.94959881138656,1.0702640792396582e-11,48.72283861275476
UGC03580,calibration_24,bulge_rich_hsb,10,0.3813391546305182,0.9526357098331639,1.1033406021515168e-11,51.09881949162179
UGC03580,calibration_24,bulge_rich_hsb,11,0.3790282945222897,0.9554600955007906,1.135154659252621e-11,53.16957520717532
UGC03580,calibration_24,bulge_rich_hsb,12,0.37648758690455186,0.9585868730702897,1.1716080511865919e-11,55.3276177042416
UGC03580,calibration_24,bulge_rich_hsb,13,0.3739260032465728,0.9617627722595908,1.2100189201679217e-11,57.394147339547985
UGC03580,calibration_24,bulge_rich_hsb,14,0.3717752169591145,0.9644480488043009,1.2436323822540816e-11,59.05510977893107
UGC03580,calibration_24,bulge_rich_hsb,15,0.36917468646366897,0.9677182845060991,1.2860376822977112e-11,60.984007464916154
UGC03580,calibration_24,bulge_rich_hsb,16,0.3667718815218141,0.9707633411800173,1.3270391706318092e-11,62.69810232578946
UGC03580,calibration_24,bulge_rich_hsb,17,0.36412967645025185,0.9741386022468687,1.374279024655175e-11,64.51690177805226
UGC03580,calibration_24,bulge_rich_hsb,18,0.361465329280391,0.9775714690198838,1.4243557588375635e-11,66.2898571261358
UGC03580,calibration_24,bulge_rich_hsb,19,0.35900332119189104,0.98077062462593,1.4729627120682858e-11,67.88094484350941
UGC03580,calibration_24,bulge_rich_hsb,20,0.3565222540109826,0.9840215791387878,1.5243735470757458e-11,69.44482366138807
UGC03580,calibration_24,bulge_rich_hsb,21,0.3537936372944753,0.9876292071992423,1.5839332942784877e-11,71.12582472433958
UGC03580,calibration_24,bulge_rich_hsb,22,0.35127199727908404,0.990994217954296,1.6419989676553624e-11,72.64917108308926
UGC03580,calibration_24,bulge_rich_hsb,23,0.3484985763556031,0.9947307731387224,1.7094852441621155e-11,74.29787648329606
UGC03580,calibration_24,bulge_rich_hsb,24,0.3459353600755986,0.9982183103504888,1.7755023864074233e-11,75.80260962760126
UGC03580,calibration_24,bulge_rich_hsb,25,0.34311602227916543,1.0020935283139187,1.85250747271501e-11,77.44325784019816
UGC03580,calibration_24,bulge_rich_hsb,26,0.3405101929409765,1.0057130011319042,1.9281244142365184e-11,78.95223041258065
UGC03580,calibration_24,bulge_rich_hsb,27,0.3378836068449575,1.0093992075678906,2.009048740515083e-11,80.47193458793164
UGC03580,calibration_24,bulge_rich_hsb,28,0.3071047834946031,1.0187123059762844,2.5641066060182246e-11,92.6177510309439
UGC03580,calibration_24,bulge_rich_hsb,29,0.3029882225390216,1.0189114815989626,2.6303086641836902e-11,93.85665411959836
UGC03580,calibration_24,bulge_rich_hsb,30,0.26874358668671233,1.0182870199771688,3.193296719672069e-11,102.34353010313191
UGC03580,calibration_24,bulge_rich_hsb,31,0.2304780596642957,0.9869831530656413,3.444013238821836e-11,108.56559614006893
UGC03580,calibration_24,bulge_rich_hsb,32,0.20458471022367775,0.9365187967235871,3.2618083371139576e-11,110.01837910749728
UGC03580,calibration_24,bulge_rich_hsb,33,0.20151408770311924,0.9298858569968035,3.231487052332884e-11,109.97351380657307
UGC03580,calibration_24,bulge_rich_hsb,34,0.19841966563407265,0.9230486593195012,3.1989892684389296e-11,109.87919719336406
UGC03580,calibration_24,bulge_rich_hsb,35,0.19294632141843426,0.9105660357994732,3.136685274185736e-11,109.58892383517656
UGC03580,calibration_24,bulge_rich_hsb,36,0.19242114968198695,0.9093414513039315,3.130380810730634e-11,109.5526258198292
UGC03580,calibration_24,bulge_rich_hsb,37,0.15628301117748447,0.8117778991095885,2.5627685777371464e-11,104.17367572818986
UGC03580,calibration_24,bulge_rich_hsb,38,0.1332257512811405,0.7323787096960669,2.1074852743844884e-11,100.09123261190766
UGC03580,calibration_24,bulge_rich_hsb,39,0.10936032676114371,0.6351094386195036,1.571159178796467e-11,90.68617503269807
UGC03580,calibration_24,bulge_rich_hsb,40,0.09783782124610789,0.5822657378041698,1.3103943239918053e-11,86.90498093220994
UGC03580,calibration_24,bulge_rich_hsb,41,0.08616710182797607,0.5245414511449519,1.039613272129486e-11,80.73777209350507
UGC03580,calibration_24,bulge_rich_hsb,42,0.07828306537921419,0.48345810516451193,8.691647585554046e-12,76.83797236260634
UGC03580,calibration_24,bulge_rich_hsb,43,0.07173189706665718,0.44803420762980906,7.354793078146617e-12,73.35993330346162
UGC03580,calibration_24,bulge_rich_hsb,44,0.06645541083419876,0.4186856730987156,6.351061395677862e-12,70.41134258745036
UGC03580,calibration_24,bulge_rich_hsb,45,0.05743481972124091,0.3670598678715552,4.891067343474221e-12,65.97226177840359
UGC03580,calibration_24,bulge_rich_hsb,46,0.050092114772509265,0.323657408104567,3.9088113720731036e-12,62.63387733903792
UGC04278,external_151,ordinary_disk,0,0.30009590723652574,1.0354413653129635,1.5677694980304292e-11,10.475805718957174
UGC04278,external_151,ordinary_disk,1,0.29213075674302597,1.0238981530018791,1.6145583611157294e-11,18.250996899394334
UGC04278,external_151,ordinary_disk,2,0.2842764749674295,1.0118807344848708,1.6599008309236443e-11,23.52476734284851
UGC04278,external_151,ordinary_disk,3,0.27594505113244244,0.9983942021009178,1.706776918762825e-11,28.05273396301012
UGC04278,external_151,ordinary_disk,4,0.2674173779387175,0.9837425101525578,1.7530193008985377e-11,32.02232910751749
UGC04278,external_151,ordinary_disk,5,0.25902490180596877,0.9685691411081739,1.7968124538799094e-11,35.49233843115539
UGC04278,external_151,ordinary_disk,6,0.2513845137253314,0.9622171124255062,1.862000366208038e-11,38.88101939911402
UGC04278,external_151,ordinary_disk,7,0.24386627438078984,0.9555233308192844,1.9252790611272497e-11,41.96324306575006
UGC04278,external_151,ordinary_disk,8,0.23590840085701284,0.9479279863930341,1.9906504474356894e-11,45.00353792435485
UGC04278,external_151,ordinary_disk,9,0.22778124159421337,0.9395925847254121,2.0548864969334825e-11,47.90666260722566
UGC04278,external_151,ordinary_disk,10,0.2194793367635048,0.9304304792150494,2.1168856547602004e-11,50.683528494002886
UGC04278,external_151,ordinary_disk,11,0.21190450952087203,0.919305617924105,2.14883685214904e-11,53.116888181273495
UGC04278,external_151,ordinary_disk,12,0.20512504829507924,0.9069879309639441,2.1562544732155392e-11,55.163600448573376
UGC04278,external_151,ordinary_disk,13,0.19797018867616,0.8932942296937432,2.1588986971070392e-11,57.13310405031999
UGC04278,external_151,ordinary_disk,14,0.1909478045940347,0.87911700153981,2.1559827535929228e-11,58.88243231033421
UGC04278,external_151,ordinary_disk,15,0.18353425316768215,0.8633052925572577,2.1466312877677874e-11,60.5357691830483
UGC04278,external_151,ordinary_disk,16,0.17614743249814768,0.8465448691449187,2.1291614529659698e-11,62.00832243548122
UGC04278,external_151,ordinary_disk,17,0.17030040413318723,0.8317056313045837,2.0959345661525256e-11,63.22831441105118
UGC04278,external_151,ordinary_disk,18,0.16436978772617822,0.8159867109946145,2.0580236247203064e-11,64.29333607010018
UGC04278,external_151,ordinary_disk,19,0.15857012663697734,0.7999319019971356,2.016818029421459e-11,65.16923984557093
UGC04278,external_151,ordinary_disk,20,0.1524700144549258,0.7822796558163871,1.9690534802924817e-11,65.91512344379825
UGC04278,external_151,ordinary_disk,21,0.14850158914689798,0.7703557740020748,1.9355465889174918e-11,66.30398450767724
UGC04278,external_151,ordinary_disk,22,0.1390347956079692,0.7399540676125892,1.841179700857378e-11,67.21348439912043
UGC04278,external_151,ordinary_disk,23,0.13650464996261524,0.731349232805345,1.8126724429488067e-11,67.4369090971329
UGC04278,external_151,ordinary_disk,24,0.13344877621419435,0.7207433033204994,1.7773486359118902e-11,67.65267609595313
UGC04305,external_151,low_mass_dwarf,0,0.3328947628636297,1.0367189655902753,1.247342399430537e-11,13.962503759406466
UGC04305,external_151,low_mass_dwarf,1,0.3226325000040977,1.027761961740619,1.3246224749244163e-11,19.875112110040913
UGC04305,external_151,low_mass_dwarf,2,0.3120495698218648,1.0177057448177376,1.407725616501943e-11,24.52658391013728
UGC04305,external_151,low_mass_dwarf,3,0.3011307038177418,1.0063730837628975,1.496721193543671e-11,28.564317512656412
UGC04305,external_151,low_mass_dwarf,4,0.28940123960140535,0.9930006980415613,1.595343433326811e-11,32.3815715093904
UGC04305,external_151,low_mass_dwarf,5,0.2809836124542702,0.9905625527650959,1.672243587377807e-11,35.42301988184569
UGC04305,external_151,low_mass_dwarf,6,0.2716529137890958,0.9875084002199405,1.758433330335904e-11,38.4973543247762
UGC04305,external_151,low_mass_dwarf,7,0.2624498251194974,0.9840439527986758,1.843324399394865e-11,41.28596985601967
UGC04305,external_151,low_mass_dwarf,8,0.2530111874045061,0.9799913722371812,1.928806763734485e-11,43.936380785256794
UGC04305,external_151,low_mass_dwarf,9,0.2433278402532059,0.9752682363872138,2.01287609282128e-11,46.45700717330405
UGC04305,external_151,low_mass_dwarf,10,0.2364012580383546,0.9658625001058234,2.0297728195312384e-11,48.54075305272093
UGC04305,external_151,low_mass_dwarf,11,0.22950816636548008,0.9555604296990622,2.0388933892781316e-11,50.45058458287923
UGC04305,external_151,low_mass_dwarf,12,0.22220608393623356,0.9440483829174813,2.0429702274716882e-11,52.269774638605895
UGC04305,external_151,low_mass_dwarf,13,0.21534177029377966,0.932628700484104,2.041137472225505e-11,53.7950347149536
UGC04305,external_151,low_mass_dwarf,14,0.20806141037604012,0.9198417183184958,2.032748929150877e-11,55.2202033627248
UGC04305,external_151,low_mass_dwarf,15,0.20268088584181596,0.9092338864317827,2.0151944584703144e-11,56.63151265930719
UGC04305,external_151,low_mass_dwarf,16,0.1978685481577409,0.8992905781113323,1.9955209788087722e-11,57.824026735034096
UGC04305,external_151,low_mass_dwarf,17,0.19258919662353075,0.8879681520802274,1.9705628110107038e-11,58.98649924733102
UGC04305,external_151,low_mass_dwarf,18,0.18744694380980195,0.8765040223130787,1.9427866220804074e-11,59.975034839199715
UGC04305,external_151,low_mass_dwarf,19,0.1822387710145863,0.8644339066473028,1.9111049323538795e-11,60.83343831828772
UGC04305,external_151,low_mass_dwarf,20,0.17820793339382973,0.8545014263220223,1.883713518555299e-11,61.75423092970251
UGC04305,external_151,low_mass_dwarf,21,0.17427724127085437,0.8444895001390434,1.8550834108263117e-11,62.60049400612408
UGC04325,external_151,low_mass_dwarf,0,0.3419279300466986,0.9942479985928088,1.1552480510725641e-11,25.232668117605535
UGC04325,external_151,low_mass_dwarf,1,0.3230416339668245,0.982169627532973,1.3282904829885924e-11,36.152721413921036
UGC04325,external_151,low_mass_dwarf,2,0.301548284721819,0.9998945209394247,1.7117861019481222e-11,45.9995631886391
UGC04325,external_151,low_mass_dwarf,3,0.2809992073913455,0.9997665744635948,2.0392638188800312e-11,54.749004966304426
UGC04325,external_151,low_mass_dwarf,4,0.26053313022480834,0.9906089598888703,2.3342052267607778e-11,62.69397590308872
UGC04325,external_151,low_mass_dwarf,5,0.241470212220627,0.9717673653078756,2.499900261653707e-11,69.01120711865383
UGC04325,external_151,low_mass_dwarf,6,0.22304455910711832,0.9472633141550417,2.5914892415190627e-11,74.23260861657786
UGC04325,external_151,low_mass_dwarf,7,0.205073985514343,0.9167544289060652,2.6030285659528854e-11,78.22184319583829
UGC04483,external_151,low_mass_dwarf,0,0.32342089599486196,1.0459165961861674,1.1430402228075146e-11,6.9254059889332
UGC04483,external_151,low_mass_dwarf,1,0.3129754633449726,1.0142942203361924,1.1100007692882465e-11,11.77265649553575
UGC04483,external_151,low_mass_dwarf,2,0.3022024476049764,0.9792497023415901,1.0746845656411013e-11,14.896226031293226
UGC04483,external_151,low_mass_dwarf,3,0.28853546831694227,0.9769874066366003,1.1805377677379773e-11,18.03490617117112
UGC04483,external_151,low_mass_dwarf,4,0.27485484646278463,0.9807310253467091,1.3236268602464163e-11,20.8986053993909
UGC04483,external_151,low_mass_dwarf,5,0.26150332397412923,0.9808547365712509,1.4643085080078216e-11,23.626151947713353
UGC04483,external_151,low_mass_dwarf,6,0.2504304592573986,0.9700735031079352,1.5350165027049135e-11,25.93578966984856
UGC04483,external_151,low_mass_dwarf,7,0.2390204916547606,0.957854177608575,1.6049384693665456e-11,28.127303748961157
UGC04499,external_151,low_mass_dwarf,0,0.32279055035663146,1.01238064072528,1.4605131067205703e-11,29.68311196129425
UGC04499,external_151,low_mass_dwarf,1,0.2946452788819907,0.992652846243245,1.7486273784911625e-11,42.681446692740245
UGC04499,external_151,low_mass_dwarf,2,0.26600827751377326,0.9910113167199556,2.1543246947773165e-11,53.61108576263942
UGC04499,external_151,low_mass_dwarf,3,0.24053638674118838,0.9688912196717724,2.382092329412308e-11,62.28166908238891
UGC04499,external_151,low_mass_dwarf,4,0.21541343616997416,0.9334318663701033,2.479542442419309e-11,69.13874084254176
UGC04499,external_151,low_mass_dwarf,5,0.1955591973175147,0.8952047836535754,2.4355782454470763e-11,73.82975141964921
UGC04499,external_151,low_mass_dwarf,6,0.17715219555240908,0.8531684924503796,2.33112056141839e-11,77.1946600226337
UGC04499,external_151,low_mass_dwarf,7,0.1610438457749642,0.8100115316482056,2.1864259074749758e-11,79.29895247629192
UGC04499,external_151,low_mass_dwarf,8,0.1481559481702545,0.7709775167830737,2.04121922640608e-11,80.82139482493011
UGC05005,external_151,low_mass_dwarf,0,0.21269757048617915,0.934690306460893,2.469740961297257e-11,28.36231000869269
UGC05005,external_151,low_mass_dwarf,1,0.18045762238279545,0.8561563656484561,2.429792170334602e-11,48.27688851620749
UGC05005,external_151,low_mass_dwarf,2,0.14763736266526778,0.7563169955634514,2.25792173074094e-11,59.92001110253602
UGC05005,external_151,low_mass_dwarf,3,0.1270069136029212,0.6895206423044251,2.0133236049387316e-11,66.52687924467037
UGC05005,external_151,low_mass_dwarf,4,0.1052107484733961,0.6071251574338266,1.6944849760301347e-11,69.02817571709203
UGC05005,external_151,low_mass_dwarf,5,0.09126620727550086,0.5449355822935253,1.45522645459484e-11,70.78228399373589
UGC05005,external_151,low_mass_dwarf,6,0.07909056481283948,0.48480571675311473,1.2329963992548149e-11,71.08310770510532
UGC05005,external_151,low_mass_dwarf,7,0.04796613518248107,0.31068601967472914,6.324411661191113e-12,68.88779317741194
UGC05005,external_151,low_mass_dwarf,8,0.04159187086306294,0.2717644512350555,5.1558805536612266e-12,67.81633944480139
UGC05005,external_151,low_mass_dwarf,9,0.03860264688475745,0.25318706595336204,4.630193095837914e-12,67.00226826148219
UGC05005,external_151,low_mass_dwarf,10,0.030027150197166137,0.19887299183427815,3.223056479962779e-12,63.71836659384623
UGC05253,external_151,bulge_rich_hsb,0,0.3608225045788252,1.0349977267527295,2.1925340126214986e-11,19.73544891476083
UGC05253,external_151,bulge_rich_hsb,1,0.3599738612799118,1.0347114882074107,2.2067805472535634e-11,27.353452794052167
UGC05253,external_151,bulge_rich_hsb,2,0.3590519510231155,1.03439690431553,2.2223720302515864e-11,33.704243687849335
UGC05253,external_151,bulge_rich_hsb,3,0.35812738104828334,1.0340775863171785,2.2381296782930265e-11,39.02401549975143
UGC05253,external_151,bulge_rich_hsb,4,0.35727156117699926,1.0337785731718736,2.252824589139451e-11,43.35041375244331
UGC05253,external_151,bulge_rich_hsb,5,0.3563418439049027,1.0334499674383941,2.268908007768535e-11,47.587253560605006
UGC05253,external_151,bulge_rich_hsb,6,0.3554094330337788,1.0331164343947303,2.2851641224354218e-11,51.468717245743285
UGC05253,external_151,bulge_rich_hsb,7,0.35454634517041667,1.0328041252838147,2.3003250323728455e-11,54.80181118798854
UGC05253,external_151,bulge_rich_hsb,8,0.35360872129321796,1.0324609234592104,2.316919735847172e-11,58.19133180571221
UGC05253,external_151,bulge_rich_hsb,9,0.3526683693580879,1.032112591100806,2.333693937069238e-11,61.38795846041689
UGC05253,external_151,bulge_rich_hsb,10,0.3517979205235717,1.0317864376181969,2.3493391993794906e-11,64.19259062452326
UGC05253,external_151,bulge_rich_hsb,11,0.3508522887503549,1.0314280355509478,2.3664653356451174e-11,67.09378220879398
UGC05253,external_151,bulge_rich_hsb,12,0.3499038938700151,1.0310642890579853,2.3837780496645993e-11,69.86979016193064
UGC05253,external_151,bulge_rich_hsb,13,0.34902598949251,1.030723714007217,2.3999267684717345e-11,72.33376797845402
UGC05253,external_151,bulge_rich_hsb,14,0.34807224679476767,1.03034947570083,2.417605305777681e-11,74.907644987657
UGC05253,external_151,bulge_rich_hsb,15,0.34711570533772945,1.0299696677095642,2.435477786065937e-11,77.39206949092441
UGC05253,external_151,bulge_rich_hsb,16,0.34615635278384854,1.0295842102280508,2.4535467956149473e-11,79.79555426576403
UGC05253,external_151,bulge_rich_hsb,17,0.345268290792603,1.0292233187353008,2.4704025813646354e-11,81.94861329611446
UGC05253,external_151,bulge_rich_hsb,18,0.3443034973393437,1.0288267671877702,2.4888569272182464e-11,84.21598260728547
UGC05253,external_151,bulge_rich_hsb,19,0.343335856307276,1.0284243244388818,2.507515559691465e-11,86.42097520662158
UGC05253,external_151,bulge_rich_hsb,20,0.3424401108464204,1.02804753587322,2.5249225856496403e-11,88.40515893482193
UGC05253,external_151,bulge_rich_hsb,21,0.3414669581506532,1.0276335216957644,2.5439817577687174e-11,90.50322270970254
UGC05253,external_151,bulge_rich_hsb,22,0.3404909207600948,1.0272133613765906,2.5632532714711544e-11,92.55145041763483
UGC05253,external_151,bulge_rich_hsb,23,0.3395873916810161,1.02681998776364,2.5812332720319125e-11,94.40082486897012
UGC05253,external_151,bulge_rich_hsb,24,0.33860577062994923,1.0263877523582576,2.6009211042516382e-11,96.36243356609383
UGC05253,external_151,bulge_rich_hsb,25,0.33762122712025816,1.025949101737246,2.6208296335825497e-11,98.28317135206413
UGC05253,external_151,bulge_rich_hsb,26,0.3367098125262617,1.0255384169598882,2.6394051539441262e-11,100.02204940093499
UGC05253,external_151,bulge_rich_hsb,27,0.3357196120998155,1.0250871594907536,2.659746360136607e-11,101.87101680610392
UGC05253,external_151,bulge_rich_hsb,28,0.33472645078886476,1.0246292026197548,2.68031692058208e-11,103.68580516318438
UGC05253,external_151,bulge_rich_hsb,29,0.33380704699686675,1.0242004397764846,2.6995113195365763e-11,105.33231424987542
UGC05253,external_151,bulge_rich_hsb,30,0.33280815422581667,1.0237293142320347,2.7205314945204502e-11,107.08661358537954
UGC05253,external_151,bulge_rich_hsb,31,0.3318062614677622,1.0232511889267364,2.7417899812095623e-11,108.81190288075844
UGC05253,external_151,bulge_rich_hsb,32,0.33087876296897034,1.0228035374696178,2.7616274275748575e-11,110.38003404544177
UGC05253,external_151,bulge_rich_hsb,33,0.3298710628919826,1.0223116494784683,2.783353040660646e-11,112.05367481573992
UGC05253,external_151,bulge_rich_hsb,34,0.3288603230339127,1.0218124440446794,2.805326219033922e-11,113.70241156531591
UGC05253,external_151,bulge_rich_hsb,35,0.32792462245346315,1.0213450466753682,2.8258316803141017e-11,115.20327211568562
UGC05253,external_151,bulge_rich_hsb,36,0.3269079980729889,1.0208314500519045,2.848290059869552e-11,116.80746772280067
UGC05253,external_151,bulge_rich_hsb,37,0.32588829341041997,1.020310199732644,2.8710055467517635e-11,118.39009826031477
UGC05253,external_151,bulge_rich_hsb,38,0.32494428146593923,1.019822149032534,2.892204768363509e-11,119.83271646631324
UGC05253,external_151,bulge_rich_hsb,39,0.3245501623679289,1.0196168170532531,2.901103898890392e-11,120.42881511689363
UGC05253,external_151,bulge_rich_hsb,40,0.3239186137029325,1.0192858420253075,2.9154240754998715e-11,121.3766449111818
UGC05253,external_151,bulge_rich_hsb,41,0.322889824434115,1.0187415251408223,2.938910308571131e-11,122.90177831872536
UGC05253,external_151,bulge_rich_hsb,42,0.32090255754059294,1.0176717811216498,2.984838970836018e-11,125.78496006826171
UGC05253,external_151,bulge_rich_hsb,43,0.3198645617195913,1.017103314871297,3.009125164149385e-11,127.25982178883908
UGC05253,external_151,bulge_rich_hsb,44,0.3189035913560073,1.0165710161384958,3.031792079856596e-11,128.60724851971227
UGC05253,external_151,bulge_rich_hsb,45,0.31785947103107265,1.0159860400919027,3.0566208436448156e-11,130.05245283576642
UGC05253,external_151,bulge_rich_hsb,46,0.31274124646548823,1.0141016209859381,3.1748474884233054e-11,136.66864208662224
UGC05253,external_151,bulge_rich_hsb,47,0.31179564383026553,1.014098453114465,3.194974971650853e-11,137.7724593995989
UGC05253,external_151,bulge_rich_hsb,48,0.3112428396550419,1.0140951750592517,3.2067887156162795e-11,138.410184873946
UGC05253,external_151,bulge_rich_hsb,49,0.310768300173591,1.014091518756727,3.2169575274835163e-11,138.95326139351332
UGC05253,external_151,bulge_rich_hsb,50,0.3097378847174537,1.0140808899739173,3.239125630554975e-11,140.11892976381446
UGC05253,external_151,bulge_rich_hsb,51,0.30878399360827335,1.0140677529245348,3.259753711141031e-11,141.18189580610033
UGC05253,external_151,bulge_rich_hsb,52,0.3077476319930135,1.014049866521603,3.2822802963929677e-11,142.31973221441532
UGC05253,external_151,bulge_rich_hsb,53,0.3067081580130072,1.0140281247476286,3.304994027753982e-11,143.4437205485125
UGC05253,external_151,bulge_rich_hsb,54,0.297868184355736,1.013686113213943,3.50283728247023e-11,152.37425171534093
UGC05253,external_151,bulge_rich_hsb,55,0.28379292944485796,1.0125326911633206,3.8332691708277065e-11,164.71854833926952
UGC05253,external_151,bulge_rich_hsb,56,0.2697642332138749,1.010577454529264,4.175795873697889e-11,175.3055243859061
UGC05253,external_151,bulge_rich_hsb,57,0.2538861007824228,0.9992413753296886,4.432669598427756e-11,185.17188522723933
UGC05253,external_151,bulge_rich_hsb,58,0.23829025097421064,0.97852764070648,4.524761221318866e-11,192.53866364279088
UGC05253,external_151,bulge_rich_hsb,59,0.22202848871814884,0.954171981665697,4.562962948034831e-11,198.17137036778092
UGC05253,external_151,bulge_rich_hsb,60,0.2039919137339963,0.923335013231773,4.5211819102960936e-11,201.86188502695248
UGC05253,external_151,bulge_rich_hsb,61,0.18842305541654109,0.8898873711527517,4.370301314501059e-11,203.9195860547349
UGC05253,external_151,bulge_rich_hsb,62,0.1729044967944122,0.8514241316044405,4.1480279718210897e-11,204.1378800712006
UGC05253,external_151,bulge_rich_hsb,63,0.15577122398682286,0.8035119045585638,3.8344445251767393e-11,201.6481890297269
UGC05253,external_151,bulge_rich_hsb,64,0.12586294162438982,0.7025146471086613,3.1321372868798595e-11,192.37161556423004
UGC05253,external_151,bulge_rich_hsb,65,0.1002043050209683,0.5954578343631172,2.4186361721171322e-11,178.2807079930657
UGC05253,external_151,bulge_rich_hsb,66,0.07896773296170048,0.49154103572533064,1.7836884458057475e-11,161.76156194868278
UGC05253,external_151,bulge_rich_hsb,67,0.06095091014993402,0.39227126130250245,1.2447677955245603e-11,142.76422689266215
UGC05253,external_151,bulge_rich_hsb,68,0.048827795895269255,0.3200938803509834,8.976427313362406e-12,127.60306959781991
UGC05253,external_151,bulge_rich_hsb,69,0.037862977488043605,0.25149908981833674,6.061590712435145e-12,110.46957629710941
UGC05253,external_151,bulge_rich_hsb,70,0.031016085151564114,0.2073257482615219,4.40672108430559e-12,98.77012006198953
UGC05253,external_151,bulge_rich_hsb,71,0.02484876406549473,0.16677529094258395,3.0518868924586885e-12,85.94212844112556
UGC05253,external_151,bulge_rich_hsb,72,0.021097135677127534,0.14185029117174605,2.3153444043991503e-12,77.9741501815621
UGC05414,external_151,low_mass_dwarf,0,0.32739582813722323,1.00908565501104,1.2404391854397999e-11,23.369792025793707
UGC05414,external_151,low_mass_dwarf,1,0.3044698102347271,0.9908985221135641,1.4365350125167307e-11,33.73737657039671
UGC05414,external_151,low_mass_dwarf,2,0.28116220392121327,0.9965882288528495,1.7686919139216695e-11,42.71067453393852
UGC05414,external_151,low_mass_dwarf,3,0.2594896355311051,0.9867549231178276,2.0207684631992792e-11,50.51549465140454
UGC05414,external_151,low_mass_dwarf,4,0.23867351513345597,0.9668352324757647,2.1954122223888314e-11,57.09038034591707
UGC05414,external_151,low_mass_dwarf,5,0.2210989057155641,0.9413453003014689,2.2468502989070956e-11,62.17540027794612
UGC05716,external_151,low_mass_dwarf,0,0.2734782486922916,1.0056874560841087,1.815191649047584e-11,29.736144005940567
UGC05716,external_151,low_mass_dwarf,1,0.226480232834632,0.9395603564870313,2.111456884240438e-11,43.08796614099964
UGC05716,external_151,low_mass_dwarf,2,0.1963691789940654,0.8928602699762939,2.0455336111751534e-11,50.106082398611775
UGC05716,external_151,low_mass_dwarf,3,0.1713654335770749,0.8394069470779473,1.8610215412989753e-11,54.16628389682857
UGC05716,external_151,low_mass_dwarf,4,0.1539084474260026,0.7879129741131843,1.672146551982065e-11,56.93978311325741
UGC05716,external_151,low_mass_dwarf,5,0.14135532895790573,0.7470811753093042,1.525389749810733e-11,59.331476428808024
UGC05716,external_151,low_mass_dwarf,6,0.13065193205101042,0.7094615671518025,1.3933416573303557e-11,61.02110784825415
UGC05716,external_151,low_mass_dwarf,7,0.12225535663047779,0.6780899377412777,1.2954332453575444e-11,62.77677004436113
UGC05716,external_151,low_mass_dwarf,8,0.11407623842350731,0.6456923772926568,1.1966138669158185e-11,63.860190923625346
UGC05716,external_151,low_mass_dwarf,9,0.10639059800430785,0.6135722909529004,1.1050598472158718e-11,64.73019161668003
UGC05716,external_151,low_mass_dwarf,10,0.09900985529439367,0.58108755427886,1.0153741272190425e-11,65.12728353125144
UGC05716,external_151,low_mass_dwarf,11,0.09255047691549502,0.5513102680503752,9.361177601527651e-12,65.14195900482453
UGC05721,calibration_24,bulge_rich_hsb,0,0.4029521246662675,0.9793296427305452,9.427222986068853e-12,13.6000398982099
UGC05721,calibration_24,bulge_rich_hsb,1,0.39229998898045915,0.9903715858711101,1.0604050371917646e-11,23.17216412177693
UGC05721,calibration_24,bulge_rich_hsb,2,0.38126085186542147,1.0021260449946274,1.2048041587909455e-11,29.47430955837712
UGC05721,calibration_24,bulge_rich_hsb,3,0.3698132329692771,1.0146982022765283,1.3855447805730244e-11,34.447656627206115
UGC05721,calibration_24,bulge_rich_hsb,4,0.35793403229705983,1.028218186535629,1.617398207529345e-11,38.73519017717437
UGC05721,calibration_24,bulge_rich_hsb,5,0.3455983746241887,1.0428491368033679,1.924229180084132e-11,42.73012590396642
UGC05721,calibration_24,bulge_rich_hsb,6,0.3335104853723343,1.0575838554785622,2.300447129604941e-11,46.5930002696731
UGC05721,calibration_24,bulge_rich_hsb,7,0.32616268295348977,1.0646627436862108,2.424085741121264e-11,48.932612238192284
UGC05721,calibration_24,bulge_rich_hsb,8,0.31865106082975836,1.071910349320732,2.5512382642457756e-11,50.89290297929721
UGC05721,calibration_24,bulge_rich_hsb,9,0.310970078684765,1.079339465584176,2.6782365798437558e-11,52.503512250300766
UGC05721,calibration_24,bulge_rich_hsb,10,0.30311394352530374,1.0869645646600279,2.7982940720490554e-11,53.75881893194208
UGC05721,calibration_24,bulge_rich_hsb,11,0.29507659511043516,1.0948020880503337,2.89888232864143e-11,54.599488571974575
UGC05721,calibration_24,bulge_rich_hsb,12,0.28685169036052177,1.1028707990867377,2.956277175473116e-11,54.865145266475885
UGC05721,calibration_24,bulge_rich_hsb,13,0.2699334691515321,1.069603328951998,2.7294425083251446e-11,56.39475976779701
UGC05721,calibration_24,bulge_rich_hsb,14,0.2500207289825012,1.0164915276028972,2.422943106181629e-11,57.13740449755376
UGC05721,calibration_24,bulge_rich_hsb,15,0.23453073595890178,0.9733599866146456,2.207810458931972e-11,57.81808333878047
UGC05721,calibration_24,bulge_rich_hsb,16,0.22715349585715222,0.9587077708929422,2.1573836443600106e-11,60.0120848922982
UGC05721,calibration_24,bulge_rich_hsb,17,0.21927930547818747,0.9422031643759975,2.0942207306992344e-11,61.85272980905921
UGC05721,calibration_24,bulge_rich_hsb,18,0.21260106339666485,0.9291434676320149,2.0617411928382002e-11,63.9333453236245
UGC05721,calibration_24,bulge_rich_hsb,19,0.20600671411161536,0.9162133754751285,2.0337766360918228e-11,65.97994854783492
UGC05721,calibration_24,bulge_rich_hsb,20,0.19899210810940143,0.9017909224868151,2.00020702984622e-11,67.93343911028227
UGC05721,calibration_24,bulge_rich_hsb,21,0.19311513709798583,0.8892296843406894,1.9744931342457405e-11,69.61398318613337
UGC05721,calibration_24,bulge_rich_hsb,22,0.18657870380577438,0.8746008846489588,1.9408108207475287e-11,71.22155106690295
UGC05750,external_151,low_mass_dwarf,0,0.13175367529121748,0.7161355223753522,1.75519943057312e-11,14.455525820563714
UGC05750,external_151,low_mass_dwarf,1,0.11654694235058743,0.6520615425739948,1.6090519633013973e-11,30.270804600245928
UGC05750,external_151,low_mass_dwarf,2,0.10231553050804106,0.5858855064458315,1.4528147334753364e-11,37.90135130024805
UGC05750,external_151,low_mass_dwarf,3,0.0930347966821637,0.5427719965984728,1.3390297248252544e-11,42.117127454355604
UGC05750,external_151,low_mass_dwarf,4,0.08602385493828574,0.5111169860927324,1.2468889630080755e-11,45.012363140113216
UGC05750,external_151,low_mass_dwarf,5,0.07900063605207888,0.47792928290629283,1.1506963976589717e-11,47.09138739307913
UGC05750,external_151,low_mass_dwarf,6,0.06482098735906089,0.40534997724779326,9.413116244980875e-12,50.336494327831744
UGC05750,external_151,low_mass_dwarf,7,0.056998133840800574,0.3618402667434572,8.178933887008136e-12,51.63106756990998
UGC05750,external_151,low_mass_dwarf,8,0.04910463052463658,0.31609254007945736,6.889990951185666e-12,52.464574869039026
UGC05750,external_151,low_mass_dwarf,9,0.04105741006955535,0.26764689638077127,5.547525609172028e-12,52.56982371717563
UGC05750,external_151,low_mass_dwarf,10,0.019605032722202754,0.13087811264429122,2.1268936406202486e-12,49.645916934388374
UGC05764,calibration_24,low_mass_dwarf,0,0.2965374124857432,1.0002223029147699,9.844156355916561e-12,12.683800207451835
UGC05764,calibration_24,low_mass_dwarf,1,0.2852989144331275,0.9792750543809118,1.0441892321136457e-11,18.520593149306006
UGC05764,calibration_24,low_mass_dwarf,2,0.2739554936395222,0.9809211065583394,1.207786603791646e-11,23.963705065942506
UGC05764,calibration_24,low_mass_dwarf,3,0.26297995758597403,0.9774461233337174,1.3525851566668628e-11,28.888500830372678
UGC05764,calibration_24,low_mass_dwarf,4,0.2520138744570728,0.9710638115026881,1.4911888369458593e-11,33.52831013529358
UGC05764,calibration_24,low_mass_dwarf,5,0.24143047630024367,0.9612501438050953,1.5878097582324276e-11,37.51863047685652
UGC05764,calibration_24,low_mass_dwarf,6,0.2304957910969682,0.9489943251536951,1.6735358824139555e-11,41.30632706077516
UGC05764,calibration_24,low_mass_dwarf,7,0.21992929580933118,0.9343685273474708,1.7309940411846064e-11,44.55529254150568
UGC05764,calibration_24,low_mass_dwarf,8,0.2095614938160815,0.9174356813262371,1.763446552906631e-11,47.38202331395176
UGC05764,calibration_24,low_mass_dwarf,9,0.19914212470652928,0.8984288205948067,1.7802777610720868e-11,49.89156085927262
UGC05829,external_151,low_mass_dwarf,0,0.23960435324804688,0.9638061197346878,1.5961867526734404e-11,20.15514367003646
UGC05829,external_151,low_mass_dwarf,1,0.22414715090046802,0.9260620910851743,1.616172624424479e-11,28.5998840252972
UGC05829,external_151,low_mass_dwarf,2,0.21147751453953065,0.9061813255717778,1.6878391145357876e-11,35.459386479749305
UGC05829,external_151,low_mass_dwarf,3,0.19845362543425815,0.886425588997884,1.7662131713880346e-11,41.70922680581156
UGC05829,external_151,low_mass_dwarf,4,0.18720398594698037,0.8646634646977438,1.8015778006940897e-11,46.828355087936146
UGC05829,external_151,low_mass_dwarf,5,0.17608718563312392,0.8399924095824703,1.8164100946041927e-11,51.368168563572674
UGC05829,external_151,low_mass_dwarf,6,0.1659356796008071,0.814929018150347,1.8050910209857063e-11,55.189981794052336
UGC05829,external_151,low_mass_dwarf,7,0.15638043017501502,0.7890425332038958,1.7740628283541415e-11,58.3885127881126
UGC05829,external_151,low_mass_dwarf,8,0.14751066376458455,0.7629537598600099,1.7302329704294717e-11,61.028223846290956
UGC05829,external_151,low_mass_dwarf,9,0.1390458399429601,0.7359601877573633,1.6726567368165905e-11,63.24593777276321
UGC05829,external_151,low_mass_dwarf,10,0.13111946717281536,0.7089881734197131,1.60953848084754e-11,64.98570714235252
UGC05918,external_151,low_mass_dwarf,0,0.19927108147473038,0.8920513224842064,1.4227771709022339e-11,17.252933069938777
UGC05918,external_151,low_mass_dwarf,1,0.18003569314225595,0.8368374323648272,1.4017997050692682e-11,24.091188520837918
UGC05918,external_151,low_mass_dwarf,2,0.16319803328454813,0.7987222975731284,1.4119252639984793e-11,29.54283720888689
UGC05918,external_151,low_mass_dwarf,3,0.14714427418852297,0.7558762582970167,1.3891180784705427e-11,33.7926244330322
UGC05918,external_151,low_mass_dwarf,4,0.1328189976408783,0.7101968953583269,1.331938572331624e-11,37.00196946040642
UGC05918,external_151,low_mass_dwarf,5,0.12025886845696244,0.6654440182396485,1.2553731241666071e-11,39.31958704489853
UGC05918,external_151,low_mass_dwarf,6,0.10850333180727521,0.6192884954893253,1.1627395371950989e-11,40.93175646076137
UGC05918,external_151,low_mass_dwarf,7,0.09857364280190667,0.5767461482309104,1.0684389052379413e-11,42.01817762193155
UGC05986,external_151,low_mass_dwarf,0,0.35200478815330966,1.0221409474579124,1.5234765417123676e-11,31.03636839276199
UGC05986,external_151,low_mass_dwarf,1,0.3310360492854758,1.0187659010931998,1.8112907697822173e-11,44.07959055143819
UGC05986,external_151,low_mass_dwarf,2,0.30903163469531675,1.0132850024450413,2.1800191028174627e-11,54.52439009850785
UGC05986,external_151,low_mass_dwarf,3,0.28513823017143397,1.0046526577264006,2.6741130009351534e-11,64.5118563146721
UGC05986,external_151,low_mass_dwarf,4,0.26414302408659196,0.9916441259028811,3.0468560511656983e-11,72.65222669621609
UGC05986,external_151,low_mass_dwarf,5,0.24549961821254496,0.9742554276145722,3.186157992908576e-11,78.33636186536215
UGC05986,external_151,low_mass_dwarf,6,0.22651528739569626,0.9535235417368548,3.272249849535154e-11,82.64536598785077
UGC05986,external_151,low_mass_dwarf,7,0.20622049703154127,0.9273745096280298,3.2757121112978484e-11,85.52004762439493
UGC05986,external_151,low_mass_dwarf,8,0.18519076051871794,0.8946429255227486,3.148940315010002e-11,86.36436953831793
UGC05986,external_151,low_mass_dwarf,9,0.17298838952861018,0.8611045191015446,2.97251769270129e-11,87.94283575355689
UGC05986,external_151,low_mass_dwarf,10,0.16061754621094598,0.8239736052916802,2.772555572156066e-11,88.54158497554201
UGC05986,external_151,low_mass_dwarf,11,0.14745335647653726,0.7806298800785207,2.5370532323500194e-11,88.07384414792891
UGC05986,external_151,low_mass_dwarf,12,0.1343007138047523,0.7329660801851129,2.279525223301991e-11,86.44012058933748
UGC05986,external_151,low_mass_dwarf,13,0.12508892471652017,0.6970276789182834,2.0851546468510047e-11,85.53770417361862
UGC05986,external_151,low_mass_dwarf,14,0.11949440426698588,0.6743486674724385,1.9606925430999627e-11,85.65374871521234
UGC05999,external_151,low_mass_dwarf,0,0.20069058761393038,0.8874295250394393,2.4531670922560314e-11,60.38429223736337
UGC05999,external_151,low_mass_dwarf,1,0.1491972524525568,0.7681185558506131,2.3013809724294603e-11,80.39636499206583
UGC05999,external_151,low_mass_dwarf,2,0.11235731806734126,0.6380034740541286,1.848630431688989e-11,87.87126625762325
UGC05999,external_151,low_mass_dwarf,3,0.08898882049450868,0.5341442881494968,1.4415732821731751e-11,89.76301579242465
UGC05999,external_151,low_mass_dwarf,4,0.07682514503129255,0.47332581937617335,1.2100608656087624e-11,89.16051604880109
UGC06399,external_151,low_mass_dwarf,0,0.28805335412266414,1.0074630825273587,1.8163322198399664e-11,28.75399757059313
UGC06399,external_151,low_mass_dwarf,1,0.26046580953448334,0.9666557417704073,2.0052806586799476e-11,41.234210071744435
UGC06399,external_151,low_mass_dwarf,2,0.23279569636534303,0.9452640748016629,2.288412007295479e-11,51.59446023656476
UGC06399,external_151,low_mass_dwarf,3,0.20571333056223973,0.9084100929032167,2.4363679987705542e-11,59.91994395277768
UGC06399,external_151,low_mass_dwarf,4,0.18007316384128672,0.8563391801188608,2.418464166702106e-11,65.63677871210578
UGC06399,external_151,low_mass_dwarf,5,0.1588289121661375,0.8014078195291602,2.28498503202238e-11,69.24170401398506
UGC06399,external_151,low_mass_dwarf,6,0.13834714467327244,0.7385729756346878,2.085021808794795e-11,71.01005814855108
UGC06399,external_151,low_mass_dwarf,7,0.12237014368697506,0.6809571510616209,1.8732375930238357e-11,71.76403891657422
UGC06399,external_151,low_mass_dwarf,8,0.10781880310470515,0.6222221565389204,1.6534371411819503e-11,71.44596491878924
UGC06446,external_151,ordinary_disk,0,0.3234667967197318,1.030896902286494,1.4223179954096996e-11,22.585503362372705
UGC06446,external_151,ordinary_disk,1,0.30205466514723306,1.0145807740946589,1.6315862325079965e-11,32.55373852030182
UGC06446,external_151,ordinary_disk,2,0.27924285526097525,0.9934065808130406,1.8776513808612685e-11,40.84947173302862
UGC06446,external_151,ordinary_disk,3,0.26149620367146464,0.9817247795358232,2.0201647878159876e-11,47.251394448683705
UGC06446,external_151,ordinary_disk,4,0.24340777635301244,0.967921557643311,2.1465333797926422e-11,52.65619633456807
UGC06446,external_151,ordinary_disk,5,0.22441100860505345,0.9506060646819979,2.246250924988154e-11,57.25083418163668
UGC06446,external_151,ordinary_disk,6,0.21136698293736977,0.9275527449862261,2.2260907607260852e-11,60.851354331225856
UGC06446,external_151,ordinary_disk,7,0.1982181491340251,0.9012444681619867,2.1788724004466074e-11,63.718093883907216
UGC06446,external_151,ordinary_disk,8,0.1846234214385283,0.8711893602589765,2.1047530933309905e-11,65.81138468141073
UGC06446,external_151,ordinary_disk,9,0.17568583403163698,0.8489849430237187,2.0339227132749597e-11,67.84914181866155
UGC06446,external_151,ordinary_disk,10,0.16683524937898195,0.8254149049921262,1.9524406693805537e-11,69.45368413864936
UGC06446,external_151,ordinary_disk,11,0.1579474472822037,0.800139178306479,1.8603522913919537e-11,70.49928651949588
UGC06446,external_151,ordinary_disk,12,0.15076603339329403,0.778252888274688,1.7806000955315816e-11,71.85654869426611
UGC06446,external_151,ordinary_disk,13,0.14350079458116285,0.754880904263593,1.6942669823227547e-11,72.86759327248905
UGC06446,external_151,ordinary_disk,14,0.13682132014410606,0.7322653260804761,1.6106079639932456e-11,73.48837906379224
UGC06446,external_151,ordinary_disk,15,0.13127769813217607,0.7126349790759094,1.5416388121300113e-11,74.2469132712883
UGC06446,external_151,ordinary_disk,16,0.12493256441825289,0.6891816989439319,1.459253117871992e-11,74.72300780833152
UGC06614,external_151,bulge_rich_hsb,0,0.25184116936952833,0.9886416528247192,2.9965144177634965e-11,70.3611387963266
UGC06614,external_151,bulge_rich_hsb,1,0.15843408717753998,0.7973120970219051,3.320710911071927e-11,116.81935545498376
UGC06614,external_151,bulge_rich_hsb,2,0.1356439691755983,0.7255492359385661,3.1352640743586166e-11,121.68536087727259
UGC06614,external_151,bulge_rich_hsb,3,0.12921815663709552,0.7031723956662491,2.9824456961505174e-11,123.4512912174083
UGC06614,external_151,bulge_rich_hsb,4,0.12269608669700015,0.6793889048104986,2.81984994055875e-11,124.47185833883572
UGC06614,external_151,bulge_rich_hsb,5,0.11529430357520952,0.6510316323643683,2.6267618043331005e-11,124.71224923995536
UGC06614,external_151,bulge_rich_hsb,6,0.0994471855369701,0.5851476917077661,2.1866340911459578e-11,121.97937011840521
UGC06614,external_151,bulge_rich_hsb,7,0.052430750291878,0.34167152149880153,7.963171922753929e-12,91.6279169312654
UGC06614,external_151,bulge_rich_hsb,8,0.04936082240640612,0.3227195378532317,7.126480618950525e-12,88.98195791804596
UGC06614,external_151,bulge_rich_hsb,9,0.035619062215752166,0.23528331154961893,3.6791091561360104e-12,73.21604386642838
UGC06614,external_151,bulge_rich_hsb,10,0.034169284575977885,0.22591020419115723,3.3670519447784327e-12,71.81434789895921
UGC06614,external_151,bulge_rich_hsb,11,0.027860823293164246,0.18490505765935505,2.213090411106492e-12,65.80129895190213
UGC06614,external_151,bulge_rich_hsb,12,0.021161925502126495,0.14112403525100253,1.3990266871184519e-12,61.68328233304581
UGC06628,external_151,low_mass_dwarf,0,0.27658983012793037,0.9968495647082193,2.009559319395283e-11,33.56531634616133
UGC06628,external_151,low_mass_dwarf,1,0.2503800584489455,0.9562838394929732,2.1942647276310976e-11,48.15527515138137
UGC06628,external_151,low_mass_dwarf,2,0.2238091220144622,0.9322721763003933,2.4858778216274263e-11,60.4370819281183
UGC06628,external_151,low_mass_dwarf,3,0.19916996461005368,0.8932891336571096,2.5983640885990315e-11,69.729250946397
UGC06628,external_151,low_mass_dwarf,4,0.17443961864182791,0.8409749707600882,2.5799929205889945e-11,76.6546509051318
UGC06628,external_151,low_mass_dwarf,5,0.1536030163001215,0.7849386913243396,2.4309921897693867e-11,80.7948355107958
UGC06628,external_151,low_mass_dwarf,6,0.1342655025360502,0.7235059208138593,2.2201355066986526e-11,83.01297674762057
UGC06667,external_151,ordinary_disk,0,0.17567307133890536,0.8355862962515842,1.411320144971444e-11,21.29591355764386
UGC06667,external_151,ordinary_disk,1,0.16546431533480316,0.8018195280813323,1.4276203049641781e-11,30.39462462169336
UGC06667,external_151,ordinary_disk,2,0.15604603110043547,0.7787409604393857,1.49352073492409e-11,38.165648293628536
UGC06667,external_151,ordinary_disk,3,0.14652928416447134,0.7523350774976582,1.5302578317852222e-11,44.838792883082235
UGC06667,external_151,ordinary_disk,4,0.13720231935643937,0.7237945091254862,1.5448620998850294e-11,50.4655290853921
UGC06667,external_151,ordinary_disk,5,0.1283284507273868,0.6940290824458086,1.517026954781998e-11,54.83929885257769
UGC06667,external_151,ordinary_disk,6,0.11950983836176428,0.6622561368966547,1.473529194984004e-11,58.4628108394294
UGC06667,external_151,ordinary_disk,7,0.11104909072941306,0.629329021290933,1.408829127426703e-11,61.1988508327672
UGC06667,external_151,ordinary_disk,8,0.10295636335042532,0.5956986902774022,1.3322043255361436e-11,63.2261887513872
UGC06786,external_151,bulge_rich_hsb,0,0.3932146785653459,0.9695421162472244,1.275469496793937e-11,21.851173202640442
UGC06786,external_151,bulge_rich_hsb,1,0.391139614233913,0.9706612744693206,1.3027584741010651e-11,30.818514948361454
UGC06786,external_151,bulge_rich_hsb,2,0.38891925093565644,0.9718581022209681,1.332816452692674e-11,38.0277109002076
UGC06786,external_151,bulge_rich_hsb,3,0.3868146529471307,0.9729919210777663,1.3621588725010543e-11,43.68320018196091
UGC06786,external_151,bulge_rich_hsb,4,0.37811353557557215,0.977674430115582,1.4930167511996542e-11,61.148956849173885
UGC06786,external_151,bulge_rich_hsb,5,0.3759337157164228,0.9788465358991434,1.5284145888418738e-11,64.64892636160779
UGC06786,external_151,bulge_rich_hsb,6,0.37373856081234524,0.9800266314672139,1.5652129108391218e-11,67.94193487782137
UGC06786,external_151,bulge_rich_hsb,7,0.3432583622218404,0.9975726927840765,2.2004439117415288e-11,100.21644522927271
UGC06786,external_151,bulge_rich_hsb,8,0.34056478861989137,0.9997693241537731,2.255331416699065e-11,102.02107413394465
UGC06786,external_151,bulge_rich_hsb,9,0.33800939868248175,1.0018504791273202,2.3089458693577694e-11,103.666450877798
UGC06786,external_151,bulge_rich_hsb,10,0.33527250688847504,1.0040766234930179,2.3680957168646258e-11,105.36318109369273
UGC06786,external_151,bulge_rich_hsb,11,0.33462524029012236,1.0046026926217988,2.3823528208222162e-11,105.75522741792317
UGC06786,external_151,bulge_rich_hsb,12,0.3326758551644773,1.0061861671806636,2.425926544763459e-11,106.91597952659835
UGC06786,external_151,bulge_rich_hsb,13,0.33005883707252226,1.0083099378678635,2.485959657139124e-11,108.4300225296772
UGC06786,external_151,bulge_rich_hsb,14,0.32725567072448597,1.0105823907776725,2.552282809676344e-11,110.0005017468866
UGC06786,external_151,bulge_rich_hsb,15,0.3247627357684349,1.0126014535323438,2.6130857593626956e-11,111.35703478683584
UGC06786,external_151,bulge_rich_hsb,16,0.32208315996442966,1.0147698808365422,2.6804224450579522e-11,112.77739175523254
UGC06786,external_151,bulge_rich_hsb,17,0.31938223245598946,1.0169539014639637,2.7504496566337975e-11,114.17382046745412
UGC06786,external_151,bulge_rich_hsb,18,0.3164888151802196,1.019291935167309,2.8279594132206125e-11,115.63533107037017
UGC06786,external_151,bulge_rich_hsb,19,0.3137430359604908,1.0215093390011705,2.903990524130818e-11,116.99376743257785
UGC06786,external_151,bulge_rich_hsb,20,0.3108013701538321,1.0238837655882438,2.98822828600843e-11,118.42306026124264
UGC06786,external_151,bulge_rich_hsb,21,0.3080096126599383,1.0261363322459665,3.070939928261576e-11,119.75890066115284
UGC06786,external_151,bulge_rich_hsb,22,0.3051951458657197,1.0284066408650037,3.157159126697727e-11,121.08942664030454
UGC06786,external_151,bulge_rich_hsb,23,0.30253571123411516,1.030551597438719,3.241343282123927e-11,122.33531432893706
UGC06786,external_151,bulge_rich_hsb,24,0.2966126845525896,1.0353289665843004,3.438807609248341e-11,125.08713215873532
UGC06786,external_151,bulge_rich_hsb,25,0.29370455223311887,1.0376753168809025,3.541057189495492e-11,126.43481465019688
UGC06786,external_151,bulge_rich_hsb,26,0.29058819683903736,1.0401906918234791,3.654702493087817e-11,127.88250859949275
UGC06786,external_151,bulge_rich_hsb,27,0.28515974652902915,1.0387150473400422,3.773259208022001e-11,130.1556725007725
UGC06786,external_151,bulge_rich_hsb,28,0.2845906334280672,1.0382160391504593,3.780698083786357e-11,130.3744684924685
UGC06786,external_151,bulge_rich_hsb,29,0.2571899824654533,1.0113433531031117,4.1016538160314106e-11,139.43382348015612
UGC06786,external_151,bulge_rich_hsb,30,0.21184657070683333,0.9494923632053305,4.309393163099216e-11,147.90947130830665
UGC06786,external_151,bulge_rich_hsb,31,0.18589752808772458,0.8931486714272158,4.0776877578544965e-11,149.38864711607584
UGC06786,external_151,bulge_rich_hsb,32,0.18367465383674375,0.8878087530429905,4.0508896229838124e-11,149.33884105647354
UGC06786,external_151,bulge_rich_hsb,33,0.1789873747994727,0.8762566401454167,3.9907112785947644e-11,149.13853637340418
UGC06786,external_151,bulge_rich_hsb,34,0.16965915856934888,0.8520297125312446,3.856073156919158e-11,148.34587770085483
UGC06786,external_151,bulge_rich_hsb,35,0.13077027629657015,0.7285524006770522,3.084218319420278e-11,141.00459076524098
UGC06786,external_151,bulge_rich_hsb,36,0.09706268525967847,0.5868667018104715,2.2169312391333535e-11,127.4523929221404
UGC06786,external_151,bulge_rich_hsb,37,0.07528773548187778,0.476317590395293,1.5974235386636768e-11,115.2463760714767
UGC06786,external_151,bulge_rich_hsb,38,0.057573916598036796,0.37535241134638125,1.0937991243388564e-11,101.12720174759038
UGC06786,external_151,bulge_rich_hsb,39,0.04572212500535713,0.30270399812817705,7.688420349323482e-12,89.72375615439282
UGC06786,external_151,bulge_rich_hsb,40,0.03700328168537959,0.24702038476859356,5.463237467296525e-12,79.67461725275327
UGC06786,external_151,bulge_rich_hsb,41,0.03018217669259969,0.20234369013035905,3.8608272154958105e-12,70.2305013410453
UGC06786,external_151,bulge_rich_hsb,42,0.025948137811950392,0.174276552435607,2.9613754195934783e-12,64.15748686548284
UGC06786,external_151,bulge_rich_hsb,43,0.0222806047935237,0.14977037337838148,2.2488897249825625e-12,58.127468246909274
UGC06786,external_151,bulge_rich_hsb,44,0.019578171533796665,0.13165027085576572,1.7760425691631424e-12,53.44937819141523
UGC06787,external_151,bulge_rich_hsb,0,0.37346819573956436,1.0108855610145842,1.5521464720057945e-11,16.688622102758597
UGC06787,external_151,bulge_rich_hsb,1,0.372231759924134,1.0109594520149174,1.5691652588398456e-11,23.58036418258991
UGC06787,external_151,bulge_rich_hsb,2,0.371094065612131,1.0110237768368135,1.5850261616750696e-11,28.45332085656177
UGC06787,external_151,bulge_rich_hsb,3,0.3698482322219212,1.0110901544036401,1.6026194841745523e-11,32.94414724364341
UGC06787,external_151,bulge_rich_hsb,4,0.3685974531586196,1.011152490296926,1.6205229374967854e-11,36.88027353321971
UGC06787,external_151,bulge_rich_hsb,5,0.36734169891387203,1.0112106984790452,1.6387439077429313e-11,40.424506817688865
UGC06787,external_151,bulge_rich_hsb,6,0.3660809397441079,1.0112646908161336,1.657289999079841e-11,43.67278996129052
UGC06787,external_151,bulge_rich_hsb,7,0.36492082154915445,1.0113104032119435,1.674582875703017e-11,46.44391779982804
UGC06787,external_151,bulge_rich_hsb,8,0.36365038560011953,1.011356060900175,1.6937742003140014e-11,49.28242004928185
UGC06787,external_151,bulge_rich_hsb,9,0.3623748566083656,1.011397233115593,1.7133141422547842e-11,51.959383521204174
UGC06787,external_151,bulge_rich_hsb,10,0.3610942038861803,1.0114338228885706,1.733211235131187e-11,54.49900439150343
UGC06787,external_151,bulge_rich_hsb,11,0.3598083964988133,1.0114657308222192,1.7534742705869044e-11,56.92005168035745
UGC06787,external_151,bulge_rich_hsb,12,0.358625184867794,1.0114907799123556,1.772377922085823e-11,59.04797706458004
UGC06787,external_151,bulge_rich_hsb,13,0.35722119273936737,1.011515090996268,1.795134680873252e-11,61.46328802037455
UGC06787,external_151,bulge_rich_hsb,14,0.3547220903374047,1.0115436534467859,1.836537197268846e-11,65.5086801826879
UGC06787,external_151,bulge_rich_hsb,15,0.3534104807780958,1.0115510100886067,1.8587366011370388e-11,67.51893232062632
UGC06787,external_151,bulge_rich_hsb,16,0.3520935283316334,1.0115530428992057,1.881359759626801e-11,69.46870369694729
UGC06787,external_151,bulge_rich_hsb,17,0.35088160040973454,1.01155012841225,1.9024791681911282e-11,71.20743673745176
UGC06787,external_151,bulge_rich_hsb,18,0.34124791990501296,1.011358713502497,2.0812030948292655e-11,83.54738911275811
UGC06787,external_151,bulge_rich_hsb,19,0.33330933057594203,1.010965014375613,2.2443079654931742e-11,92.30672496438952
UGC06787,external_151,bulge_rich_hsb,20,0.3320260416034277,1.0108803177155095,2.272141425473215e-11,93.63681777367626
UGC06787,external_151,bulge_rich_hsb,21,0.3292089178726266,1.0106731395982402,2.3347590784034433e-11,96.48774524283562
UGC06787,external_151,bulge_rich_hsb,22,0.32790977950168304,1.0105676087925242,2.364356271677301e-11,97.77314903424391
UGC06787,external_151,bulge_rich_hsb,23,0.3264867863454595,1.010444665599343,2.397311211781348e-11,99.16163752579193
UGC06787,external_151,bulge_rich_hsb,24,0.3250577546967017,1.0103133719909836,2.4309814594477827e-11,100.53684205150145
UGC06787,external_151,bulge_rich_hsb,25,0.32361947306690186,1.0105235390293554,2.457041232359565e-11,101.71814056103288
UGC06787,external_151,bulge_rich_hsb,26,0.3222953749576659,1.0107423897659682,2.4805311049631642e-11,102.76839148509715
UGC06787,external_151,bulge_rich_hsb,27,0.3169467316713053,1.0115762228644951,2.577566976984222e-11,106.81909157727529
UGC06787,external_151,bulge_rich_hsb,28,0.3136226074606583,1.0120532748863376,2.6396151249243376e-11,109.1972061208675
UGC06787,external_151,bulge_rich_hsb,29,0.31201053690863245,1.0122730827888728,2.6701868385705464e-11,110.31596313236767
UGC06787,external_151,bulge_rich_hsb,30,0.3106405508745388,1.01245389623781,2.696413999466046e-11,111.2500897610783
UGC06787,external_151,bulge_rich_hsb,31,0.30913978447533436,1.012645611986719,2.725404090199956e-11,112.25662445680696
UGC06787,external_151,bulge_rich_hsb,32,0.30763246934790545,1.0128314246718761,2.7547926951474435e-11,113.25065679884932
UGC06787,external_151,bulge_rich_hsb,33,0.30611856253458664,1.0130112001498044,2.7845831071851218e-11,114.2327337513007
UGC06787,external_151,bulge_rich_hsb,34,0.3039624929715037,1.0132552782955415,2.8274798962446686e-11,115.60456248185872
UGC06787,external_151,bulge_rich_hsb,35,0.3001247981302339,1.0136545243797135,2.905184976174778e-11,117.97376043900955
UGC06787,external_151,bulge_rich_hsb,36,0.2955936543337755,1.014066793486406,2.999110257836731e-11,120.66259704110055
UGC06787,external_151,bulge_rich_hsb,37,0.29389567884668927,1.0142044922844682,3.034898706587448e-11,121.64262707265559
UGC06787,external_151,bulge_rich_hsb,38,0.2924525235230186,1.0143142259889657,3.065563114562539e-11,122.464554551511
UGC06787,external_151,bulge_rich_hsb,39,0.2908714293038183,1.0144266786605145,3.099413806796319e-11,123.35388215284907
UGC06787,external_151,bulge_rich_hsb,40,0.29073935242946686,1.0144357025206683,3.10225343868992e-11,123.42765827840327
UGC06787,external_151,bulge_rich_hsb,41,0.28928325299404595,1.0145313837550292,3.133679181221335e-11,124.23589969652677
UGC06787,external_151,bulge_rich_hsb,42,0.2876879469033849,1.0146281559631152,3.16835724961822e-11,125.11092761753878
UGC06787,external_151,bulge_rich_hsb,43,0.28621927858278073,1.0147097322584286,3.200505676802566e-11,125.90715462740432
UGC06787,external_151,bulge_rich_hsb,44,0.27672942336143186,1.0150586984534666,3.412917617244022e-11,130.85545331558393
UGC06787,external_151,bulge_rich_hsb,45,0.26670152294693084,1.0150768513839377,3.6441889336869677e-11,135.75913804704686
UGC06787,external_151,bulge_rich_hsb,46,0.2651684272111873,1.0136562680228336,3.660615691262183e-11,136.421191753253
UGC06787,external_151,bulge_rich_hsb,47,0.2622343051434173,1.0102512608745886,3.682500353821028e-11,137.62628605204824
UGC06787,external_151,bulge_rich_hsb,48,0.24764296323411739,0.9921769029899442,3.7732118059120275e-11,142.93846400691396
UGC06787,external_151,bulge_rich_hsb,49,0.23185501588530463,0.9702655012043617,3.8307182258341084e-11,147.40496366446268
UGC06787,external_151,bulge_rich_hsb,50,0.21602437308356698,0.945481100118905,3.8360960881343064e-11,150.47903475114612
UGC06787,external_151,bulge_rich_hsb,51,0.19969259815061363,0.9164965257200238,3.7763129976904256e-11,152.03291630492797
UGC06787,external_151,bulge_rich_hsb,52,0.1855215925270813,0.8844928914961171,3.6380343525552187e-11,153.0715194553818
UGC06787,external_151,bulge_rich_hsb,53,0.171290237515503,0.8484039888347261,3.4549238891150754e-11,152.8574975373751
UGC06787,external_151,bulge_rich_hsb,54,0.15476680419294894,0.8014719832465109,3.1915413014536264e-11,150.7597481991783
UGC06787,external_151,bulge_rich_hsb,55,0.1394302841547389,0.7524095828033066,2.8993763597138152e-11,146.90285482498686
UGC06787,external_151,bulge_rich_hsb,56,0.12654467913625156,0.7061119630805307,2.625423021019027e-11,143.1618481055114
UGC06787,external_151,bulge_rich_hsb,57,0.11567071954629184,0.6631323344879562,2.3806770832492566e-11,139.6840759428926
UGC06787,external_151,bulge_rich_hsb,58,0.1045225991583536,0.6155364980414854,2.116168531744984e-11,134.85643246435137
UGC06787,external_151,bulge_rich_hsb,59,0.0929751615810996,0.5622547997609694,1.8305196045955278e-11,128.42269586211225
UGC06787,external_151,bulge_rich_hsb,60,0.08115615709046194,0.5033530859409867,1.5308242641661514e-11,120.55424725057281
UGC06787,external_151,bulge_rich_hsb,61,0.07421293532853722,0.4666810028143166,1.3560834293075044e-11,116.12352074645715
UGC06787,external_151,bulge_rich_hsb,62,0.06716398202675557,0.42792027988294357,1.1794102446908319e-11,110.80342085103634
UGC06787,external_151,bulge_rich_hsb,63,0.05993545185968757,0.3866000479294639,1.0005976571875924e-11,104.44069927176551
UGC06787,external_151,bulge_rich_hsb,64,0.05266655066652996,0.34349800002204384,8.251045853329643e-12,97.05003352593677
UGC06787,external_151,bulge_rich_hsb,65,0.048012921811086844,0.31516410489328833,7.166607658882528e-12,92.43921719066137
UGC06787,external_151,bulge_rich_hsb,66,0.04171082331829545,0.27592143558983917,5.755650876373773e-12,85.58018472226293
UGC06787,external_151,bulge_rich_hsb,67,0.03528378118096353,0.23492557847039225,4.3974634728490066e-12,77.26997120715825
UGC06787,external_151,bulge_rich_hsb,68,0.030781326451214435,0.2057092199320512,3.5119237929484933e-12,71.16297680343256
UGC06787,external_151,bulge_rich_hsb,69,0.02748191255843044,0.18407367023459428,2.903017209790441e-12,66.41953477799731
UGC06787,external_151,bulge_rich_hsb,70,0.021429484635619285,0.14393707656741409,1.8851885462575667e-12,56.4350365554888
UGC06818,external_151,low_mass_dwarf,0,0.3293469475563035,1.0026863519348002,1.334215793150182e-11,28.70243265362149
UGC06818,external_151,low_mass_dwarf,1,0.28976787034500123,0.99482215848348,1.7965858436080146e-11,41.54386599647484
UGC06818,external_151,low_mass_dwarf,2,0.2469707747738433,0.9829732614762379,2.356140258244581e-11,52.63367845139031
UGC06818,external_151,low_mass_dwarf,3,0.2037971621924993,0.9187210616668743,2.4857169089389066e-11,59.856357995582634
UGC06818,external_151,low_mass_dwarf,4,0.1682779691221382,0.8365305473319201,2.2948969462014185e-11,63.03126294069649
UGC06818,external_151,low_mass_dwarf,5,0.13754491632290927,0.7426411935657328,1.966613644326337e-11,63.263241775180106
UGC06818,external_151,low_mass_dwarf,6,0.11225334072238034,0.645852147475219,1.6012159572108088e-11,61.40473011330009
UGC06818,external_151,low_mass_dwarf,7,0.09359611179521991,0.5620148122779192,1.2902868658378623e-11,58.88637566544818
UGC06917,external_151,low_mass_dwarf,0,0.30816079991112877,1.0022916754480138,2.0644013083399315e-11,50.07681528182886
UGC06917,external_151,low_mass_dwarf,1,0.2878509163790237,0.9877272909737264,2.3321214940479263e-11,61.670757716913165
UGC06917,external_151,low_mass_dwarf,2,0.26595448726221044,0.9829630042762483,2.7033050793888828e-11,72.15353909122796
UGC06917,external_151,low_mass_dwarf,3,0.2434410928343759,0.9743030110751254,3.101353737357935e-11,81.75302349932808
UGC06917,external_151,low_mass_dwarf,4,0.22303193191339427,0.9450567198850174,3.2100675944740975e-11,88.76091349502033
UGC06917,external_151,low_mass_dwarf,5,0.20149111577790385,0.9088342737155193,3.259797908216151e-11,94.43089414172462
UGC06917,external_151,low_mass_dwarf,6,0.18200690624121107,0.8677568628013956,3.1902915703117993e-11,98.38032684690108
UGC06917,external_151,low_mass_dwarf,7,0.16396519452100844,0.8216446222481901,3.029141805139165e-11,100.67859329868367
UGC06917,external_151,low_mass_dwarf,8,0.14572835582063728,0.7680722745511915,2.8042634075389157e-11,101.33395732383744
UGC06917,external_151,low_mass_dwarf,9,0.13184350160409442,0.7204945845415227,2.5750184909735808e-11,101.53955956974782
UGC06917,external_151,low_mass_dwarf,10,0.11766549491286867,0.6667185098079337,2.3130464206644262e-11,100.29023151895984
UGC06923,external_151,low_mass_dwarf,0,0.39795536721280617,0.8821484313475455,6.750450169901353e-12,37.59172067366867
UGC06923,external_151,low_mass_dwarf,1,0.3653978934118391,0.9663670993983244,1.1080032995148096e-11,51.83813167722041
UGC06923,external_151,low_mass_dwarf,2,0.3338703403371906,1.0223437451403166,1.6887985705645016e-11,62.064509301420465
UGC06923,external_151,low_mass_dwarf,3,0.3061574490843486,1.0370198562529809,2.1833212273188026e-11,70.39578075455228
UGC06923,external_151,low_mass_dwarf,4,0.2828484134087215,1.0309283722621723,2.4911315252412323e-11,76.47184897089821
UGC06923,external_151,low_mass_dwarf,5,0.26329992503193705,1.014538421002718,2.6351121302778744e-11,80.91937812707934
UGC06930,external_151,ordinary_disk,0,0.29682799294223233,1.0126942119318896,2.2494328636218367e-11,49.16257462605681
UGC06930,external_151,ordinary_disk,1,0.2670232972218841,0.9787182258411511,2.5891156809991398e-11,70.65753439677262
UGC06930,external_151,ordinary_disk,2,0.237209609996969,0.9579491612022238,3.002329929007278e-11,87.57456386464402
UGC06930,external_151,ordinary_disk,3,0.208956025847288,0.9178245613149686,3.1651455383058865e-11,100.18917097105377
UGC06930,external_151,ordinary_disk,4,0.1807994287344869,0.8611748202177838,3.121796646904559e-11,108.71492819549971
UGC06930,external_151,ordinary_disk,5,0.15740994552774765,0.7995294812900613,2.894663726421328e-11,113.31628551939447
UGC06930,external_151,ordinary_disk,6,0.1362573668165588,0.7329054027512926,2.592955618785658e-11,114.83870012324354
UGC06930,external_151,ordinary_disk,7,0.1176934119165096,0.6640537749932829,2.252513337341195e-11,114.00417351416466
UGC06930,external_151,ordinary_disk,8,0.10317642028073867,0.6030681047029889,1.947183449486215e-11,112.25339732961773
UGC06930,external_151,ordinary_disk,9,0.09580700451853119,0.5696428301761485,1.7831757430710028e-11,110.54828308177756
UGC06973,calibration_24,bulge_rich_hsb,0,0.40107151373797817,0.9329952722785413,3.25782579325433e-11,218.22143132571125
UGC06973,calibration_24,bulge_rich_hsb,1,0.40727707590373313,1.134200331901525,4.783369194804212e-11,234.61984864253017
UGC06973,calibration_24,bulge_rich_hsb,2,0.423535758727707,1.3005345067150067,6.962361787109285e-11,224.61902860010198
UGC06973,calibration_24,bulge_rich_hsb,3,0.4257228645438898,1.3598600430821413,1.0407757057502517e-10,216.65320176401306
UGC06973,calibration_24,bulge_rich_hsb,4,0.4132155406537497,1.3530008854308366,1.1600450230159023e-10,214.5452412639624
UGC06973,calibration_24,bulge_rich_hsb,5,0.39119157820827455,1.3322045706796526,1.17015943094393e-10,206.64772577506014
UGC06973,calibration_24,bulge_rich_hsb,6,0.3700549416664661,1.305036533237695,1.0862379004392286e-10,202.5463208331779
UGC06973,calibration_24,bulge_rich_hsb,7,0.34784044043636897,1.2709475775610928,9.872365394984183e-11,195.45446114125582
UGC06973,calibration_24,bulge_rich_hsb,8,0.32400191665504774,1.2259857314310791,8.669125145214454e-11,184.44092858194026
UGC06983,external_151,ordinary_disk,0,0.30369370773029236,1.014989581923149,2.1587421901953382e-11,49.36715130053113
UGC06983,external_151,ordinary_disk,1,0.2855698490295601,0.993757847833945,2.3771696734380896e-11,61.06562996965286
UGC06983,external_151,ordinary_disk,2,0.2680568574098711,0.982360804140928,2.6034727537198175e-11,70.91597403211755
UGC06983,external_151,ordinary_disk,3,0.25042752044522876,0.9710669169312183,2.8322234780056724e-11,79.42948165853531
UGC06983,external_151,ordinary_disk,4,0.23192799584214155,0.9567929920081393,3.0578757806218905e-11,87.15445086610524
UGC06983,external_151,ordinary_disk,5,0.21544757002881557,0.9330155938375543,3.127751167757103e-11,93.2385737170769
UGC06983,external_151,ordinary_disk,6,0.19935204264874143,0.9027713503711716,3.11195996842885e-11,97.9727231239498
UGC06983,external_151,ordinary_disk,7,0.18258226535102273,0.8671157734147822,3.047695694854614e-11,101.50637256065542
UGC06983,external_151,ordinary_disk,8,0.16827218887307197,0.8315994708368838,2.9297622145850885e-11,103.99900634456532
UGC06983,external_151,ordinary_disk,9,0.15557010591808956,0.7956250959736649,2.7770380207665432e-11,105.61195273317352
UGC06983,external_151,ordinary_disk,10,0.14262513590790066,0.7553161250157991,2.5940481505943725e-11,106.06115063785313
UGC06983,external_151,ordinary_disk,11,0.13126932233043104,0.7162870891586464,2.4062510553935715e-11,105.98516409487726
UGC06983,external_151,ordinary_disk,12,0.12255802969871459,0.6836429769802634,2.243181058526022e-11,105.83358853874007
UGC06983,external_151,ordinary_disk,13,0.11270730886645997,0.6442046782317785,2.047827110804769e-11,104.72073173687018
UGC06983,external_151,ordinary_disk,14,0.104801485275779,0.6104748767802979,1.8825074037241168e-11,103.3929340844292
UGC06983,external_151,ordinary_disk,15,0.09808805840143205,0.5802582769171807,1.73513590897261e-11,102.43152259649843
UGC06983,external_151,ordinary_disk,16,0.09201891025671247,0.551757204317265,1.5992931518138817e-11,100.99424036848198
UGC07089,external_151,low_mass_dwarf,0,0.29096580372582875,1.0096582276350905,1.8779975903802667e-11,29.720775352051213
UGC07089,external_151,low_mass_dwarf,1,0.26587556416468416,0.9691362765751107,2.0411576248024454e-11,42.468525504895794
UGC07089,external_151,low_mass_dwarf,2,0.24051022369622158,0.9520954989127339,2.3351087633295196e-11,53.16817936981564
UGC07089,external_151,low_mass_dwarf,3,0.214634346780138,0.9234689563316109,2.5551697257143704e-11,62.30602604434732
UGC07089,external_151,low_mass_dwarf,4,0.190899903453666,0.8795937688295377,2.5833921989613667e-11,68.77263622966122
UGC07089,external_151,low_mass_dwarf,5,0.16915801233365146,0.8294630143838524,2.503751814899814e-11,73.28125041338694
UGC07089,external_151,low_mass_dwarf,6,0.14895726691733593,0.7727838404754843,2.3357333274741816e-11,75.86991700187514
UGC07089,external_151,low_mass_dwarf,7,0.13981943775324915,0.7437153505804762,2.2339948524918192e-11,76.64413586075717
UGC07089,external_151,low_mass_dwarf,8,0.1320843820084959,0.7170153103700996,2.1325623444474386e-11,77.19052289331306
UGC07089,external_151,low_mass_dwarf,9,0.11600103708197271,0.6564736188917213,1.8987382790078788e-11,77.10716572332674
UGC07089,external_151,low_mass_dwarf,10,0.10379819683065988,0.6051628480012434,1.6941384566638768e-11,76.76095061241998
UGC07089,external_151,low_mass_dwarf,11,0.09765615046422543,0.577641872692245,1.5859434343838276e-11,76.15532725579445
UGC07125,external_151,low_mass_dwarf,0,0.22924216350780402,0.9589855069204916,2.4543948185286064e-11,39.16886369681705
UGC07125,external_151,low_mass_dwarf,1,0.20184291377873262,0.9013267607159015,2.5051749331317906e-11,55.21366397018348
UGC07125,external_151,low_mass_dwarf,2,0.17593264405467374,0.8371509404920213,2.4609633048100793e-11,66.43064185342453
UGC07125,external_151,low_mass_dwarf,3,0.1585091117132495,0.7930201471321207,2.325156449439823e-11,73.75468170716289
UGC07125,external_151,low_mass_dwarf,4,0.14020301003680952,0.7399953036512412,2.1312932551324933e-11,78.29866329874169
UGC07125,external_151,low_mass_dwarf,5,0.12586828448528034,0.6913831826081328,1.9381458558925543e-11,81.44252777945718
UGC07125,external_151,low_mass_dwarf,6,0.11500544885776302,0.6491790564729227,1.769250088226079e-11,83.91509469901314
UGC07125,external_151,low_mass_dwarf,7,0.10426059987298726,0.6041376730958621,1.5910070609787907e-11,84.8161386999839
UGC07125,external_151,low_mass_dwarf,8,0.0963463330344211,0.5687200960488887,1.4485431395918613e-11,86.12962357121724
UGC07125,external_151,low_mass_dwarf,9,0.08982067003395994,0.5380721769755892,1.3264842261011693e-11,86.80217467178583
UGC07125,external_151,low_mass_dwarf,10,0.08343322857727313,0.5067988825191401,1.2052398330423195e-11,86.7421079162335
UGC07125,external_151,low_mass_dwarf,11,0.07890629480538928,0.48385838438005135,1.118982054271412e-11,87.28698443975996
UGC07125,external_151,low_mass_dwarf,12,0.07433442192332848,0.46004736112161365,1.0316266874045454e-11,87.24752983163431
UGC07151,external_151,bulge_rich_hsb,0,0.37522146386593425,0.9684206990726869,9.217001618431802e-12,24.27716377204992
UGC07151,external_151,bulge_rich_hsb,1,0.35803506581045785,0.9623855465707111,1.069484579554107e-11,34.017457182903165
UGC07151,external_151,bulge_rich_hsb,2,0.3371991645890107,0.9845024071042734,1.3417412694051595e-11,41.35525247217314
UGC07151,external_151,bulge_rich_hsb,3,0.31435438530256493,1.0154560041704017,1.77416726944092e-11,48.27798654922537
UGC07151,external_151,bulge_rich_hsb,4,0.29334735228073155,1.022551909678263,2.1341943112102872e-11,54.51563702599829
UGC07151,external_151,bulge_rich_hsb,5,0.27189120494261343,1.0129082106671579,2.4027093594119346e-11,60.08807940691163
UGC07151,external_151,bulge_rich_hsb,6,0.25221602880752464,0.9970647611884105,2.5878936787971368e-11,64.7102388588942
UGC07151,external_151,bulge_rich_hsb,7,0.23337031325842156,0.9724629969569397,2.6512885785475858e-11,68.32738849417275
UGC07151,external_151,bulge_rich_hsb,8,0.21571608639033235,0.9447583614857034,2.6517161369344582e-11,70.96648653648587
UGC07151,external_151,bulge_rich_hsb,9,0.199886396985605,0.9130625006225623,2.575979401991716e-11,72.94339746782809
UGC07151,external_151,bulge_rich_hsb,10,0.18490383518898518,0.8793058298144854,2.4662638218436127e-11,73.98980001189297
UGC07232,external_151,low_mass_dwarf,0,0.3814080095769154,1.006243774077282,9.495656643002884e-12,15.59454392177185
UGC07232,external_151,low_mass_dwarf,1,0.3718859722452508,0.954897693107206,8.629320101032987e-12,20.574151558486705
UGC07232,external_151,low_mass_dwarf,2,0.34931966289884353,1.0034950003056144,1.149274763424671e-11,24.59977848194354
UGC07232,external_151,low_mass_dwarf,3,0.3252475375354848,1.0651902704870555,1.682280200314375e-11,28.629313952326175
UGC07261,external_151,low_mass_dwarf,0,0.32107956082732353,1.0230980651669088,1.756461370681228e-11,34.32122842246184
UGC07261,external_151,low_mass_dwarf,1,0.27485283471586713,0.9940348395932789,2.407505455762963e-11,49.96182763328448
UGC07261,external_151,low_mass_dwarf,2,0.23219853390342762,0.9625690118760939,2.762429730053977e-11,59.97297771251827
UGC07261,external_151,low_mass_dwarf,3,0.19175640300836458,0.904978742593787,2.750214913826692e-11,65.55267543352355
UGC07261,external_151,low_mass_dwarf,4,0.15870248767765358,0.8140483847813009,2.3799437669220438e-11,67.13014508417592
UGC07261,external_151,low_mass_dwarf,5,0.1339294612518271,0.7298856934786146,2.0018419788730102e-11,66.9276257595884
UGC07261,external_151,low_mass_dwarf,6,0.11627019135531762,0.6601165138070775,1.686240225907307e-11,66.02861536230832
UGC07323,external_151,low_mass_dwarf,0,0.3426351817001875,1.0020439582542908,1.256357678726899e-11,24.308363205609545
UGC07323,external_151,low_mass_dwarf,1,0.3291447384143989,0.975203302917432,1.3197593974772446e-11,34.560327315376135
UGC07323,external_151,low_mass_dwarf,2,0.3123013123155247,0.9845535638328983,1.581380047860806e-11,43.27681994898227
UGC07323,external_151,low_mass_dwarf,3,0.2943187215917641,0.9974854559064664,1.9543356770775687e-11,51.825086337587216
UGC07323,external_151,low_mass_dwarf,4,0.2771754997261307,0.9946550790998957,2.2390501151110635e-11,59.23332827774854
UGC07323,external_151,low_mass_dwarf,5,0.25926450841629295,0.9865036586415735,2.52664004787582e-11,66.36763932588438
UGC07323,external_151,low_mass_dwarf,6,0.2424964173459018,0.9709981043858821,2.7110424951619848e-11,72.12167537481402
UGC07323,external_151,low_mass_dwarf,7,0.22514876401681513,0.9499480648578082,2.843460992962689e-11,77.14775152980116
UGC07323,external_151,low_mass_dwarf,8,0.20839956000724866,0.9231575942568382,2.889442379126355e-11,81.10266137544104
UGC07323,external_151,low_mass_dwarf,9,0.1914597129973405,0.8900209894522749,2.862254577681792e-11,84.04351657900601
UGC07399,external_151,low_mass_dwarf,0,0.3634377455882842,0.9881238392962345,9.732505406119282e-12,24.360971083586904
UGC07399,external_151,low_mass_dwarf,1,0.3453261645143315,0.9840507649410091,1.1479743639211469e-11,34.622085111481475
UGC07399,external_151,low_mass_dwarf,2,0.32553095590371456,0.9967406528122619,1.3976958585954108e-11,42.70412191713372
UGC07399,external_151,low_mass_dwarf,3,0.3047787944219982,1.0141473956810512,1.7426953352877376e-11,50.10902984258384
UGC07399,external_151,low_mass_dwarf,4,0.28501037260127676,1.0147301119394279,2.0256532294608273e-11,56.8384572163691
UGC07399,external_151,low_mass_dwarf,5,0.2659802998883133,1.0033348335579384,2.22347990577794e-11,62.52076522727207
UGC07399,external_151,low_mass_dwarf,6,0.2476727712931372,0.9865783078319134,2.3601432705173053e-11,67.45070914615249
UGC07399,external_151,low_mass_dwarf,7,0.23118115051421306,0.9644885852396566,2.4005112848239308e-11,71.15820268958025
UGC07399,external_151,low_mass_dwarf,8,0.21514165019897666,0.9391948021395756,2.3942942862760965e-11,74.04639875721593
UGC07399,external_151,low_mass_dwarf,9,0.20148320583086252,0.9125254768176262,2.3335651714374035e-11,76.16439692297637
UGC07524,external_151,low_mass_dwarf,0,0.2504862188411604,0.9886993186459708,1.987574276146971e-11,17.318184215773442
UGC07524,external_151,low_mass_dwarf,1,0.24408993785067384,0.9755621053244664,2.0058306146672998e-11,24.364076745382242
UGC07524,external_151,low_mass_dwarf,2,0.23758354665419695,0.9616036764915125,2.0222159662161193e-11,29.81621684286934
UGC07524,external_151,low_mass_dwarf,3,0.23076774950471146,0.9463004415709626,2.0367971253669612e-11,34.555999600370654
UGC07524,external_151,low_mass_dwarf,4,0.2240289773480584,0.9304444790615647,2.0483765114906272e-11,38.6083555102098
UGC07524,external_151,low_mass_dwarf,5,0.21700120498130437,0.9132437655443555,2.0578220010551246e-11,42.3683917753078
UGC07524,external_151,low_mass_dwarf,6,0.21135068725125922,0.9046758226473817,2.08785854276961e-11,45.85302213528027
UGC07524,external_151,low_mass_dwarf,7,0.20544815298304472,0.895313577447339,2.1167125816841583e-11,49.202714449019666
UGC07524,external_151,low_mass_dwarf,8,0.19962904008341514,0.8856499918095889,2.1423508267065744e-11,52.25995301542727
UGC07524,external_151,low_mass_dwarf,9,0.1935490675490391,0.8750684798937666,2.1658450056685553e-11,55.227516743412
UGC07524,external_151,low_mass_dwarf,10,0.18755369972529268,0.8641225839503832,2.1853971447557692e-11,57.94980799866568
UGC07524,external_151,low_mass_dwarf,11,0.18134618698032337,0.852134436956564,2.2005445542247828e-11,60.58358414709275
UGC07524,external_151,low_mass_dwarf,12,0.17631347261464966,0.84027408452508,2.191292297507173e-11,62.77299647319831
UGC07524,external_151,low_mass_dwarf,13,0.17121849778417633,0.8278077944256892,2.1789183841926894e-11,64.81609166883577
UGC07524,external_151,low_mass_dwarf,14,0.16590741011105242,0.8142987930667291,2.162701521002206e-11,66.7702341573653
UGC07524,external_151,low_mass_dwarf,15,0.16068247882601755,0.8004738312566037,2.143351216688812e-11,68.52537774673966
UGC07524,external_151,low_mass_dwarf,16,0.15523505291207115,0.7854689933132668,2.1194990485613874e-11,70.18460981680828
UGC07524,external_151,low_mass_dwarf,17,0.1499315449988081,0.7702331684739061,2.0920370028731548e-11,71.64723176214746
UGC07524,external_151,low_mass_dwarf,18,0.14557855975748002,0.756820303313192,2.0552689668554653e-11,72.92420402207513
UGC07524,external_151,low_mass_dwarf,19,0.14130704346056622,0.7432356565460659,2.0169517684009674e-11,74.03370213909454
UGC07524,external_151,low_mass_dwarf,20,0.13673746216236152,0.7282236234281877,1.973514473604511e-11,75.06705342198273
UGC07524,external_151,low_mass_dwarf,21,0.13250574576976545,0.713864958281212,1.9310459326584285e-11,75.88513257285929
UGC07524,external_151,low_mass_dwarf,22,0.12784175685114868,0.6975140599770707,1.8817620713646528e-11,76.63435428731978
UGC07524,external_151,low_mass_dwarf,23,0.12359733666397954,0.6821215832575516,1.8342697729009558e-11,77.19600934545443
UGC07524,external_151,low_mass_dwarf,24,0.11993436261438885,0.6681961332299559,1.7860784701097776e-11,77.79562662049734
UGC07524,external_151,low_mass_dwarf,25,0.11644666084221485,0.6545962220014064,1.738923601779543e-11,78.2472841334589
UGC07524,external_151,low_mass_dwarf,26,0.11303500053095512,0.6409644428040245,1.6916315926881904e-11,78.57793818151396
UGC07524,external_151,low_mass_dwarf,27,0.10928301369317382,0.6255903332604489,1.6383339346261676e-11,78.81586715825804
UGC07524,external_151,low_mass_dwarf,28,0.10581569865035446,0.6110197223517696,1.587924443689996e-11,78.91947098380594
UGC07524,external_151,low_mass_dwarf,29,0.10210989244784079,0.5950417494435414,1.532537152339571e-11,78.93621769677942
UGC07524,external_151,low_mass_dwarf,30,0.09932414693639904,0.5826712825999447,1.4878009711559606e-11,79.05792114029808
UGC07559,external_151,low_mass_dwarf,0,0.2920079221278981,1.0135577934253008,1.3584626630876533e-11,15.241197708427004
UGC07559,external_151,low_mass_dwarf,1,0.26847907853199554,0.9707040708703125,1.4145352642838055e-11,21.46850851487258
UGC07559,external_151,low_mass_dwarf,2,0.2469701424873649,0.9628931543512562,1.5783677038549168e-11,26.71641628063063
UGC07559,external_151,low_mass_dwarf,3,0.2270177688229162,0.9459624685872219,1.6809120591789594e-11,31.135854988054064
UGC07559,external_151,low_mass_dwarf,4,0.21121941341174397,0.9201845990526722,1.6914197997651744e-11,34.377862209561776
UGC07559,external_151,low_mass_dwarf,5,0.19723418790319855,0.8935030111339406,1.674522086972692e-11,37.235123740834986
UGC07559,external_151,low_mass_dwarf,6,0.18479254681889132,0.8666164958876553,1.6396428919941625e-11,39.53412709575897
UGC07577,external_151,low_mass_dwarf,0,0.24756918383305415,0.9657121761019358,1.1589463982729656e-11,9.249361552431262
UGC07577,external_151,low_mass_dwarf,1,0.236403724384496,0.9284560916981465,1.1365675121882845e-11,12.981382639957594
UGC07577,external_151,low_mass_dwarf,2,0.2241190884037756,0.9096584556733807,1.2003477466405012e-11,16.24802624085082
UGC07577,external_151,low_mass_dwarf,3,0.21186941812860374,0.8965098563143099,1.2898408650872841e-11,19.18499864886592
UGC07577,external_151,low_mass_dwarf,4,0.1994937153271093,0.8793354341521137,1.3608085902365971e-11,21.935140744653555
UGC07577,external_151,low_mass_dwarf,5,0.18787102998069816,0.8585398804768138,1.3993823305609164e-11,24.28938933321351
UGC07577,external_151,low_mass_dwarf,6,0.17623812274200748,0.8352193943896478,1.4228823594291593e-11,26.38118762060233
UGC07577,external_151,low_mass_dwarf,7,0.16542007905490588,0.8097197281582733,1.4119833981932967e-11,28.029209474876506
UGC07577,external_151,low_mass_dwarf,8,0.15490600672117466,0.7828356314907555,1.3920346470092146e-11,29.379058094987535
UGC07603,external_151,bulge_rich_hsb,0,0.35947454995031014,1.0210972542113068,1.1805877554409085e-11,19.36576372821761
UGC07603,external_151,bulge_rich_hsb,1,0.33713933505488447,0.9996746423673382,1.3411441078792068e-11,26.872746719688294
UGC07603,external_151,bulge_rich_hsb,2,0.313129656908764,1.012715191806036,1.63894043184297e-11,32.47051974082745
UGC07603,external_151,bulge_rich_hsb,3,0.2865110964620599,1.0366932028489952,2.0925757590854636e-11,37.798275828399035
UGC07603,external_151,bulge_rich_hsb,4,0.2639170949068695,1.0272634433036782,2.2995321410473743e-11,41.91054844038213
UGC07603,external_151,bulge_rich_hsb,5,0.24281282304703947,0.9947979571330529,2.282181676813371e-11,44.53418712489026
UGC07603,external_151,bulge_rich_hsb,6,0.22484708568388367,0.9626272818165115,2.2158006103390584e-11,46.512416082287025
UGC07603,external_151,bulge_rich_hsb,7,0.21080280235747162,0.9339715873701924,2.1317860687272042e-11,48.2905665263852
UGC07603,external_151,bulge_rich_hsb,8,0.19810394671696663,0.9055758318767957,2.0368972428673545e-11,49.58278694312996
UGC07603,external_151,bulge_rich_hsb,9,0.18831440757147264,0.8822086148054078,1.9627912660911614e-11,50.988651567715216
UGC07603,external_151,bulge_rich_hsb,10,0.1785462452966023,0.8572450678231354,1.878687902340251e-11,52.02159852557978
UGC07603,external_151,bulge_rich_hsb,11,0.17027184670537984,0.8352500898153328,1.813323745828172e-11,53.237538861218844
UGC07608,external_151,low_mass_dwarf,0,0.2608784978603604,0.9897597055788581,1.3874745022167709e-11,18.56181237982057
UGC07608,external_151,low_mass_dwarf,1,0.2420371813594996,0.952790980330515,1.4475311563869902e-11,26.462601262535085
UGC07608,external_151,low_mass_dwarf,2,0.22672217468837114,0.9362080015842736,1.5466205828882148e-11,33.11136537654444
UGC07608,external_151,low_mass_dwarf,3,0.21154792964664892,0.9166916189061803,1.6318723501530954e-11,38.79936341790097
UGC07608,external_151,low_mass_dwarf,4,0.19824876195055913,0.8923721204857816,1.6609862360146076e-11,43.60433845411037
UGC07608,external_151,low_mass_dwarf,5,0.1854366426590758,0.8661453377006381,1.6699924843160507e-11,47.66834147766773
UGC07608,external_151,low_mass_dwarf,6,0.1745351982756529,0.8406312053946022,1.646968730303916e-11,50.88973568339712
UGC07608,external_151,low_mass_dwarf,7,0.16380360553257017,0.8130931357116761,1.6090131682123268e-11,53.6211575269897
UGC07690,external_151,low_mass_dwarf,0,0.3889130735753699,0.9527015079067985,1.0176317081013572e-11,34.54792364337434
UGC07690,external_151,low_mass_dwarf,1,0.35812902278696646,1.0073227344043743,1.516603493933203e-11,45.46386904917815
UGC07690,external_151,low_mass_dwarf,2,0.32461969896679194,1.1023039733538373,2.5387784968465565e-11,52.66433179854531
UGC07690,external_151,low_mass_dwarf,3,0.290468056132662,1.0826677386527905,2.8704924381523242e-11,58.144061514448204
UGC07690,external_151,low_mass_dwarf,4,0.25766326557679886,1.0280837373700462,2.737749542083924e-11,60.34395469749379
UGC07690,external_151,low_mass_dwarf,5,0.23622480101014073,0.9872536606143327,2.5717683719811376e-11,62.49337414261562
UGC07690,external_151,low_mass_dwarf,6,0.21926248338080095,0.9521824479105021,2.4160091912196286e-11,64.29305241425271
UGC07866,external_151,low_mass_dwarf,0,0.2913231452848208,1.0074147700687774,1.3020554681284482e-11,14.252904026210459
UGC07866,external_151,low_mass_dwarf,1,0.26912842123100483,0.9668779795727739,1.3559250411667508e-11,20.12229209203203
UGC07866,external_151,low_mass_dwarf,2,0.2454100335524029,0.9595048146445152,1.5634000011034613e-11,25.528625885267655
UGC07866,external_151,low_mass_dwarf,3,0.22531186744484435,0.9405203018334208,1.6751238249128975e-11,29.778158155106322
UGC07866,external_151,low_mass_dwarf,4,0.20631708292675127,0.9109852271614678,1.7071355767796634e-11,33.19887461723759
UGC07866,external_151,low_mass_dwarf,5,0.19183949431327618,0.8823501557522396,1.6833940522853845e-11,35.78129286287408
UGC07866,external_151,low_mass_dwarf,6,0.17823613634388263,0.8518932205530885,1.6385645900592996e-11,37.77562341836745
UGC08286,external_151,bulge_rich_hsb,0,0.3223264599688614,1.036421026053578,1.5359514815567197e-11,21.214539457146188
UGC08286,external_151,bulge_rich_hsb,1,0.2974642154730863,1.013490895179268,1.7691853212400713e-11,30.63694093685389
UGC08286,external_151,bulge_rich_hsb,2,0.2720006455869186,0.9857824226855819,2.0197641376877795e-11,38.11422192398151
UGC08286,external_151,bulge_rich_hsb,3,0.25112629670185505,0.9715149087163787,2.177908807650862e-11,43.87148705670084
UGC08286,external_151,bulge_rich_hsb,4,0.2294933871451818,0.9533463935889311,2.304827017063874e-11,48.550384883322565
UGC08286,external_151,bulge_rich_hsb,5,0.20830680472690197,0.9288558659936508,2.34947080109727e-11,52.13456805326156
UGC08286,external_151,bulge_rich_hsb,6,0.19361681363156683,0.8967310763695946,2.268656536865994e-11,54.707275609935664
UGC08286,external_151,bulge_rich_hsb,7,0.1776954328778129,0.8578084441706773,2.1488572395024442e-11,56.4728555854678
UGC08286,external_151,bulge_rich_hsb,8,0.16351960965798915,0.8189859407969209,2.0124590083272415e-11,57.54650427547599
UGC08286,external_151,bulge_rich_hsb,9,0.1541609883955331,0.7907978758876567,1.905903483204652e-11,58.85617747244528
UGC08286,external_151,bulge_rich_hsb,10,0.14479217924555196,0.76058351652485,1.789167527755049e-11,59.58063859675463
UGC08286,external_151,bulge_rich_hsb,11,0.13649281589962473,0.7320680394839245,1.679536268166124e-11,60.111284034742056
UGC08286,external_151,bulge_rich_hsb,12,0.13007584879015172,0.7088904840809529,1.5938188015088436e-11,60.87931662836712
UGC08286,external_151,bulge_rich_hsb,13,0.12369947821426441,0.6847781355278184,1.5049350065547997e-11,61.277662971655666
UGC08286,external_151,bulge_rich_hsb,14,0.1178589730005574,0.6617964729484966,1.423206967132677e-11,61.63861984449811
UGC08286,external_151,bulge_rich_hsb,15,0.11287857572570632,0.6415452149601641,1.3546985544668114e-11,62.04930423232911
UGC08286,external_151,bulge_rich_hsb,16,0.10784162243095476,0.6203364329315301,1.2836488205385519e-11,62.206795418533396
UGC08490,external_151,low_mass_dwarf,0,0.3817353257610825,0.9878579295688653,1.0455723040765142e-11,23.16886280573948
UGC08490,external_151,low_mass_dwarf,1,0.3627910225367177,0.9989144671390082,1.276749495743256e-11,32.360764714956495
UGC08490,external_151,low_mass_dwarf,2,0.34264907397268546,1.0106926862564198,1.6051965079770683e-11,39.52066908282416
UGC08490,external_151,low_mass_dwarf,3,0.3218704299962169,1.0227994081309506,2.0628621656347424e-11,46.05391984951182
UGC08490,external_151,low_mass_dwarf,4,0.30700252119519733,1.0298633755309552,2.2827105834285825e-11,50.20803331207481
UGC08490,external_151,low_mass_dwarf,5,0.2909864225410944,1.0370476438835121,2.529695276945013e-11,53.84046780426228
UGC08490,external_151,low_mass_dwarf,6,0.27421250270130143,1.0440896955830148,2.7809161874054824e-11,56.890802547566494
UGC08490,external_151,low_mass_dwarf,7,0.2579129137382557,1.0467964528698608,2.9486431299220283e-11,59.12394222476556
UGC08490,external_151,low_mass_dwarf,8,0.24514870091963956,1.0212713877294608,2.8328546643973718e-11,60.926765359852844
UGC08490,external_151,low_mass_dwarf,9,0.23270506227570223,0.9941796226366925,2.7000186312800492e-11,61.98140204859827
UGC08490,external_151,low_mass_dwarf,10,0.21944782902849594,0.9626288561793356,2.535708294899958e-11,62.3553093212966
UGC08490,external_151,low_mass_dwarf,11,0.20748120167416936,0.9320094317756478,2.3711351435581716e-11,62.40803943886786
UGC08490,external_151,low_mass_dwarf,12,0.2014519180818086,0.9176049801573576,2.2990837334010437e-11,63.59947888093027
UGC08490,external_151,low_mass_dwarf,13,0.1949561610136587,0.9013824348997308,2.215100285204812e-11,64.54234494634275
UGC08490,external_151,low_mass_dwarf,14,0.18854399802113994,0.8846128276504629,2.1255863684055515e-11,65.13167286064906
UGC08490,external_151,low_mass_dwarf,15,0.18281136035213127,0.869259695295169,2.046312458680149e-11,65.67160355949235
UGC08490,external_151,low_mass_dwarf,16,0.17824642258380102,0.8574047364883053,1.9967100293542957e-11,66.68840459622176
UGC08490,external_151,low_mass_dwarf,17,0.17363019746862002,0.845009669087965,1.9435725438818097e-11,67.52145151187372
UGC08490,external_151,low_mass_dwarf,18,0.169099873877624,0.8324317738894347,1.8885018214713884e-11,68.1512533950597
UGC08490,external_151,low_mass_dwarf,19,0.16450798475665798,0.8193810871964571,1.8344181327844187e-11,68.8009462918815
UGC08490,external_151,low_mass_dwarf,20,0.16043360126486514,0.807657676769653,1.792236564870723e-11,69.56364184927233
UGC08490,external_151,low_mass_dwarf,21,0.1564408693314257,0.7958242147630089,1.7490045185283523e-11,70.17247094286176
UGC08490,external_151,low_mass_dwarf,22,0.15228722977133516,0.7831393044411444,1.7020557239834044e-11,70.66191391531378
UGC08490,external_151,low_mass_dwarf,23,0.14827468499036667,0.7705363914091555,1.657295278116939e-11,71.12446250115902
UGC08490,external_151,low_mass_dwarf,24,0.14444591657393957,0.7581934448583254,1.616156808863048e-11,71.60307087977311
UGC08490,external_151,low_mass_dwarf,25,0.14058256972304292,0.7453840036523096,1.5731649467026722e-11,71.96348282224496
UGC08490,external_151,low_mass_dwarf,26,0.136799337323861,0.7324845679246607,1.529649738714085e-11,72.197816020689
UGC08490,external_151,low_mass_dwarf,27,0.1330453392577472,0.7193206886916308,1.4864715357272492e-11,72.41380087429816
UGC08490,external_151,low_mass_dwarf,28,0.1298532494802569,0.7078365795869074,1.449942071427963e-11,72.59115658594477
UGC08490,external_151,low_mass_dwarf,29,0.12577603308332636,0.6927785963454041,1.402038766271037e-11,72.69498122316901
UGC08550,external_151,bulge_rich_hsb,0,0.31109844698818223,1.0464053161206215,1.7532780801380796e-11,22.178247608871498
UGC08550,external_151,bulge_rich_hsb,1,0.26819931817477555,0.9991832627209211,2.1478015400073737e-11,31.760634691263988
UGC08550,external_151,bulge_rich_hsb,2,0.23751143660651033,0.9768616647103746,2.2534022886587907e-11,37.61078602121286
UGC08550,external_151,bulge_rich_hsb,3,0.2069599181636135,0.9445147226088877,2.142384196389973e-11,40.225748835839475
UGC08550,external_151,bulge_rich_hsb,4,0.18749062449060414,0.8909672028077978,1.930026323704415e-11,42.35614525839425
UGC08550,external_151,bulge_rich_hsb,5,0.1689301318774638,0.8331644723121289,1.703288240597637e-11,43.20420274462242
UGC08550,external_151,bulge_rich_hsb,6,0.15884682389005111,0.8026044033435732,1.6018121222195428e-11,45.10508125765983
UGC08550,external_151,bulge_rich_hsb,7,0.1491637684533191,0.7713369055155004,1.499332039415396e-11,46.45475494363841
UGC08550,external_151,bulge_rich_hsb,8,0.1410154722984496,0.7446197348803905,1.4271534841823103e-11,48.055618984380345
UGC08550,external_151,bulge_rich_hsb,9,0.1331368114103528,0.7173211471950083,1.3539160845394914e-11,49.274158558995104
UGC08550,external_151,bulge_rich_hsb,10,0.12605273692185917,0.691682049901209,1.2895442046759838e-11,50.35417800829907
UGC08699,external_151,bulge_rich_hsb,0,0.420722955547406,0.8550777500400634,8.124228404518608e-12,30.495963080468687
UGC08699,external_151,bulge_rich_hsb,1,0.4182483713295258,0.8605120791242126,8.413851227980286e-12,42.36443044616579
UGC08699,external_151,bulge_rich_hsb,2,0.4156331716071989,0.8663489162185389,8.73617903641953e-12,51.739339560846986
UGC08699,external_151,bulge_rich_hsb,3,0.41299435303015725,0.8723390966828125,9.079656123440086e-12,59.45883942587624
UGC08699,external_151,bulge_rich_hsb,4,0.4104531526431952,0.8782062273079005,9.429134848082175e-12,65.82528415435759
UGC08699,external_151,bulge_rich_hsb,5,0.4076445677829524,0.8848068327532275,9.83854988512783e-12,71.99130827907726
UGC08699,external_151,bulge_rich_hsb,6,0.40505673481979465,0.8910000845958677,1.0239178592506289e-11,77.05524892470883
UGC08699,external_151,bulge_rich_hsb,7,0.4024461916248314,0.8973595585261591,1.0668097846573174e-11,81.68701315186037
UGC08699,external_151,bulge_rich_hsb,8,0.39956061211267785,0.9045241687978915,1.1173872520802726e-11,86.35122199080368
UGC08699,external_151,bulge_rich_hsb,9,0.3969015056216921,0.9112563726706564,1.1672260672327262e-11,90.29622918747665
UGC08699,external_151,bulge_rich_hsb,10,0.39409039601676066,0.9185136611304487,1.2236317652414332e-11,94.15614257832839
UGC08699,external_151,bulge_rich_hsb,11,0.3913825087617059,0.9256454939798759,1.2819576989442095e-11,97.61606450901203
UGC08699,external_151,bulge_rich_hsb,12,0.3883888196420426,0.933696975280685,1.3515144957751195e-11,101.1887504785583
UGC08699,external_151,bulge_rich_hsb,13,0.3856296144320082,0.9412786949012217,1.4208941038739787e-11,104.28011088786845
UGC08699,external_151,bulge_rich_hsb,14,0.34400817697355174,1.039340470564122,2.4171522878935086e-11,124.38324736623098
UGC08699,external_151,bulge_rich_hsb,15,0.34068302823854557,1.0475749270876056,2.531049012166092e-11,125.142816633941
UGC08699,external_151,bulge_rich_hsb,16,0.33716319040822557,1.0563882117094612,2.6606457512900088e-11,125.9058915784113
UGC08699,external_151,bulge_rich_hsb,17,0.33353907717031545,1.0638391999447907,2.7888913213843174e-11,126.74049343845319
UGC08699,external_151,bulge_rich_hsb,18,0.32951827147922935,1.0630567828486788,2.8526906944629763e-11,127.98909584922292
UGC08699,external_151,bulge_rich_hsb,19,0.32563470969590025,1.062243474771294,2.9148612979632543e-11,129.1274385470008
UGC08699,external_151,bulge_rich_hsb,20,0.32170589710668085,1.0613615880331047,2.9781959046362613e-11,130.2151965206186
UGC08699,external_151,bulge_rich_hsb,21,0.31735004918745224,1.0603124367441217,3.048778282359628e-11,131.34997704202127
UGC08699,external_151,bulge_rich_hsb,22,0.31332382358704847,1.0592739834942786,3.11419248409493e-11,132.33527292559407
UGC08699,external_151,bulge_rich_hsb,23,0.3090546172267457,1.0580985986331921,3.183528310814841e-11,133.315755079699
UGC08699,external_151,bulge_rich_hsb,24,0.30492964959828495,1.0568881182479322,3.25026689863605e-11,134.20191444505843
UGC08699,external_151,bulge_rich_hsb,25,0.3003549441494161,1.055456891275293,3.3236735102852525e-11,135.11540783169013
UGC08699,external_151,bulge_rich_hsb,26,0.2961251299372555,1.0540477507021848,3.3906392810913744e-11,135.89527329618159
UGC08699,external_151,bulge_rich_hsb,27,0.2918438606312224,1.0525346266734203,3.457150945940501e-11,136.6203716996497
UGC08699,external_151,bulge_rich_hsb,28,0.28709469325401965,1.0507502863940428,3.528917336442991e-11,137.3467407384665
UGC08699,external_151,bulge_rich_hsb,29,0.2739694549529603,1.0452036055469818,3.710430070626728e-11,138.88638755912487
UGC08699,external_151,bulge_rich_hsb,30,0.26862379322116864,1.0418497989596713,3.7653619721643607e-11,139.3940866643399
UGC08699,external_151,bulge_rich_hsb,31,0.2643435677647386,1.0363572856409047,3.7764851446447506e-11,140.04829389141491
UGC08699,external_151,bulge_rich_hsb,32,0.2598054570926113,1.0303512652802564,3.7846516639745236e-11,140.6537928086422
UGC08699,external_151,bulge_rich_hsb,33,0.2329193190809304,0.9904895102136556,3.7451754773358195e-11,142.23650105061822
UGC08699,external_151,bulge_rich_hsb,34,0.19044297574468969,0.9073330394269984,3.314020486315634e-11,137.51611054654146
UGC08699,external_151,bulge_rich_hsb,35,0.1573453641270967,0.8155999565599314,2.7434180534983903e-11,130.56912856091645
UGC08699,external_151,bulge_rich_hsb,36,0.1273404033267824,0.7106798344110512,2.0922070478308068e-11,119.13379263408882
UGC08699,external_151,bulge_rich_hsb,37,0.1041938254770981,0.6127895725491102,1.5532506499722426e-11,107.26892704711653
UGC08699,external_151,bulge_rich_hsb,38,0.08858875636031473,0.53801978188193,1.1910452031997831e-11,98.02070111737392
UGC08699,external_151,bulge_rich_hsb,39,0.07539147702733777,0.4690506166258534,8.908422445113647e-12,88.1231876520613
UGC08699,external_151,bulge_rich_hsb,40,0.06303509830877307,0.40024424668963643,6.417255386640327e-12,78.8906157099867
UGC08837,external_151,low_mass_dwarf,0,0.2921526489187639,0.9977151567377147,1.2327228472316761e-11,17.501169322571947
UGC08837,external_151,low_mass_dwarf,1,0.274883174440574,0.9734379559021169,1.3497505590213872e-11,25.597874842097966
UGC08837,external_151,low_mass_dwarf,2,0.257019358604085,0.9699106443996764,1.5962546111654117e-11,33.11656008944133
UGC08837,external_151,low_mass_dwarf,3,0.24012031352624122,0.955339551688115,1.767825136578531e-11,39.48259452113376
UGC08837,external_151,low_mass_dwarf,4,0.22267300055102823,0.9348478981327011,1.9075511776443794e-11,45.3088191176736
UGC08837,external_151,low_mass_dwarf,5,0.20630643254901604,0.9096559403629351,1.9776609858267723e-11,49.90507371662132
UGC08837,external_151,low_mass_dwarf,6,0.1905516652674172,0.8791996191529864,1.9845389426395378e-11,53.56588838777635
UGC08837,external_151,low_mass_dwarf,7,0.17540837618413355,0.8451168616548195,1.9515592883217765e-11,56.37119865302061
UGC09037,external_151,bulge_rich_hsb,0,0.3486573190876023,1.0289080773654518,2.688475733818927e-11,95.7076747258163
UGC09037,external_151,bulge_rich_hsb,1,0.33380246932975166,1.0284906862481875,3.0690284482422566e-11,116.3892837247818
UGC09037,external_151,bulge_rich_hsb,2,0.318384625446715,1.027268291777899,3.533810788384366e-11,133.7453324825695
UGC09037,external_151,bulge_rich_hsb,3,0.3020995964953243,1.0249932283600645,4.1179913271934937e-11,149.68807900939578
UGC09037,external_151,bulge_rich_hsb,4,0.28703811775028876,1.0200474881454726,4.606903399512295e-11,162.7957500088714
UGC09037,external_151,bulge_rich_hsb,5,0.2737089318674449,1.0119554990610038,4.827459852168198e-11,171.761215227536
UGC09037,external_151,bulge_rich_hsb,6,0.259871858925514,1.0023763999803659,5.024769959757828e-11,178.94107059577323
UGC09037,external_151,bulge_rich_hsb,7,0.24537717515420926,0.9909045580228423,5.1788657296763766e-11,184.31618181938842
UGC09037,external_151,bulge_rich_hsb,8,0.23030342255548036,0.9772127898910875,5.2567951126948836e-11,187.53196275354298
UGC09037,external_151,bulge_rich_hsb,9,0.2147453174885967,0.9609279926992729,5.2151884967874365e-11,187.99103099618597
UGC09037,external_151,bulge_rich_hsb,10,0.20383328305650783,0.9384364172440183,5.0566101372153176e-11,190.4011919217556
UGC09037,external_151,bulge_rich_hsb,11,0.1922194726220863,0.9108655112488123,4.8458827767998174e-11,192.11881697398613
UGC09037,external_151,bulge_rich_hsb,12,0.18036046544349454,0.8802465237268322,4.595883288749681e-11,192.2903023584351
UGC09037,external_151,bulge_rich_hsb,13,0.1680464609845767,0.8455295483263203,4.299042683653446e-11,190.7485560610142
UGC09037,external_151,bulge_rich_hsb,14,0.15535680952785877,0.8062943016376435,3.953970831228306e-11,187.25423132376656
UGC09037,external_151,bulge_rich_hsb,15,0.14473588012821567,0.7705412716193529,3.634876439186029e-11,183.77556046951554
UGC09037,external_151,bulge_rich_hsb,16,0.13889747691386184,0.7498305540755587,3.447743099910213e-11,183.5457807073795
UGC09037,external_151,bulge_rich_hsb,17,0.13302726211782148,0.7281170278579198,3.253178356882129e-11,182.50881370004868
UGC09037,external_151,bulge_rich_hsb,18,0.12746918039968316,0.706703196184417,3.0632638178996514e-11,180.77378070696804
UGC09037,external_151,bulge_rich_hsb,19,0.12139182003831403,0.6823012215158524,2.8495627958382742e-11,178.0187255042353
UGC09037,external_151,bulge_rich_hsb,20,0.11527965678436691,0.6566822171134262,2.6286254187524963e-11,174.31101024875306
UGC09037,external_151,bulge_rich_hsb,21,0.111246866062896,0.639346922894317,2.4859922437326305e-11,172.9414920997506
UGC09133,external_151,bulge_rich_hsb,0,0.3682691849768427,1.0451734168440145,2.858967582756429e-11,41.20554592533903
UGC09133,external_151,bulge_rich_hsb,1,0.36604321821967994,1.0451073180545454,2.911204523617376e-11,57.67851629279356
UGC09133,external_151,bulge_rich_hsb,2,0.36372893198171496,1.0450230269999843,2.966686322093962e-11,70.65614734726898
UGC09133,external_151,bulge_rich_hsb,3,0.3614707969895317,1.0449252690989388,3.022002276399321e-11,81.18315515876108
UGC09133,external_151,bulge_rich_hsb,4,0.35912294490668306,1.0448071473459992,3.0807831684734964e-11,90.69553437916676
UGC09133,external_151,bulge_rich_hsb,5,0.356831939294748,1.0446754547603687,3.139417280279034e-11,98.97241764408898
UGC09133,external_151,bulge_rich_hsb,6,0.35444978578882214,1.0445210535986706,3.2017551195053316e-11,106.78071922316485
UGC09133,external_151,bulge_rich_hsb,7,0.3521251865740455,1.0443529524605166,3.263968324137117e-11,113.77863639744623
UGC09133,external_151,bulge_rich_hsb,8,0.3497079744156732,1.0441596076404733,3.330144489119992e-11,120.5242798902629
UGC09133,external_151,bulge_rich_hsb,9,0.34734903725593974,1.043952404101173,3.3962215437234434e-11,126.67096189097829
UGC09133,external_151,bulge_rich_hsb,10,0.3448959867620669,1.043717212009017,3.466543101464797e-11,132.674713352152
UGC09133,external_151,bulge_rich_hsb,11,0.3424244266525458,1.0434595680424805,3.539096714911229e-11,138.3791076342719
UGC09133,external_151,bulge_rich_hsb,12,0.3400122533570267,1.0431877582775044,3.611596730807315e-11,143.65598657775226
UGC09133,external_151,bulge_rich_hsb,13,0.33750363487720764,1.0428833751415856,3.688812422987259e-11,148.87641500784144
UGC09133,external_151,bulge_rich_hsb,14,0.33505515757707666,1.0425645683517495,3.766009731549561e-11,153.73863002447277
UGC09133,external_151,bulge_rich_hsb,15,0.33250864095892974,1.0422098147632683,3.8482692171684324e-11,158.5780217916952
UGC09133,external_151,bulge_rich_hsb,16,0.33002303386205456,1.0418403275280046,3.930549764991832e-11,163.1100217120151
UGC09133,external_151,bulge_rich_hsb,17,0.327437753771569,1.0414312201928697,4.018268716596928e-11,167.643280457484
UGC09133,external_151,bulge_rich_hsb,18,0.32491416584929306,1.041007007936167,4.106052476491987e-11,171.90820660712714
UGC09133,external_151,bulge_rich_hsb,19,0.3222892304061021,1.0405391684673617,4.199682814207585e-11,176.19271968436664
UGC09133,external_151,bulge_rich_hsb,20,0.3197267844217792,1.0400557807253223,4.2934259024079186e-11,180.2400386436664
UGC09133,external_151,bulge_rich_hsb,21,0.3170612741733245,1.0395243861114336,4.393457830283145e-11,184.32169535566277
UGC09133,external_151,bulge_rich_hsb,22,0.31175203251338424,1.0383766404961274,4.600617855825241e-11,192.10858685277108
UGC09133,external_151,bulge_rich_hsb,23,0.30902353578566416,1.0377391612139681,4.7113182680774964e-11,195.95450668417607
UGC09133,external_151,bulge_rich_hsb,24,0.30635959480704317,1.0370846142085546,4.822266727721362e-11,199.61998596151392
UGC09133,external_151,bulge_rich_hsb,25,0.305409381193038,1.0368433148366205,4.86253984407906e-11,200.90768086562417
UGC09133,external_151,bulge_rich_hsb,26,0.303588088835449,1.036369127703218,4.9407748492410685e-11,203.3486948917072
UGC09133,external_151,bulge_rich_hsb,27,0.3008819900832331,1.0356357592678023,5.059587848849802e-11,206.91411381090145
UGC09133,external_151,bulge_rich_hsb,28,0.298066449862278,1.0348353674033108,5.1865343120502765e-11,210.55274971977988
UGC09133,external_151,bulge_rich_hsb,29,0.2924565523097719,1.0331231466754183,5.449892097276533e-11,217.6163869982895
UGC09133,external_151,bulge_rich_hsb,30,0.2895726000863592,1.0321799114876635,5.590833148314627e-11,221.16528433059594
UGC09133,external_151,bulge_rich_hsb,31,0.2818885404191139,1.026971960094529,5.7784432815894534e-11,228.69300282490167
UGC09133,external_151,bulge_rich_hsb,32,0.27930575624761034,1.0249254994154444,5.822871515324321e-11,230.88283797224517
UGC09133,external_151,bulge_rich_hsb,33,0.27678590527960173,1.0228862637120741,5.865055334440633e-11,232.91923875709097
UGC09133,external_151,bulge_rich_hsb,34,0.2609482621658128,1.009050548305733,6.098420849163865e-11,243.60327649442698
UGC09133,external_151,bulge_rich_hsb,35,0.25829816916715154,1.0065538602809776,6.131117348060558e-11,245.05258019792615
UGC09133,external_151,bulge_rich_hsb,36,0.2555425803134858,1.0038993224188097,6.162855410596057e-11,246.46027597056494
UGC09133,external_151,bulge_rich_hsb,37,0.23411283933980417,0.9810590532742754,6.31497642065929e-11,253.9790642839468
UGC09133,external_151,bulge_rich_hsb,38,0.20819931687564544,0.9473974117393883,6.19631661884969e-11,254.429668201579
UGC09133,external_151,bulge_rich_hsb,39,0.18239821121586744,0.8949680235667722,5.710750881482095e-11,252.03871736927428
UGC09133,external_151,bulge_rich_hsb,40,0.15816018400689696,0.8264210519445321,5.101857191086676e-11,248.8611483776166
UGC09133,external_151,bulge_rich_hsb,41,0.13234406874352195,0.7387649915229961,4.298818386065673e-11,237.95802242442812
UGC09133,external_151,bulge_rich_hsb,42,0.10385979380897671,0.6207154385148158,3.252458220733208e-11,215.81146081077202
UGC09133,external_151,bulge_rich_hsb,43,0.08979391880332001,0.553355984082436,2.698149436898074e-11,205.17495896596714
UGC09133,external_151,bulge_rich_hsb,44,0.07729393499594452,0.4883177472946821,2.199379831066757e-11,193.10354842673317
UGC09133,external_151,bulge_rich_hsb,45,0.063920650763622,0.41325823492274577,1.669823938744152e-11,175.57766512941816
UGC09133,external_151,bulge_rich_hsb,46,0.052034070191112246,0.3419757628974477,1.2147451602923785e-11,155.94539523969289
UGC09133,external_151,bulge_rich_hsb,47,0.04703185844413217,0.3108244965472785,1.0267866345470548e-11,148.3901142366995
UGC09133,external_151,bulge_rich_hsb,48,0.04177175842298156,0.27738288388203525,8.367545174282417e-12,138.55482424950267
UGC09133,external_151,bulge_rich_hsb,49,0.03666036445045674,0.24426526620410846,6.609850707176829e-12,126.92285336636678
UGC09133,external_151,bulge_rich_hsb,50,0.032801539843879665,0.21893324909705053,5.35832836348439e-12,117.46447391001863
UGC09133,external_151,bulge_rich_hsb,51,0.030495236582587456,0.20372471546330026,4.655350670792661e-12,112.4191338219703
UGC09133,external_151,bulge_rich_hsb,52,0.028267870067578034,0.18894470800229166,3.998508069891995e-12,106.6443272998133
UGC09133,external_151,bulge_rich_hsb,53,0.026022030191090735,0.17395641852289534,3.358772040905625e-12,99.80871466395139
UGC09133,external_151,bulge_rich_hsb,54,0.02449087325024377,0.16375904670050073,2.9685064992013666e-12,95.8378303546906
UGC09133,external_151,bulge_rich_hsb,55,0.023172918509841767,0.15499122750796077,2.6599601613095785e-12,92.70757453113752
UGC09133,external_151,bulge_rich_hsb,56,0.02190264995079866,0.146516290427739,2.3701917856095537e-12,89.22642083047809
UGC09133,external_151,bulge_rich_hsb,57,0.020627667793469907,0.1379874976868984,2.087180059697213e-12,85.2435081629783
UGC09133,external_151,bulge_rich_hsb,58,0.01969285347457519,0.13177795944547802,1.918341098469256e-12,83.42633343124466
UGC09133,external_151,bulge_rich_hsb,59,0.018792562982777247,0.12578668410218943,1.7595113376628053e-12,81.4317262722084
UGC09133,external_151,bulge_rich_hsb,60,0.01789061736070402,0.11977392096160228,1.6041925381121059e-12,79.18283385230349
UGC09133,external_151,bulge_rich_hsb,61,0.017013024910303976,0.11392220088895894,1.4619172555823886e-12,77.01072919402466
UGC09133,external_151,bulge_rich_hsb,62,0.01629679671318098,0.10915845710826556,1.3599738209092529e-12,75.66898728009102
UGC09133,external_151,bulge_rich_hsb,63,0.015582143717789786,0.10439916709787656,1.2605348791704185e-12,74.17598780447257
UGC09133,external_151,bulge_rich_hsb,64,0.014837592364758057,0.09943459020873183,1.1594260474151518e-12,72.45254215834535
UGC09133,external_151,bulge_rich_hsb,65,0.014194715447098345,0.09514956210168517,1.078025815411271e-12,71.10334767895611
UGC09133,external_151,bulge_rich_hsb,66,0.012985339428916451,0.08708621816644095,9.35422154163867e-13,68.61987967790215
UGC09133,external_151,bulge_rich_hsb,67,0.011303112844768131,0.07585497057511897,7.528365138664809e-13,64.90884567351479
UGC09992,external_151,low_mass_dwarf,0,0.30268782863444876,0.9981947465417695,1.3515942022315883e-11,23.884980484234863
UGC09992,external_151,low_mass_dwarf,1,0.26722418841812245,0.9842366844058067,1.6915428024145973e-11,34.78474915718066
UGC09992,external_151,low_mass_dwarf,2,0.2342562305515973,0.9589824606529815,1.9423599720065288e-11,43.52845289284885
UGC09992,external_151,low_mass_dwarf,3,0.20665378204207824,0.9158510711514838,1.981046907228201e-11,49.530004765915685
UGC09992,external_151,low_mass_dwarf,4,0.18400912854647908,0.8686650836166481,1.906287839219841e-11,53.49240757694726
UGC10310,external_151,low_mass_dwarf,0,0.2825428339947835,1.0028355105126674,1.8539286667405704e-11,32.28236190211517
UGC10310,external_151,low_mass_dwarf,1,0.24721779374237057,0.9600916453570222,2.1234844936252934e-11,46.51170694817925
UGC10310,external_151,low_mass_dwarf,2,0.21323560228655797,0.925164036489879,2.3595546735606024e-11,57.266267111642236
UGC10310,external_151,low_mass_dwarf,3,0.18578647928174166,0.8698387329810192,2.3165799428670856e-11,64.3897276228456
UGC10310,external_151,low_mass_dwarf,4,0.16216309903287993,0.8106275431887577,2.1766767491439803e-11,68.97464460047036
UGC10310,external_151,low_mass_dwarf,5,0.14179890121179453,0.7488870691292994,1.975195008630735e-11,71.58276088715805
UGC10310,external_151,low_mass_dwarf,6,0.12688708330796333,0.6964443861564681,1.785220674462154e-11,73.23763743474582
UGC11455,external_151,bulge_rich_hsb,0,0.36342316904234556,1.0682228683446218,3.8263496370514663e-11,66.76242317586966
UGC11455,external_151,bulge_rich_hsb,1,0.35863261240675537,1.0664275150533722,3.962239626725946e-11,93.46257310474473
UGC11455,external_151,bulge_rich_hsb,2,0.3538497256369908,1.0645321893711908,4.103017260749629e-11,113.32848828912176
UGC11455,external_151,bulge_rich_hsb,3,0.34866872215507533,1.0623584450445902,4.261466831538301e-11,130.84739737906153
UGC11455,external_151,bulge_rich_hsb,4,0.3436526479848481,1.0601293106340008,4.420968591484138e-11,145.2689619767496
UGC11455,external_151,bulge_rich_hsb,5,0.33864285848261483,1.0577752711839337,4.586448305637769e-11,157.90638595177242
UGC11455,external_151,bulge_rich_hsb,6,0.3332140955749343,1.0550737222415203,4.7729478093583856e-11,170.10001207479937
UGC11455,external_151,bulge_rich_hsb,7,0.32812990081341425,1.0523949056989332,4.954569987981844e-11,180.40900036591762
UGC11455,external_151,bulge_rich_hsb,8,0.3227029658111837,1.0493689479992228,5.156050059123866e-11,190.460141909613
UGC11455,external_151,bulge_rich_hsb,9,0.31700823687373175,1.0459992560170703,5.3761074566684826e-11,200.14013488876483
UGC11455,external_151,bulge_rich_hsb,10,0.3114905935614019,1.042534186902211,5.5979002889769876e-11,208.8169043046215
UGC11455,external_151,bulge_rich_hsb,11,0.30597573695116753,1.0388630686513678,5.828110403734428e-11,216.90994916627403
UGC11455,external_151,bulge_rich_hsb,12,0.30132400364819684,1.0385496108606982,5.982479700126864e-11,223.318480370805
UGC11455,external_151,bulge_rich_hsb,13,0.29663623687437624,1.0382405275183497,6.13708492737149e-11,229.14201972208915
UGC11455,external_151,bulge_rich_hsb,14,0.2919622798585874,1.0378526140051658,6.290880903089607e-11,234.37276439457622
UGC11455,external_151,bulge_rich_hsb,15,0.2871476136202847,1.037367396908639,6.44811338447545e-11,239.21282270857782
UGC11455,external_151,bulge_rich_hsb,16,0.2825839123712153,1.0368249105255611,6.595139366751084e-11,243.3260941724896
UGC11455,external_151,bulge_rich_hsb,17,0.2776404101047903,1.0361438251139488,6.751030656516716e-11,247.29465338217702
UGC11455,external_151,bulge_rich_hsb,18,0.27262830670153504,1.0353508667787539,6.904052566795595e-11,250.82845125020685
UGC11455,external_151,bulge_rich_hsb,19,0.268370662701997,1.034593619339646,7.028761662113744e-11,253.45748087238076
UGC11455,external_151,bulge_rich_hsb,20,0.26239250422432236,1.0333959727358306,7.193172782338521e-11,256.5840181872213
UGC11455,external_151,bulge_rich_hsb,21,0.2483170486597914,1.0299179884715033,7.508057493780798e-11,261.31651394601045
UGC11455,external_151,bulge_rich_hsb,22,0.22568491198164475,0.9938234002945119,7.452777158264555e-11,268.55728815695596
UGC11455,external_151,bulge_rich_hsb,23,0.21233150215632585,0.9679689047765139,7.32148635865919e-11,270.9650145953756
UGC11455,external_151,bulge_rich_hsb,24,0.20365785397498343,0.9498029469479545,7.203266513395629e-11,271.6617545854844
UGC11455,external_151,bulge_rich_hsb,25,0.18175777062554072,0.89843919558843,6.78482679778377e-11,270.2907689123903
UGC11455,external_151,bulge_rich_hsb,26,0.15220281730999854,0.8139547349186766,5.947126739161144e-11,262.1499093033571
UGC11455,external_151,bulge_rich_hsb,27,0.1319635400944559,0.7436234883906562,5.2414218980616504e-11,256.9199148417454
UGC11455,external_151,bulge_rich_hsb,28,0.11169134390040927,0.6620837349411604,4.4447709553141726e-11,246.48479264484448
UGC11455,external_151,bulge_rich_hsb,29,0.09145081349706388,0.5681648520407155,3.574762613029032e-11,230.45399604630566
UGC11455,external_151,bulge_rich_hsb,30,0.07842989795608686,0.500636467988915,2.974399113277181e-11,219.4391406916281
UGC11455,external_151,bulge_rich_hsb,31,0.0675050503307877,0.43976031394473813,2.4618980694515923e-11,208.33264494881092
UGC11455,external_151,bulge_rich_hsb,32,0.05678955609920747,0.37644331567895767,1.9662810555413198e-11,194.4793119029929
UGC11455,external_151,bulge_rich_hsb,33,0.04740164131156199,0.3181944896611514,1.5411212383821078e-11,180.34157647015658
UGC11455,external_151,bulge_rich_hsb,34,0.04205083776608162,0.2839165271491505,1.2976018348992633e-11,172.0413266044371
UGC11455,external_151,bulge_rich_hsb,35,0.036915356826336856,0.2503796628044475,1.0739047758628123e-11,162.58918554094035
UGC11557,external_151,low_mass_dwarf,0,0.35583115101819635,1.0321377702232017,1.6720578697326684e-11,24.08503832672933
UGC11557,external_151,low_mass_dwarf,1,0.34193400938635754,1.0260785530778587,1.853760815908865e-11,41.66334990639506
UGC11557,external_151,low_mass_dwarf,2,0.3249432480501455,1.0172760093067492,2.1040979289675192e-11,55.655748735944684
UGC11557,external_151,low_mass_dwarf,3,0.3096656137624281,1.0078674865882662,2.358103468236193e-11,65.59195138689249
UGC11557,external_151,low_mass_dwarf,4,0.2915801939942615,0.9984950856187277,2.6625026431898528e-11,75.43326456284137
UGC11557,external_151,low_mass_dwarf,5,0.27597533885563413,0.993052104221272,2.9059646021084992e-11,82.4569368135124
UGC11557,external_151,low_mass_dwarf,6,0.2568778600438499,0.9846017818264101,3.2079676236715524e-11,89.93860298621175
UGC11557,external_151,low_mass_dwarf,7,0.23968818659031513,0.9750760732545378,3.4686884653327097e-11,95.80686172263984
UGC11557,external_151,low_mass_dwarf,8,0.22309648872042076,0.9578513575549906,3.615335238069429e-11,100.70571353562275
UGC11557,external_151,low_mass_dwarf,9,0.19744544669720063,0.9083908499803769,3.547049548670189e-11,106.10532021588169
UGC11557,external_151,low_mass_dwarf,10,0.15558175406121974,0.8035748432606004,3.146905859671576e-11,108.81337616123278
UGC11557,external_151,low_mass_dwarf,11,0.12493325266093516,0.6986883870390865,2.59306390051015e-11,107.28478916620091
UGC11820,external_151,low_mass_dwarf,0,0.27894276027895254,1.0256402189268596,1.875201315205405e-11,15.072403409065034
UGC11820,external_151,low_mass_dwarf,1,0.2735685067509929,1.0182174371572354,1.908180316326806e-11,19.672669258126586
UGC11820,external_151,low_mass_dwarf,2,0.26841874193424886,1.0108420431214278,1.939026921091288e-11,23.23440035030827
UGC11820,external_151,low_mass_dwarf,3,0.2628858644301864,1.0026181762719986,1.9712126077563422e-11,26.524262761020918
UGC11820,external_151,low_mass_dwarf,4,0.25600874621154285,0.9919410519576856,2.0096165538458063e-11,30.10061214051954
UGC11820,external_151,low_mass_dwarf,5,0.14703175054782444,0.7649238698462363,1.9113621924152258e-11,62.40092672080724
UGC11820,external_151,low_mass_dwarf,6,0.10949497970402962,0.6272621229224853,1.4454635427046156e-11,66.10593245396927
UGC11820,external_151,low_mass_dwarf,7,0.08719646251158938,0.5258645212198058,1.095617932648867e-11,66.32497208602359
UGC11820,external_151,low_mass_dwarf,8,0.07191642622398604,0.4475166167586285,8.464689283302077e-12,65.2666528025899
UGC11820,external_151,low_mass_dwarf,9,0.060107042213221266,0.38221292332215717,6.603300223539109e-12,63.479638158947616
UGC11914,external_151,bulge_rich_hsb,0,0.43349223978260076,0.7736454292444914,8.544865808861096e-12,52.17280508302503
UGC11914,external_151,bulge_rich_hsb,1,0.4327602356187654,0.7735312903427686,8.609329517291227e-12,59.795361242902466
UGC11914,external_151,bulge_rich_hsb,2,0.4319446758137956,0.7734008348563923,8.681997739214795e-12,67.1682912283287
UGC11914,external_151,bulge_rich_hsb,3,0.43120866426811405,0.7732800829704958,8.748357353320276e-12,73.09633084801547
UGC11914,external_151,bulge_rich_hsb,4,0.430470742993702,0.773156096053592,8.815644776564262e-12,78.51219038863846
UGC11914,external_151,bulge_rich_hsb,5,0.42964858160792563,0.7730144555089766,8.891520971453414e-12,84.0493591043919
UGC11914,external_151,bulge_rich_hsb,6,0.4289066041963477,0.7728834126022072,8.960833163660959e-12,88.6760895001313
UGC11914,external_151,bulge_rich_hsb,7,0.4281626937743956,0.7727489162033373,9.031137036767762e-12,93.01733924296073
UGC11914,external_151,bulge_rich_hsb,8,0.4273338503270498,0.772595335190975,9.110442087106049e-12,97.5524653841332
UGC11914,external_151,bulge_rich_hsb,9,0.4265858342184922,0.7724533023682978,9.182911953006687e-12,101.407009811366
UGC11914,external_151,bulge_rich_hsb,10,0.4258358614379363,0.7723075789515318,9.256443581902383e-12,105.07107578177417
UGC11914,external_151,bulge_rich_hsb,11,0.42508392429788844,0.7721580844479674,9.331060946678002e-12,108.56399629358764
UGC11914,external_151,bulge_rich_hsb,12,0.4241622110916879,0.7719701269092263,9.423770531550824e-12,112.62393297844744
UGC11914,external_151,bulge_rich_hsb,13,0.42340588098160736,0.7718119528118923,9.50089030842261e-12,115.79042137173256
UGC11914,external_151,bulge_rich_hsb,14,0.42256048227266196,0.7728302766426197,9.608631575745956e-12,118.78725579647656
UGC11914,external_151,bulge_rich_hsb,15,0.42123111289053394,0.7804188424989732,9.885902876155715e-12,121.4258762694836
UGC11914,external_151,bulge_rich_hsb,16,0.41974683856296585,0.7889947484603734,1.0208489603323279e-11,124.21183231737331
UGC11914,external_151,bulge_rich_hsb,17,0.41840446753476507,0.7968453476227689,1.0512752020509513e-11,126.59666660743426
UGC11914,external_151,bulge_rich_hsb,18,0.41705587116059656,0.8048236955528814,1.083112318946303e-11,128.87277107952775
UGC11914,external_151,bulge_rich_hsb,19,0.4157010060340495,0.8129321562627277,1.116456088422459e-11,131.04649101152918
UGC11914,external_151,bulge_rich_hsb,20,0.41403648271125804,0.8230226732536824,1.1594092907362615e-11,133.5725598841499
UGC11914,external_151,bulge_rich_hsb,21,0.41266752957282093,0.8314288373508422,1.1964911511623458e-11,135.53861063456307
UGC11914,external_151,bulge_rich_hsb,22,0.41129216504156507,0.8399728593308883,1.2354553428896842e-11,137.41912213275737
UGC11914,external_151,bulge_rich_hsb,23,0.4099103439708294,0.8486571726287236,1.2764440712418032e-11,139.21850692542077
UGC11914,external_151,bulge_rich_hsb,24,0.40944829429647356,0.8515835414867603,1.2905835773970349e-11,139.80099595086529
UGC11914,external_151,bulge_rich_hsb,25,0.40836735929884577,0.858473919303543,1.3245533141007385e-11,141.12770155246344
UGC11914,external_151,bulge_rich_hsb,26,0.40697175757818355,0.8674624289663652,1.370353110339632e-11,142.76914629819387
UGC11914,external_151,bulge_rich_hsb,27,0.4055695561220453,0.8765988394887283,1.4187254736359897e-11,144.3416792454344
UGC11914,external_151,bulge_rich_hsb,28,0.4041607080047142,0.8858855954278309,1.4698891545748618e-11,145.84891213446286
UGC11914,external_151,bulge_rich_hsb,29,0.4011644320357651,0.9059956426587634,1.5882077966136775e-11,148.83227636703916
UGC11914,external_151,bulge_rich_hsb,30,0.39682670260988306,0.9308044666946055,1.753076737476868e-11,153.01380323078183
UGC11914,external_151,bulge_rich_hsb,31,0.3904219438644336,0.9571268593999926,1.959327632383136e-11,158.7496801376812
UGC11914,external_151,bulge_rich_hsb,32,0.38915289640174977,0.9624370795442273,2.004443453834095e-11,159.73082856695953
UGC11914,external_151,bulge_rich_hsb,33,0.38645636746427187,0.9738256943819904,2.1056664995470307e-11,161.66525664248826
UGC11914,external_151,bulge_rich_hsb,34,0.38545689840693365,0.978083435332683,2.145170736385755e-11,162.3334686617524
UGC11914,external_151,bulge_rich_hsb,35,0.38502755700493346,0.979918526969694,2.162490463214874e-11,162.61283928815462
UGC11914,external_151,bulge_rich_hsb,36,0.38243885753660956,0.991061107265731,2.2716523260970723e-11,164.20482596994174
UGC11914,external_151,bulge_rich_hsb,37,0.3811363178022535,0.9967184385507944,2.329859264387043e-11,164.949525100509
UGC11914,external_151,bulge_rich_hsb,38,0.3796825920698076,1.0030727693816186,2.3976413512866095e-11,165.7397261390401
UGC11914,external_151,bulge_rich_hsb,39,0.3783683871683027,1.0088540116909606,2.4616514044317913e-11,166.41944896930315
UGC11914,external_151,bulge_rich_hsb,40,0.37430815115613236,1.0239709231508534,2.64387205312142e-11,168.49443608824336
UGC11914,external_151,bulge_rich_hsb,41,0.3737747701323773,1.0255220334969775,2.6641870055124477e-11,168.76678737920295
UGC11914,external_151,bulge_rich_hsb,42,0.3731067636752174,1.0274681004322153,2.6899591891173132e-11,169.09874763272424
UGC11914,external_151,bulge_rich_hsb,43,0.3719007537637975,1.0309912760787865,2.7374418614011777e-11,169.6730261234283
UGC11914,external_151,bulge_rich_hsb,44,0.37069009469271746,1.034540749707236,2.7863863368536956e-11,170.21822578680533
UGC11914,external_151,bulge_rich_hsb,45,0.3693394324607018,1.0385158223657485,2.8425697683821498e-11,170.79107838055188
UGC11914,external_151,bulge_rich_hsb,46,0.36811886978807784,1.04212181718444,2.8948385911899067e-11,171.27809871837118
UGC11914,external_151,bulge_rich_hsb,47,0.36689357346895446,1.0457550697228397,2.948805946641593e-11,171.73913079658183
UGC11914,external_151,bulge_rich_hsb,48,0.36566351591243673,1.0494158975552088,3.004559330798447e-11,172.17522633884417
UGC11914,external_151,bulge_rich_hsb,49,0.3642911672999464,1.0535162173495143,3.068716765986184e-11,172.63185816724362
UGC11914,external_151,bulge_rich_hsb,50,0.3629128678267084,1.0576514269756923,3.135334524180527e-11,173.06061384032833
UGC11914,external_151,bulge_rich_hsb,51,0.361667278261203,1.0614033228472204,3.197518777363826e-11,173.42401711746828
UGC11914,external_151,bulge_rich_hsb,52,0.3604168085698747,1.0651841855437008,3.261937627052884e-11,173.7674365292938
UGC11914,external_151,bulge_rich_hsb,53,0.35916143001648354,1.0689943569819766,3.328720205555326e-11,174.09220938420472
UGC11914,external_151,bulge_rich_hsb,54,0.35776077241589727,1.073262677196207,3.40586586023118e-11,174.43292872838288
UGC11914,external_151,bulge_rich_hsb,55,0.3567766634871399,1.0762725436576919,3.461818298502559e-11,174.6598893991407
UGC11914,external_151,bulge_rich_hsb,56,0.35649493532077087,1.0771358674370743,3.478112398385304e-11,174.72311401837916
UGC11914,external_151,bulge_rich_hsb,57,0.35522409850623277,1.081039461535003,3.553198597371784e-11,174.99939406354167
UGC11914,external_151,bulge_rich_hsb,58,0.3539011184403895,1.0838290782785749,3.6176118371783195e-11,175.35201854788508
UGC11914,external_151,bulge_rich_hsb,59,0.34805518346933406,1.0909822894870715,3.848522213882993e-11,177.03382580607772
UGC11914,external_151,bulge_rich_hsb,60,0.3464991549676256,1.092897638485875,3.913310155197899e-11,177.43167274586017
UGC11914,external_151,bulge_rich_hsb,61,0.34509236496295265,1.0946335620506804,3.973158507809913e-11,177.77535622601124
UGC11914,external_151,bulge_rich_hsb,62,0.3379665745932749,1.1034917363012482,4.2961965753050046e-11,179.31636433237145
UGC11914,external_151,bulge_rich_hsb,63,0.31537788383247933,1.1124678194410993,5.1687327967934085e-11,183.90856315776423
UGC11914,external_151,bulge_rich_hsb,64,0.28826560257845757,1.101256905428208,5.890347233976334e-11,188.17976888155366
UGC12506,external_151,bulge_rich_hsb,0,0.29208190851876636,1.0488626550798206,4.2389419207845546e-11,49.34504518821657
UGC12506,external_151,bulge_rich_hsb,1,0.27744663521058655,1.0306817373121357,4.464522518647603e-11,85.4531296834063
UGC12506,external_151,bulge_rich_hsb,2,0.26219345758056134,1.0096658961687195,4.686377721710123e-11,110.27878634896972
UGC12506,external_151,bulge_rich_hsb,3,0.24628239965575638,0.9851816588043429,4.895494998211465e-11,130.34889717721944
UGC12506,external_151,bulge_rich_hsb,4,0.22966996107482024,0.9564046604176084,5.079205341043765e-11,147.45277831544658
UGC12506,external_151,bulge_rich_hsb,5,0.21230871993511435,0.9222483883852032,5.220228451973894e-11,162.26276122597505
UGC12506,external_151,bulge_rich_hsb,6,0.19684044903272313,0.8891733728733121,5.248229125680616e-11,174.12245054939487
UGC12506,external_151,bulge_rich_hsb,7,0.18518053318294572,0.8646214737153026,5.141501524358973e-11,182.6533725723224
UGC12506,external_151,bulge_rich_hsb,8,0.17317708303045512,0.8370427285503226,4.9870378569049445e-11,189.12156692565569
UGC12506,external_151,bulge_rich_hsb,9,0.16081468932782977,0.8059306694757605,4.7790246493682855e-11,193.4744545270863
UGC12506,external_151,bulge_rich_hsb,10,0.14807700726268025,0.7706778074914069,4.512056128621813e-11,195.57209268648137
UGC12506,external_151,bulge_rich_hsb,11,0.13494668436034593,0.7305570314816068,4.181610200881384e-11,195.19067024322416
UGC12506,external_151,bulge_rich_hsb,12,0.12300999384106868,0.6896941843500105,3.8328952816720856e-11,193.54321563626777
UGC12506,external_151,bulge_rich_hsb,13,0.11579080991125829,0.6606630534308902,3.5993888341479846e-11,194.72873817312293
UGC12506,external_151,bulge_rich_hsb,14,0.10845178609884779,0.6296200156710547,3.353173647727429e-11,194.70547231549764
UGC12506,external_151,bulge_rich_hsb,15,0.1009899133799729,0.5964177656759095,3.09467321984135e-11,193.431697145306
UGC12506,external_151,bulge_rich_hsb,16,0.09340208114361884,0.5609073280161583,2.8246110744343443e-11,190.84934163279272
UGC12506,external_151,bulge_rich_hsb,17,0.08573252586759261,0.5231813303937088,2.545834565793837e-11,186.91201328082556
UGC12506,external_151,bulge_rich_hsb,18,0.07839852713895182,0.48536497000334555,2.274585903576431e-11,182.1475059648188
UGC12506,external_151,bulge_rich_hsb,19,0.07498442702310512,0.46724166207406775,2.1396943746078705e-11,181.55898801429208
UGC12506,external_151,bulge_rich_hsb,20,0.07154493758053268,0.44861946241205286,2.0040111114524486e-11,180.37535426374873
UGC12506,external_151,bulge_rich_hsb,21,0.0680797745384888,0.4294911690721842,1.867801929444642e-11,178.58949941984622
UGC12506,external_151,bulge_rich_hsb,22,0.06458864936449951,0.40985067762131866,1.7313650001231452e-11,176.1904751139967
UGC12506,external_151,bulge_rich_hsb,23,0.06107126918627407,0.38969314586638354,1.595033696395832e-11,173.16324033816707
UGC12506,external_151,bulge_rich_hsb,24,0.05752733670980359,0.36901516685100216,1.4591796598056372e-11,169.4881940478508
UGC12506,external_151,bulge_rich_hsb,25,0.055678821873899366,0.35813140096358337,1.3877271786735345e-11,168.8052608203693
UGC12506,external_151,bulge_rich_hsb,26,0.05384114196840846,0.34721741569814113,1.3172623867218366e-11,167.84413813347447
UGC12506,external_151,bulge_rich_hsb,27,0.05199629574660229,0.3361670951865319,1.2471796499447251e-11,166.5669867532306
UGC12506,external_151,bulge_rich_hsb,28,0.0501555561504929,0.3250492730460676,1.1779697924933076e-11,164.9818879649114
UGC12506,external_151,bulge_rich_hsb,29,0.04829629530400677,0.3137278861325419,1.1088544453390562e-11,163.06541374550952
UGC12506,external_151,bulge_rich_hsb,30,0.04642974140915401,0.3022712290836792,1.0403344211150307e-11,160.8208227930005
UGC12632,external_151,low_mass_dwarf,0,0.22119398769543183,0.9444037540596238,2.0561274392863464e-11,24.400063029821418
UGC12632,external_151,low_mass_dwarf,1,0.20285454235926687,0.9012510784945678,2.058869458415553e-11,34.34684691720444
UGC12632,external_151,low_mass_dwarf,2,0.18335316289141415,0.848754069272052,2.031687359659482e-11,41.72815922606565
UGC12632,external_151,low_mass_dwarf,3,0.1697738689369355,0.8177456264338957,1.9960072185528593e-11,47.426573503494105
UGC12632,external_151,low_mass_dwarf,4,0.1559807031613805,0.7829288555612272,1.9369114054994966e-11,51.8639991120509
UGC12632,external_151,low_mass_dwarf,5,0.14151428755604734,0.7422483271986658,1.848944473364142e-11,55.27077127005066
UGC12632,external_151,low_mass_dwarf,6,0.1314645499447723,0.708361293203343,1.7574064375934457e-11,58.132259628199535
UGC12632,external_151,low_mass_dwarf,7,0.12124928557411309,0.6711003094646184,1.6524952268138635e-11,60.286611004891824
UGC12632,external_151,low_mass_dwarf,8,0.1109378283215626,0.6306106720288148,1.5358874723931753e-11,61.6601069076385
UGC12632,external_151,low_mass_dwarf,9,0.1039815812019535,0.6013216046256975,1.4429819329681996e-11,63.01863855398477
UGC12632,external_151,low_mass_dwarf,10,0.0970990243373032,0.5709217895583857,1.3467091632913757e-11,63.89783862646555
UGC12632,external_151,low_mass_dwarf,11,0.09020910482361294,0.5390549782765517,1.2470577628219484e-11,64.26381379276485
UGC12632,external_151,low_mass_dwarf,12,0.08502745629371841,0.5140018619100897,1.1669616118596775e-11,64.8494224873925
UGC12632,external_151,low_mass_dwarf,13,0.08018205862684517,0.4898110267894832,1.0906544813784944e-11,65.11171155129844
UGC12632,external_151,low_mass_dwarf,14,0.07521473364146812,0.4642572991993415,1.0116609167703394e-11,65.02318753178626
UGC12732,external_151,low_mass_dwarf,0,0.25290283783507195,0.994051502643393,2.188483785274892e-11,30.686031273067197
UGC12732,external_151,low_mass_dwarf,1,0.22248363062042856,0.9417936135991373,2.3309386384315188e-11,43.797812248872326
UGC12732,external_151,low_mass_dwarf,2,0.1894821529140645,0.8701367232221211,2.3968618970069743e-11,53.49612884773126
UGC12732,external_151,low_mass_dwarf,3,0.1705584101631284,0.8258405128526303,2.2855066998838113e-11,59.60617886673834
UGC12732,external_151,low_mass_dwarf,4,0.15238864636327426,0.7780942385558299,2.1094737794119847e-11,63.347455802055656
UGC12732,external_151,low_mass_dwarf,5,0.13340499921151036,0.7206663762650625,1.8699037039492608e-11,64.72007228464273
UGC12732,external_151,low_mass_dwarf,6,0.12241064140688176,0.6805359868111152,1.706327715715136e-11,66.5697525719654
UGC12732,external_151,low_mass_dwarf,7,0.1130218739076889,0.6425620658176076,1.5572833096599698e-11,67.87631697006265
UGC12732,external_151,low_mass_dwarf,8,0.10343004514348858,0.6011224309634206,1.3979508802603527e-11,68.12543823699956
UGC12732,external_151,low_mass_dwarf,9,0.0971188807605076,0.5725201622173031,1.2906678797062179e-11,68.96056528356917
UGC12732,external_151,low_mass_dwarf,10,0.09174341554646977,0.547303709496474,1.1981592225254033e-11,69.79569856218643
UGC12732,external_151,low_mass_dwarf,11,0.08685047553538805,0.5235766253658339,1.1129650450435832e-11,70.05455336400301
UGC12732,external_151,low_mass_dwarf,12,0.08242530788249795,0.501552691961518,1.0378157062569954e-11,70.53987160179254
UGC12732,external_151,low_mass_dwarf,13,0.07893815512306518,0.48381656477371804,9.798487338118034e-12,70.99185010626609
UGC12732,external_151,low_mass_dwarf,14,0.07503232281731083,0.46350432080060394,9.147730939087076e-12,71.14483407816066
UGC12732,external_151,low_mass_dwarf,15,0.07151865786574799,0.4448626634807662,8.575754981375169e-12,71.28891319057017
UGCA281,external_151,low_mass_dwarf,0,0.3567669450168707,0.9877049203763579,6.630978588102744e-12,6.485885379359685
UGCA281,external_151,low_mass_dwarf,1,0.35386079235842305,0.9638840289212477,6.447891573547161e-12,10.823722953017628
UGCA281,external_151,low_mass_dwarf,2,0.3509282602889479,0.9392418149235291,6.267913478286519e-12,13.880341166559848
UGCA281,external_151,low_mass_dwarf,3,0.3439521785026003,0.948645817916765,7.10352137860597e-12,17.178041161199484
UGCA281,external_151,low_mass_dwarf,4,0.336875694397222,0.9613488351356759,8.149559795527819e-12,20.245552717591963
UGCA281,external_151,low_mass_dwarf,5,0.32983881124760006,0.9725805565602839,9.283088888205203e-12,23.23540020750699
UGCA281,external_151,low_mass_dwarf,6,0.3222483032356851,0.980557760091697,1.045491530944499e-11,26.36606882865551
UGCA442,external_151,low_mass_dwarf,0,0.28846617783835315,1.0026499143302199,1.0810325838883255e-11,14.14543612885411
UGCA442,external_151,low_mass_dwarf,1,0.266301199717042,0.9780107029618643,1.2742138831166894e-11,26.153845626156674
UGCA442,external_151,low_mass_dwarf,2,0.24518685032141557,0.9648767315952083,1.5310645122673794e-11,36.381230890532414
UGCA442,external_151,low_mass_dwarf,3,0.2250534338603161,0.9417576904028088,1.6970778020020505e-11,44.69760677801043
UGCA442,external_151,low_mass_dwarf,4,0.20607415259236173,0.9112304256564743,1.7684925889423715e-11,51.05602957571473
UGCA442,external_151,low_mass_dwarf,5,0.18695256402524738,0.8726433251128178,1.7697850243600122e-11,56.07981910193989
UGCA442,external_151,low_mass_dwarf,6,0.16902889081082872,0.8293069174207154,1.7149242388477842e-11,59.554145274327084
UGCA442,external_151,low_mass_dwarf,7,0.15133924409613336,0.7792835120962159,1.613707692331757e-11,61.80680886054012
UGCA444,calibration_24,low_mass_dwarf,0,0.3016777274364383,1.012458371081256,8.527560725382132e-12,6.686528187649022
UGCA444,calibration_24,low_mass_dwarf,1,0.2992799653372493,1.0038194327677195,8.520270935427218e-12,8.424842823284674
UGCA444,calibration_24,low_mass_dwarf,2,0.29686568057504786,0.9949813301890735,8.512033878422082e-12,9.867977853823492
UGCA444,calibration_24,low_mass_dwarf,3,0.29443470177613307,0.9859381480896744,8.502752468518238e-12,11.13101807413348
UGCA444,calibration_24,low_mass_dwarf,4,0.29198685518858886,0.9766838069819882,8.492323996100065e-12,12.269379400977783
UGCA444,calibration_24,low_mass_dwarf,5,0.289300854491179,0.9737139325033357,8.71517884216254e-12,13.45437075951102
UGCA444,calibration_24,low_mass_dwarf,6,0.28605964452758925,0.9745224755396122,9.140069249460428e-12,14.849691166071514
UGCA444,calibration_24,low_mass_dwarf,7,0.2831992371873079,0.9752103697625931,9.530190096548687e-12,16.046572313090902
UGCA444,calibration_24,low_mass_dwarf,8,0.28031581715998954,0.9758791338658341,9.938391271347414e-12,17.229898094912652
UGCA444,calibration_24,low_mass_dwarf,9,0.2774091056098136,0.9765279087474721,1.0365637970667708e-11,18.406081547084973
UGCA444,calibration_24,low_mass_dwarf,10,0.2744788191779643,0.9771557906583402,1.0812942242298675e-11,19.580223821041876
UGCA444,calibration_24,low_mass_dwarf,11,0.2716253965675153,0.9766203306995758,1.118572143863846e-11,20.677778658484776
UGCA444,calibration_24,low_mass_dwarf,12,0.26879313139281064,0.9755462619864778,1.1529784532004973e-11,21.73611710350526
UGCA444,calibration_24,low_mass_dwarf,13,0.26593875385995164,0.9744186666309447,1.1884938009015316e-11,22.789951773905997
UGCA444,calibration_24,low_mass_dwarf,14,0.26306200399721136,0.9732354141890769,1.2251460223486832e-11,23.841587076827622
UGCA444,calibration_24,low_mass_dwarf,15,0.2597465562484761,0.9718120953864504,1.2684606784864411e-11,25.04325674569436
UGCA444,calibration_24,low_mass_dwarf,16,0.2568209711312845,0.9705018849544355,1.3076375317012304e-11,26.096400613797545
UGCA444,calibration_24,low_mass_dwarf,17,0.2539240508152924,0.9685053561741025,1.3380866594426883e-11,27.05088954152479
UGCA444,calibration_24,low_mass_dwarf,18,0.2510207050551547,0.9662376641943472,1.3660540462627174e-11,27.96955148796916
UGCA444,calibration_24,low_mass_dwarf,19,0.24767480261420097,0.9635451742497991,1.3986493519683666e-11,29.014202177466466
UGCA444,calibration_24,low_mass_dwarf,20,0.24472251917220728,0.9610972736829801,1.4277106488680127e-11,29.92464296990596
UGCA444,calibration_24,low_mass_dwarf,21,0.24174697367374026,0.9585598568326986,1.4572609245589492e-11,30.832441878354512
UGCA444,calibration_24,low_mass_dwarf,22,0.23874789009675013,0.9559292217120116,1.4872821473570277e-11,31.738176636460075
UGCA444,calibration_24,low_mass_dwarf,23,0.2362032123824612,0.9530654821170714,1.505860186683275e-11,32.43543331928909
UGCA444,calibration_24,low_mass_dwarf,24,0.23279903172952884,0.9489394106505713,1.5281049912164818e-11,33.33013796440859
UGCA444,calibration_24,low_mass_dwarf,25,0.22979538438239852,0.945202927264589,1.5475036970074388e-11,34.10448843931732
UGCA444,calibration_24,low_mass_dwarf,26,0.22676812560105114,0.941343605079472,1.566804576218782e-11,34.87106614789247
UGCA444,calibration_24,low_mass_dwarf,27,0.22371697587545838,0.937356329423473,1.5859697065587374e-11,35.62994883706782
UGCA444,calibration_24,low_mass_dwarf,28,0.22064165126636168,0.9332357116984517,1.6049582417265964e-11,36.38113165753501
UGCA444,calibration_24,low_mass_dwarf,29,0.21718781324601477,0.9279551293605942,1.619278886749777e-11,37.153687603630665
UGCA444,calibration_24,low_mass_dwarf,30,0.21416317182752845,0.923077851142728,1.6295915579407916e-11,37.79855165830535
UGCA444,calibration_24,low_mass_dwarf,31,0.21111506643923358,0.9180470933622739,1.63941561087208e-11,38.431420977924
UGCA444,calibration_24,low_mass_dwarf,32,0.2080432229816801,0.9128564877306041,1.6487094326031987e-11,39.052078769559806
UGCA444,calibration_24,low_mass_dwarf,33,0.2045031204088769,0.9067200222656501,1.6586258700736895e-11,39.74609067600299
UGCA444,calibration_24,low_mass_dwarf,34,0.2013794666299662,0.9011638649538418,1.6666348471696682e-11,40.33957140230321
UGCA444,calibration_24,low_mass_dwarf,35,0.19836814582690782,0.8952857042065828,1.6688465167752078e-11,40.86243644490666
